kind,item,option,group,flow,quarter,value_gbp_m
services,core,option1,EU,exports,2016-Q1,3465.0
services,core,option1,EU,exports,2016-Q2,3667.0
services,core,option1,EU,exports,2016-Q3,3426.0
services,core,option1,EU,exports,2016-Q4,4308.0
services,core,option1,EU,exports,2017-Q1,3963.0
services,core,option1,EU,exports,2017-Q2,4026.0
services,core,option1,EU,exports,2017-Q3,4265.0
services,core,option1,EU,exports,2017-Q4,4267.0
services,core,option1,EU,exports,2018-Q1,3955.0
services,core,option1,EU,exports,2018-Q2,4173.0
services,core,option1,EU,exports,2018-Q3,3726.0
services,core,option1,EU,exports,2018-Q4,4985.0
services,core,option1,EU,exports,2019-Q1,4110.0
services,core,option1,EU,exports,2019-Q2,4367.0
services,core,option1,EU,exports,2019-Q3,4548.0
services,core,option1,EU,exports,2019-Q4,4909.0
services,core,option1,EU,exports,2020-Q1,4643.0
services,core,option1,EU,exports,2020-Q2,4746.0
services,core,option1,EU,exports,2020-Q3,4508.0
services,core,option1,EU,exports,2020-Q4,5629.0
services,core,option1,EU,exports,2021-Q1,4485.0
services,core,option1,EU,exports,2021-Q2,4846.0
services,core,option1,EU,exports,2021-Q3,4869.0
services,core,option1,EU,exports,2021-Q4,6131.0
services,core,option1,EU,exports,2022-Q1,5365.0
services,core,option1,EU,exports,2022-Q2,6262.0
services,core,option1,EU,exports,2022-Q3,7054.0
services,core,option1,EU,exports,2022-Q4,8024.0
services,core,option1,EU,exports,2023-Q1,8015.0
services,core,option1,EU,exports,2023-Q2,7209.0
services,core,option1,EU,exports,2023-Q3,7288.0
services,core,option1,EU,exports,2023-Q4,8473.0
services,core,option1,EU,exports,2024-Q1,10121.0
services,core,option1,EU,exports,2024-Q2,10199.0
services,core,option1,EU,exports,2024-Q3,10179.0
services,core,option1,EU,exports,2024-Q4,11479.0
services,core,option1,EU,exports,2025-Q1,10315.0
services,core,option1,EU,exports,2025-Q2,10775.0
services,core,option1,EU,exports,2025-Q3,10908.0
services,core,option1,EU,exports,2025-Q4,12223.0
services,core,option1,EU,exports,2026-Q1,11747.0
services,core,option1,US,exports,2016-Q1,1820.0
services,core,option1,US,exports,2016-Q2,1936.0
services,core,option1,US,exports,2016-Q3,1808.0
services,core,option1,US,exports,2016-Q4,2252.0
services,core,option1,US,exports,2017-Q1,2218.0
services,core,option1,US,exports,2017-Q2,2117.0
services,core,option1,US,exports,2017-Q3,2492.0
services,core,option1,US,exports,2017-Q4,2297.0
services,core,option1,US,exports,2018-Q1,2134.0
services,core,option1,US,exports,2018-Q2,1026.0
services,core,option1,US,exports,2018-Q3,1174.0
services,core,option1,US,exports,2018-Q4,2696.0
services,core,option1,US,exports,2019-Q1,2493.0
services,core,option1,US,exports,2019-Q2,2525.0
services,core,option1,US,exports,2019-Q3,2518.0
services,core,option1,US,exports,2019-Q4,2752.0
services,core,option1,US,exports,2020-Q1,811.0
services,core,option1,US,exports,2020-Q2,2370.0
services,core,option1,US,exports,2020-Q3,2114.0
services,core,option1,US,exports,2020-Q4,2708.0
services,core,option1,US,exports,2021-Q1,2427.0
services,core,option1,US,exports,2021-Q2,2649.0
services,core,option1,US,exports,2021-Q3,2591.0
services,core,option1,US,exports,2021-Q4,3626.0
services,core,option1,US,exports,2022-Q1,3235.0
services,core,option1,US,exports,2022-Q2,3704.0
services,core,option1,US,exports,2022-Q3,3331.0
services,core,option1,US,exports,2022-Q4,3998.0
services,core,option1,US,exports,2023-Q1,1267.0
services,core,option1,US,exports,2023-Q2,3365.0
services,core,option1,US,exports,2023-Q3,3456.0
services,core,option1,US,exports,2023-Q4,1487.0
services,core,option1,US,exports,2024-Q1,4266.0
services,core,option1,US,exports,2024-Q2,4938.0
services,core,option1,US,exports,2024-Q3,4573.0
services,core,option1,US,exports,2024-Q4,5059.0
services,core,option1,US,exports,2025-Q1,4585.0
services,core,option1,US,exports,2025-Q2,4739.0
services,core,option1,US,exports,2025-Q3,5364.0
services,core,option1,US,exports,2025-Q4,5738.0
services,core,option1,US,exports,2026-Q1,5873.0
services,core,option1,East Asia,exports,2016-Q1,244.0
services,core,option1,East Asia,exports,2016-Q2,285.0
services,core,option1,East Asia,exports,2016-Q3,376.0
services,core,option1,East Asia,exports,2016-Q4,470.0
services,core,option1,East Asia,exports,2017-Q1,405.0
services,core,option1,East Asia,exports,2017-Q2,917.0
services,core,option1,East Asia,exports,2017-Q3,644.0
services,core,option1,East Asia,exports,2017-Q4,417.0
services,core,option1,East Asia,exports,2018-Q1,609.0
services,core,option1,East Asia,exports,2018-Q2,538.0
services,core,option1,East Asia,exports,2018-Q3,812.0
services,core,option1,East Asia,exports,2018-Q4,1055.0
services,core,option1,East Asia,exports,2019-Q1,729.0
services,core,option1,East Asia,exports,2019-Q2,760.0
services,core,option1,East Asia,exports,2019-Q3,863.0
services,core,option1,East Asia,exports,2019-Q4,890.0
services,core,option1,East Asia,exports,2020-Q1,1212.0
services,core,option1,East Asia,exports,2020-Q2,830.0
services,core,option1,East Asia,exports,2020-Q3,1093.0
services,core,option1,East Asia,exports,2020-Q4,897.0
services,core,option1,East Asia,exports,2021-Q1,735.0
services,core,option1,East Asia,exports,2021-Q2,1353.0
services,core,option1,East Asia,exports,2021-Q3,959.0
services,core,option1,East Asia,exports,2021-Q4,877.0
services,core,option1,East Asia,exports,2022-Q1,846.0
services,core,option1,East Asia,exports,2022-Q2,1177.0
services,core,option1,East Asia,exports,2022-Q3,1137.0
services,core,option1,East Asia,exports,2022-Q4,1061.0
services,core,option1,East Asia,exports,2023-Q1,1232.0
services,core,option1,East Asia,exports,2023-Q2,759.0
services,core,option1,East Asia,exports,2023-Q3,768.0
services,core,option1,East Asia,exports,2023-Q4,827.0
services,core,option1,East Asia,exports,2024-Q1,1062.0
services,core,option1,East Asia,exports,2024-Q2,1342.0
services,core,option1,East Asia,exports,2024-Q3,1293.0
services,core,option1,East Asia,exports,2024-Q4,1464.0
services,core,option1,East Asia,exports,2025-Q1,699.0
services,core,option1,East Asia,exports,2025-Q2,747.0
services,core,option1,East Asia,exports,2025-Q3,780.0
services,core,option1,East Asia,exports,2025-Q4,835.0
services,core,option1,East Asia,exports,2026-Q1,1378.0
services,core,option1,Rest of world,exports,2016-Q1,2705.0
services,core,option1,Rest of world,exports,2016-Q2,2838.0
services,core,option1,Rest of world,exports,2016-Q3,2540.0
services,core,option1,Rest of world,exports,2016-Q4,3209.0
services,core,option1,Rest of world,exports,2017-Q1,3269.0
services,core,option1,Rest of world,exports,2017-Q2,3131.0
services,core,option1,Rest of world,exports,2017-Q3,3232.0
services,core,option1,Rest of world,exports,2017-Q4,3526.0
services,core,option1,Rest of world,exports,2018-Q1,3522.0
services,core,option1,Rest of world,exports,2018-Q2,4587.0
services,core,option1,Rest of world,exports,2018-Q3,4841.0
services,core,option1,Rest of world,exports,2018-Q4,4064.0
services,core,option1,Rest of world,exports,2019-Q1,3509.0
services,core,option1,Rest of world,exports,2019-Q2,3800.0
services,core,option1,Rest of world,exports,2019-Q3,3654.0
services,core,option1,Rest of world,exports,2019-Q4,3841.0
services,core,option1,Rest of world,exports,2020-Q1,5070.0
services,core,option1,Rest of world,exports,2020-Q2,3255.0
services,core,option1,Rest of world,exports,2020-Q3,3706.0
services,core,option1,Rest of world,exports,2020-Q4,3655.0
services,core,option1,Rest of world,exports,2021-Q1,3077.0
services,core,option1,Rest of world,exports,2021-Q2,3397.0
services,core,option1,Rest of world,exports,2021-Q3,3252.0
services,core,option1,Rest of world,exports,2021-Q4,3788.0
services,core,option1,Rest of world,exports,2022-Q1,3190.0
services,core,option1,Rest of world,exports,2022-Q2,3470.0
services,core,option1,Rest of world,exports,2022-Q3,4012.0
services,core,option1,Rest of world,exports,2022-Q4,4735.0
services,core,option1,Rest of world,exports,2023-Q1,6585.0
services,core,option1,Rest of world,exports,2023-Q2,4519.0
services,core,option1,Rest of world,exports,2023-Q3,4429.0
services,core,option1,Rest of world,exports,2023-Q4,6949.0
services,core,option1,Rest of world,exports,2024-Q1,4902.0
services,core,option1,Rest of world,exports,2024-Q2,4576.0
services,core,option1,Rest of world,exports,2024-Q3,4946.0
services,core,option1,Rest of world,exports,2024-Q4,5466.0
services,core,option1,Rest of world,exports,2025-Q1,5280.0
services,core,option1,Rest of world,exports,2025-Q2,5891.0
services,core,option1,Rest of world,exports,2025-Q3,5796.0
services,core,option1,Rest of world,exports,2025-Q4,6594.0
services,core,option1,Rest of world,exports,2026-Q1,6346.0
services,core,option2,China incl. Hong Kong,exports,2016-Q1,115.0
services,core,option2,China incl. Hong Kong,exports,2016-Q2,158.0
services,core,option2,China incl. Hong Kong,exports,2016-Q3,153.0
services,core,option2,China incl. Hong Kong,exports,2016-Q4,189.0
services,core,option2,China incl. Hong Kong,exports,2017-Q1,183.0
services,core,option2,China incl. Hong Kong,exports,2017-Q2,643.0
services,core,option2,China incl. Hong Kong,exports,2017-Q3,350.0
services,core,option2,China incl. Hong Kong,exports,2017-Q4,231.0
services,core,option2,China incl. Hong Kong,exports,2018-Q1,224.0
services,core,option2,China incl. Hong Kong,exports,2018-Q2,258.0
services,core,option2,China incl. Hong Kong,exports,2018-Q3,404.0
services,core,option2,China incl. Hong Kong,exports,2018-Q4,524.0
services,core,option2,China incl. Hong Kong,exports,2019-Q1,415.0
services,core,option2,China incl. Hong Kong,exports,2019-Q2,416.0
services,core,option2,China incl. Hong Kong,exports,2019-Q3,436.0
services,core,option2,China incl. Hong Kong,exports,2019-Q4,468.0
services,core,option2,China incl. Hong Kong,exports,2020-Q1,720.0
services,core,option2,China incl. Hong Kong,exports,2020-Q2,460.0
services,core,option2,China incl. Hong Kong,exports,2020-Q3,678.0
services,core,option2,China incl. Hong Kong,exports,2020-Q4,493.0
services,core,option2,China incl. Hong Kong,exports,2021-Q1,341.0
services,core,option2,China incl. Hong Kong,exports,2021-Q2,432.0
services,core,option2,China incl. Hong Kong,exports,2021-Q3,451.0
services,core,option2,China incl. Hong Kong,exports,2021-Q4,464.0
services,core,option2,China incl. Hong Kong,exports,2022-Q1,397.0
services,core,option2,China incl. Hong Kong,exports,2022-Q2,541.0
services,core,option2,China incl. Hong Kong,exports,2022-Q3,501.0
services,core,option2,China incl. Hong Kong,exports,2022-Q4,590.0
services,core,option2,China incl. Hong Kong,exports,2023-Q1,504.0
services,core,option2,China incl. Hong Kong,exports,2023-Q2,321.0
services,core,option2,China incl. Hong Kong,exports,2023-Q3,341.0
services,core,option2,China incl. Hong Kong,exports,2023-Q4,343.0
services,core,option2,China incl. Hong Kong,exports,2024-Q1,510.0
services,core,option2,China incl. Hong Kong,exports,2024-Q2,609.0
services,core,option2,China incl. Hong Kong,exports,2024-Q3,585.0
services,core,option2,China incl. Hong Kong,exports,2024-Q4,703.0
services,core,option2,China incl. Hong Kong,exports,2025-Q1,418.0
services,core,option2,China incl. Hong Kong,exports,2025-Q2,432.0
services,core,option2,China incl. Hong Kong,exports,2025-Q3,407.0
services,core,option2,China incl. Hong Kong,exports,2025-Q4,484.0
services,core,option2,China incl. Hong Kong,exports,2026-Q1,668.0
services,core,option2,Japan,exports,2016-Q1,71.0
services,core,option2,Japan,exports,2016-Q2,73.0
services,core,option2,Japan,exports,2016-Q3,150.0
services,core,option2,Japan,exports,2016-Q4,189.0
services,core,option2,Japan,exports,2017-Q1,134.0
services,core,option2,Japan,exports,2017-Q2,199.0
services,core,option2,Japan,exports,2017-Q3,184.0
services,core,option2,Japan,exports,2017-Q4,92.0
services,core,option2,Japan,exports,2018-Q1,140.0
services,core,option2,Japan,exports,2018-Q2,165.0
services,core,option2,Japan,exports,2018-Q3,213.0
services,core,option2,Japan,exports,2018-Q4,222.0
services,core,option2,Japan,exports,2019-Q1,180.0
services,core,option2,Japan,exports,2019-Q2,177.0
services,core,option2,Japan,exports,2019-Q3,226.0
services,core,option2,Japan,exports,2019-Q4,186.0
services,core,option2,Japan,exports,2020-Q1,244.0
services,core,option2,Japan,exports,2020-Q2,170.0
services,core,option2,Japan,exports,2020-Q3,189.0
services,core,option2,Japan,exports,2020-Q4,196.0
services,core,option2,Japan,exports,2021-Q1,171.0
services,core,option2,Japan,exports,2021-Q2,206.0
services,core,option2,Japan,exports,2021-Q3,276.0
services,core,option2,Japan,exports,2021-Q4,173.0
services,core,option2,Japan,exports,2022-Q1,142.0
services,core,option2,Japan,exports,2022-Q2,353.0
services,core,option2,Japan,exports,2022-Q3,307.0
services,core,option2,Japan,exports,2022-Q4,243.0
services,core,option2,Japan,exports,2023-Q1,414.0
services,core,option2,Japan,exports,2023-Q2,318.0
services,core,option2,Japan,exports,2023-Q3,317.0
services,core,option2,Japan,exports,2023-Q4,342.0
services,core,option2,Japan,exports,2024-Q1,453.0
services,core,option2,Japan,exports,2024-Q2,409.0
services,core,option2,Japan,exports,2024-Q3,334.0
services,core,option2,Japan,exports,2024-Q4,362.0
services,core,option2,Japan,exports,2025-Q1,205.0
services,core,option2,Japan,exports,2025-Q2,279.0
services,core,option2,Japan,exports,2025-Q3,275.0
services,core,option2,Japan,exports,2025-Q4,291.0
services,core,option2,Japan,exports,2026-Q1,388.0
services,core,option2,South Korea,exports,2016-Q1,25.0
services,core,option2,South Korea,exports,2016-Q2,27.0
services,core,option2,South Korea,exports,2016-Q3,40.0
services,core,option2,South Korea,exports,2016-Q4,52.0
services,core,option2,South Korea,exports,2017-Q1,35.0
services,core,option2,South Korea,exports,2017-Q2,42.0
services,core,option2,South Korea,exports,2017-Q3,30.0
services,core,option2,South Korea,exports,2017-Q4,44.0
services,core,option2,South Korea,exports,2018-Q1,31.0
services,core,option2,South Korea,exports,2018-Q2,53.0
services,core,option2,South Korea,exports,2018-Q3,45.0
services,core,option2,South Korea,exports,2018-Q4,137.0
services,core,option2,South Korea,exports,2019-Q1,31.0
services,core,option2,South Korea,exports,2019-Q2,31.0
services,core,option2,South Korea,exports,2019-Q3,87.0
services,core,option2,South Korea,exports,2019-Q4,110.0
services,core,option2,South Korea,exports,2020-Q1,104.0
services,core,option2,South Korea,exports,2020-Q2,77.0
services,core,option2,South Korea,exports,2020-Q3,89.0
services,core,option2,South Korea,exports,2020-Q4,82.0
services,core,option2,South Korea,exports,2021-Q1,70.0
services,core,option2,South Korea,exports,2021-Q2,77.0
services,core,option2,South Korea,exports,2021-Q3,64.0
services,core,option2,South Korea,exports,2021-Q4,84.0
services,core,option2,South Korea,exports,2022-Q1,95.0
services,core,option2,South Korea,exports,2022-Q2,165.0
services,core,option2,South Korea,exports,2022-Q3,170.0
services,core,option2,South Korea,exports,2022-Q4,97.0
services,core,option2,South Korea,exports,2023-Q1,163.0
services,core,option2,South Korea,exports,2023-Q2,79.0
services,core,option2,South Korea,exports,2023-Q3,81.0
services,core,option2,South Korea,exports,2023-Q4,94.0
services,core,option2,South Korea,exports,2024-Q1,72.0
services,core,option2,South Korea,exports,2024-Q2,168.0
services,core,option2,South Korea,exports,2024-Q3,177.0
services,core,option2,South Korea,exports,2024-Q4,149.0
services,core,option2,South Korea,exports,2025-Q1,46.0
services,core,option2,South Korea,exports,2025-Q2,0.0
services,core,option2,South Korea,exports,2025-Q3,63.0
services,core,option2,South Korea,exports,2025-Q4,18.0
services,core,option2,South Korea,exports,2026-Q1,169.0
services,core,option2,Taiwan,exports,2016-Q1,33.0
services,core,option2,Taiwan,exports,2016-Q2,27.0
services,core,option2,Taiwan,exports,2016-Q3,33.0
services,core,option2,Taiwan,exports,2016-Q4,40.0
services,core,option2,Taiwan,exports,2017-Q1,53.0
services,core,option2,Taiwan,exports,2017-Q2,33.0
services,core,option2,Taiwan,exports,2017-Q3,80.0
services,core,option2,Taiwan,exports,2017-Q4,50.0
services,core,option2,Taiwan,exports,2018-Q1,214.0
services,core,option2,Taiwan,exports,2018-Q2,62.0
services,core,option2,Taiwan,exports,2018-Q3,150.0
services,core,option2,Taiwan,exports,2018-Q4,172.0
services,core,option2,Taiwan,exports,2019-Q1,103.0
services,core,option2,Taiwan,exports,2019-Q2,136.0
services,core,option2,Taiwan,exports,2019-Q3,114.0
services,core,option2,Taiwan,exports,2019-Q4,126.0
services,core,option2,Taiwan,exports,2020-Q1,144.0
services,core,option2,Taiwan,exports,2020-Q2,123.0
services,core,option2,Taiwan,exports,2020-Q3,137.0
services,core,option2,Taiwan,exports,2020-Q4,126.0
services,core,option2,Taiwan,exports,2021-Q1,153.0
services,core,option2,Taiwan,exports,2021-Q2,638.0
services,core,option2,Taiwan,exports,2021-Q3,168.0
services,core,option2,Taiwan,exports,2021-Q4,156.0
services,core,option2,Taiwan,exports,2022-Q1,212.0
services,core,option2,Taiwan,exports,2022-Q2,118.0
services,core,option2,Taiwan,exports,2022-Q3,159.0
services,core,option2,Taiwan,exports,2022-Q4,131.0
services,core,option2,Taiwan,exports,2023-Q1,151.0
services,core,option2,Taiwan,exports,2023-Q2,41.0
services,core,option2,Taiwan,exports,2023-Q3,29.0
services,core,option2,Taiwan,exports,2023-Q4,48.0
services,core,option2,Taiwan,exports,2024-Q1,27.0
services,core,option2,Taiwan,exports,2024-Q2,156.0
services,core,option2,Taiwan,exports,2024-Q3,197.0
services,core,option2,Taiwan,exports,2024-Q4,250.0
services,core,option2,Taiwan,exports,2025-Q1,30.0
services,core,option2,Taiwan,exports,2025-Q2,36.0
services,core,option2,Taiwan,exports,2025-Q3,35.0
services,core,option2,Taiwan,exports,2025-Q4,42.0
services,core,option2,Taiwan,exports,2026-Q1,153.0
services,core,option1,EU,imports,2016-Q1,2032.0
services,core,option1,EU,imports,2016-Q2,1972.0
services,core,option1,EU,imports,2016-Q3,2349.0
services,core,option1,EU,imports,2016-Q4,2421.0
services,core,option1,EU,imports,2017-Q1,2151.0
services,core,option1,EU,imports,2017-Q2,2347.0
services,core,option1,EU,imports,2017-Q3,2302.0
services,core,option1,EU,imports,2017-Q4,2540.0
services,core,option1,EU,imports,2018-Q1,2943.0
services,core,option1,EU,imports,2018-Q2,2912.0
services,core,option1,EU,imports,2018-Q3,2837.0
services,core,option1,EU,imports,2018-Q4,3022.0
services,core,option1,EU,imports,2019-Q1,2997.0
services,core,option1,EU,imports,2019-Q2,2893.0
services,core,option1,EU,imports,2019-Q3,3117.0
services,core,option1,EU,imports,2019-Q4,3245.0
services,core,option1,EU,imports,2020-Q1,2949.0
services,core,option1,EU,imports,2020-Q2,3119.0
services,core,option1,EU,imports,2020-Q3,3080.0
services,core,option1,EU,imports,2020-Q4,3021.0
services,core,option1,EU,imports,2021-Q1,2583.0
services,core,option1,EU,imports,2021-Q2,2923.0
services,core,option1,EU,imports,2021-Q3,2789.0
services,core,option1,EU,imports,2021-Q4,2918.0
services,core,option1,EU,imports,2022-Q1,2874.0
services,core,option1,EU,imports,2022-Q2,3022.0
services,core,option1,EU,imports,2022-Q3,3058.0
services,core,option1,EU,imports,2022-Q4,4092.0
services,core,option1,EU,imports,2023-Q1,4358.0
services,core,option1,EU,imports,2023-Q2,3586.0
services,core,option1,EU,imports,2023-Q3,3457.0
services,core,option1,EU,imports,2023-Q4,3633.0
services,core,option1,EU,imports,2024-Q1,3707.0
services,core,option1,EU,imports,2024-Q2,3493.0
services,core,option1,EU,imports,2024-Q3,3430.0
services,core,option1,EU,imports,2024-Q4,3704.0
services,core,option1,EU,imports,2025-Q1,3497.0
services,core,option1,EU,imports,2025-Q2,3505.0
services,core,option1,EU,imports,2025-Q3,3696.0
services,core,option1,EU,imports,2025-Q4,4140.0
services,core,option1,EU,imports,2026-Q1,4239.0
services,core,option1,US,imports,2016-Q1,1159.0
services,core,option1,US,imports,2016-Q2,1130.0
services,core,option1,US,imports,2016-Q3,1340.0
services,core,option1,US,imports,2016-Q4,1380.0
services,core,option1,US,imports,2017-Q1,1530.0
services,core,option1,US,imports,2017-Q2,1352.0
services,core,option1,US,imports,2017-Q3,1468.0
services,core,option1,US,imports,2017-Q4,1402.0
services,core,option1,US,imports,2018-Q1,1456.0
services,core,option1,US,imports,2018-Q2,1357.0
services,core,option1,US,imports,2018-Q3,1375.0
services,core,option1,US,imports,2018-Q4,1509.0
services,core,option1,US,imports,2019-Q1,1715.0
services,core,option1,US,imports,2019-Q2,1616.0
services,core,option1,US,imports,2019-Q3,1599.0
services,core,option1,US,imports,2019-Q4,1577.0
services,core,option1,US,imports,2020-Q1,1517.0
services,core,option1,US,imports,2020-Q2,1598.0
services,core,option1,US,imports,2020-Q3,1540.0
services,core,option1,US,imports,2020-Q4,1824.0
services,core,option1,US,imports,2021-Q1,1684.0
services,core,option1,US,imports,2021-Q2,1830.0
services,core,option1,US,imports,2021-Q3,1815.0
services,core,option1,US,imports,2021-Q4,1958.0
services,core,option1,US,imports,2022-Q1,2174.0
services,core,option1,US,imports,2022-Q2,728.0
services,core,option1,US,imports,2022-Q3,2471.0
services,core,option1,US,imports,2022-Q4,814.0
services,core,option1,US,imports,2023-Q1,2261.0
services,core,option1,US,imports,2023-Q2,2302.0
services,core,option1,US,imports,2023-Q3,2574.0
services,core,option1,US,imports,2023-Q4,2781.0
services,core,option1,US,imports,2024-Q1,2796.0
services,core,option1,US,imports,2024-Q2,2718.0
services,core,option1,US,imports,2024-Q3,2697.0
services,core,option1,US,imports,2024-Q4,2991.0
services,core,option1,US,imports,2025-Q1,2922.0
services,core,option1,US,imports,2025-Q2,2918.0
services,core,option1,US,imports,2025-Q3,3103.0
services,core,option1,US,imports,2025-Q4,3163.0
services,core,option1,US,imports,2026-Q1,3440.0
services,core,option1,East Asia,imports,2016-Q1,439.0
services,core,option1,East Asia,imports,2016-Q2,416.0
services,core,option1,East Asia,imports,2016-Q3,493.0
services,core,option1,East Asia,imports,2016-Q4,507.0
services,core,option1,East Asia,imports,2017-Q1,610.0
services,core,option1,East Asia,imports,2017-Q2,538.0
services,core,option1,East Asia,imports,2017-Q3,611.0
services,core,option1,East Asia,imports,2017-Q4,599.0
services,core,option1,East Asia,imports,2018-Q1,531.0
services,core,option1,East Asia,imports,2018-Q2,503.0
services,core,option1,East Asia,imports,2018-Q3,618.0
services,core,option1,East Asia,imports,2018-Q4,691.0
services,core,option1,East Asia,imports,2019-Q1,767.0
services,core,option1,East Asia,imports,2019-Q2,863.0
services,core,option1,East Asia,imports,2019-Q3,730.0
services,core,option1,East Asia,imports,2019-Q4,742.0
services,core,option1,East Asia,imports,2020-Q1,853.0
services,core,option1,East Asia,imports,2020-Q2,1054.0
services,core,option1,East Asia,imports,2020-Q3,954.0
services,core,option1,East Asia,imports,2020-Q4,1138.0
services,core,option1,East Asia,imports,2021-Q1,51.0
services,core,option1,East Asia,imports,2021-Q2,89.0
services,core,option1,East Asia,imports,2021-Q3,801.0
services,core,option1,East Asia,imports,2021-Q4,871.0
services,core,option1,East Asia,imports,2022-Q1,736.0
services,core,option1,East Asia,imports,2022-Q2,1060.0
services,core,option1,East Asia,imports,2022-Q3,743.0
services,core,option1,East Asia,imports,2022-Q4,750.0
services,core,option1,East Asia,imports,2023-Q1,929.0
services,core,option1,East Asia,imports,2023-Q2,1289.0
services,core,option1,East Asia,imports,2023-Q3,1046.0
services,core,option1,East Asia,imports,2023-Q4,1036.0
services,core,option1,East Asia,imports,2024-Q1,1250.0
services,core,option1,East Asia,imports,2024-Q2,1468.0
services,core,option1,East Asia,imports,2024-Q3,1222.0
services,core,option1,East Asia,imports,2024-Q4,1312.0
services,core,option1,East Asia,imports,2025-Q1,1371.0
services,core,option1,East Asia,imports,2025-Q2,1520.0
services,core,option1,East Asia,imports,2025-Q3,1398.0
services,core,option1,East Asia,imports,2025-Q4,1507.0
services,core,option1,East Asia,imports,2026-Q1,1323.0
services,core,option1,Rest of world,imports,2016-Q1,1029.0
services,core,option1,Rest of world,imports,2016-Q2,1007.0
services,core,option1,Rest of world,imports,2016-Q3,1178.0
services,core,option1,Rest of world,imports,2016-Q4,1209.0
services,core,option1,Rest of world,imports,2017-Q1,1289.0
services,core,option1,Rest of world,imports,2017-Q2,1250.0
services,core,option1,Rest of world,imports,2017-Q3,1286.0
services,core,option1,Rest of world,imports,2017-Q4,1295.0
services,core,option1,Rest of world,imports,2018-Q1,1318.0
services,core,option1,Rest of world,imports,2018-Q2,1228.0
services,core,option1,Rest of world,imports,2018-Q3,1207.0
services,core,option1,Rest of world,imports,2018-Q4,1411.0
services,core,option1,Rest of world,imports,2019-Q1,1457.0
services,core,option1,Rest of world,imports,2019-Q2,1539.0
services,core,option1,Rest of world,imports,2019-Q3,1576.0
services,core,option1,Rest of world,imports,2019-Q4,1290.0
services,core,option1,Rest of world,imports,2020-Q1,1208.0
services,core,option1,Rest of world,imports,2020-Q2,1491.0
services,core,option1,Rest of world,imports,2020-Q3,1487.0
services,core,option1,Rest of world,imports,2020-Q4,1439.0
services,core,option1,Rest of world,imports,2021-Q1,2170.0
services,core,option1,Rest of world,imports,2021-Q2,2055.0
services,core,option1,Rest of world,imports,2021-Q3,1278.0
services,core,option1,Rest of world,imports,2021-Q4,1311.0
services,core,option1,Rest of world,imports,2022-Q1,1470.0
services,core,option1,Rest of world,imports,2022-Q2,3007.0
services,core,option1,Rest of world,imports,2022-Q3,1591.0
services,core,option1,Rest of world,imports,2022-Q4,3021.0
services,core,option1,Rest of world,imports,2023-Q1,1593.0
services,core,option1,Rest of world,imports,2023-Q2,1729.0
services,core,option1,Rest of world,imports,2023-Q3,1810.0
services,core,option1,Rest of world,imports,2023-Q4,1769.0
services,core,option1,Rest of world,imports,2024-Q1,2055.0
services,core,option1,Rest of world,imports,2024-Q2,1999.0
services,core,option1,Rest of world,imports,2024-Q3,2075.0
services,core,option1,Rest of world,imports,2024-Q4,2112.0
services,core,option1,Rest of world,imports,2025-Q1,2024.0
services,core,option1,Rest of world,imports,2025-Q2,1901.0
services,core,option1,Rest of world,imports,2025-Q3,2206.0
services,core,option1,Rest of world,imports,2025-Q4,2284.0
services,core,option1,Rest of world,imports,2026-Q1,2650.0
services,core,option2,China incl. Hong Kong,imports,2016-Q1,44.0
services,core,option2,China incl. Hong Kong,imports,2016-Q2,44.0
services,core,option2,China incl. Hong Kong,imports,2016-Q3,52.0
services,core,option2,China incl. Hong Kong,imports,2016-Q4,53.0
services,core,option2,China incl. Hong Kong,imports,2017-Q1,46.0
services,core,option2,China incl. Hong Kong,imports,2017-Q2,38.0
services,core,option2,China incl. Hong Kong,imports,2017-Q3,42.0
services,core,option2,China incl. Hong Kong,imports,2017-Q4,40.0
services,core,option2,China incl. Hong Kong,imports,2018-Q1,35.0
services,core,option2,China incl. Hong Kong,imports,2018-Q2,45.0
services,core,option2,China incl. Hong Kong,imports,2018-Q3,51.0
services,core,option2,China incl. Hong Kong,imports,2018-Q4,55.0
services,core,option2,China incl. Hong Kong,imports,2019-Q1,62.0
services,core,option2,China incl. Hong Kong,imports,2019-Q2,69.0
services,core,option2,China incl. Hong Kong,imports,2019-Q3,80.0
services,core,option2,China incl. Hong Kong,imports,2019-Q4,60.0
services,core,option2,China incl. Hong Kong,imports,2020-Q1,76.0
services,core,option2,China incl. Hong Kong,imports,2020-Q2,68.0
services,core,option2,China incl. Hong Kong,imports,2020-Q3,76.0
services,core,option2,China incl. Hong Kong,imports,2020-Q4,83.0
services,core,option2,China incl. Hong Kong,imports,2021-Q1,20.0
services,core,option2,China incl. Hong Kong,imports,2021-Q2,47.0
services,core,option2,China incl. Hong Kong,imports,2021-Q3,56.0
services,core,option2,China incl. Hong Kong,imports,2021-Q4,51.0
services,core,option2,China incl. Hong Kong,imports,2022-Q1,42.0
services,core,option2,China incl. Hong Kong,imports,2022-Q2,72.0
services,core,option2,China incl. Hong Kong,imports,2022-Q3,54.0
services,core,option2,China incl. Hong Kong,imports,2022-Q4,52.0
services,core,option2,China incl. Hong Kong,imports,2023-Q1,67.0
services,core,option2,China incl. Hong Kong,imports,2023-Q2,56.0
services,core,option2,China incl. Hong Kong,imports,2023-Q3,64.0
services,core,option2,China incl. Hong Kong,imports,2023-Q4,56.0
services,core,option2,China incl. Hong Kong,imports,2024-Q1,42.0
services,core,option2,China incl. Hong Kong,imports,2024-Q2,44.0
services,core,option2,China incl. Hong Kong,imports,2024-Q3,42.0
services,core,option2,China incl. Hong Kong,imports,2024-Q4,40.0
services,core,option2,China incl. Hong Kong,imports,2025-Q1,69.0
services,core,option2,China incl. Hong Kong,imports,2025-Q2,94.0
services,core,option2,China incl. Hong Kong,imports,2025-Q3,103.0
services,core,option2,China incl. Hong Kong,imports,2025-Q4,110.0
services,core,option2,China incl. Hong Kong,imports,2026-Q1,113.0
services,core,option2,Japan,imports,2016-Q1,374.0
services,core,option2,Japan,imports,2016-Q2,352.0
services,core,option2,Japan,imports,2016-Q3,416.0
services,core,option2,Japan,imports,2016-Q4,428.0
services,core,option2,Japan,imports,2017-Q1,562.0
services,core,option2,Japan,imports,2017-Q2,499.0
services,core,option2,Japan,imports,2017-Q3,545.0
services,core,option2,Japan,imports,2017-Q4,534.0
services,core,option2,Japan,imports,2018-Q1,496.0
services,core,option2,Japan,imports,2018-Q2,456.0
services,core,option2,Japan,imports,2018-Q3,553.0
services,core,option2,Japan,imports,2018-Q4,612.0
services,core,option2,Japan,imports,2019-Q1,700.0
services,core,option2,Japan,imports,2019-Q2,794.0
services,core,option2,Japan,imports,2019-Q3,624.0
services,core,option2,Japan,imports,2019-Q4,660.0
services,core,option2,Japan,imports,2020-Q1,736.0
services,core,option2,Japan,imports,2020-Q2,953.0
services,core,option2,Japan,imports,2020-Q3,842.0
services,core,option2,Japan,imports,2020-Q4,1019.0
services,core,option2,Japan,imports,2021-Q1,7.0
services,core,option2,Japan,imports,2021-Q2,12.0
services,core,option2,Japan,imports,2021-Q3,725.0
services,core,option2,Japan,imports,2021-Q4,800.0
services,core,option2,Japan,imports,2022-Q1,693.0
services,core,option2,Japan,imports,2022-Q2,985.0
services,core,option2,Japan,imports,2022-Q3,667.0
services,core,option2,Japan,imports,2022-Q4,679.0
services,core,option2,Japan,imports,2023-Q1,837.0
services,core,option2,Japan,imports,2023-Q2,1204.0
services,core,option2,Japan,imports,2023-Q3,957.0
services,core,option2,Japan,imports,2023-Q4,945.0
services,core,option2,Japan,imports,2024-Q1,1182.0
services,core,option2,Japan,imports,2024-Q2,1396.0
services,core,option2,Japan,imports,2024-Q3,1150.0
services,core,option2,Japan,imports,2024-Q4,1241.0
services,core,option2,Japan,imports,2025-Q1,1272.0
services,core,option2,Japan,imports,2025-Q2,1398.0
services,core,option2,Japan,imports,2025-Q3,1262.0
services,core,option2,Japan,imports,2025-Q4,1354.0
services,core,option2,Japan,imports,2026-Q1,1167.0
services,core,option2,South Korea,imports,2016-Q1,19.0
services,core,option2,South Korea,imports,2016-Q2,18.0
services,core,option2,South Korea,imports,2016-Q3,23.0
services,core,option2,South Korea,imports,2016-Q4,24.0
services,core,option2,South Korea,imports,2017-Q1,0.0
services,core,option2,South Korea,imports,2017-Q2,0.0
services,core,option2,South Korea,imports,2017-Q3,16.0
services,core,option2,South Korea,imports,2017-Q4,17.0
services,core,option2,South Korea,imports,2018-Q1,0.0
services,core,option2,South Korea,imports,2018-Q2,2.0
services,core,option2,South Korea,imports,2018-Q3,14.0
services,core,option2,South Korea,imports,2018-Q4,24.0
services,core,option2,South Korea,imports,2019-Q1,0.0
services,core,option2,South Korea,imports,2019-Q2,0.0
services,core,option2,South Korea,imports,2019-Q3,18.0
services,core,option2,South Korea,imports,2019-Q4,17.0
services,core,option2,South Korea,imports,2020-Q1,33.0
services,core,option2,South Korea,imports,2020-Q2,27.0
services,core,option2,South Korea,imports,2020-Q3,29.0
services,core,option2,South Korea,imports,2020-Q4,28.0
services,core,option2,South Korea,imports,2021-Q1,24.0
services,core,option2,South Korea,imports,2021-Q2,29.0
services,core,option2,South Korea,imports,2021-Q3,19.0
services,core,option2,South Korea,imports,2021-Q4,17.0
services,core,option2,South Korea,imports,2022-Q1,0.0
services,core,option2,South Korea,imports,2022-Q2,1.0
services,core,option2,South Korea,imports,2022-Q3,21.0
services,core,option2,South Korea,imports,2022-Q4,19.0
services,core,option2,South Korea,imports,2023-Q1,25.0
services,core,option2,South Korea,imports,2023-Q2,28.0
services,core,option2,South Korea,imports,2023-Q3,25.0
services,core,option2,South Korea,imports,2023-Q4,35.0
services,core,option2,South Korea,imports,2024-Q1,26.0
services,core,option2,South Korea,imports,2024-Q2,27.0
services,core,option2,South Korea,imports,2024-Q3,27.0
services,core,option2,South Korea,imports,2024-Q4,31.0
services,core,option2,South Korea,imports,2025-Q1,27.0
services,core,option2,South Korea,imports,2025-Q2,24.0
services,core,option2,South Korea,imports,2025-Q3,30.0
services,core,option2,South Korea,imports,2025-Q4,41.0
services,core,option2,South Korea,imports,2026-Q1,39.0
services,core,option2,Taiwan,imports,2016-Q1,2.0
services,core,option2,Taiwan,imports,2016-Q2,2.0
services,core,option2,Taiwan,imports,2016-Q3,2.0
services,core,option2,Taiwan,imports,2016-Q4,2.0
services,core,option2,Taiwan,imports,2017-Q1,2.0
services,core,option2,Taiwan,imports,2017-Q2,1.0
services,core,option2,Taiwan,imports,2017-Q3,8.0
services,core,option2,Taiwan,imports,2017-Q4,8.0
services,core,option2,Taiwan,imports,2018-Q1,0.0
services,core,option2,Taiwan,imports,2018-Q2,0.0
services,core,option2,Taiwan,imports,2018-Q3,0.0
services,core,option2,Taiwan,imports,2018-Q4,0.0
services,core,option2,Taiwan,imports,2019-Q1,5.0
services,core,option2,Taiwan,imports,2019-Q2,0.0
services,core,option2,Taiwan,imports,2019-Q3,8.0
services,core,option2,Taiwan,imports,2019-Q4,5.0
services,core,option2,Taiwan,imports,2020-Q1,8.0
services,core,option2,Taiwan,imports,2020-Q2,6.0
services,core,option2,Taiwan,imports,2020-Q3,7.0
services,core,option2,Taiwan,imports,2020-Q4,8.0
services,core,option2,Taiwan,imports,2021-Q1,0.0
services,core,option2,Taiwan,imports,2021-Q2,1.0
services,core,option2,Taiwan,imports,2021-Q3,1.0
services,core,option2,Taiwan,imports,2021-Q4,3.0
services,core,option2,Taiwan,imports,2022-Q1,1.0
services,core,option2,Taiwan,imports,2022-Q2,2.0
services,core,option2,Taiwan,imports,2022-Q3,1.0
services,core,option2,Taiwan,imports,2022-Q4,0.0
services,core,option2,Taiwan,imports,2023-Q1,0.0
services,core,option2,Taiwan,imports,2023-Q2,1.0
services,core,option2,Taiwan,imports,2023-Q3,0.0
services,core,option2,Taiwan,imports,2023-Q4,0.0
services,core,option2,Taiwan,imports,2024-Q1,0.0
services,core,option2,Taiwan,imports,2024-Q2,1.0
services,core,option2,Taiwan,imports,2024-Q3,3.0
services,core,option2,Taiwan,imports,2024-Q4,0.0
services,core,option2,Taiwan,imports,2025-Q1,3.0
services,core,option2,Taiwan,imports,2025-Q2,4.0
services,core,option2,Taiwan,imports,2025-Q3,3.0
services,core,option2,Taiwan,imports,2025-Q4,2.0
services,core,option2,Taiwan,imports,2026-Q1,4.0
services,extended,option1,EU,exports,2016-Q1,10575.0
services,extended,option1,EU,exports,2016-Q2,11341.0
services,extended,option1,EU,exports,2016-Q3,10552.0
services,extended,option1,EU,exports,2016-Q4,13149.0
services,extended,option1,EU,exports,2017-Q1,12143.0
services,extended,option1,EU,exports,2017-Q2,12947.0
services,extended,option1,EU,exports,2017-Q3,13512.0
services,extended,option1,EU,exports,2017-Q4,14903.0
services,extended,option1,EU,exports,2018-Q1,13830.0
services,extended,option1,EU,exports,2018-Q2,14499.0
services,extended,option1,EU,exports,2018-Q3,13976.0
services,extended,option1,EU,exports,2018-Q4,17340.0
services,extended,option1,EU,exports,2019-Q1,12986.0
services,extended,option1,EU,exports,2019-Q2,14901.0
services,extended,option1,EU,exports,2019-Q3,15717.0
services,extended,option1,EU,exports,2019-Q4,16936.0
services,extended,option1,EU,exports,2020-Q1,14434.0
services,extended,option1,EU,exports,2020-Q2,15378.0
services,extended,option1,EU,exports,2020-Q3,15172.0
services,extended,option1,EU,exports,2020-Q4,18574.0
services,extended,option1,EU,exports,2021-Q1,16627.0
services,extended,option1,EU,exports,2021-Q2,17351.0
services,extended,option1,EU,exports,2021-Q3,17075.0
services,extended,option1,EU,exports,2021-Q4,20542.0
services,extended,option1,EU,exports,2022-Q1,16983.0
services,extended,option1,EU,exports,2022-Q2,19910.0
services,extended,option1,EU,exports,2022-Q3,22239.0
services,extended,option1,EU,exports,2022-Q4,24800.0
services,extended,option1,EU,exports,2023-Q1,23337.0
services,extended,option1,EU,exports,2023-Q2,22834.0
services,extended,option1,EU,exports,2023-Q3,22295.0
services,extended,option1,EU,exports,2023-Q4,24305.0
services,extended,option1,EU,exports,2024-Q1,24013.0
services,extended,option1,EU,exports,2024-Q2,26833.0
services,extended,option1,EU,exports,2024-Q3,25892.0
services,extended,option1,EU,exports,2024-Q4,31203.0
services,extended,option1,EU,exports,2025-Q1,28200.0
services,extended,option1,EU,exports,2025-Q2,29821.0
services,extended,option1,EU,exports,2025-Q3,29463.0
services,extended,option1,EU,exports,2025-Q4,32447.0
services,extended,option1,EU,exports,2026-Q1,28564.0
services,extended,option1,US,exports,2016-Q1,6784.0
services,extended,option1,US,exports,2016-Q2,7485.0
services,extended,option1,US,exports,2016-Q3,6872.0
services,extended,option1,US,exports,2016-Q4,8794.0
services,extended,option1,US,exports,2017-Q1,8341.0
services,extended,option1,US,exports,2017-Q2,8642.0
services,extended,option1,US,exports,2017-Q3,8969.0
services,extended,option1,US,exports,2017-Q4,9603.0
services,extended,option1,US,exports,2018-Q1,8615.0
services,extended,option1,US,exports,2018-Q2,8269.0
services,extended,option1,US,exports,2018-Q3,9322.0
services,extended,option1,US,exports,2018-Q4,12101.0
services,extended,option1,US,exports,2019-Q1,9633.0
services,extended,option1,US,exports,2019-Q2,11458.0
services,extended,option1,US,exports,2019-Q3,11733.0
services,extended,option1,US,exports,2019-Q4,12239.0
services,extended,option1,US,exports,2020-Q1,9903.0
services,extended,option1,US,exports,2020-Q2,11615.0
services,extended,option1,US,exports,2020-Q3,11670.0
services,extended,option1,US,exports,2020-Q4,12385.0
services,extended,option1,US,exports,2021-Q1,11800.0
services,extended,option1,US,exports,2021-Q2,12780.0
services,extended,option1,US,exports,2021-Q3,12699.0
services,extended,option1,US,exports,2021-Q4,16054.0
services,extended,option1,US,exports,2022-Q1,14170.0
services,extended,option1,US,exports,2022-Q2,16642.0
services,extended,option1,US,exports,2022-Q3,17990.0
services,extended,option1,US,exports,2022-Q4,20025.0
services,extended,option1,US,exports,2023-Q1,14537.0
services,extended,option1,US,exports,2023-Q2,16226.0
services,extended,option1,US,exports,2023-Q3,17481.0
services,extended,option1,US,exports,2023-Q4,16094.0
services,extended,option1,US,exports,2024-Q1,17542.0
services,extended,option1,US,exports,2024-Q2,19666.0
services,extended,option1,US,exports,2024-Q3,18707.0
services,extended,option1,US,exports,2024-Q4,22087.0
services,extended,option1,US,exports,2025-Q1,19035.0
services,extended,option1,US,exports,2025-Q2,20138.0
services,extended,option1,US,exports,2025-Q3,19798.0
services,extended,option1,US,exports,2025-Q4,23109.0
services,extended,option1,US,exports,2026-Q1,19944.0
services,extended,option1,East Asia,exports,2016-Q1,1330.0
services,extended,option1,East Asia,exports,2016-Q2,912.0
services,extended,option1,East Asia,exports,2016-Q3,1453.0
services,extended,option1,East Asia,exports,2016-Q4,1763.0
services,extended,option1,East Asia,exports,2017-Q1,1457.0
services,extended,option1,East Asia,exports,2017-Q2,2079.0
services,extended,option1,East Asia,exports,2017-Q3,1739.0
services,extended,option1,East Asia,exports,2017-Q4,1684.0
services,extended,option1,East Asia,exports,2018-Q1,1668.0
services,extended,option1,East Asia,exports,2018-Q2,1753.0
services,extended,option1,East Asia,exports,2018-Q3,1859.0
services,extended,option1,East Asia,exports,2018-Q4,2600.0
services,extended,option1,East Asia,exports,2019-Q1,1979.0
services,extended,option1,East Asia,exports,2019-Q2,2210.0
services,extended,option1,East Asia,exports,2019-Q3,2409.0
services,extended,option1,East Asia,exports,2019-Q4,2422.0
services,extended,option1,East Asia,exports,2020-Q1,2605.0
services,extended,option1,East Asia,exports,2020-Q2,2210.0
services,extended,option1,East Asia,exports,2020-Q3,2269.0
services,extended,option1,East Asia,exports,2020-Q4,2534.0
services,extended,option1,East Asia,exports,2021-Q1,2160.0
services,extended,option1,East Asia,exports,2021-Q2,2780.0
services,extended,option1,East Asia,exports,2021-Q3,2456.0
services,extended,option1,East Asia,exports,2021-Q4,2542.0
services,extended,option1,East Asia,exports,2022-Q1,1802.0
services,extended,option1,East Asia,exports,2022-Q2,2665.0
services,extended,option1,East Asia,exports,2022-Q3,2216.0
services,extended,option1,East Asia,exports,2022-Q4,3043.0
services,extended,option1,East Asia,exports,2023-Q1,2955.0
services,extended,option1,East Asia,exports,2023-Q2,2690.0
services,extended,option1,East Asia,exports,2023-Q3,2448.0
services,extended,option1,East Asia,exports,2023-Q4,2672.0
services,extended,option1,East Asia,exports,2024-Q1,2790.0
services,extended,option1,East Asia,exports,2024-Q2,3302.0
services,extended,option1,East Asia,exports,2024-Q3,3171.0
services,extended,option1,East Asia,exports,2024-Q4,3781.0
services,extended,option1,East Asia,exports,2025-Q1,2700.0
services,extended,option1,East Asia,exports,2025-Q2,2908.0
services,extended,option1,East Asia,exports,2025-Q3,2670.0
services,extended,option1,East Asia,exports,2025-Q4,2826.0
services,extended,option1,East Asia,exports,2026-Q1,3225.0
services,extended,option1,Rest of world,exports,2016-Q1,9333.0
services,extended,option1,Rest of world,exports,2016-Q2,10389.0
services,extended,option1,Rest of world,exports,2016-Q3,9331.0
services,extended,option1,Rest of world,exports,2016-Q4,11546.0
services,extended,option1,Rest of world,exports,2017-Q1,10275.0
services,extended,option1,Rest of world,exports,2017-Q2,10549.0
services,extended,option1,Rest of world,exports,2017-Q3,10066.0
services,extended,option1,Rest of world,exports,2017-Q4,11107.0
services,extended,option1,Rest of world,exports,2018-Q1,10554.0
services,extended,option1,Rest of world,exports,2018-Q2,12047.0
services,extended,option1,Rest of world,exports,2018-Q3,12702.0
services,extended,option1,Rest of world,exports,2018-Q4,12867.0
services,extended,option1,Rest of world,exports,2019-Q1,10947.0
services,extended,option1,Rest of world,exports,2019-Q2,12856.0
services,extended,option1,Rest of world,exports,2019-Q3,12498.0
services,extended,option1,Rest of world,exports,2019-Q4,12958.0
services,extended,option1,Rest of world,exports,2020-Q1,13475.0
services,extended,option1,Rest of world,exports,2020-Q2,11309.0
services,extended,option1,Rest of world,exports,2020-Q3,11356.0
services,extended,option1,Rest of world,exports,2020-Q4,13385.0
services,extended,option1,Rest of world,exports,2021-Q1,11114.0
services,extended,option1,Rest of world,exports,2021-Q2,11430.0
services,extended,option1,Rest of world,exports,2021-Q3,11255.0
services,extended,option1,Rest of world,exports,2021-Q4,12856.0
services,extended,option1,Rest of world,exports,2022-Q1,12234.0
services,extended,option1,Rest of world,exports,2022-Q2,12689.0
services,extended,option1,Rest of world,exports,2022-Q3,14216.0
services,extended,option1,Rest of world,exports,2022-Q4,16780.0
services,extended,option1,Rest of world,exports,2023-Q1,16883.0
services,extended,option1,Rest of world,exports,2023-Q2,15808.0
services,extended,option1,Rest of world,exports,2023-Q3,15111.0
services,extended,option1,Rest of world,exports,2023-Q4,18635.0
services,extended,option1,Rest of world,exports,2024-Q1,14798.0
services,extended,option1,Rest of world,exports,2024-Q2,16336.0
services,extended,option1,Rest of world,exports,2024-Q3,16391.0
services,extended,option1,Rest of world,exports,2024-Q4,19239.0
services,extended,option1,Rest of world,exports,2025-Q1,16281.0
services,extended,option1,Rest of world,exports,2025-Q2,17517.0
services,extended,option1,Rest of world,exports,2025-Q3,16355.0
services,extended,option1,Rest of world,exports,2025-Q4,19084.0
services,extended,option1,Rest of world,exports,2026-Q1,17380.0
services,extended,option2,China incl. Hong Kong,exports,2016-Q1,584.0
services,extended,option2,China incl. Hong Kong,exports,2016-Q2,653.0
services,extended,option2,China incl. Hong Kong,exports,2016-Q3,695.0
services,extended,option2,China incl. Hong Kong,exports,2016-Q4,832.0
services,extended,option2,China incl. Hong Kong,exports,2017-Q1,679.0
services,extended,option2,China incl. Hong Kong,exports,2017-Q2,1302.0
services,extended,option2,China incl. Hong Kong,exports,2017-Q3,914.0
services,extended,option2,China incl. Hong Kong,exports,2017-Q4,844.0
services,extended,option2,China incl. Hong Kong,exports,2018-Q1,858.0
services,extended,option2,China incl. Hong Kong,exports,2018-Q2,899.0
services,extended,option2,China incl. Hong Kong,exports,2018-Q3,1066.0
services,extended,option2,China incl. Hong Kong,exports,2018-Q4,1358.0
services,extended,option2,China incl. Hong Kong,exports,2019-Q1,990.0
services,extended,option2,China incl. Hong Kong,exports,2019-Q2,1180.0
services,extended,option2,China incl. Hong Kong,exports,2019-Q3,1211.0
services,extended,option2,China incl. Hong Kong,exports,2019-Q4,1309.0
services,extended,option2,China incl. Hong Kong,exports,2020-Q1,1442.0
services,extended,option2,China incl. Hong Kong,exports,2020-Q2,1187.0
services,extended,option2,China incl. Hong Kong,exports,2020-Q3,1233.0
services,extended,option2,China incl. Hong Kong,exports,2020-Q4,1396.0
services,extended,option2,China incl. Hong Kong,exports,2021-Q1,1042.0
services,extended,option2,China incl. Hong Kong,exports,2021-Q2,1156.0
services,extended,option2,China incl. Hong Kong,exports,2021-Q3,1176.0
services,extended,option2,China incl. Hong Kong,exports,2021-Q4,1328.0
services,extended,option2,China incl. Hong Kong,exports,2022-Q1,1086.0
services,extended,option2,China incl. Hong Kong,exports,2022-Q2,1270.0
services,extended,option2,China incl. Hong Kong,exports,2022-Q3,1232.0
services,extended,option2,China incl. Hong Kong,exports,2022-Q4,1605.0
services,extended,option2,China incl. Hong Kong,exports,2023-Q1,1314.0
services,extended,option2,China incl. Hong Kong,exports,2023-Q2,1151.0
services,extended,option2,China incl. Hong Kong,exports,2023-Q3,1093.0
services,extended,option2,China incl. Hong Kong,exports,2023-Q4,1187.0
services,extended,option2,China incl. Hong Kong,exports,2024-Q1,1209.0
services,extended,option2,China incl. Hong Kong,exports,2024-Q2,1384.0
services,extended,option2,China incl. Hong Kong,exports,2024-Q3,1448.0
services,extended,option2,China incl. Hong Kong,exports,2024-Q4,1669.0
services,extended,option2,China incl. Hong Kong,exports,2025-Q1,1142.0
services,extended,option2,China incl. Hong Kong,exports,2025-Q2,1432.0
services,extended,option2,China incl. Hong Kong,exports,2025-Q3,1248.0
services,extended,option2,China incl. Hong Kong,exports,2025-Q4,1332.0
services,extended,option2,China incl. Hong Kong,exports,2026-Q1,1467.0
services,extended,option2,Japan,exports,2016-Q1,415.0
services,extended,option2,Japan,exports,2016-Q2,73.0
services,extended,option2,Japan,exports,2016-Q3,504.0
services,extended,option2,Japan,exports,2016-Q4,612.0
services,extended,option2,Japan,exports,2017-Q1,473.0
services,extended,option2,Japan,exports,2017-Q2,494.0
services,extended,option2,Japan,exports,2017-Q3,507.0
services,extended,option2,Japan,exports,2017-Q4,433.0
services,extended,option2,Japan,exports,2018-Q1,565.0
services,extended,option2,Japan,exports,2018-Q2,535.0
services,extended,option2,Japan,exports,2018-Q3,598.0
services,extended,option2,Japan,exports,2018-Q4,627.0
services,extended,option2,Japan,exports,2019-Q1,616.0
services,extended,option2,Japan,exports,2019-Q2,583.0
services,extended,option2,Japan,exports,2019-Q3,720.0
services,extended,option2,Japan,exports,2019-Q4,630.0
services,extended,option2,Japan,exports,2020-Q1,702.0
services,extended,option2,Japan,exports,2020-Q2,598.0
services,extended,option2,Japan,exports,2020-Q3,646.0
services,extended,option2,Japan,exports,2020-Q4,697.0
services,extended,option2,Japan,exports,2021-Q1,678.0
services,extended,option2,Japan,exports,2021-Q2,698.0
services,extended,option2,Japan,exports,2021-Q3,812.0
services,extended,option2,Japan,exports,2021-Q4,717.0
services,extended,option2,Japan,exports,2022-Q1,142.0
services,extended,option2,Japan,exports,2022-Q2,817.0
services,extended,option2,Japan,exports,2022-Q3,307.0
services,extended,option2,Japan,exports,2022-Q4,771.0
services,extended,option2,Japan,exports,2023-Q1,1032.0
services,extended,option2,Japan,exports,2023-Q2,991.0
services,extended,option2,Japan,exports,2023-Q3,902.0
services,extended,option2,Japan,exports,2023-Q4,1011.0
services,extended,option2,Japan,exports,2024-Q1,1143.0
services,extended,option2,Japan,exports,2024-Q2,1156.0
services,extended,option2,Japan,exports,2024-Q3,982.0
services,extended,option2,Japan,exports,2024-Q4,1197.0
services,extended,option2,Japan,exports,2025-Q1,1043.0
services,extended,option2,Japan,exports,2025-Q2,1117.0
services,extended,option2,Japan,exports,2025-Q3,1022.0
services,extended,option2,Japan,exports,2025-Q4,1097.0
services,extended,option2,Japan,exports,2026-Q1,1130.0
services,extended,option2,South Korea,exports,2016-Q1,224.0
services,extended,option2,South Korea,exports,2016-Q2,159.0
services,extended,option2,South Korea,exports,2016-Q3,147.0
services,extended,option2,South Korea,exports,2016-Q4,177.0
services,extended,option2,South Korea,exports,2017-Q1,199.0
services,extended,option2,South Korea,exports,2017-Q2,199.0
services,extended,option2,South Korea,exports,2017-Q3,187.0
services,extended,option2,South Korea,exports,2017-Q4,296.0
services,extended,option2,South Korea,exports,2018-Q1,31.0
services,extended,option2,South Korea,exports,2018-Q2,257.0
services,extended,option2,South Korea,exports,2018-Q3,45.0
services,extended,option2,South Korea,exports,2018-Q4,401.0
services,extended,option2,South Korea,exports,2019-Q1,233.0
services,extended,option2,South Korea,exports,2019-Q2,275.0
services,extended,option2,South Korea,exports,2019-Q3,328.0
services,extended,option2,South Korea,exports,2019-Q4,328.0
services,extended,option2,South Korea,exports,2020-Q1,286.0
services,extended,option2,South Korea,exports,2020-Q2,264.0
services,extended,option2,South Korea,exports,2020-Q3,226.0
services,extended,option2,South Korea,exports,2020-Q4,276.0
services,extended,option2,South Korea,exports,2021-Q1,235.0
services,extended,option2,South Korea,exports,2021-Q2,233.0
services,extended,option2,South Korea,exports,2021-Q3,226.0
services,extended,option2,South Korea,exports,2021-Q4,251.0
services,extended,option2,South Korea,exports,2022-Q1,270.0
services,extended,option2,South Korea,exports,2022-Q2,364.0
services,extended,option2,South Korea,exports,2022-Q3,433.0
services,extended,option2,South Korea,exports,2022-Q4,420.0
services,extended,option2,South Korea,exports,2023-Q1,400.0
services,extended,option2,South Korea,exports,2023-Q2,324.0
services,extended,option2,South Korea,exports,2023-Q3,305.0
services,extended,option2,South Korea,exports,2023-Q4,356.0
services,extended,option2,South Korea,exports,2024-Q1,350.0
services,extended,option2,South Korea,exports,2024-Q2,418.0
services,extended,option2,South Korea,exports,2024-Q3,397.0
services,extended,option2,South Korea,exports,2024-Q4,475.0
services,extended,option2,South Korea,exports,2025-Q1,318.0
services,extended,option2,South Korea,exports,2025-Q2,222.0
services,extended,option2,South Korea,exports,2025-Q3,283.0
services,extended,option2,South Korea,exports,2025-Q4,285.0
services,extended,option2,South Korea,exports,2026-Q1,392.0
services,extended,option2,Taiwan,exports,2016-Q1,107.0
services,extended,option2,Taiwan,exports,2016-Q2,27.0
services,extended,option2,Taiwan,exports,2016-Q3,107.0
services,extended,option2,Taiwan,exports,2016-Q4,142.0
services,extended,option2,Taiwan,exports,2017-Q1,106.0
services,extended,option2,Taiwan,exports,2017-Q2,84.0
services,extended,option2,Taiwan,exports,2017-Q3,131.0
services,extended,option2,Taiwan,exports,2017-Q4,111.0
services,extended,option2,Taiwan,exports,2018-Q1,214.0
services,extended,option2,Taiwan,exports,2018-Q2,62.0
services,extended,option2,Taiwan,exports,2018-Q3,150.0
services,extended,option2,Taiwan,exports,2018-Q4,214.0
services,extended,option2,Taiwan,exports,2019-Q1,140.0
services,extended,option2,Taiwan,exports,2019-Q2,172.0
services,extended,option2,Taiwan,exports,2019-Q3,150.0
services,extended,option2,Taiwan,exports,2019-Q4,155.0
services,extended,option2,Taiwan,exports,2020-Q1,175.0
services,extended,option2,Taiwan,exports,2020-Q2,161.0
services,extended,option2,Taiwan,exports,2020-Q3,164.0
services,extended,option2,Taiwan,exports,2020-Q4,165.0
services,extended,option2,Taiwan,exports,2021-Q1,205.0
services,extended,option2,Taiwan,exports,2021-Q2,693.0
services,extended,option2,Taiwan,exports,2021-Q3,242.0
services,extended,option2,Taiwan,exports,2021-Q4,246.0
services,extended,option2,Taiwan,exports,2022-Q1,304.0
services,extended,option2,Taiwan,exports,2022-Q2,214.0
services,extended,option2,Taiwan,exports,2022-Q3,244.0
services,extended,option2,Taiwan,exports,2022-Q4,247.0
services,extended,option2,Taiwan,exports,2023-Q1,209.0
services,extended,option2,Taiwan,exports,2023-Q2,224.0
services,extended,option2,Taiwan,exports,2023-Q3,148.0
services,extended,option2,Taiwan,exports,2023-Q4,118.0
services,extended,option2,Taiwan,exports,2024-Q1,88.0
services,extended,option2,Taiwan,exports,2024-Q2,344.0
services,extended,option2,Taiwan,exports,2024-Q3,344.0
services,extended,option2,Taiwan,exports,2024-Q4,440.0
services,extended,option2,Taiwan,exports,2025-Q1,197.0
services,extended,option2,Taiwan,exports,2025-Q2,137.0
services,extended,option2,Taiwan,exports,2025-Q3,117.0
services,extended,option2,Taiwan,exports,2025-Q4,112.0
services,extended,option2,Taiwan,exports,2026-Q1,236.0
services,extended,option1,EU,imports,2016-Q1,6263.0
services,extended,option1,EU,imports,2016-Q2,6133.0
services,extended,option1,EU,imports,2016-Q3,7044.0
services,extended,option1,EU,imports,2016-Q4,7521.0
services,extended,option1,EU,imports,2017-Q1,7038.0
services,extended,option1,EU,imports,2017-Q2,7769.0
services,extended,option1,EU,imports,2017-Q3,7834.0
services,extended,option1,EU,imports,2017-Q4,7834.0
services,extended,option1,EU,imports,2018-Q1,8914.0
services,extended,option1,EU,imports,2018-Q2,10326.0
services,extended,option1,EU,imports,2018-Q3,9590.0
services,extended,option1,EU,imports,2018-Q4,11323.0
services,extended,option1,EU,imports,2019-Q1,9023.0
services,extended,option1,EU,imports,2019-Q2,10189.0
services,extended,option1,EU,imports,2019-Q3,10108.0
services,extended,option1,EU,imports,2019-Q4,10949.0
services,extended,option1,EU,imports,2020-Q1,10099.0
services,extended,option1,EU,imports,2020-Q2,11438.0
services,extended,option1,EU,imports,2020-Q3,10279.0
services,extended,option1,EU,imports,2020-Q4,10492.0
services,extended,option1,EU,imports,2021-Q1,9393.0
services,extended,option1,EU,imports,2021-Q2,9913.0
services,extended,option1,EU,imports,2021-Q3,9900.0
services,extended,option1,EU,imports,2021-Q4,11262.0
services,extended,option1,EU,imports,2022-Q1,10203.0
services,extended,option1,EU,imports,2022-Q2,11109.0
services,extended,option1,EU,imports,2022-Q3,12091.0
services,extended,option1,EU,imports,2022-Q4,14480.0
services,extended,option1,EU,imports,2023-Q1,12987.0
services,extended,option1,EU,imports,2023-Q2,13235.0
services,extended,option1,EU,imports,2023-Q3,12916.0
services,extended,option1,EU,imports,2023-Q4,14659.0
services,extended,option1,EU,imports,2024-Q1,13967.0
services,extended,option1,EU,imports,2024-Q2,14349.0
services,extended,option1,EU,imports,2024-Q3,13781.0
services,extended,option1,EU,imports,2024-Q4,15805.0
services,extended,option1,EU,imports,2025-Q1,15144.0
services,extended,option1,EU,imports,2025-Q2,15815.0
services,extended,option1,EU,imports,2025-Q3,15915.0
services,extended,option1,EU,imports,2025-Q4,17795.0
services,extended,option1,EU,imports,2026-Q1,16957.0
services,extended,option1,US,imports,2016-Q1,4284.0
services,extended,option1,US,imports,2016-Q2,4198.0
services,extended,option1,US,imports,2016-Q3,4763.0
services,extended,option1,US,imports,2016-Q4,5235.0
services,extended,option1,US,imports,2017-Q1,5061.0
services,extended,option1,US,imports,2017-Q2,5662.0
services,extended,option1,US,imports,2017-Q3,5459.0
services,extended,option1,US,imports,2017-Q4,5522.0
services,extended,option1,US,imports,2018-Q1,1456.0
services,extended,option1,US,imports,2018-Q2,1357.0
services,extended,option1,US,imports,2018-Q3,5919.0
services,extended,option1,US,imports,2018-Q4,6447.0
services,extended,option1,US,imports,2019-Q1,6134.0
services,extended,option1,US,imports,2019-Q2,6674.0
services,extended,option1,US,imports,2019-Q3,7019.0
services,extended,option1,US,imports,2019-Q4,6939.0
services,extended,option1,US,imports,2020-Q1,6831.0
services,extended,option1,US,imports,2020-Q2,7312.0
services,extended,option1,US,imports,2020-Q3,6829.0
services,extended,option1,US,imports,2020-Q4,7667.0
services,extended,option1,US,imports,2021-Q1,6839.0
services,extended,option1,US,imports,2021-Q2,7254.0
services,extended,option1,US,imports,2021-Q3,7578.0
services,extended,option1,US,imports,2021-Q4,7962.0
services,extended,option1,US,imports,2022-Q1,7372.0
services,extended,option1,US,imports,2022-Q2,7401.0
services,extended,option1,US,imports,2022-Q3,9506.0
services,extended,option1,US,imports,2022-Q4,8981.0
services,extended,option1,US,imports,2023-Q1,8794.0
services,extended,option1,US,imports,2023-Q2,9249.0
services,extended,option1,US,imports,2023-Q3,10351.0
services,extended,option1,US,imports,2023-Q4,10174.0
services,extended,option1,US,imports,2024-Q1,10294.0
services,extended,option1,US,imports,2024-Q2,10663.0
services,extended,option1,US,imports,2024-Q3,10251.0
services,extended,option1,US,imports,2024-Q4,11803.0
services,extended,option1,US,imports,2025-Q1,11486.0
services,extended,option1,US,imports,2025-Q2,11771.0
services,extended,option1,US,imports,2025-Q3,10620.0
services,extended,option1,US,imports,2025-Q4,11976.0
services,extended,option1,US,imports,2026-Q1,11140.0
services,extended,option1,East Asia,imports,2016-Q1,1308.0
services,extended,option1,East Asia,imports,2016-Q2,1185.0
services,extended,option1,East Asia,imports,2016-Q3,1510.0
services,extended,option1,East Asia,imports,2016-Q4,1426.0
services,extended,option1,East Asia,imports,2017-Q1,1358.0
services,extended,option1,East Asia,imports,2017-Q2,1340.0
services,extended,option1,East Asia,imports,2017-Q3,1558.0
services,extended,option1,East Asia,imports,2017-Q4,1487.0
services,extended,option1,East Asia,imports,2018-Q1,1571.0
services,extended,option1,East Asia,imports,2018-Q2,1126.0
services,extended,option1,East Asia,imports,2018-Q3,1470.0
services,extended,option1,East Asia,imports,2018-Q4,1578.0
services,extended,option1,East Asia,imports,2019-Q1,1786.0
services,extended,option1,East Asia,imports,2019-Q2,1951.0
services,extended,option1,East Asia,imports,2019-Q3,1792.0
services,extended,option1,East Asia,imports,2019-Q4,1860.0
services,extended,option1,East Asia,imports,2020-Q1,1766.0
services,extended,option1,East Asia,imports,2020-Q2,2151.0
services,extended,option1,East Asia,imports,2020-Q3,1756.0
services,extended,option1,East Asia,imports,2020-Q4,2245.0
services,extended,option1,East Asia,imports,2021-Q1,1445.0
services,extended,option1,East Asia,imports,2021-Q2,1486.0
services,extended,option1,East Asia,imports,2021-Q3,2263.0
services,extended,option1,East Asia,imports,2021-Q4,2430.0
services,extended,option1,East Asia,imports,2022-Q1,2163.0
services,extended,option1,East Asia,imports,2022-Q2,2837.0
services,extended,option1,East Asia,imports,2022-Q3,2440.0
services,extended,option1,East Asia,imports,2022-Q4,2789.0
services,extended,option1,East Asia,imports,2023-Q1,2747.0
services,extended,option1,East Asia,imports,2023-Q2,3010.0
services,extended,option1,East Asia,imports,2023-Q3,2662.0
services,extended,option1,East Asia,imports,2023-Q4,2641.0
services,extended,option1,East Asia,imports,2024-Q1,2777.0
services,extended,option1,East Asia,imports,2024-Q2,3184.0
services,extended,option1,East Asia,imports,2024-Q3,2988.0
services,extended,option1,East Asia,imports,2024-Q4,3137.0
services,extended,option1,East Asia,imports,2025-Q1,3262.0
services,extended,option1,East Asia,imports,2025-Q2,3349.0
services,extended,option1,East Asia,imports,2025-Q3,3208.0
services,extended,option1,East Asia,imports,2025-Q4,3377.0
services,extended,option1,East Asia,imports,2026-Q1,3135.0
services,extended,option1,Rest of world,imports,2016-Q1,4336.0
services,extended,option1,Rest of world,imports,2016-Q2,4185.0
services,extended,option1,Rest of world,imports,2016-Q3,4764.0
services,extended,option1,Rest of world,imports,2016-Q4,5156.0
services,extended,option1,Rest of world,imports,2017-Q1,4966.0
services,extended,option1,Rest of world,imports,2017-Q2,4718.0
services,extended,option1,Rest of world,imports,2017-Q3,5252.0
services,extended,option1,Rest of world,imports,2017-Q4,5358.0
services,extended,option1,Rest of world,imports,2018-Q1,9361.0
services,extended,option1,Rest of world,imports,2018-Q2,9681.0
services,extended,option1,Rest of world,imports,2018-Q3,5309.0
services,extended,option1,Rest of world,imports,2018-Q4,6443.0
services,extended,option1,Rest of world,imports,2019-Q1,5400.0
services,extended,option1,Rest of world,imports,2019-Q2,5898.0
services,extended,option1,Rest of world,imports,2019-Q3,6386.0
services,extended,option1,Rest of world,imports,2019-Q4,6538.0
services,extended,option1,Rest of world,imports,2020-Q1,6429.0
services,extended,option1,Rest of world,imports,2020-Q2,6666.0
services,extended,option1,Rest of world,imports,2020-Q3,6422.0
services,extended,option1,Rest of world,imports,2020-Q4,6423.0
services,extended,option1,Rest of world,imports,2021-Q1,6643.0
services,extended,option1,Rest of world,imports,2021-Q2,6738.0
services,extended,option1,Rest of world,imports,2021-Q3,6514.0
services,extended,option1,Rest of world,imports,2021-Q4,7341.0
services,extended,option1,Rest of world,imports,2022-Q1,6687.0
services,extended,option1,Rest of world,imports,2022-Q2,8708.0
services,extended,option1,Rest of world,imports,2022-Q3,8389.0
services,extended,option1,Rest of world,imports,2022-Q4,11266.0
services,extended,option1,Rest of world,imports,2023-Q1,8928.0
services,extended,option1,Rest of world,imports,2023-Q2,9891.0
services,extended,option1,Rest of world,imports,2023-Q3,9741.0
services,extended,option1,Rest of world,imports,2023-Q4,10082.0
services,extended,option1,Rest of world,imports,2024-Q1,10512.0
services,extended,option1,Rest of world,imports,2024-Q2,10275.0
services,extended,option1,Rest of world,imports,2024-Q3,10233.0
services,extended,option1,Rest of world,imports,2024-Q4,11490.0
services,extended,option1,Rest of world,imports,2025-Q1,11258.0
services,extended,option1,Rest of world,imports,2025-Q2,10990.0
services,extended,option1,Rest of world,imports,2025-Q3,10597.0
services,extended,option1,Rest of world,imports,2025-Q4,11376.0
services,extended,option1,Rest of world,imports,2026-Q1,11672.0
services,extended,option2,China incl. Hong Kong,imports,2016-Q1,562.0
services,extended,option2,China incl. Hong Kong,imports,2016-Q2,492.0
services,extended,option2,China incl. Hong Kong,imports,2016-Q3,619.0
services,extended,option2,China incl. Hong Kong,imports,2016-Q4,626.0
services,extended,option2,China incl. Hong Kong,imports,2017-Q1,530.0
services,extended,option2,China incl. Hong Kong,imports,2017-Q2,534.0
services,extended,option2,China incl. Hong Kong,imports,2017-Q3,601.0
services,extended,option2,China incl. Hong Kong,imports,2017-Q4,547.0
services,extended,option2,China incl. Hong Kong,imports,2018-Q1,687.0
services,extended,option2,China incl. Hong Kong,imports,2018-Q2,242.0
services,extended,option2,China incl. Hong Kong,imports,2018-Q3,404.0
services,extended,option2,China incl. Hong Kong,imports,2018-Q4,428.0
services,extended,option2,China incl. Hong Kong,imports,2019-Q1,668.0
services,extended,option2,China incl. Hong Kong,imports,2019-Q2,703.0
services,extended,option2,China incl. Hong Kong,imports,2019-Q3,725.0
services,extended,option2,China incl. Hong Kong,imports,2019-Q4,724.0
services,extended,option2,China incl. Hong Kong,imports,2020-Q1,521.0
services,extended,option2,China incl. Hong Kong,imports,2020-Q2,593.0
services,extended,option2,China incl. Hong Kong,imports,2020-Q3,692.0
services,extended,option2,China incl. Hong Kong,imports,2020-Q4,928.0
services,extended,option2,China incl. Hong Kong,imports,2021-Q1,967.0
services,extended,option2,China incl. Hong Kong,imports,2021-Q2,952.0
services,extended,option2,China incl. Hong Kong,imports,2021-Q3,1019.0
services,extended,option2,China incl. Hong Kong,imports,2021-Q4,998.0
services,extended,option2,China incl. Hong Kong,imports,2022-Q1,957.0
services,extended,option2,China incl. Hong Kong,imports,2022-Q2,1049.0
services,extended,option2,China incl. Hong Kong,imports,2022-Q3,1198.0
services,extended,option2,China incl. Hong Kong,imports,2022-Q4,1360.0
services,extended,option2,China incl. Hong Kong,imports,2023-Q1,1212.0
services,extended,option2,China incl. Hong Kong,imports,2023-Q2,1126.0
services,extended,option2,China incl. Hong Kong,imports,2023-Q3,1108.0
services,extended,option2,China incl. Hong Kong,imports,2023-Q4,1060.0
services,extended,option2,China incl. Hong Kong,imports,2024-Q1,983.0
services,extended,option2,China incl. Hong Kong,imports,2024-Q2,1071.0
services,extended,option2,China incl. Hong Kong,imports,2024-Q3,1156.0
services,extended,option2,China incl. Hong Kong,imports,2024-Q4,1192.0
services,extended,option2,China incl. Hong Kong,imports,2025-Q1,1153.0
services,extended,option2,China incl. Hong Kong,imports,2025-Q2,1178.0
services,extended,option2,China incl. Hong Kong,imports,2025-Q3,1233.0
services,extended,option2,China incl. Hong Kong,imports,2025-Q4,1308.0
services,extended,option2,China incl. Hong Kong,imports,2026-Q1,1306.0
services,extended,option2,Japan,imports,2016-Q1,664.0
services,extended,option2,Japan,imports,2016-Q2,628.0
services,extended,option2,Japan,imports,2016-Q3,728.0
services,extended,option2,Japan,imports,2016-Q4,710.0
services,extended,option2,Japan,imports,2017-Q1,826.0
services,extended,option2,Japan,imports,2017-Q2,727.0
services,extended,option2,Japan,imports,2017-Q3,812.0
services,extended,option2,Japan,imports,2017-Q4,789.0
services,extended,option2,Japan,imports,2018-Q1,808.0
services,extended,option2,Japan,imports,2018-Q2,747.0
services,extended,option2,Japan,imports,2018-Q3,920.0
services,extended,option2,Japan,imports,2018-Q4,983.0
services,extended,option2,Japan,imports,2019-Q1,1003.0
services,extended,option2,Japan,imports,2019-Q2,1091.0
services,extended,option2,Japan,imports,2019-Q3,919.0
services,extended,option2,Japan,imports,2019-Q4,952.0
services,extended,option2,Japan,imports,2020-Q1,1038.0
services,extended,option2,Japan,imports,2020-Q2,1327.0
services,extended,option2,Japan,imports,2020-Q3,842.0
services,extended,option2,Japan,imports,2020-Q4,1019.0
services,extended,option2,Japan,imports,2021-Q1,291.0
services,extended,option2,Japan,imports,2021-Q2,324.0
services,extended,option2,Japan,imports,2021-Q3,1006.0
services,extended,option2,Japan,imports,2021-Q4,1181.0
services,extended,option2,Japan,imports,2022-Q1,999.0
services,extended,option2,Japan,imports,2022-Q2,1592.0
services,extended,option2,Japan,imports,2022-Q3,993.0
services,extended,option2,Japan,imports,2022-Q4,1143.0
services,extended,option2,Japan,imports,2023-Q1,1272.0
services,extended,option2,Japan,imports,2023-Q2,1590.0
services,extended,option2,Japan,imports,2023-Q3,1310.0
services,extended,option2,Japan,imports,2023-Q4,1322.0
services,extended,option2,Japan,imports,2024-Q1,1517.0
services,extended,option2,Japan,imports,2024-Q2,1817.0
services,extended,option2,Japan,imports,2024-Q3,1523.0
services,extended,option2,Japan,imports,2024-Q4,1631.0
services,extended,option2,Japan,imports,2025-Q1,1717.0
services,extended,option2,Japan,imports,2025-Q2,1829.0
services,extended,option2,Japan,imports,2025-Q3,1668.0
services,extended,option2,Japan,imports,2025-Q4,1779.0
services,extended,option2,Japan,imports,2026-Q1,1537.0
services,extended,option2,South Korea,imports,2016-Q1,19.0
services,extended,option2,South Korea,imports,2016-Q2,18.0
services,extended,option2,South Korea,imports,2016-Q3,92.0
services,extended,option2,South Korea,imports,2016-Q4,24.0
services,extended,option2,South Korea,imports,2017-Q1,0.0
services,extended,option2,South Korea,imports,2017-Q2,0.0
services,extended,option2,South Korea,imports,2017-Q3,80.0
services,extended,option2,South Korea,imports,2017-Q4,95.0
services,extended,option2,South Korea,imports,2018-Q1,76.0
services,extended,option2,South Korea,imports,2018-Q2,78.0
services,extended,option2,South Korea,imports,2018-Q3,80.0
services,extended,option2,South Korea,imports,2018-Q4,105.0
services,extended,option2,South Korea,imports,2019-Q1,58.0
services,extended,option2,South Korea,imports,2019-Q2,93.0
services,extended,option2,South Korea,imports,2019-Q3,82.0
services,extended,option2,South Korea,imports,2019-Q4,108.0
services,extended,option2,South Korea,imports,2020-Q1,122.0
services,extended,option2,South Korea,imports,2020-Q2,134.0
services,extended,option2,South Korea,imports,2020-Q3,125.0
services,extended,option2,South Korea,imports,2020-Q4,168.0
services,extended,option2,South Korea,imports,2021-Q1,122.0
services,extended,option2,South Korea,imports,2021-Q2,133.0
services,extended,option2,South Korea,imports,2021-Q3,125.0
services,extended,option2,South Korea,imports,2021-Q4,134.0
services,extended,option2,South Korea,imports,2022-Q1,87.0
services,extended,option2,South Korea,imports,2022-Q2,79.0
services,extended,option2,South Korea,imports,2022-Q3,145.0
services,extended,option2,South Korea,imports,2022-Q4,163.0
services,extended,option2,South Korea,imports,2023-Q1,133.0
services,extended,option2,South Korea,imports,2023-Q2,139.0
services,extended,option2,South Korea,imports,2023-Q3,123.0
services,extended,option2,South Korea,imports,2023-Q4,146.0
services,extended,option2,South Korea,imports,2024-Q1,138.0
services,extended,option2,South Korea,imports,2024-Q2,135.0
services,extended,option2,South Korea,imports,2024-Q3,143.0
services,extended,option2,South Korea,imports,2024-Q4,150.0
services,extended,option2,South Korea,imports,2025-Q1,177.0
services,extended,option2,South Korea,imports,2025-Q2,159.0
services,extended,option2,South Korea,imports,2025-Q3,173.0
services,extended,option2,South Korea,imports,2025-Q4,183.0
services,extended,option2,South Korea,imports,2026-Q1,178.0
services,extended,option2,Taiwan,imports,2016-Q1,63.0
services,extended,option2,Taiwan,imports,2016-Q2,47.0
services,extended,option2,Taiwan,imports,2016-Q3,71.0
services,extended,option2,Taiwan,imports,2016-Q4,66.0
services,extended,option2,Taiwan,imports,2017-Q1,2.0
services,extended,option2,Taiwan,imports,2017-Q2,79.0
services,extended,option2,Taiwan,imports,2017-Q3,65.0
services,extended,option2,Taiwan,imports,2017-Q4,56.0
services,extended,option2,Taiwan,imports,2018-Q1,0.0
services,extended,option2,Taiwan,imports,2018-Q2,59.0
services,extended,option2,Taiwan,imports,2018-Q3,66.0
services,extended,option2,Taiwan,imports,2018-Q4,62.0
services,extended,option2,Taiwan,imports,2019-Q1,57.0
services,extended,option2,Taiwan,imports,2019-Q2,64.0
services,extended,option2,Taiwan,imports,2019-Q3,66.0
services,extended,option2,Taiwan,imports,2019-Q4,76.0
services,extended,option2,Taiwan,imports,2020-Q1,85.0
services,extended,option2,Taiwan,imports,2020-Q2,97.0
services,extended,option2,Taiwan,imports,2020-Q3,97.0
services,extended,option2,Taiwan,imports,2020-Q4,130.0
services,extended,option2,Taiwan,imports,2021-Q1,65.0
services,extended,option2,Taiwan,imports,2021-Q2,77.0
services,extended,option2,Taiwan,imports,2021-Q3,113.0
services,extended,option2,Taiwan,imports,2021-Q4,117.0
services,extended,option2,Taiwan,imports,2022-Q1,120.0
services,extended,option2,Taiwan,imports,2022-Q2,117.0
services,extended,option2,Taiwan,imports,2022-Q3,104.0
services,extended,option2,Taiwan,imports,2022-Q4,123.0
services,extended,option2,Taiwan,imports,2023-Q1,130.0
services,extended,option2,Taiwan,imports,2023-Q2,155.0
services,extended,option2,Taiwan,imports,2023-Q3,121.0
services,extended,option2,Taiwan,imports,2023-Q4,113.0
services,extended,option2,Taiwan,imports,2024-Q1,139.0
services,extended,option2,Taiwan,imports,2024-Q2,161.0
services,extended,option2,Taiwan,imports,2024-Q3,166.0
services,extended,option2,Taiwan,imports,2024-Q4,164.0
services,extended,option2,Taiwan,imports,2025-Q1,215.0
services,extended,option2,Taiwan,imports,2025-Q2,183.0
services,extended,option2,Taiwan,imports,2025-Q3,134.0
services,extended,option2,Taiwan,imports,2025-Q4,107.0
services,extended,option2,Taiwan,imports,2026-Q1,114.0
services,full,option1,EU,exports,2016-Q1,10887.0
services,full,option1,EU,exports,2016-Q2,11668.0
services,full,option1,EU,exports,2016-Q3,10868.0
services,full,option1,EU,exports,2016-Q4,13530.0
services,full,option1,EU,exports,2017-Q1,12439.0
services,full,option1,EU,exports,2017-Q2,13203.0
services,full,option1,EU,exports,2017-Q3,13961.0
services,full,option1,EU,exports,2017-Q4,15320.0
services,full,option1,EU,exports,2018-Q1,14154.0
services,full,option1,EU,exports,2018-Q2,14853.0
services,full,option1,EU,exports,2018-Q3,14480.0
services,full,option1,EU,exports,2018-Q4,17826.0
services,full,option1,EU,exports,2019-Q1,13427.0
services,full,option1,EU,exports,2019-Q2,15284.0
services,full,option1,EU,exports,2019-Q3,16146.0
services,full,option1,EU,exports,2019-Q4,17457.0
services,full,option1,EU,exports,2020-Q1,14759.0
services,full,option1,EU,exports,2020-Q2,15638.0
services,full,option1,EU,exports,2020-Q3,15476.0
services,full,option1,EU,exports,2020-Q4,18908.0
services,full,option1,EU,exports,2021-Q1,16874.0
services,full,option1,EU,exports,2021-Q2,17582.0
services,full,option1,EU,exports,2021-Q3,17348.0
services,full,option1,EU,exports,2021-Q4,20924.0
services,full,option1,EU,exports,2022-Q1,17343.0
services,full,option1,EU,exports,2022-Q2,20320.0
services,full,option1,EU,exports,2022-Q3,22658.0
services,full,option1,EU,exports,2022-Q4,25255.0
services,full,option1,EU,exports,2023-Q1,23829.0
services,full,option1,EU,exports,2023-Q2,23373.0
services,full,option1,EU,exports,2023-Q3,22635.0
services,full,option1,EU,exports,2023-Q4,24911.0
services,full,option1,EU,exports,2024-Q1,24669.0
services,full,option1,EU,exports,2024-Q2,27582.0
services,full,option1,EU,exports,2024-Q3,26467.0
services,full,option1,EU,exports,2024-Q4,31828.0
services,full,option1,EU,exports,2025-Q1,28845.0
services,full,option1,EU,exports,2025-Q2,30648.0
services,full,option1,EU,exports,2025-Q3,30439.0
services,full,option1,EU,exports,2025-Q4,33368.0
services,full,option1,EU,exports,2026-Q1,29456.0
services,full,option1,US,exports,2016-Q1,7087.0
services,full,option1,US,exports,2016-Q2,7800.0
services,full,option1,US,exports,2016-Q3,7177.0
services,full,option1,US,exports,2016-Q4,9169.0
services,full,option1,US,exports,2017-Q1,8566.0
services,full,option1,US,exports,2017-Q2,8933.0
services,full,option1,US,exports,2017-Q3,9445.0
services,full,option1,US,exports,2017-Q4,10093.0
services,full,option1,US,exports,2018-Q1,8910.0
services,full,option1,US,exports,2018-Q2,8632.0
services,full,option1,US,exports,2018-Q3,9693.0
services,full,option1,US,exports,2018-Q4,12473.0
services,full,option1,US,exports,2019-Q1,10145.0
services,full,option1,US,exports,2019-Q2,11804.0
services,full,option1,US,exports,2019-Q3,12220.0
services,full,option1,US,exports,2019-Q4,12778.0
services,full,option1,US,exports,2020-Q1,10239.0
services,full,option1,US,exports,2020-Q2,11862.0
services,full,option1,US,exports,2020-Q3,11997.0
services,full,option1,US,exports,2020-Q4,12755.0
services,full,option1,US,exports,2021-Q1,12067.0
services,full,option1,US,exports,2021-Q2,13069.0
services,full,option1,US,exports,2021-Q3,12989.0
services,full,option1,US,exports,2021-Q4,16591.0
services,full,option1,US,exports,2022-Q1,14584.0
services,full,option1,US,exports,2022-Q2,17099.0
services,full,option1,US,exports,2022-Q3,18470.0
services,full,option1,US,exports,2022-Q4,20578.0
services,full,option1,US,exports,2023-Q1,14977.0
services,full,option1,US,exports,2023-Q2,16778.0
services,full,option1,US,exports,2023-Q3,18038.0
services,full,option1,US,exports,2023-Q4,16586.0
services,full,option1,US,exports,2024-Q1,18252.0
services,full,option1,US,exports,2024-Q2,20259.0
services,full,option1,US,exports,2024-Q3,19336.0
services,full,option1,US,exports,2024-Q4,22761.0
services,full,option1,US,exports,2025-Q1,19716.0
services,full,option1,US,exports,2025-Q2,20715.0
services,full,option1,US,exports,2025-Q3,20375.0
services,full,option1,US,exports,2025-Q4,23774.0
services,full,option1,US,exports,2026-Q1,20723.0
services,full,option1,East Asia,exports,2016-Q1,1422.0
services,full,option1,East Asia,exports,2016-Q2,1005.0
services,full,option1,East Asia,exports,2016-Q3,1550.0
services,full,option1,East Asia,exports,2016-Q4,1880.0
services,full,option1,East Asia,exports,2017-Q1,1559.0
services,full,option1,East Asia,exports,2017-Q2,2162.0
services,full,option1,East Asia,exports,2017-Q3,1851.0
services,full,option1,East Asia,exports,2017-Q4,1780.0
services,full,option1,East Asia,exports,2018-Q1,1747.0
services,full,option1,East Asia,exports,2018-Q2,1830.0
services,full,option1,East Asia,exports,2018-Q3,1953.0
services,full,option1,East Asia,exports,2018-Q4,2675.0
services,full,option1,East Asia,exports,2019-Q1,2061.0
services,full,option1,East Asia,exports,2019-Q2,2282.0
services,full,option1,East Asia,exports,2019-Q3,2518.0
services,full,option1,East Asia,exports,2019-Q4,2532.0
services,full,option1,East Asia,exports,2020-Q1,2684.0
services,full,option1,East Asia,exports,2020-Q2,2286.0
services,full,option1,East Asia,exports,2020-Q3,2345.0
services,full,option1,East Asia,exports,2020-Q4,2601.0
services,full,option1,East Asia,exports,2021-Q1,2284.0
services,full,option1,East Asia,exports,2021-Q2,2899.0
services,full,option1,East Asia,exports,2021-Q3,2577.0
services,full,option1,East Asia,exports,2021-Q4,2654.0
services,full,option1,East Asia,exports,2022-Q1,1933.0
services,full,option1,East Asia,exports,2022-Q2,2824.0
services,full,option1,East Asia,exports,2022-Q3,2355.0
services,full,option1,East Asia,exports,2022-Q4,3217.0
services,full,option1,East Asia,exports,2023-Q1,3073.0
services,full,option1,East Asia,exports,2023-Q2,2842.0
services,full,option1,East Asia,exports,2023-Q3,2587.0
services,full,option1,East Asia,exports,2023-Q4,2884.0
services,full,option1,East Asia,exports,2024-Q1,3025.0
services,full,option1,East Asia,exports,2024-Q2,3434.0
services,full,option1,East Asia,exports,2024-Q3,3242.0
services,full,option1,East Asia,exports,2024-Q4,3851.0
services,full,option1,East Asia,exports,2025-Q1,2985.0
services,full,option1,East Asia,exports,2025-Q2,3086.0
services,full,option1,East Asia,exports,2025-Q3,2996.0
services,full,option1,East Asia,exports,2025-Q4,3217.0
services,full,option1,East Asia,exports,2026-Q1,3715.0
services,full,option1,Rest of world,exports,2016-Q1,9636.0
services,full,option1,Rest of world,exports,2016-Q2,10702.0
services,full,option1,Rest of world,exports,2016-Q3,9637.0
services,full,option1,Rest of world,exports,2016-Q4,11901.0
services,full,option1,Rest of world,exports,2017-Q1,10623.0
services,full,option1,Rest of world,exports,2017-Q2,10831.0
services,full,option1,Rest of world,exports,2017-Q3,10487.0
services,full,option1,Rest of world,exports,2017-Q4,11465.0
services,full,option1,Rest of world,exports,2018-Q1,10896.0
services,full,option1,Rest of world,exports,2018-Q2,12417.0
services,full,option1,Rest of world,exports,2018-Q3,13107.0
services,full,option1,Rest of world,exports,2018-Q4,13279.0
services,full,option1,Rest of world,exports,2019-Q1,11341.0
services,full,option1,Rest of world,exports,2019-Q2,13232.0
services,full,option1,Rest of world,exports,2019-Q3,13105.0
services,full,option1,Rest of world,exports,2019-Q4,13436.0
services,full,option1,Rest of world,exports,2020-Q1,13822.0
services,full,option1,Rest of world,exports,2020-Q2,11658.0
services,full,option1,Rest of world,exports,2020-Q3,11770.0
services,full,option1,Rest of world,exports,2020-Q4,13824.0
services,full,option1,Rest of world,exports,2021-Q1,11453.0
services,full,option1,Rest of world,exports,2021-Q2,11773.0
services,full,option1,Rest of world,exports,2021-Q3,11700.0
services,full,option1,Rest of world,exports,2021-Q4,13322.0
services,full,option1,Rest of world,exports,2022-Q1,12621.0
services,full,option1,Rest of world,exports,2022-Q2,13125.0
services,full,option1,Rest of world,exports,2022-Q3,14664.0
services,full,option1,Rest of world,exports,2022-Q4,17334.0
services,full,option1,Rest of world,exports,2023-Q1,17407.0
services,full,option1,Rest of world,exports,2023-Q2,16463.0
services,full,option1,Rest of world,exports,2023-Q3,15763.0
services,full,option1,Rest of world,exports,2023-Q4,19509.0
services,full,option1,Rest of world,exports,2024-Q1,15487.0
services,full,option1,Rest of world,exports,2024-Q2,17115.0
services,full,option1,Rest of world,exports,2024-Q3,17167.0
services,full,option1,Rest of world,exports,2024-Q4,20019.0
services,full,option1,Rest of world,exports,2025-Q1,17414.0
services,full,option1,Rest of world,exports,2025-Q2,18353.0
services,full,option1,Rest of world,exports,2025-Q3,17372.0
services,full,option1,Rest of world,exports,2025-Q4,20353.0
services,full,option1,Rest of world,exports,2026-Q1,18802.0
services,full,option2,China incl. Hong Kong,exports,2016-Q1,625.0
services,full,option2,China incl. Hong Kong,exports,2016-Q2,698.0
services,full,option2,China incl. Hong Kong,exports,2016-Q3,738.0
services,full,option2,China incl. Hong Kong,exports,2016-Q4,881.0
services,full,option2,China incl. Hong Kong,exports,2017-Q1,731.0
services,full,option2,China incl. Hong Kong,exports,2017-Q2,1343.0
services,full,option2,China incl. Hong Kong,exports,2017-Q3,978.0
services,full,option2,China incl. Hong Kong,exports,2017-Q4,893.0
services,full,option2,China incl. Hong Kong,exports,2018-Q1,909.0
services,full,option2,China incl. Hong Kong,exports,2018-Q2,950.0
services,full,option2,China incl. Hong Kong,exports,2018-Q3,1117.0
services,full,option2,China incl. Hong Kong,exports,2018-Q4,1407.0
services,full,option2,China incl. Hong Kong,exports,2019-Q1,1045.0
services,full,option2,China incl. Hong Kong,exports,2019-Q2,1230.0
services,full,option2,China incl. Hong Kong,exports,2019-Q3,1280.0
services,full,option2,China incl. Hong Kong,exports,2019-Q4,1376.0
services,full,option2,China incl. Hong Kong,exports,2020-Q1,1498.0
services,full,option2,China incl. Hong Kong,exports,2020-Q2,1244.0
services,full,option2,China incl. Hong Kong,exports,2020-Q3,1289.0
services,full,option2,China incl. Hong Kong,exports,2020-Q4,1446.0
services,full,option2,China incl. Hong Kong,exports,2021-Q1,1146.0
services,full,option2,China incl. Hong Kong,exports,2021-Q2,1261.0
services,full,option2,China incl. Hong Kong,exports,2021-Q3,1284.0
services,full,option2,China incl. Hong Kong,exports,2021-Q4,1426.0
services,full,option2,China incl. Hong Kong,exports,2022-Q1,1205.0
services,full,option2,China incl. Hong Kong,exports,2022-Q2,1415.0
services,full,option2,China incl. Hong Kong,exports,2022-Q3,1363.0
services,full,option2,China incl. Hong Kong,exports,2022-Q4,1755.0
services,full,option2,China incl. Hong Kong,exports,2023-Q1,1410.0
services,full,option2,China incl. Hong Kong,exports,2023-Q2,1269.0
services,full,option2,China incl. Hong Kong,exports,2023-Q3,1217.0
services,full,option2,China incl. Hong Kong,exports,2023-Q4,1375.0
services,full,option2,China incl. Hong Kong,exports,2024-Q1,1238.0
services,full,option2,China incl. Hong Kong,exports,2024-Q2,1405.0
services,full,option2,China incl. Hong Kong,exports,2024-Q3,1480.0
services,full,option2,China incl. Hong Kong,exports,2024-Q4,1694.0
services,full,option2,China incl. Hong Kong,exports,2025-Q1,1376.0
services,full,option2,China incl. Hong Kong,exports,2025-Q2,1570.0
services,full,option2,China incl. Hong Kong,exports,2025-Q3,1534.0
services,full,option2,China incl. Hong Kong,exports,2025-Q4,1668.0
services,full,option2,China incl. Hong Kong,exports,2026-Q1,1906.0
services,full,option2,Japan,exports,2016-Q1,463.0
services,full,option2,Japan,exports,2016-Q2,118.0
services,full,option2,Japan,exports,2016-Q3,555.0
services,full,option2,Japan,exports,2016-Q4,675.0
services,full,option2,Japan,exports,2017-Q1,517.0
services,full,option2,Japan,exports,2017-Q2,532.0
services,full,option2,Japan,exports,2017-Q3,550.0
services,full,option2,Japan,exports,2017-Q4,477.0
services,full,option2,Japan,exports,2018-Q1,583.0
services,full,option2,Japan,exports,2018-Q2,558.0
services,full,option2,Japan,exports,2018-Q3,631.0
services,full,option2,Japan,exports,2018-Q4,647.0
services,full,option2,Japan,exports,2019-Q1,636.0
services,full,option2,Japan,exports,2019-Q2,597.0
services,full,option2,Japan,exports,2019-Q3,751.0
services,full,option2,Japan,exports,2019-Q4,653.0
services,full,option2,Japan,exports,2020-Q1,717.0
services,full,option2,Japan,exports,2020-Q2,612.0
services,full,option2,Japan,exports,2020-Q3,660.0
services,full,option2,Japan,exports,2020-Q4,709.0
services,full,option2,Japan,exports,2021-Q1,690.0
services,full,option2,Japan,exports,2021-Q2,708.0
services,full,option2,Japan,exports,2021-Q3,821.0
services,full,option2,Japan,exports,2021-Q4,727.0
services,full,option2,Japan,exports,2022-Q1,153.0
services,full,option2,Japan,exports,2022-Q2,825.0
services,full,option2,Japan,exports,2022-Q3,313.0
services,full,option2,Japan,exports,2022-Q4,785.0
services,full,option2,Japan,exports,2023-Q1,1046.0
services,full,option2,Japan,exports,2023-Q2,1014.0
services,full,option2,Japan,exports,2023-Q3,914.0
services,full,option2,Japan,exports,2023-Q4,1029.0
services,full,option2,Japan,exports,2024-Q1,1177.0
services,full,option2,Japan,exports,2024-Q2,1229.0
services,full,option2,Japan,exports,2024-Q3,1001.0
services,full,option2,Japan,exports,2024-Q4,1221.0
services,full,option2,Japan,exports,2025-Q1,1072.0
services,full,option2,Japan,exports,2025-Q2,1136.0
services,full,option2,Japan,exports,2025-Q3,1041.0
services,full,option2,Japan,exports,2025-Q4,1128.0
services,full,option2,Japan,exports,2026-Q1,1154.0
services,full,option2,South Korea,exports,2016-Q1,226.0
services,full,option2,South Korea,exports,2016-Q2,161.0
services,full,option2,South Korea,exports,2016-Q3,149.0
services,full,option2,South Korea,exports,2016-Q4,181.0
services,full,option2,South Korea,exports,2017-Q1,202.0
services,full,option2,South Korea,exports,2017-Q2,201.0
services,full,option2,South Korea,exports,2017-Q3,189.0
services,full,option2,South Korea,exports,2017-Q4,298.0
services,full,option2,South Korea,exports,2018-Q1,38.0
services,full,option2,South Korea,exports,2018-Q2,258.0
services,full,option2,South Korea,exports,2018-Q3,48.0
services,full,option2,South Korea,exports,2018-Q4,404.0
services,full,option2,South Korea,exports,2019-Q1,235.0
services,full,option2,South Korea,exports,2019-Q2,278.0
services,full,option2,South Korea,exports,2019-Q3,332.0
services,full,option2,South Korea,exports,2019-Q4,342.0
services,full,option2,South Korea,exports,2020-Q1,290.0
services,full,option2,South Korea,exports,2020-Q2,266.0
services,full,option2,South Korea,exports,2020-Q3,229.0
services,full,option2,South Korea,exports,2020-Q4,279.0
services,full,option2,South Korea,exports,2021-Q1,242.0
services,full,option2,South Korea,exports,2021-Q2,236.0
services,full,option2,South Korea,exports,2021-Q3,229.0
services,full,option2,South Korea,exports,2021-Q4,254.0
services,full,option2,South Korea,exports,2022-Q1,270.0
services,full,option2,South Korea,exports,2022-Q2,368.0
services,full,option2,South Korea,exports,2022-Q3,433.0
services,full,option2,South Korea,exports,2022-Q4,428.0
services,full,option2,South Korea,exports,2023-Q1,407.0
services,full,option2,South Korea,exports,2023-Q2,333.0
services,full,option2,South Korea,exports,2023-Q3,307.0
services,full,option2,South Korea,exports,2023-Q4,359.0
services,full,option2,South Korea,exports,2024-Q1,520.0
services,full,option2,South Korea,exports,2024-Q2,454.0
services,full,option2,South Korea,exports,2024-Q3,415.0
services,full,option2,South Korea,exports,2024-Q4,495.0
services,full,option2,South Korea,exports,2025-Q1,336.0
services,full,option2,South Korea,exports,2025-Q2,239.0
services,full,option2,South Korea,exports,2025-Q3,301.0
services,full,option2,South Korea,exports,2025-Q4,305.0
services,full,option2,South Korea,exports,2026-Q1,415.0
services,full,option2,Taiwan,exports,2016-Q1,108.0
services,full,option2,Taiwan,exports,2016-Q2,28.0
services,full,option2,Taiwan,exports,2016-Q3,108.0
services,full,option2,Taiwan,exports,2016-Q4,143.0
services,full,option2,Taiwan,exports,2017-Q1,109.0
services,full,option2,Taiwan,exports,2017-Q2,86.0
services,full,option2,Taiwan,exports,2017-Q3,134.0
services,full,option2,Taiwan,exports,2017-Q4,112.0
services,full,option2,Taiwan,exports,2018-Q1,217.0
services,full,option2,Taiwan,exports,2018-Q2,64.0
services,full,option2,Taiwan,exports,2018-Q3,157.0
services,full,option2,Taiwan,exports,2018-Q4,217.0
services,full,option2,Taiwan,exports,2019-Q1,145.0
services,full,option2,Taiwan,exports,2019-Q2,177.0
services,full,option2,Taiwan,exports,2019-Q3,155.0
services,full,option2,Taiwan,exports,2019-Q4,161.0
services,full,option2,Taiwan,exports,2020-Q1,179.0
services,full,option2,Taiwan,exports,2020-Q2,164.0
services,full,option2,Taiwan,exports,2020-Q3,167.0
services,full,option2,Taiwan,exports,2020-Q4,167.0
services,full,option2,Taiwan,exports,2021-Q1,206.0
services,full,option2,Taiwan,exports,2021-Q2,694.0
services,full,option2,Taiwan,exports,2021-Q3,243.0
services,full,option2,Taiwan,exports,2021-Q4,247.0
services,full,option2,Taiwan,exports,2022-Q1,305.0
services,full,option2,Taiwan,exports,2022-Q2,216.0
services,full,option2,Taiwan,exports,2022-Q3,246.0
services,full,option2,Taiwan,exports,2022-Q4,249.0
services,full,option2,Taiwan,exports,2023-Q1,210.0
services,full,option2,Taiwan,exports,2023-Q2,226.0
services,full,option2,Taiwan,exports,2023-Q3,149.0
services,full,option2,Taiwan,exports,2023-Q4,121.0
services,full,option2,Taiwan,exports,2024-Q1,90.0
services,full,option2,Taiwan,exports,2024-Q2,346.0
services,full,option2,Taiwan,exports,2024-Q3,346.0
services,full,option2,Taiwan,exports,2024-Q4,441.0
services,full,option2,Taiwan,exports,2025-Q1,201.0
services,full,option2,Taiwan,exports,2025-Q2,141.0
services,full,option2,Taiwan,exports,2025-Q3,120.0
services,full,option2,Taiwan,exports,2025-Q4,116.0
services,full,option2,Taiwan,exports,2026-Q1,240.0
services,full,option1,EU,imports,2016-Q1,6606.0
services,full,option1,EU,imports,2016-Q2,6486.0
services,full,option1,EU,imports,2016-Q3,7443.0
services,full,option1,EU,imports,2016-Q4,7940.0
services,full,option1,EU,imports,2017-Q1,7530.0
services,full,option1,EU,imports,2017-Q2,8256.0
services,full,option1,EU,imports,2017-Q3,8337.0
services,full,option1,EU,imports,2017-Q4,8372.0
services,full,option1,EU,imports,2018-Q1,9433.0
services,full,option1,EU,imports,2018-Q2,10871.0
services,full,option1,EU,imports,2018-Q3,10190.0
services,full,option1,EU,imports,2018-Q4,11883.0
services,full,option1,EU,imports,2019-Q1,9620.0
services,full,option1,EU,imports,2019-Q2,10824.0
services,full,option1,EU,imports,2019-Q3,10787.0
services,full,option1,EU,imports,2019-Q4,11639.0
services,full,option1,EU,imports,2020-Q1,10764.0
services,full,option1,EU,imports,2020-Q2,12039.0
services,full,option1,EU,imports,2020-Q3,10976.0
services,full,option1,EU,imports,2020-Q4,11197.0
services,full,option1,EU,imports,2021-Q1,9860.0
services,full,option1,EU,imports,2021-Q2,10387.0
services,full,option1,EU,imports,2021-Q3,10434.0
services,full,option1,EU,imports,2021-Q4,11949.0
services,full,option1,EU,imports,2022-Q1,10666.0
services,full,option1,EU,imports,2022-Q2,11624.0
services,full,option1,EU,imports,2022-Q3,12600.0
services,full,option1,EU,imports,2022-Q4,15027.0
services,full,option1,EU,imports,2023-Q1,13559.0
services,full,option1,EU,imports,2023-Q2,13856.0
services,full,option1,EU,imports,2023-Q3,13575.0
services,full,option1,EU,imports,2023-Q4,15339.0
services,full,option1,EU,imports,2024-Q1,14838.0
services,full,option1,EU,imports,2024-Q2,15155.0
services,full,option1,EU,imports,2024-Q3,14730.0
services,full,option1,EU,imports,2024-Q4,16822.0
services,full,option1,EU,imports,2025-Q1,16144.0
services,full,option1,EU,imports,2025-Q2,16699.0
services,full,option1,EU,imports,2025-Q3,16783.0
services,full,option1,EU,imports,2025-Q4,18661.0
services,full,option1,EU,imports,2026-Q1,17882.0
services,full,option1,US,imports,2016-Q1,4367.0
services,full,option1,US,imports,2016-Q2,4282.0
services,full,option1,US,imports,2016-Q3,4864.0
services,full,option1,US,imports,2016-Q4,5340.0
services,full,option1,US,imports,2017-Q1,5175.0
services,full,option1,US,imports,2017-Q2,5662.0
services,full,option1,US,imports,2017-Q3,5459.0
services,full,option1,US,imports,2017-Q4,5627.0
services,full,option1,US,imports,2018-Q1,1536.0
services,full,option1,US,imports,2018-Q2,1449.0
services,full,option1,US,imports,2018-Q3,6031.0
services,full,option1,US,imports,2018-Q4,6536.0
services,full,option1,US,imports,2019-Q1,6243.0
services,full,option1,US,imports,2019-Q2,6674.0
services,full,option1,US,imports,2019-Q3,7129.0
services,full,option1,US,imports,2019-Q4,6939.0
services,full,option1,US,imports,2020-Q1,6949.0
services,full,option1,US,imports,2020-Q2,7383.0
services,full,option1,US,imports,2020-Q3,6942.0
services,full,option1,US,imports,2020-Q4,7776.0
services,full,option1,US,imports,2021-Q1,6952.0
services,full,option1,US,imports,2021-Q2,7351.0
services,full,option1,US,imports,2021-Q3,7676.0
services,full,option1,US,imports,2021-Q4,8153.0
services,full,option1,US,imports,2022-Q1,7456.0
services,full,option1,US,imports,2022-Q2,7508.0
services,full,option1,US,imports,2022-Q3,9654.0
services,full,option1,US,imports,2022-Q4,9157.0
services,full,option1,US,imports,2023-Q1,8924.0
services,full,option1,US,imports,2023-Q2,9412.0
services,full,option1,US,imports,2023-Q3,10472.0
services,full,option1,US,imports,2023-Q4,10331.0
services,full,option1,US,imports,2024-Q1,10532.0
services,full,option1,US,imports,2024-Q2,10867.0
services,full,option1,US,imports,2024-Q3,10476.0
services,full,option1,US,imports,2024-Q4,12026.0
services,full,option1,US,imports,2025-Q1,11854.0
services,full,option1,US,imports,2025-Q2,12158.0
services,full,option1,US,imports,2025-Q3,11001.0
services,full,option1,US,imports,2025-Q4,12350.0
services,full,option1,US,imports,2026-Q1,11574.0
services,full,option1,East Asia,imports,2016-Q1,1313.0
services,full,option1,East Asia,imports,2016-Q2,1189.0
services,full,option1,East Asia,imports,2016-Q3,1514.0
services,full,option1,East Asia,imports,2016-Q4,1430.0
services,full,option1,East Asia,imports,2017-Q1,1361.0
services,full,option1,East Asia,imports,2017-Q2,1341.0
services,full,option1,East Asia,imports,2017-Q3,1563.0
services,full,option1,East Asia,imports,2017-Q4,1489.0
services,full,option1,East Asia,imports,2018-Q1,1581.0
services,full,option1,East Asia,imports,2018-Q2,1129.0
services,full,option1,East Asia,imports,2018-Q3,1471.0
services,full,option1,East Asia,imports,2018-Q4,1592.0
services,full,option1,East Asia,imports,2019-Q1,1790.0
services,full,option1,East Asia,imports,2019-Q2,1959.0
services,full,option1,East Asia,imports,2019-Q3,1801.0
services,full,option1,East Asia,imports,2019-Q4,1867.0
services,full,option1,East Asia,imports,2020-Q1,1775.0
services,full,option1,East Asia,imports,2020-Q2,2156.0
services,full,option1,East Asia,imports,2020-Q3,1761.0
services,full,option1,East Asia,imports,2020-Q4,2248.0
services,full,option1,East Asia,imports,2021-Q1,1453.0
services,full,option1,East Asia,imports,2021-Q2,1491.0
services,full,option1,East Asia,imports,2021-Q3,2268.0
services,full,option1,East Asia,imports,2021-Q4,2445.0
services,full,option1,East Asia,imports,2022-Q1,2166.0
services,full,option1,East Asia,imports,2022-Q2,2842.0
services,full,option1,East Asia,imports,2022-Q3,2451.0
services,full,option1,East Asia,imports,2022-Q4,2797.0
services,full,option1,East Asia,imports,2023-Q1,2761.0
services,full,option1,East Asia,imports,2023-Q2,3024.0
services,full,option1,East Asia,imports,2023-Q3,2678.0
services,full,option1,East Asia,imports,2023-Q4,2668.0
services,full,option1,East Asia,imports,2024-Q1,2795.0
services,full,option1,East Asia,imports,2024-Q2,3204.0
services,full,option1,East Asia,imports,2024-Q3,3005.0
services,full,option1,East Asia,imports,2024-Q4,3156.0
services,full,option1,East Asia,imports,2025-Q1,3281.0
services,full,option1,East Asia,imports,2025-Q2,3365.0
services,full,option1,East Asia,imports,2025-Q3,3228.0
services,full,option1,East Asia,imports,2025-Q4,3398.0
services,full,option1,East Asia,imports,2026-Q1,3153.0
services,full,option1,Rest of world,imports,2016-Q1,5373.0
services,full,option1,Rest of world,imports,2016-Q2,5320.0
services,full,option1,Rest of world,imports,2016-Q3,5888.0
services,full,option1,Rest of world,imports,2016-Q4,6189.0
services,full,option1,Rest of world,imports,2017-Q1,6119.0
services,full,option1,Rest of world,imports,2017-Q2,5938.0
services,full,option1,Rest of world,imports,2017-Q3,6482.0
services,full,option1,Rest of world,imports,2017-Q4,6644.0
services,full,option1,Rest of world,imports,2018-Q1,10545.0
services,full,option1,Rest of world,imports,2018-Q2,10935.0
services,full,option1,Rest of world,imports,2018-Q3,6570.0
services,full,option1,Rest of world,imports,2018-Q4,7698.0
services,full,option1,Rest of world,imports,2019-Q1,6581.0
services,full,option1,Rest of world,imports,2019-Q2,7350.0
services,full,option1,Rest of world,imports,2019-Q3,7687.0
services,full,option1,Rest of world,imports,2019-Q4,8019.0
services,full,option1,Rest of world,imports,2020-Q1,7748.0
services,full,option1,Rest of world,imports,2020-Q2,8087.0
services,full,option1,Rest of world,imports,2020-Q3,7841.0
services,full,option1,Rest of world,imports,2020-Q4,8105.0
services,full,option1,Rest of world,imports,2021-Q1,8365.0
services,full,option1,Rest of world,imports,2021-Q2,8433.0
services,full,option1,Rest of world,imports,2021-Q3,8008.0
services,full,option1,Rest of world,imports,2021-Q4,8815.0
services,full,option1,Rest of world,imports,2022-Q1,8192.0
services,full,option1,Rest of world,imports,2022-Q2,10322.0
services,full,option1,Rest of world,imports,2022-Q3,9921.0
services,full,option1,Rest of world,imports,2022-Q4,12926.0
services,full,option1,Rest of world,imports,2023-Q1,10685.0
services,full,option1,Rest of world,imports,2023-Q2,11628.0
services,full,option1,Rest of world,imports,2023-Q3,11308.0
services,full,option1,Rest of world,imports,2023-Q4,12004.0
services,full,option1,Rest of world,imports,2024-Q1,12453.0
services,full,option1,Rest of world,imports,2024-Q2,12095.0
services,full,option1,Rest of world,imports,2024-Q3,12059.0
services,full,option1,Rest of world,imports,2024-Q4,13341.0
services,full,option1,Rest of world,imports,2025-Q1,13093.0
services,full,option1,Rest of world,imports,2025-Q2,12766.0
services,full,option1,Rest of world,imports,2025-Q3,12417.0
services,full,option1,Rest of world,imports,2025-Q4,13228.0
services,full,option1,Rest of world,imports,2026-Q1,13441.0
services,full,option2,China incl. Hong Kong,imports,2016-Q1,565.0
services,full,option2,China incl. Hong Kong,imports,2016-Q2,495.0
services,full,option2,China incl. Hong Kong,imports,2016-Q3,622.0
services,full,option2,China incl. Hong Kong,imports,2016-Q4,629.0
services,full,option2,China incl. Hong Kong,imports,2017-Q1,533.0
services,full,option2,China incl. Hong Kong,imports,2017-Q2,535.0
services,full,option2,China incl. Hong Kong,imports,2017-Q3,606.0
services,full,option2,China incl. Hong Kong,imports,2017-Q4,549.0
services,full,option2,China incl. Hong Kong,imports,2018-Q1,689.0
services,full,option2,China incl. Hong Kong,imports,2018-Q2,245.0
services,full,option2,China incl. Hong Kong,imports,2018-Q3,405.0
services,full,option2,China incl. Hong Kong,imports,2018-Q4,436.0
services,full,option2,China incl. Hong Kong,imports,2019-Q1,672.0
services,full,option2,China incl. Hong Kong,imports,2019-Q2,709.0
services,full,option2,China incl. Hong Kong,imports,2019-Q3,728.0
services,full,option2,China incl. Hong Kong,imports,2019-Q4,729.0
services,full,option2,China incl. Hong Kong,imports,2020-Q1,525.0
services,full,option2,China incl. Hong Kong,imports,2020-Q2,595.0
services,full,option2,China incl. Hong Kong,imports,2020-Q3,694.0
services,full,option2,China incl. Hong Kong,imports,2020-Q4,930.0
services,full,option2,China incl. Hong Kong,imports,2021-Q1,974.0
services,full,option2,China incl. Hong Kong,imports,2021-Q2,955.0
services,full,option2,China incl. Hong Kong,imports,2021-Q3,1022.0
services,full,option2,China incl. Hong Kong,imports,2021-Q4,1011.0
services,full,option2,China incl. Hong Kong,imports,2022-Q1,960.0
services,full,option2,China incl. Hong Kong,imports,2022-Q2,1053.0
services,full,option2,China incl. Hong Kong,imports,2022-Q3,1208.0
services,full,option2,China incl. Hong Kong,imports,2022-Q4,1365.0
services,full,option2,China incl. Hong Kong,imports,2023-Q1,1222.0
services,full,option2,China incl. Hong Kong,imports,2023-Q2,1136.0
services,full,option2,China incl. Hong Kong,imports,2023-Q3,1119.0
services,full,option2,China incl. Hong Kong,imports,2023-Q4,1074.0
services,full,option2,China incl. Hong Kong,imports,2024-Q1,992.0
services,full,option2,China incl. Hong Kong,imports,2024-Q2,1083.0
services,full,option2,China incl. Hong Kong,imports,2024-Q3,1164.0
services,full,option2,China incl. Hong Kong,imports,2024-Q4,1201.0
services,full,option2,China incl. Hong Kong,imports,2025-Q1,1164.0
services,full,option2,China incl. Hong Kong,imports,2025-Q2,1189.0
services,full,option2,China incl. Hong Kong,imports,2025-Q3,1246.0
services,full,option2,China incl. Hong Kong,imports,2025-Q4,1320.0
services,full,option2,China incl. Hong Kong,imports,2026-Q1,1315.0
services,full,option2,Japan,imports,2016-Q1,666.0
services,full,option2,Japan,imports,2016-Q2,629.0
services,full,option2,Japan,imports,2016-Q3,729.0
services,full,option2,Japan,imports,2016-Q4,711.0
services,full,option2,Japan,imports,2017-Q1,826.0
services,full,option2,Japan,imports,2017-Q2,727.0
services,full,option2,Japan,imports,2017-Q3,812.0
services,full,option2,Japan,imports,2017-Q4,789.0
services,full,option2,Japan,imports,2018-Q1,815.0
services,full,option2,Japan,imports,2018-Q2,747.0
services,full,option2,Japan,imports,2018-Q3,920.0
services,full,option2,Japan,imports,2018-Q4,989.0
services,full,option2,Japan,imports,2019-Q1,1003.0
services,full,option2,Japan,imports,2019-Q2,1092.0
services,full,option2,Japan,imports,2019-Q3,922.0
services,full,option2,Japan,imports,2019-Q4,953.0
services,full,option2,Japan,imports,2020-Q1,1042.0
services,full,option2,Japan,imports,2020-Q2,1329.0
services,full,option2,Japan,imports,2020-Q3,844.0
services,full,option2,Japan,imports,2020-Q4,1020.0
services,full,option2,Japan,imports,2021-Q1,292.0
services,full,option2,Japan,imports,2021-Q2,326.0
services,full,option2,Japan,imports,2021-Q3,1008.0
services,full,option2,Japan,imports,2021-Q4,1183.0
services,full,option2,Japan,imports,2022-Q1,999.0
services,full,option2,Japan,imports,2022-Q2,1592.0
services,full,option2,Japan,imports,2022-Q3,993.0
services,full,option2,Japan,imports,2022-Q4,1146.0
services,full,option2,Japan,imports,2023-Q1,1275.0
services,full,option2,Japan,imports,2023-Q2,1594.0
services,full,option2,Japan,imports,2023-Q3,1314.0
services,full,option2,Japan,imports,2023-Q4,1326.0
services,full,option2,Japan,imports,2024-Q1,1525.0
services,full,option2,Japan,imports,2024-Q2,1823.0
services,full,option2,Japan,imports,2024-Q3,1531.0
services,full,option2,Japan,imports,2024-Q4,1640.0
services,full,option2,Japan,imports,2025-Q1,1724.0
services,full,option2,Japan,imports,2025-Q2,1834.0
services,full,option2,Japan,imports,2025-Q3,1675.0
services,full,option2,Japan,imports,2025-Q4,1788.0
services,full,option2,Japan,imports,2026-Q1,1546.0
services,full,option2,South Korea,imports,2016-Q1,19.0
services,full,option2,South Korea,imports,2016-Q2,18.0
services,full,option2,South Korea,imports,2016-Q3,92.0
services,full,option2,South Korea,imports,2016-Q4,24.0
services,full,option2,South Korea,imports,2017-Q1,0.0
services,full,option2,South Korea,imports,2017-Q2,0.0
services,full,option2,South Korea,imports,2017-Q3,80.0
services,full,option2,South Korea,imports,2017-Q4,95.0
services,full,option2,South Korea,imports,2018-Q1,77.0
services,full,option2,South Korea,imports,2018-Q2,78.0
services,full,option2,South Korea,imports,2018-Q3,80.0
services,full,option2,South Korea,imports,2018-Q4,105.0
services,full,option2,South Korea,imports,2019-Q1,58.0
services,full,option2,South Korea,imports,2019-Q2,93.0
services,full,option2,South Korea,imports,2019-Q3,82.0
services,full,option2,South Korea,imports,2019-Q4,108.0
services,full,option2,South Korea,imports,2020-Q1,123.0
services,full,option2,South Korea,imports,2020-Q2,135.0
services,full,option2,South Korea,imports,2020-Q3,126.0
services,full,option2,South Korea,imports,2020-Q4,168.0
services,full,option2,South Korea,imports,2021-Q1,122.0
services,full,option2,South Korea,imports,2021-Q2,133.0
services,full,option2,South Korea,imports,2021-Q3,125.0
services,full,option2,South Korea,imports,2021-Q4,134.0
services,full,option2,South Korea,imports,2022-Q1,87.0
services,full,option2,South Korea,imports,2022-Q2,80.0
services,full,option2,South Korea,imports,2022-Q3,146.0
services,full,option2,South Korea,imports,2022-Q4,163.0
services,full,option2,South Korea,imports,2023-Q1,134.0
services,full,option2,South Korea,imports,2023-Q2,139.0
services,full,option2,South Korea,imports,2023-Q3,124.0
services,full,option2,South Korea,imports,2023-Q4,154.0
services,full,option2,South Korea,imports,2024-Q1,139.0
services,full,option2,South Korea,imports,2024-Q2,137.0
services,full,option2,South Korea,imports,2024-Q3,144.0
services,full,option2,South Korea,imports,2024-Q4,151.0
services,full,option2,South Korea,imports,2025-Q1,178.0
services,full,option2,South Korea,imports,2025-Q2,159.0
services,full,option2,South Korea,imports,2025-Q3,173.0
services,full,option2,South Korea,imports,2025-Q4,183.0
services,full,option2,South Korea,imports,2026-Q1,178.0
services,full,option2,Taiwan,imports,2016-Q1,63.0
services,full,option2,Taiwan,imports,2016-Q2,47.0
services,full,option2,Taiwan,imports,2016-Q3,71.0
services,full,option2,Taiwan,imports,2016-Q4,66.0
services,full,option2,Taiwan,imports,2017-Q1,2.0
services,full,option2,Taiwan,imports,2017-Q2,79.0
services,full,option2,Taiwan,imports,2017-Q3,65.0
services,full,option2,Taiwan,imports,2017-Q4,56.0
services,full,option2,Taiwan,imports,2018-Q1,0.0
services,full,option2,Taiwan,imports,2018-Q2,59.0
services,full,option2,Taiwan,imports,2018-Q3,66.0
services,full,option2,Taiwan,imports,2018-Q4,62.0
services,full,option2,Taiwan,imports,2019-Q1,57.0
services,full,option2,Taiwan,imports,2019-Q2,65.0
services,full,option2,Taiwan,imports,2019-Q3,69.0
services,full,option2,Taiwan,imports,2019-Q4,77.0
services,full,option2,Taiwan,imports,2020-Q1,85.0
services,full,option2,Taiwan,imports,2020-Q2,97.0
services,full,option2,Taiwan,imports,2020-Q3,97.0
services,full,option2,Taiwan,imports,2020-Q4,130.0
services,full,option2,Taiwan,imports,2021-Q1,65.0
services,full,option2,Taiwan,imports,2021-Q2,77.0
services,full,option2,Taiwan,imports,2021-Q3,113.0
services,full,option2,Taiwan,imports,2021-Q4,117.0
services,full,option2,Taiwan,imports,2022-Q1,120.0
services,full,option2,Taiwan,imports,2022-Q2,117.0
services,full,option2,Taiwan,imports,2022-Q3,104.0
services,full,option2,Taiwan,imports,2022-Q4,123.0
services,full,option2,Taiwan,imports,2023-Q1,130.0
services,full,option2,Taiwan,imports,2023-Q2,155.0
services,full,option2,Taiwan,imports,2023-Q3,121.0
services,full,option2,Taiwan,imports,2023-Q4,114.0
services,full,option2,Taiwan,imports,2024-Q1,139.0
services,full,option2,Taiwan,imports,2024-Q2,161.0
services,full,option2,Taiwan,imports,2024-Q3,166.0
services,full,option2,Taiwan,imports,2024-Q4,164.0
services,full,option2,Taiwan,imports,2025-Q1,215.0
services,full,option2,Taiwan,imports,2025-Q2,183.0
services,full,option2,Taiwan,imports,2025-Q3,134.0
services,full,option2,Taiwan,imports,2025-Q4,107.0
services,full,option2,Taiwan,imports,2026-Q1,114.0
product,chips_processors,option1,EU,exports,2016-Q1,105.95
product,chips_processors,option1,EU,exports,2016-Q2,108.64
product,chips_processors,option1,EU,exports,2016-Q3,115.3
product,chips_processors,option1,EU,exports,2016-Q4,113.24
product,chips_processors,option1,EU,exports,2017-Q1,135.98
product,chips_processors,option1,EU,exports,2017-Q2,79.48
product,chips_processors,option1,EU,exports,2017-Q3,81.98
product,chips_processors,option1,EU,exports,2017-Q4,92.52
product,chips_processors,option1,EU,exports,2018-Q1,89.73
product,chips_processors,option1,EU,exports,2018-Q2,93.74
product,chips_processors,option1,EU,exports,2018-Q3,89.36
product,chips_processors,option1,EU,exports,2018-Q4,90.99
product,chips_processors,option1,EU,exports,2019-Q1,98.68
product,chips_processors,option1,EU,exports,2019-Q2,86.78
product,chips_processors,option1,EU,exports,2019-Q3,69.45
product,chips_processors,option1,EU,exports,2019-Q4,73.12
product,chips_processors,option1,EU,exports,2020-Q1,74.34
product,chips_processors,option1,EU,exports,2020-Q2,59.61
product,chips_processors,option1,EU,exports,2020-Q3,65.61
product,chips_processors,option1,EU,exports,2020-Q4,70.09
product,chips_processors,option1,EU,exports,2021-Q1,44.5
product,chips_processors,option1,EU,exports,2021-Q2,67.75
product,chips_processors,option1,EU,exports,2021-Q3,56.94
product,chips_processors,option1,EU,exports,2021-Q4,55.5
product,chips_processors,option1,EU,exports,2022-Q1,65.14
product,chips_processors,option1,EU,exports,2022-Q2,62.13
product,chips_processors,option1,EU,exports,2022-Q3,58.59
product,chips_processors,option1,EU,exports,2022-Q4,52.51
product,chips_processors,option1,EU,exports,2023-Q1,61.74
product,chips_processors,option1,EU,exports,2023-Q2,39.33
product,chips_processors,option1,EU,exports,2023-Q3,29.17
product,chips_processors,option1,EU,exports,2023-Q4,49.4
product,chips_processors,option1,EU,exports,2024-Q1,25.81
product,chips_processors,option1,EU,exports,2024-Q2,19.42
product,chips_processors,option1,EU,exports,2024-Q3,19.51
product,chips_processors,option1,EU,exports,2024-Q4,23.02
product,chips_processors,option1,EU,exports,2025-Q1,18.15
product,chips_processors,option1,EU,exports,2025-Q2,18.62
product,chips_processors,option1,EU,exports,2025-Q3,21.24
product,chips_processors,option1,EU,exports,2025-Q4,25.41
product,chips_processors,option1,EU,exports,2026-Q1,25.05
product,chips_processors,option1,EU,exports,2026-Q2,34.23
product,chips_processors,option1,US,exports,2016-Q1,15.35
product,chips_processors,option1,US,exports,2016-Q2,13.12
product,chips_processors,option1,US,exports,2016-Q3,15.95
product,chips_processors,option1,US,exports,2016-Q4,15.13
product,chips_processors,option1,US,exports,2017-Q1,15.33
product,chips_processors,option1,US,exports,2017-Q2,13.91
product,chips_processors,option1,US,exports,2017-Q3,14.03
product,chips_processors,option1,US,exports,2017-Q4,14.39
product,chips_processors,option1,US,exports,2018-Q1,14.75
product,chips_processors,option1,US,exports,2018-Q2,15.54
product,chips_processors,option1,US,exports,2018-Q3,16.15
product,chips_processors,option1,US,exports,2018-Q4,13.56
product,chips_processors,option1,US,exports,2019-Q1,17.12
product,chips_processors,option1,US,exports,2019-Q2,18.62
product,chips_processors,option1,US,exports,2019-Q3,19.73
product,chips_processors,option1,US,exports,2019-Q4,17.25
product,chips_processors,option1,US,exports,2020-Q1,15.76
product,chips_processors,option1,US,exports,2020-Q2,17.45
product,chips_processors,option1,US,exports,2020-Q3,14.17
product,chips_processors,option1,US,exports,2020-Q4,13.82
product,chips_processors,option1,US,exports,2021-Q1,12.48
product,chips_processors,option1,US,exports,2021-Q2,12.58
product,chips_processors,option1,US,exports,2021-Q3,18.85
product,chips_processors,option1,US,exports,2021-Q4,18.14
product,chips_processors,option1,US,exports,2022-Q1,17.36
product,chips_processors,option1,US,exports,2022-Q2,16.61
product,chips_processors,option1,US,exports,2022-Q3,17.83
product,chips_processors,option1,US,exports,2022-Q4,15.47
product,chips_processors,option1,US,exports,2023-Q1,19.3
product,chips_processors,option1,US,exports,2023-Q2,17.42
product,chips_processors,option1,US,exports,2023-Q3,9.15
product,chips_processors,option1,US,exports,2023-Q4,9.46
product,chips_processors,option1,US,exports,2024-Q1,16.65
product,chips_processors,option1,US,exports,2024-Q2,12.04
product,chips_processors,option1,US,exports,2024-Q3,11.88
product,chips_processors,option1,US,exports,2024-Q4,6.72
product,chips_processors,option1,US,exports,2025-Q1,6.88
product,chips_processors,option1,US,exports,2025-Q2,7.91
product,chips_processors,option1,US,exports,2025-Q3,5.92
product,chips_processors,option1,US,exports,2025-Q4,8.97
product,chips_processors,option1,US,exports,2026-Q1,5.49
product,chips_processors,option1,US,exports,2026-Q2,8.11
product,chips_processors,option1,East Asia,exports,2016-Q1,4.86
product,chips_processors,option1,East Asia,exports,2016-Q2,5.92
product,chips_processors,option1,East Asia,exports,2016-Q3,7.23
product,chips_processors,option1,East Asia,exports,2016-Q4,7.88
product,chips_processors,option1,East Asia,exports,2017-Q1,7.66
product,chips_processors,option1,East Asia,exports,2017-Q2,7.19
product,chips_processors,option1,East Asia,exports,2017-Q3,10.52
product,chips_processors,option1,East Asia,exports,2017-Q4,10.81
product,chips_processors,option1,East Asia,exports,2018-Q1,9.5
product,chips_processors,option1,East Asia,exports,2018-Q2,10.72
product,chips_processors,option1,East Asia,exports,2018-Q3,9.2
product,chips_processors,option1,East Asia,exports,2018-Q4,9.78
product,chips_processors,option1,East Asia,exports,2019-Q1,9.89
product,chips_processors,option1,East Asia,exports,2019-Q2,10.59
product,chips_processors,option1,East Asia,exports,2019-Q3,9.81
product,chips_processors,option1,East Asia,exports,2019-Q4,14.59
product,chips_processors,option1,East Asia,exports,2020-Q1,10.61
product,chips_processors,option1,East Asia,exports,2020-Q2,12.96
product,chips_processors,option1,East Asia,exports,2020-Q3,14.08
product,chips_processors,option1,East Asia,exports,2020-Q4,18.59
product,chips_processors,option1,East Asia,exports,2021-Q1,11.49
product,chips_processors,option1,East Asia,exports,2021-Q2,16.14
product,chips_processors,option1,East Asia,exports,2021-Q3,16.46
product,chips_processors,option1,East Asia,exports,2021-Q4,17.85
product,chips_processors,option1,East Asia,exports,2022-Q1,16.93
product,chips_processors,option1,East Asia,exports,2022-Q2,16.29
product,chips_processors,option1,East Asia,exports,2022-Q3,22.28
product,chips_processors,option1,East Asia,exports,2022-Q4,22.51
product,chips_processors,option1,East Asia,exports,2023-Q1,20.35
product,chips_processors,option1,East Asia,exports,2023-Q2,13.27
product,chips_processors,option1,East Asia,exports,2023-Q3,13.57
product,chips_processors,option1,East Asia,exports,2023-Q4,9.7
product,chips_processors,option1,East Asia,exports,2024-Q1,8.52
product,chips_processors,option1,East Asia,exports,2024-Q2,9.23
product,chips_processors,option1,East Asia,exports,2024-Q3,8.74
product,chips_processors,option1,East Asia,exports,2024-Q4,7.56
product,chips_processors,option1,East Asia,exports,2025-Q1,7.18
product,chips_processors,option1,East Asia,exports,2025-Q2,9.33
product,chips_processors,option1,East Asia,exports,2025-Q3,8.4
product,chips_processors,option1,East Asia,exports,2025-Q4,11.28
product,chips_processors,option1,East Asia,exports,2026-Q1,10.18
product,chips_processors,option1,East Asia,exports,2026-Q2,16.46
product,chips_processors,option1,Rest of world,exports,2016-Q1,12.89
product,chips_processors,option1,Rest of world,exports,2016-Q2,12.55
product,chips_processors,option1,Rest of world,exports,2016-Q3,9.52
product,chips_processors,option1,Rest of world,exports,2016-Q4,13.58
product,chips_processors,option1,Rest of world,exports,2017-Q1,14.34
product,chips_processors,option1,Rest of world,exports,2017-Q2,16.24
product,chips_processors,option1,Rest of world,exports,2017-Q3,13.4
product,chips_processors,option1,Rest of world,exports,2017-Q4,16.35
product,chips_processors,option1,Rest of world,exports,2018-Q1,21.97
product,chips_processors,option1,Rest of world,exports,2018-Q2,22.44
product,chips_processors,option1,Rest of world,exports,2018-Q3,20.82
product,chips_processors,option1,Rest of world,exports,2018-Q4,19.17
product,chips_processors,option1,Rest of world,exports,2019-Q1,19.38
product,chips_processors,option1,Rest of world,exports,2019-Q2,19.73
product,chips_processors,option1,Rest of world,exports,2019-Q3,19.14
product,chips_processors,option1,Rest of world,exports,2019-Q4,18.95
product,chips_processors,option1,Rest of world,exports,2020-Q1,15.51
product,chips_processors,option1,Rest of world,exports,2020-Q2,11.64
product,chips_processors,option1,Rest of world,exports,2020-Q3,12.84
product,chips_processors,option1,Rest of world,exports,2020-Q4,14.65
product,chips_processors,option1,Rest of world,exports,2021-Q1,10.18
product,chips_processors,option1,Rest of world,exports,2021-Q2,14.72
product,chips_processors,option1,Rest of world,exports,2021-Q3,17.24
product,chips_processors,option1,Rest of world,exports,2021-Q4,14.97
product,chips_processors,option1,Rest of world,exports,2022-Q1,15.07
product,chips_processors,option1,Rest of world,exports,2022-Q2,25.22
product,chips_processors,option1,Rest of world,exports,2022-Q3,23.76
product,chips_processors,option1,Rest of world,exports,2022-Q4,21.3
product,chips_processors,option1,Rest of world,exports,2023-Q1,19.26
product,chips_processors,option1,Rest of world,exports,2023-Q2,17.16
product,chips_processors,option1,Rest of world,exports,2023-Q3,21.77
product,chips_processors,option1,Rest of world,exports,2023-Q4,17.82
product,chips_processors,option1,Rest of world,exports,2024-Q1,14.68
product,chips_processors,option1,Rest of world,exports,2024-Q2,12.43
product,chips_processors,option1,Rest of world,exports,2024-Q3,12.02
product,chips_processors,option1,Rest of world,exports,2024-Q4,12.47
product,chips_processors,option1,Rest of world,exports,2025-Q1,13.14
product,chips_processors,option1,Rest of world,exports,2025-Q2,17.15
product,chips_processors,option1,Rest of world,exports,2025-Q3,15.05
product,chips_processors,option1,Rest of world,exports,2025-Q4,18.21
product,chips_processors,option1,Rest of world,exports,2026-Q1,15.85
product,chips_processors,option1,Rest of world,exports,2026-Q2,16.44
product,chips_processors,option2,China incl. Hong Kong,exports,2016-Q1,3.57
product,chips_processors,option2,China incl. Hong Kong,exports,2016-Q2,3.78
product,chips_processors,option2,China incl. Hong Kong,exports,2016-Q3,5.56
product,chips_processors,option2,China incl. Hong Kong,exports,2016-Q4,6.46
product,chips_processors,option2,China incl. Hong Kong,exports,2017-Q1,6.37
product,chips_processors,option2,China incl. Hong Kong,exports,2017-Q2,5.87
product,chips_processors,option2,China incl. Hong Kong,exports,2017-Q3,9.2
product,chips_processors,option2,China incl. Hong Kong,exports,2017-Q4,9.21
product,chips_processors,option2,China incl. Hong Kong,exports,2018-Q1,8.09
product,chips_processors,option2,China incl. Hong Kong,exports,2018-Q2,9.02
product,chips_processors,option2,China incl. Hong Kong,exports,2018-Q3,7.79
product,chips_processors,option2,China incl. Hong Kong,exports,2018-Q4,7.96
product,chips_processors,option2,China incl. Hong Kong,exports,2019-Q1,8.31
product,chips_processors,option2,China incl. Hong Kong,exports,2019-Q2,8.27
product,chips_processors,option2,China incl. Hong Kong,exports,2019-Q3,7.96
product,chips_processors,option2,China incl. Hong Kong,exports,2019-Q4,12.32
product,chips_processors,option2,China incl. Hong Kong,exports,2020-Q1,8.6
product,chips_processors,option2,China incl. Hong Kong,exports,2020-Q2,11.27
product,chips_processors,option2,China incl. Hong Kong,exports,2020-Q3,12.46
product,chips_processors,option2,China incl. Hong Kong,exports,2020-Q4,16.24
product,chips_processors,option2,China incl. Hong Kong,exports,2021-Q1,9.68
product,chips_processors,option2,China incl. Hong Kong,exports,2021-Q2,14.11
product,chips_processors,option2,China incl. Hong Kong,exports,2021-Q3,13.63
product,chips_processors,option2,China incl. Hong Kong,exports,2021-Q4,14.06
product,chips_processors,option2,China incl. Hong Kong,exports,2022-Q1,14.74
product,chips_processors,option2,China incl. Hong Kong,exports,2022-Q2,13.1
product,chips_processors,option2,China incl. Hong Kong,exports,2022-Q3,14.94
product,chips_processors,option2,China incl. Hong Kong,exports,2022-Q4,15.64
product,chips_processors,option2,China incl. Hong Kong,exports,2023-Q1,14.23
product,chips_processors,option2,China incl. Hong Kong,exports,2023-Q2,11.06
product,chips_processors,option2,China incl. Hong Kong,exports,2023-Q3,10.59
product,chips_processors,option2,China incl. Hong Kong,exports,2023-Q4,7.79
product,chips_processors,option2,China incl. Hong Kong,exports,2024-Q1,6.98
product,chips_processors,option2,China incl. Hong Kong,exports,2024-Q2,8.25
product,chips_processors,option2,China incl. Hong Kong,exports,2024-Q3,6.49
product,chips_processors,option2,China incl. Hong Kong,exports,2024-Q4,6.24
product,chips_processors,option2,China incl. Hong Kong,exports,2025-Q1,5.38
product,chips_processors,option2,China incl. Hong Kong,exports,2025-Q2,7.37
product,chips_processors,option2,China incl. Hong Kong,exports,2025-Q3,6.97
product,chips_processors,option2,China incl. Hong Kong,exports,2025-Q4,9.6
product,chips_processors,option2,China incl. Hong Kong,exports,2026-Q1,8.13
product,chips_processors,option2,China incl. Hong Kong,exports,2026-Q2,14.46
product,chips_processors,option2,Japan,exports,2016-Q1,0.44
product,chips_processors,option2,Japan,exports,2016-Q2,0.33
product,chips_processors,option2,Japan,exports,2016-Q3,0.35
product,chips_processors,option2,Japan,exports,2016-Q4,0.43
product,chips_processors,option2,Japan,exports,2017-Q1,0.3
product,chips_processors,option2,Japan,exports,2017-Q2,0.38
product,chips_processors,option2,Japan,exports,2017-Q3,0.39
product,chips_processors,option2,Japan,exports,2017-Q4,0.43
product,chips_processors,option2,Japan,exports,2018-Q1,0.41
product,chips_processors,option2,Japan,exports,2018-Q2,0.35
product,chips_processors,option2,Japan,exports,2018-Q3,0.34
product,chips_processors,option2,Japan,exports,2018-Q4,0.45
product,chips_processors,option2,Japan,exports,2019-Q1,0.28
product,chips_processors,option2,Japan,exports,2019-Q2,0.46
product,chips_processors,option2,Japan,exports,2019-Q3,0.76
product,chips_processors,option2,Japan,exports,2019-Q4,0.55
product,chips_processors,option2,Japan,exports,2020-Q1,0.73
product,chips_processors,option2,Japan,exports,2020-Q2,0.54
product,chips_processors,option2,Japan,exports,2020-Q3,0.5
product,chips_processors,option2,Japan,exports,2020-Q4,0.47
product,chips_processors,option2,Japan,exports,2021-Q1,0.27
product,chips_processors,option2,Japan,exports,2021-Q2,0.63
product,chips_processors,option2,Japan,exports,2021-Q3,1.18
product,chips_processors,option2,Japan,exports,2021-Q4,2.29
product,chips_processors,option2,Japan,exports,2022-Q1,0.56
product,chips_processors,option2,Japan,exports,2022-Q2,0.7
product,chips_processors,option2,Japan,exports,2022-Q3,1.04
product,chips_processors,option2,Japan,exports,2022-Q4,1.88
product,chips_processors,option2,Japan,exports,2023-Q1,1.14
product,chips_processors,option2,Japan,exports,2023-Q2,0.44
product,chips_processors,option2,Japan,exports,2023-Q3,0.81
product,chips_processors,option2,Japan,exports,2023-Q4,0.89
product,chips_processors,option2,Japan,exports,2024-Q1,0.75
product,chips_processors,option2,Japan,exports,2024-Q2,0.36
product,chips_processors,option2,Japan,exports,2024-Q3,1.19
product,chips_processors,option2,Japan,exports,2024-Q4,0.43
product,chips_processors,option2,Japan,exports,2025-Q1,0.69
product,chips_processors,option2,Japan,exports,2025-Q2,0.4
product,chips_processors,option2,Japan,exports,2025-Q3,0.39
product,chips_processors,option2,Japan,exports,2025-Q4,0.59
product,chips_processors,option2,Japan,exports,2026-Q1,0.71
product,chips_processors,option2,Japan,exports,2026-Q2,0.41
product,chips_processors,option2,South Korea,exports,2016-Q1,0.3
product,chips_processors,option2,South Korea,exports,2016-Q2,1.41
product,chips_processors,option2,South Korea,exports,2016-Q3,0.94
product,chips_processors,option2,South Korea,exports,2016-Q4,0.31
product,chips_processors,option2,South Korea,exports,2017-Q1,0.49
product,chips_processors,option2,South Korea,exports,2017-Q2,0.44
product,chips_processors,option2,South Korea,exports,2017-Q3,0.57
product,chips_processors,option2,South Korea,exports,2017-Q4,0.49
product,chips_processors,option2,South Korea,exports,2018-Q1,0.62
product,chips_processors,option2,South Korea,exports,2018-Q2,0.65
product,chips_processors,option2,South Korea,exports,2018-Q3,0.48
product,chips_processors,option2,South Korea,exports,2018-Q4,0.77
product,chips_processors,option2,South Korea,exports,2019-Q1,1.01
product,chips_processors,option2,South Korea,exports,2019-Q2,1.23
product,chips_processors,option2,South Korea,exports,2019-Q3,0.68
product,chips_processors,option2,South Korea,exports,2019-Q4,1.4
product,chips_processors,option2,South Korea,exports,2020-Q1,0.68
product,chips_processors,option2,South Korea,exports,2020-Q2,0.85
product,chips_processors,option2,South Korea,exports,2020-Q3,0.43
product,chips_processors,option2,South Korea,exports,2020-Q4,0.69
product,chips_processors,option2,South Korea,exports,2021-Q1,0.53
product,chips_processors,option2,South Korea,exports,2021-Q2,0.68
product,chips_processors,option2,South Korea,exports,2021-Q3,0.51
product,chips_processors,option2,South Korea,exports,2021-Q4,0.62
product,chips_processors,option2,South Korea,exports,2022-Q1,0.68
product,chips_processors,option2,South Korea,exports,2022-Q2,0.72
product,chips_processors,option2,South Korea,exports,2022-Q3,0.91
product,chips_processors,option2,South Korea,exports,2022-Q4,1.12
product,chips_processors,option2,South Korea,exports,2023-Q1,0.71
product,chips_processors,option2,South Korea,exports,2023-Q2,1.0
product,chips_processors,option2,South Korea,exports,2023-Q3,0.74
product,chips_processors,option2,South Korea,exports,2023-Q4,0.6
product,chips_processors,option2,South Korea,exports,2024-Q1,0.55
product,chips_processors,option2,South Korea,exports,2024-Q2,0.31
product,chips_processors,option2,South Korea,exports,2024-Q3,0.66
product,chips_processors,option2,South Korea,exports,2024-Q4,0.35
product,chips_processors,option2,South Korea,exports,2025-Q1,0.59
product,chips_processors,option2,South Korea,exports,2025-Q2,1.24
product,chips_processors,option2,South Korea,exports,2025-Q3,0.48
product,chips_processors,option2,South Korea,exports,2025-Q4,0.39
product,chips_processors,option2,South Korea,exports,2026-Q1,0.6
product,chips_processors,option2,South Korea,exports,2026-Q2,0.63
product,chips_processors,option2,Taiwan,exports,2016-Q1,0.55
product,chips_processors,option2,Taiwan,exports,2016-Q2,0.39
product,chips_processors,option2,Taiwan,exports,2016-Q3,0.39
product,chips_processors,option2,Taiwan,exports,2016-Q4,0.69
product,chips_processors,option2,Taiwan,exports,2017-Q1,0.5
product,chips_processors,option2,Taiwan,exports,2017-Q2,0.5
product,chips_processors,option2,Taiwan,exports,2017-Q3,0.36
product,chips_processors,option2,Taiwan,exports,2017-Q4,0.67
product,chips_processors,option2,Taiwan,exports,2018-Q1,0.37
product,chips_processors,option2,Taiwan,exports,2018-Q2,0.7
product,chips_processors,option2,Taiwan,exports,2018-Q3,0.6
product,chips_processors,option2,Taiwan,exports,2018-Q4,0.6
product,chips_processors,option2,Taiwan,exports,2019-Q1,0.29
product,chips_processors,option2,Taiwan,exports,2019-Q2,0.64
product,chips_processors,option2,Taiwan,exports,2019-Q3,0.41
product,chips_processors,option2,Taiwan,exports,2019-Q4,0.32
product,chips_processors,option2,Taiwan,exports,2020-Q1,0.6
product,chips_processors,option2,Taiwan,exports,2020-Q2,0.31
product,chips_processors,option2,Taiwan,exports,2020-Q3,0.69
product,chips_processors,option2,Taiwan,exports,2020-Q4,1.19
product,chips_processors,option2,Taiwan,exports,2021-Q1,1.0
product,chips_processors,option2,Taiwan,exports,2021-Q2,0.73
product,chips_processors,option2,Taiwan,exports,2021-Q3,1.14
product,chips_processors,option2,Taiwan,exports,2021-Q4,0.88
product,chips_processors,option2,Taiwan,exports,2022-Q1,0.95
product,chips_processors,option2,Taiwan,exports,2022-Q2,1.78
product,chips_processors,option2,Taiwan,exports,2022-Q3,5.39
product,chips_processors,option2,Taiwan,exports,2022-Q4,3.87
product,chips_processors,option2,Taiwan,exports,2023-Q1,4.26
product,chips_processors,option2,Taiwan,exports,2023-Q2,0.77
product,chips_processors,option2,Taiwan,exports,2023-Q3,1.42
product,chips_processors,option2,Taiwan,exports,2023-Q4,0.42
product,chips_processors,option2,Taiwan,exports,2024-Q1,0.24
product,chips_processors,option2,Taiwan,exports,2024-Q2,0.31
product,chips_processors,option2,Taiwan,exports,2024-Q3,0.4
product,chips_processors,option2,Taiwan,exports,2024-Q4,0.54
product,chips_processors,option2,Taiwan,exports,2025-Q1,0.51
product,chips_processors,option2,Taiwan,exports,2025-Q2,0.31
product,chips_processors,option2,Taiwan,exports,2025-Q3,0.55
product,chips_processors,option2,Taiwan,exports,2025-Q4,0.7
product,chips_processors,option2,Taiwan,exports,2026-Q1,0.74
product,chips_processors,option2,Taiwan,exports,2026-Q2,0.96
product,chips_processors,option1,EU,imports,2016-Q1,83.72
product,chips_processors,option1,EU,imports,2016-Q2,85.8
product,chips_processors,option1,EU,imports,2016-Q3,93.85
product,chips_processors,option1,EU,imports,2016-Q4,84.9
product,chips_processors,option1,EU,imports,2017-Q1,74.33
product,chips_processors,option1,EU,imports,2017-Q2,61.63
product,chips_processors,option1,EU,imports,2017-Q3,63.02
product,chips_processors,option1,EU,imports,2017-Q4,71.13
product,chips_processors,option1,EU,imports,2018-Q1,73.64
product,chips_processors,option1,EU,imports,2018-Q2,71.12
product,chips_processors,option1,EU,imports,2018-Q3,84.7
product,chips_processors,option1,EU,imports,2018-Q4,92.04
product,chips_processors,option1,EU,imports,2019-Q1,102.52
product,chips_processors,option1,EU,imports,2019-Q2,89.01
product,chips_processors,option1,EU,imports,2019-Q3,68.68
product,chips_processors,option1,EU,imports,2019-Q4,88.05
product,chips_processors,option1,EU,imports,2020-Q1,101.11
product,chips_processors,option1,EU,imports,2020-Q2,74.36
product,chips_processors,option1,EU,imports,2020-Q3,83.08
product,chips_processors,option1,EU,imports,2020-Q4,131.47
product,chips_processors,option1,EU,imports,2021-Q1,168.62
product,chips_processors,option1,EU,imports,2021-Q2,150.68
product,chips_processors,option1,EU,imports,2021-Q3,122.95
product,chips_processors,option1,EU,imports,2021-Q4,145.58
product,chips_processors,option1,EU,imports,2022-Q1,185.73
product,chips_processors,option1,EU,imports,2022-Q2,174.1
product,chips_processors,option1,EU,imports,2022-Q3,201.51
product,chips_processors,option1,EU,imports,2022-Q4,185.05
product,chips_processors,option1,EU,imports,2023-Q1,157.72
product,chips_processors,option1,EU,imports,2023-Q2,156.04
product,chips_processors,option1,EU,imports,2023-Q3,161.66
product,chips_processors,option1,EU,imports,2023-Q4,170.01
product,chips_processors,option1,EU,imports,2024-Q1,136.73
product,chips_processors,option1,EU,imports,2024-Q2,150.24
product,chips_processors,option1,EU,imports,2024-Q3,133.1
product,chips_processors,option1,EU,imports,2024-Q4,133.89
product,chips_processors,option1,EU,imports,2025-Q1,124.88
product,chips_processors,option1,EU,imports,2025-Q2,124.36
product,chips_processors,option1,EU,imports,2025-Q3,133.64
product,chips_processors,option1,EU,imports,2025-Q4,114.25
product,chips_processors,option1,EU,imports,2026-Q1,116.14
product,chips_processors,option1,EU,imports,2026-Q2,127.71
product,chips_processors,option1,US,imports,2016-Q1,12.36
product,chips_processors,option1,US,imports,2016-Q2,14.59
product,chips_processors,option1,US,imports,2016-Q3,14.32
product,chips_processors,option1,US,imports,2016-Q4,14.87
product,chips_processors,option1,US,imports,2017-Q1,19.98
product,chips_processors,option1,US,imports,2017-Q2,15.04
product,chips_processors,option1,US,imports,2017-Q3,19.54
product,chips_processors,option1,US,imports,2017-Q4,14.46
product,chips_processors,option1,US,imports,2018-Q1,16.41
product,chips_processors,option1,US,imports,2018-Q2,12.82
product,chips_processors,option1,US,imports,2018-Q3,13.94
product,chips_processors,option1,US,imports,2018-Q4,19.93
product,chips_processors,option1,US,imports,2019-Q1,31.13
product,chips_processors,option1,US,imports,2019-Q2,15.62
product,chips_processors,option1,US,imports,2019-Q3,13.65
product,chips_processors,option1,US,imports,2019-Q4,17.8
product,chips_processors,option1,US,imports,2020-Q1,23.46
product,chips_processors,option1,US,imports,2020-Q2,36.39
product,chips_processors,option1,US,imports,2020-Q3,18.7
product,chips_processors,option1,US,imports,2020-Q4,33.19
product,chips_processors,option1,US,imports,2021-Q1,17.78
product,chips_processors,option1,US,imports,2021-Q2,21.78
product,chips_processors,option1,US,imports,2021-Q3,23.13
product,chips_processors,option1,US,imports,2021-Q4,18.58
product,chips_processors,option1,US,imports,2022-Q1,23.02
product,chips_processors,option1,US,imports,2022-Q2,33.12
product,chips_processors,option1,US,imports,2022-Q3,25.51
product,chips_processors,option1,US,imports,2022-Q4,17.92
product,chips_processors,option1,US,imports,2023-Q1,31.61
product,chips_processors,option1,US,imports,2023-Q2,23.25
product,chips_processors,option1,US,imports,2023-Q3,21.19
product,chips_processors,option1,US,imports,2023-Q4,19.67
product,chips_processors,option1,US,imports,2024-Q1,24.58
product,chips_processors,option1,US,imports,2024-Q2,24.95
product,chips_processors,option1,US,imports,2024-Q3,18.41
product,chips_processors,option1,US,imports,2024-Q4,21.31
product,chips_processors,option1,US,imports,2025-Q1,16.79
product,chips_processors,option1,US,imports,2025-Q2,21.77
product,chips_processors,option1,US,imports,2025-Q3,20.73
product,chips_processors,option1,US,imports,2025-Q4,19.16
product,chips_processors,option1,US,imports,2026-Q1,22.35
product,chips_processors,option1,US,imports,2026-Q2,20.48
product,chips_processors,option1,East Asia,imports,2016-Q1,11.94
product,chips_processors,option1,East Asia,imports,2016-Q2,11.98
product,chips_processors,option1,East Asia,imports,2016-Q3,11.81
product,chips_processors,option1,East Asia,imports,2016-Q4,12.14
product,chips_processors,option1,East Asia,imports,2017-Q1,12.83
product,chips_processors,option1,East Asia,imports,2017-Q2,9.45
product,chips_processors,option1,East Asia,imports,2017-Q3,31.6
product,chips_processors,option1,East Asia,imports,2017-Q4,22.34
product,chips_processors,option1,East Asia,imports,2018-Q1,19.45
product,chips_processors,option1,East Asia,imports,2018-Q2,19.03
product,chips_processors,option1,East Asia,imports,2018-Q3,14.5
product,chips_processors,option1,East Asia,imports,2018-Q4,10.86
product,chips_processors,option1,East Asia,imports,2019-Q1,13.8
product,chips_processors,option1,East Asia,imports,2019-Q2,12.8
product,chips_processors,option1,East Asia,imports,2019-Q3,11.84
product,chips_processors,option1,East Asia,imports,2019-Q4,8.97
product,chips_processors,option1,East Asia,imports,2020-Q1,7.37
product,chips_processors,option1,East Asia,imports,2020-Q2,8.11
product,chips_processors,option1,East Asia,imports,2020-Q3,8.23
product,chips_processors,option1,East Asia,imports,2020-Q4,10.86
product,chips_processors,option1,East Asia,imports,2021-Q1,20.94
product,chips_processors,option1,East Asia,imports,2021-Q2,27.46
product,chips_processors,option1,East Asia,imports,2021-Q3,27.18
product,chips_processors,option1,East Asia,imports,2021-Q4,35.0
product,chips_processors,option1,East Asia,imports,2022-Q1,30.94
product,chips_processors,option1,East Asia,imports,2022-Q2,40.64
product,chips_processors,option1,East Asia,imports,2022-Q3,45.3
product,chips_processors,option1,East Asia,imports,2022-Q4,30.27
product,chips_processors,option1,East Asia,imports,2023-Q1,28.65
product,chips_processors,option1,East Asia,imports,2023-Q2,24.49
product,chips_processors,option1,East Asia,imports,2023-Q3,13.97
product,chips_processors,option1,East Asia,imports,2023-Q4,17.68
product,chips_processors,option1,East Asia,imports,2024-Q1,10.59
product,chips_processors,option1,East Asia,imports,2024-Q2,13.02
product,chips_processors,option1,East Asia,imports,2024-Q3,14.77
product,chips_processors,option1,East Asia,imports,2024-Q4,21.24
product,chips_processors,option1,East Asia,imports,2025-Q1,18.36
product,chips_processors,option1,East Asia,imports,2025-Q2,25.41
product,chips_processors,option1,East Asia,imports,2025-Q3,19.65
product,chips_processors,option1,East Asia,imports,2025-Q4,20.35
product,chips_processors,option1,East Asia,imports,2026-Q1,38.73
product,chips_processors,option1,East Asia,imports,2026-Q2,28.49
product,chips_processors,option1,Rest of world,imports,2016-Q1,46.03
product,chips_processors,option1,Rest of world,imports,2016-Q2,54.71
product,chips_processors,option1,Rest of world,imports,2016-Q3,56.37
product,chips_processors,option1,Rest of world,imports,2016-Q4,59.16
product,chips_processors,option1,Rest of world,imports,2017-Q1,64.16
product,chips_processors,option1,Rest of world,imports,2017-Q2,53.84
product,chips_processors,option1,Rest of world,imports,2017-Q3,57.02
product,chips_processors,option1,Rest of world,imports,2017-Q4,64.01
product,chips_processors,option1,Rest of world,imports,2018-Q1,61.63
product,chips_processors,option1,Rest of world,imports,2018-Q2,56.5
product,chips_processors,option1,Rest of world,imports,2018-Q3,62.0
product,chips_processors,option1,Rest of world,imports,2018-Q4,73.25
product,chips_processors,option1,Rest of world,imports,2019-Q1,38.5
product,chips_processors,option1,Rest of world,imports,2019-Q2,38.56
product,chips_processors,option1,Rest of world,imports,2019-Q3,37.06
product,chips_processors,option1,Rest of world,imports,2019-Q4,35.09
product,chips_processors,option1,Rest of world,imports,2020-Q1,44.76
product,chips_processors,option1,Rest of world,imports,2020-Q2,28.13
product,chips_processors,option1,Rest of world,imports,2020-Q3,31.01
product,chips_processors,option1,Rest of world,imports,2020-Q4,31.38
product,chips_processors,option1,Rest of world,imports,2021-Q1,17.98
product,chips_processors,option1,Rest of world,imports,2021-Q2,18.27
product,chips_processors,option1,Rest of world,imports,2021-Q3,20.79
product,chips_processors,option1,Rest of world,imports,2021-Q4,17.91
product,chips_processors,option1,Rest of world,imports,2022-Q1,19.84
product,chips_processors,option1,Rest of world,imports,2022-Q2,22.97
product,chips_processors,option1,Rest of world,imports,2022-Q3,28.72
product,chips_processors,option1,Rest of world,imports,2022-Q4,23.93
product,chips_processors,option1,Rest of world,imports,2023-Q1,32.45
product,chips_processors,option1,Rest of world,imports,2023-Q2,29.04
product,chips_processors,option1,Rest of world,imports,2023-Q3,24.02
product,chips_processors,option1,Rest of world,imports,2023-Q4,22.06
product,chips_processors,option1,Rest of world,imports,2024-Q1,16.03
product,chips_processors,option1,Rest of world,imports,2024-Q2,15.33
product,chips_processors,option1,Rest of world,imports,2024-Q3,13.06
product,chips_processors,option1,Rest of world,imports,2024-Q4,9.35
product,chips_processors,option1,Rest of world,imports,2025-Q1,19.9
product,chips_processors,option1,Rest of world,imports,2025-Q2,16.08
product,chips_processors,option1,Rest of world,imports,2025-Q3,17.0
product,chips_processors,option1,Rest of world,imports,2025-Q4,17.08
product,chips_processors,option1,Rest of world,imports,2026-Q1,21.07
product,chips_processors,option1,Rest of world,imports,2026-Q2,18.62
product,chips_processors,option2,China incl. Hong Kong,imports,2016-Q1,7.38
product,chips_processors,option2,China incl. Hong Kong,imports,2016-Q2,7.76
product,chips_processors,option2,China incl. Hong Kong,imports,2016-Q3,8.2
product,chips_processors,option2,China incl. Hong Kong,imports,2016-Q4,7.95
product,chips_processors,option2,China incl. Hong Kong,imports,2017-Q1,8.31
product,chips_processors,option2,China incl. Hong Kong,imports,2017-Q2,5.61
product,chips_processors,option2,China incl. Hong Kong,imports,2017-Q3,25.78
product,chips_processors,option2,China incl. Hong Kong,imports,2017-Q4,18.44
product,chips_processors,option2,China incl. Hong Kong,imports,2018-Q1,14.72
product,chips_processors,option2,China incl. Hong Kong,imports,2018-Q2,14.71
product,chips_processors,option2,China incl. Hong Kong,imports,2018-Q3,10.65
product,chips_processors,option2,China incl. Hong Kong,imports,2018-Q4,7.24
product,chips_processors,option2,China incl. Hong Kong,imports,2019-Q1,8.21
product,chips_processors,option2,China incl. Hong Kong,imports,2019-Q2,9.09
product,chips_processors,option2,China incl. Hong Kong,imports,2019-Q3,8.4
product,chips_processors,option2,China incl. Hong Kong,imports,2019-Q4,5.09
product,chips_processors,option2,China incl. Hong Kong,imports,2020-Q1,4.83
product,chips_processors,option2,China incl. Hong Kong,imports,2020-Q2,5.9
product,chips_processors,option2,China incl. Hong Kong,imports,2020-Q3,5.66
product,chips_processors,option2,China incl. Hong Kong,imports,2020-Q4,6.3
product,chips_processors,option2,China incl. Hong Kong,imports,2021-Q1,12.64
product,chips_processors,option2,China incl. Hong Kong,imports,2021-Q2,23.19
product,chips_processors,option2,China incl. Hong Kong,imports,2021-Q3,23.92
product,chips_processors,option2,China incl. Hong Kong,imports,2021-Q4,30.73
product,chips_processors,option2,China incl. Hong Kong,imports,2022-Q1,25.66
product,chips_processors,option2,China incl. Hong Kong,imports,2022-Q2,34.66
product,chips_processors,option2,China incl. Hong Kong,imports,2022-Q3,36.15
product,chips_processors,option2,China incl. Hong Kong,imports,2022-Q4,24.48
product,chips_processors,option2,China incl. Hong Kong,imports,2023-Q1,22.15
product,chips_processors,option2,China incl. Hong Kong,imports,2023-Q2,14.91
product,chips_processors,option2,China incl. Hong Kong,imports,2023-Q3,9.45
product,chips_processors,option2,China incl. Hong Kong,imports,2023-Q4,12.15
product,chips_processors,option2,China incl. Hong Kong,imports,2024-Q1,7.26
product,chips_processors,option2,China incl. Hong Kong,imports,2024-Q2,10.56
product,chips_processors,option2,China incl. Hong Kong,imports,2024-Q3,12.04
product,chips_processors,option2,China incl. Hong Kong,imports,2024-Q4,13.61
product,chips_processors,option2,China incl. Hong Kong,imports,2025-Q1,15.37
product,chips_processors,option2,China incl. Hong Kong,imports,2025-Q2,15.27
product,chips_processors,option2,China incl. Hong Kong,imports,2025-Q3,16.78
product,chips_processors,option2,China incl. Hong Kong,imports,2025-Q4,17.22
product,chips_processors,option2,China incl. Hong Kong,imports,2026-Q1,16.83
product,chips_processors,option2,China incl. Hong Kong,imports,2026-Q2,19.06
product,chips_processors,option2,Japan,imports,2016-Q1,2.06
product,chips_processors,option2,Japan,imports,2016-Q2,1.21
product,chips_processors,option2,Japan,imports,2016-Q3,1.05
product,chips_processors,option2,Japan,imports,2016-Q4,1.29
product,chips_processors,option2,Japan,imports,2017-Q1,1.8
product,chips_processors,option2,Japan,imports,2017-Q2,0.92
product,chips_processors,option2,Japan,imports,2017-Q3,0.87
product,chips_processors,option2,Japan,imports,2017-Q4,0.63
product,chips_processors,option2,Japan,imports,2018-Q1,0.82
product,chips_processors,option2,Japan,imports,2018-Q2,1.0
product,chips_processors,option2,Japan,imports,2018-Q3,0.9
product,chips_processors,option2,Japan,imports,2018-Q4,0.86
product,chips_processors,option2,Japan,imports,2019-Q1,2.42
product,chips_processors,option2,Japan,imports,2019-Q2,1.67
product,chips_processors,option2,Japan,imports,2019-Q3,2.05
product,chips_processors,option2,Japan,imports,2019-Q4,1.18
product,chips_processors,option2,Japan,imports,2020-Q1,1.15
product,chips_processors,option2,Japan,imports,2020-Q2,0.64
product,chips_processors,option2,Japan,imports,2020-Q3,1.53
product,chips_processors,option2,Japan,imports,2020-Q4,1.47
product,chips_processors,option2,Japan,imports,2021-Q1,1.77
product,chips_processors,option2,Japan,imports,2021-Q2,2.24
product,chips_processors,option2,Japan,imports,2021-Q3,1.59
product,chips_processors,option2,Japan,imports,2021-Q4,2.64
product,chips_processors,option2,Japan,imports,2022-Q1,2.57
product,chips_processors,option2,Japan,imports,2022-Q2,2.92
product,chips_processors,option2,Japan,imports,2022-Q3,1.76
product,chips_processors,option2,Japan,imports,2022-Q4,1.72
product,chips_processors,option2,Japan,imports,2023-Q1,2.68
product,chips_processors,option2,Japan,imports,2023-Q2,2.75
product,chips_processors,option2,Japan,imports,2023-Q3,2.82
product,chips_processors,option2,Japan,imports,2023-Q4,3.24
product,chips_processors,option2,Japan,imports,2024-Q1,2.21
product,chips_processors,option2,Japan,imports,2024-Q2,1.73
product,chips_processors,option2,Japan,imports,2024-Q3,1.09
product,chips_processors,option2,Japan,imports,2024-Q4,1.78
product,chips_processors,option2,Japan,imports,2025-Q1,1.45
product,chips_processors,option2,Japan,imports,2025-Q2,1.58
product,chips_processors,option2,Japan,imports,2025-Q3,1.64
product,chips_processors,option2,Japan,imports,2025-Q4,1.87
product,chips_processors,option2,Japan,imports,2026-Q1,2.22
product,chips_processors,option2,Japan,imports,2026-Q2,2.45
product,chips_processors,option2,South Korea,imports,2016-Q1,0.48
product,chips_processors,option2,South Korea,imports,2016-Q2,0.47
product,chips_processors,option2,South Korea,imports,2016-Q3,0.66
product,chips_processors,option2,South Korea,imports,2016-Q4,0.58
product,chips_processors,option2,South Korea,imports,2017-Q1,0.61
product,chips_processors,option2,South Korea,imports,2017-Q2,0.43
product,chips_processors,option2,South Korea,imports,2017-Q3,0.82
product,chips_processors,option2,South Korea,imports,2017-Q4,0.24
product,chips_processors,option2,South Korea,imports,2018-Q1,0.43
product,chips_processors,option2,South Korea,imports,2018-Q2,0.46
product,chips_processors,option2,South Korea,imports,2018-Q3,0.31
product,chips_processors,option2,South Korea,imports,2018-Q4,0.22
product,chips_processors,option2,South Korea,imports,2019-Q1,0.19
product,chips_processors,option2,South Korea,imports,2019-Q2,0.12
product,chips_processors,option2,South Korea,imports,2019-Q3,0.08
product,chips_processors,option2,South Korea,imports,2019-Q4,0.18
product,chips_processors,option2,South Korea,imports,2020-Q1,0.11
product,chips_processors,option2,South Korea,imports,2020-Q2,0.43
product,chips_processors,option2,South Korea,imports,2020-Q3,0.13
product,chips_processors,option2,South Korea,imports,2020-Q4,0.13
product,chips_processors,option2,South Korea,imports,2021-Q1,2.94
product,chips_processors,option2,South Korea,imports,2021-Q2,0.23
product,chips_processors,option2,South Korea,imports,2021-Q3,0.83
product,chips_processors,option2,South Korea,imports,2021-Q4,0.36
product,chips_processors,option2,South Korea,imports,2022-Q1,0.38
product,chips_processors,option2,South Korea,imports,2022-Q2,0.43
product,chips_processors,option2,South Korea,imports,2022-Q3,0.32
product,chips_processors,option2,South Korea,imports,2022-Q4,0.6
product,chips_processors,option2,South Korea,imports,2023-Q1,0.32
product,chips_processors,option2,South Korea,imports,2023-Q2,0.17
product,chips_processors,option2,South Korea,imports,2023-Q3,0.21
product,chips_processors,option2,South Korea,imports,2023-Q4,0.23
product,chips_processors,option2,South Korea,imports,2024-Q1,0.17
product,chips_processors,option2,South Korea,imports,2024-Q2,0.18
product,chips_processors,option2,South Korea,imports,2024-Q3,0.3
product,chips_processors,option2,South Korea,imports,2024-Q4,0.17
product,chips_processors,option2,South Korea,imports,2025-Q1,0.35
product,chips_processors,option2,South Korea,imports,2025-Q2,0.28
product,chips_processors,option2,South Korea,imports,2025-Q3,0.35
product,chips_processors,option2,South Korea,imports,2025-Q4,0.49
product,chips_processors,option2,South Korea,imports,2026-Q1,0.37
product,chips_processors,option2,South Korea,imports,2026-Q2,0.78
product,chips_processors,option2,Taiwan,imports,2016-Q1,2.03
product,chips_processors,option2,Taiwan,imports,2016-Q2,2.53
product,chips_processors,option2,Taiwan,imports,2016-Q3,1.9
product,chips_processors,option2,Taiwan,imports,2016-Q4,2.32
product,chips_processors,option2,Taiwan,imports,2017-Q1,2.11
product,chips_processors,option2,Taiwan,imports,2017-Q2,2.49
product,chips_processors,option2,Taiwan,imports,2017-Q3,4.14
product,chips_processors,option2,Taiwan,imports,2017-Q4,3.03
product,chips_processors,option2,Taiwan,imports,2018-Q1,3.48
product,chips_processors,option2,Taiwan,imports,2018-Q2,2.86
product,chips_processors,option2,Taiwan,imports,2018-Q3,2.64
product,chips_processors,option2,Taiwan,imports,2018-Q4,2.54
product,chips_processors,option2,Taiwan,imports,2019-Q1,2.97
product,chips_processors,option2,Taiwan,imports,2019-Q2,1.92
product,chips_processors,option2,Taiwan,imports,2019-Q3,1.31
product,chips_processors,option2,Taiwan,imports,2019-Q4,2.52
product,chips_processors,option2,Taiwan,imports,2020-Q1,1.27
product,chips_processors,option2,Taiwan,imports,2020-Q2,1.13
product,chips_processors,option2,Taiwan,imports,2020-Q3,0.91
product,chips_processors,option2,Taiwan,imports,2020-Q4,2.96
product,chips_processors,option2,Taiwan,imports,2021-Q1,3.59
product,chips_processors,option2,Taiwan,imports,2021-Q2,1.8
product,chips_processors,option2,Taiwan,imports,2021-Q3,0.85
product,chips_processors,option2,Taiwan,imports,2021-Q4,1.27
product,chips_processors,option2,Taiwan,imports,2022-Q1,2.33
product,chips_processors,option2,Taiwan,imports,2022-Q2,2.63
product,chips_processors,option2,Taiwan,imports,2022-Q3,7.08
product,chips_processors,option2,Taiwan,imports,2022-Q4,3.47
product,chips_processors,option2,Taiwan,imports,2023-Q1,3.51
product,chips_processors,option2,Taiwan,imports,2023-Q2,6.66
product,chips_processors,option2,Taiwan,imports,2023-Q3,1.48
product,chips_processors,option2,Taiwan,imports,2023-Q4,2.07
product,chips_processors,option2,Taiwan,imports,2024-Q1,0.95
product,chips_processors,option2,Taiwan,imports,2024-Q2,0.56
product,chips_processors,option2,Taiwan,imports,2024-Q3,1.34
product,chips_processors,option2,Taiwan,imports,2024-Q4,5.69
product,chips_processors,option2,Taiwan,imports,2025-Q1,1.19
product,chips_processors,option2,Taiwan,imports,2025-Q2,8.28
product,chips_processors,option2,Taiwan,imports,2025-Q3,0.88
product,chips_processors,option2,Taiwan,imports,2025-Q4,0.76
product,chips_processors,option2,Taiwan,imports,2026-Q1,19.31
product,chips_processors,option2,Taiwan,imports,2026-Q2,6.19
product,chips_memory,option1,EU,exports,2016-Q1,11.89
product,chips_memory,option1,EU,exports,2016-Q2,10.87
product,chips_memory,option1,EU,exports,2016-Q3,11.64
product,chips_memory,option1,EU,exports,2016-Q4,12.45
product,chips_memory,option1,EU,exports,2017-Q1,14.04
product,chips_memory,option1,EU,exports,2017-Q2,8.35
product,chips_memory,option1,EU,exports,2017-Q3,8.28
product,chips_memory,option1,EU,exports,2017-Q4,9.59
product,chips_memory,option1,EU,exports,2018-Q1,11.23
product,chips_memory,option1,EU,exports,2018-Q2,10.13
product,chips_memory,option1,EU,exports,2018-Q3,8.65
product,chips_memory,option1,EU,exports,2018-Q4,7.81
product,chips_memory,option1,EU,exports,2019-Q1,10.42
product,chips_memory,option1,EU,exports,2019-Q2,6.73
product,chips_memory,option1,EU,exports,2019-Q3,7.85
product,chips_memory,option1,EU,exports,2019-Q4,9.42
product,chips_memory,option1,EU,exports,2020-Q1,12.18
product,chips_memory,option1,EU,exports,2020-Q2,36.32
product,chips_memory,option1,EU,exports,2020-Q3,33.2
product,chips_memory,option1,EU,exports,2020-Q4,30.83
product,chips_memory,option1,EU,exports,2021-Q1,5.2
product,chips_memory,option1,EU,exports,2021-Q2,7.88
product,chips_memory,option1,EU,exports,2021-Q3,8.2
product,chips_memory,option1,EU,exports,2021-Q4,16.94
product,chips_memory,option1,EU,exports,2022-Q1,17.55
product,chips_memory,option1,EU,exports,2022-Q2,15.88
product,chips_memory,option1,EU,exports,2022-Q3,12.54
product,chips_memory,option1,EU,exports,2022-Q4,7.75
product,chips_memory,option1,EU,exports,2023-Q1,7.87
product,chips_memory,option1,EU,exports,2023-Q2,5.66
product,chips_memory,option1,EU,exports,2023-Q3,5.64
product,chips_memory,option1,EU,exports,2023-Q4,5.05
product,chips_memory,option1,EU,exports,2024-Q1,5.91
product,chips_memory,option1,EU,exports,2024-Q2,5.42
product,chips_memory,option1,EU,exports,2024-Q3,3.82
product,chips_memory,option1,EU,exports,2024-Q4,3.88
product,chips_memory,option1,EU,exports,2025-Q1,5.52
product,chips_memory,option1,EU,exports,2025-Q2,5.28
product,chips_memory,option1,EU,exports,2025-Q3,7.58
product,chips_memory,option1,EU,exports,2025-Q4,11.18
product,chips_memory,option1,EU,exports,2026-Q1,27.72
product,chips_memory,option1,EU,exports,2026-Q2,46.25
product,chips_memory,option1,US,exports,2016-Q1,0.88
product,chips_memory,option1,US,exports,2016-Q2,1.09
product,chips_memory,option1,US,exports,2016-Q3,0.76
product,chips_memory,option1,US,exports,2016-Q4,0.7
product,chips_memory,option1,US,exports,2017-Q1,0.63
product,chips_memory,option1,US,exports,2017-Q2,0.8
product,chips_memory,option1,US,exports,2017-Q3,0.74
product,chips_memory,option1,US,exports,2017-Q4,1.04
product,chips_memory,option1,US,exports,2018-Q1,0.9
product,chips_memory,option1,US,exports,2018-Q2,1.22
product,chips_memory,option1,US,exports,2018-Q3,1.71
product,chips_memory,option1,US,exports,2018-Q4,1.25
product,chips_memory,option1,US,exports,2019-Q1,4.03
product,chips_memory,option1,US,exports,2019-Q2,0.61
product,chips_memory,option1,US,exports,2019-Q3,1.44
product,chips_memory,option1,US,exports,2019-Q4,6.97
product,chips_memory,option1,US,exports,2020-Q1,0.76
product,chips_memory,option1,US,exports,2020-Q2,1.6
product,chips_memory,option1,US,exports,2020-Q3,0.84
product,chips_memory,option1,US,exports,2020-Q4,0.72
product,chips_memory,option1,US,exports,2021-Q1,0.61
product,chips_memory,option1,US,exports,2021-Q2,2.27
product,chips_memory,option1,US,exports,2021-Q3,1.16
product,chips_memory,option1,US,exports,2021-Q4,1.69
product,chips_memory,option1,US,exports,2022-Q1,2.31
product,chips_memory,option1,US,exports,2022-Q2,2.95
product,chips_memory,option1,US,exports,2022-Q3,1.73
product,chips_memory,option1,US,exports,2022-Q4,1.98
product,chips_memory,option1,US,exports,2023-Q1,1.04
product,chips_memory,option1,US,exports,2023-Q2,1.49
product,chips_memory,option1,US,exports,2023-Q3,1.19
product,chips_memory,option1,US,exports,2023-Q4,1.92
product,chips_memory,option1,US,exports,2024-Q1,1.23
product,chips_memory,option1,US,exports,2024-Q2,1.19
product,chips_memory,option1,US,exports,2024-Q3,1.23
product,chips_memory,option1,US,exports,2024-Q4,0.85
product,chips_memory,option1,US,exports,2025-Q1,1.37
product,chips_memory,option1,US,exports,2025-Q2,1.84
product,chips_memory,option1,US,exports,2025-Q3,1.43
product,chips_memory,option1,US,exports,2025-Q4,1.31
product,chips_memory,option1,US,exports,2026-Q1,2.84
product,chips_memory,option1,US,exports,2026-Q2,20.95
product,chips_memory,option1,East Asia,exports,2016-Q1,0.67
product,chips_memory,option1,East Asia,exports,2016-Q2,0.95
product,chips_memory,option1,East Asia,exports,2016-Q3,1.25
product,chips_memory,option1,East Asia,exports,2016-Q4,0.78
product,chips_memory,option1,East Asia,exports,2017-Q1,0.48
product,chips_memory,option1,East Asia,exports,2017-Q2,0.57
product,chips_memory,option1,East Asia,exports,2017-Q3,0.95
product,chips_memory,option1,East Asia,exports,2017-Q4,1.5
product,chips_memory,option1,East Asia,exports,2018-Q1,1.09
product,chips_memory,option1,East Asia,exports,2018-Q2,1.86
product,chips_memory,option1,East Asia,exports,2018-Q3,1.23
product,chips_memory,option1,East Asia,exports,2018-Q4,1.26
product,chips_memory,option1,East Asia,exports,2019-Q1,0.62
product,chips_memory,option1,East Asia,exports,2019-Q2,9.57
product,chips_memory,option1,East Asia,exports,2019-Q3,2.14
product,chips_memory,option1,East Asia,exports,2019-Q4,3.78
product,chips_memory,option1,East Asia,exports,2020-Q1,1.36
product,chips_memory,option1,East Asia,exports,2020-Q2,1.32
product,chips_memory,option1,East Asia,exports,2020-Q3,1.03
product,chips_memory,option1,East Asia,exports,2020-Q4,3.41
product,chips_memory,option1,East Asia,exports,2021-Q1,1.86
product,chips_memory,option1,East Asia,exports,2021-Q2,4.55
product,chips_memory,option1,East Asia,exports,2021-Q3,2.15
product,chips_memory,option1,East Asia,exports,2021-Q4,12.53
product,chips_memory,option1,East Asia,exports,2022-Q1,11.51
product,chips_memory,option1,East Asia,exports,2022-Q2,4.59
product,chips_memory,option1,East Asia,exports,2022-Q3,4.49
product,chips_memory,option1,East Asia,exports,2022-Q4,4.68
product,chips_memory,option1,East Asia,exports,2023-Q1,3.26
product,chips_memory,option1,East Asia,exports,2023-Q2,4.82
product,chips_memory,option1,East Asia,exports,2023-Q3,3.24
product,chips_memory,option1,East Asia,exports,2023-Q4,3.66
product,chips_memory,option1,East Asia,exports,2024-Q1,2.68
product,chips_memory,option1,East Asia,exports,2024-Q2,2.76
product,chips_memory,option1,East Asia,exports,2024-Q3,2.56
product,chips_memory,option1,East Asia,exports,2024-Q4,1.91
product,chips_memory,option1,East Asia,exports,2025-Q1,2.13
product,chips_memory,option1,East Asia,exports,2025-Q2,3.44
product,chips_memory,option1,East Asia,exports,2025-Q3,6.11
product,chips_memory,option1,East Asia,exports,2025-Q4,19.1
product,chips_memory,option1,East Asia,exports,2026-Q1,54.36
product,chips_memory,option1,East Asia,exports,2026-Q2,48.32
product,chips_memory,option1,Rest of world,exports,2016-Q1,1.07
product,chips_memory,option1,Rest of world,exports,2016-Q2,0.98
product,chips_memory,option1,Rest of world,exports,2016-Q3,1.22
product,chips_memory,option1,Rest of world,exports,2016-Q4,1.19
product,chips_memory,option1,Rest of world,exports,2017-Q1,0.99
product,chips_memory,option1,Rest of world,exports,2017-Q2,0.97
product,chips_memory,option1,Rest of world,exports,2017-Q3,1.12
product,chips_memory,option1,Rest of world,exports,2017-Q4,1.7
product,chips_memory,option1,Rest of world,exports,2018-Q1,1.13
product,chips_memory,option1,Rest of world,exports,2018-Q2,1.14
product,chips_memory,option1,Rest of world,exports,2018-Q3,1.34
product,chips_memory,option1,Rest of world,exports,2018-Q4,0.97
product,chips_memory,option1,Rest of world,exports,2019-Q1,1.2
product,chips_memory,option1,Rest of world,exports,2019-Q2,1.34
product,chips_memory,option1,Rest of world,exports,2019-Q3,1.13
product,chips_memory,option1,Rest of world,exports,2019-Q4,1.65
product,chips_memory,option1,Rest of world,exports,2020-Q1,1.14
product,chips_memory,option1,Rest of world,exports,2020-Q2,1.97
product,chips_memory,option1,Rest of world,exports,2020-Q3,1.02
product,chips_memory,option1,Rest of world,exports,2020-Q4,1.44
product,chips_memory,option1,Rest of world,exports,2021-Q1,1.16
product,chips_memory,option1,Rest of world,exports,2021-Q2,1.56
product,chips_memory,option1,Rest of world,exports,2021-Q3,2.3
product,chips_memory,option1,Rest of world,exports,2021-Q4,3.48
product,chips_memory,option1,Rest of world,exports,2022-Q1,3.69
product,chips_memory,option1,Rest of world,exports,2022-Q2,3.64
product,chips_memory,option1,Rest of world,exports,2022-Q3,3.26
product,chips_memory,option1,Rest of world,exports,2022-Q4,4.15
product,chips_memory,option1,Rest of world,exports,2023-Q1,2.15
product,chips_memory,option1,Rest of world,exports,2023-Q2,1.48
product,chips_memory,option1,Rest of world,exports,2023-Q3,2.35
product,chips_memory,option1,Rest of world,exports,2023-Q4,2.27
product,chips_memory,option1,Rest of world,exports,2024-Q1,1.51
product,chips_memory,option1,Rest of world,exports,2024-Q2,4.2
product,chips_memory,option1,Rest of world,exports,2024-Q3,4.35
product,chips_memory,option1,Rest of world,exports,2024-Q4,3.53
product,chips_memory,option1,Rest of world,exports,2025-Q1,2.58
product,chips_memory,option1,Rest of world,exports,2025-Q2,6.46
product,chips_memory,option1,Rest of world,exports,2025-Q3,4.27
product,chips_memory,option1,Rest of world,exports,2025-Q4,5.58
product,chips_memory,option1,Rest of world,exports,2026-Q1,11.19
product,chips_memory,option1,Rest of world,exports,2026-Q2,13.16
product,chips_memory,option2,China incl. Hong Kong,exports,2016-Q1,0.61
product,chips_memory,option2,China incl. Hong Kong,exports,2016-Q2,0.81
product,chips_memory,option2,China incl. Hong Kong,exports,2016-Q3,1.19
product,chips_memory,option2,China incl. Hong Kong,exports,2016-Q4,0.53
product,chips_memory,option2,China incl. Hong Kong,exports,2017-Q1,0.3
product,chips_memory,option2,China incl. Hong Kong,exports,2017-Q2,0.43
product,chips_memory,option2,China incl. Hong Kong,exports,2017-Q3,0.7
product,chips_memory,option2,China incl. Hong Kong,exports,2017-Q4,1.26
product,chips_memory,option2,China incl. Hong Kong,exports,2018-Q1,0.84
product,chips_memory,option2,China incl. Hong Kong,exports,2018-Q2,0.7
product,chips_memory,option2,China incl. Hong Kong,exports,2018-Q3,0.93
product,chips_memory,option2,China incl. Hong Kong,exports,2018-Q4,1.06
product,chips_memory,option2,China incl. Hong Kong,exports,2019-Q1,0.49
product,chips_memory,option2,China incl. Hong Kong,exports,2019-Q2,1.1
product,chips_memory,option2,China incl. Hong Kong,exports,2019-Q3,1.66
product,chips_memory,option2,China incl. Hong Kong,exports,2019-Q4,2.08
product,chips_memory,option2,China incl. Hong Kong,exports,2020-Q1,1.24
product,chips_memory,option2,China incl. Hong Kong,exports,2020-Q2,0.45
product,chips_memory,option2,China incl. Hong Kong,exports,2020-Q3,0.88
product,chips_memory,option2,China incl. Hong Kong,exports,2020-Q4,3.24
product,chips_memory,option2,China incl. Hong Kong,exports,2021-Q1,1.06
product,chips_memory,option2,China incl. Hong Kong,exports,2021-Q2,3.49
product,chips_memory,option2,China incl. Hong Kong,exports,2021-Q3,1.89
product,chips_memory,option2,China incl. Hong Kong,exports,2021-Q4,12.19
product,chips_memory,option2,China incl. Hong Kong,exports,2022-Q1,11.05
product,chips_memory,option2,China incl. Hong Kong,exports,2022-Q2,4.25
product,chips_memory,option2,China incl. Hong Kong,exports,2022-Q3,4.18
product,chips_memory,option2,China incl. Hong Kong,exports,2022-Q4,3.42
product,chips_memory,option2,China incl. Hong Kong,exports,2023-Q1,2.92
product,chips_memory,option2,China incl. Hong Kong,exports,2023-Q2,4.65
product,chips_memory,option2,China incl. Hong Kong,exports,2023-Q3,2.89
product,chips_memory,option2,China incl. Hong Kong,exports,2023-Q4,3.5
product,chips_memory,option2,China incl. Hong Kong,exports,2024-Q1,2.57
product,chips_memory,option2,China incl. Hong Kong,exports,2024-Q2,2.43
product,chips_memory,option2,China incl. Hong Kong,exports,2024-Q3,2.31
product,chips_memory,option2,China incl. Hong Kong,exports,2024-Q4,1.72
product,chips_memory,option2,China incl. Hong Kong,exports,2025-Q1,1.91
product,chips_memory,option2,China incl. Hong Kong,exports,2025-Q2,2.92
product,chips_memory,option2,China incl. Hong Kong,exports,2025-Q3,5.56
product,chips_memory,option2,China incl. Hong Kong,exports,2025-Q4,18.14
product,chips_memory,option2,China incl. Hong Kong,exports,2026-Q1,49.94
product,chips_memory,option2,China incl. Hong Kong,exports,2026-Q2,46.45
product,chips_memory,option2,Japan,exports,2016-Q1,0.05
product,chips_memory,option2,Japan,exports,2016-Q2,0.05
product,chips_memory,option2,Japan,exports,2016-Q3,0.03
product,chips_memory,option2,Japan,exports,2016-Q4,0.21
product,chips_memory,option2,Japan,exports,2017-Q1,0.02
product,chips_memory,option2,Japan,exports,2017-Q2,0.02
product,chips_memory,option2,Japan,exports,2017-Q3,0.05
product,chips_memory,option2,Japan,exports,2017-Q4,0.06
product,chips_memory,option2,Japan,exports,2018-Q1,0.09
product,chips_memory,option2,Japan,exports,2018-Q2,0.13
product,chips_memory,option2,Japan,exports,2018-Q3,0.02
product,chips_memory,option2,Japan,exports,2018-Q4,0.04
product,chips_memory,option2,Japan,exports,2019-Q1,0.02
product,chips_memory,option2,Japan,exports,2019-Q2,0.03
product,chips_memory,option2,Japan,exports,2019-Q3,0.08
product,chips_memory,option2,Japan,exports,2019-Q4,0.05
product,chips_memory,option2,Japan,exports,2020-Q1,0.01
product,chips_memory,option2,Japan,exports,2020-Q2,0.01
product,chips_memory,option2,Japan,exports,2020-Q3,0.01
product,chips_memory,option2,Japan,exports,2020-Q4,0.05
product,chips_memory,option2,Japan,exports,2021-Q1,0.02
product,chips_memory,option2,Japan,exports,2021-Q2,0.09
product,chips_memory,option2,Japan,exports,2021-Q3,0.02
product,chips_memory,option2,Japan,exports,2021-Q4,0.08
product,chips_memory,option2,Japan,exports,2022-Q1,0.07
product,chips_memory,option2,Japan,exports,2022-Q2,0.02
product,chips_memory,option2,Japan,exports,2022-Q3,0.05
product,chips_memory,option2,Japan,exports,2022-Q4,0.07
product,chips_memory,option2,Japan,exports,2023-Q1,0.12
product,chips_memory,option2,Japan,exports,2023-Q2,0.02
product,chips_memory,option2,Japan,exports,2023-Q3,0.02
product,chips_memory,option2,Japan,exports,2023-Q4,0.06
product,chips_memory,option2,Japan,exports,2024-Q1,0.01
product,chips_memory,option2,Japan,exports,2024-Q2,0.02
product,chips_memory,option2,Japan,exports,2024-Q3,0.09
product,chips_memory,option2,Japan,exports,2024-Q4,0.01
product,chips_memory,option2,Japan,exports,2025-Q1,0.03
product,chips_memory,option2,Japan,exports,2025-Q2,0.03
product,chips_memory,option2,Japan,exports,2025-Q3,0.24
product,chips_memory,option2,Japan,exports,2025-Q4,0.03
product,chips_memory,option2,Japan,exports,2026-Q1,0.26
product,chips_memory,option2,Japan,exports,2026-Q2,0.05
product,chips_memory,option2,South Korea,exports,2016-Q1,0.01
product,chips_memory,option2,South Korea,exports,2016-Q2,0.01
product,chips_memory,option2,South Korea,exports,2016-Q3,0.02
product,chips_memory,option2,South Korea,exports,2016-Q4,0.01
product,chips_memory,option2,South Korea,exports,2017-Q1,0.0
product,chips_memory,option2,South Korea,exports,2017-Q2,0.02
product,chips_memory,option2,South Korea,exports,2017-Q3,0.04
product,chips_memory,option2,South Korea,exports,2017-Q4,0.02
product,chips_memory,option2,South Korea,exports,2018-Q1,0.0
product,chips_memory,option2,South Korea,exports,2018-Q2,0.0
product,chips_memory,option2,South Korea,exports,2018-Q3,0.17
product,chips_memory,option2,South Korea,exports,2018-Q4,0.01
product,chips_memory,option2,South Korea,exports,2019-Q1,0.0
product,chips_memory,option2,South Korea,exports,2019-Q2,8.32
product,chips_memory,option2,South Korea,exports,2019-Q3,0.35
product,chips_memory,option2,South Korea,exports,2019-Q4,1.61
product,chips_memory,option2,South Korea,exports,2020-Q1,0.01
product,chips_memory,option2,South Korea,exports,2020-Q2,0.77
product,chips_memory,option2,South Korea,exports,2020-Q3,0.04
product,chips_memory,option2,South Korea,exports,2020-Q4,0.08
product,chips_memory,option2,South Korea,exports,2021-Q1,0.05
product,chips_memory,option2,South Korea,exports,2021-Q2,0.03
product,chips_memory,option2,South Korea,exports,2021-Q3,0.09
product,chips_memory,option2,South Korea,exports,2021-Q4,0.09
product,chips_memory,option2,South Korea,exports,2022-Q1,0.08
product,chips_memory,option2,South Korea,exports,2022-Q2,0.06
product,chips_memory,option2,South Korea,exports,2022-Q3,0.03
product,chips_memory,option2,South Korea,exports,2022-Q4,0.09
product,chips_memory,option2,South Korea,exports,2023-Q1,0.03
product,chips_memory,option2,South Korea,exports,2023-Q2,0.03
product,chips_memory,option2,South Korea,exports,2023-Q3,0.03
product,chips_memory,option2,South Korea,exports,2023-Q4,0.05
product,chips_memory,option2,South Korea,exports,2024-Q1,0.02
product,chips_memory,option2,South Korea,exports,2024-Q2,0.03
product,chips_memory,option2,South Korea,exports,2024-Q3,0.03
product,chips_memory,option2,South Korea,exports,2024-Q4,0.03
product,chips_memory,option2,South Korea,exports,2025-Q1,0.04
product,chips_memory,option2,South Korea,exports,2025-Q2,0.01
product,chips_memory,option2,South Korea,exports,2025-Q3,0.04
product,chips_memory,option2,South Korea,exports,2025-Q4,0.03
product,chips_memory,option2,South Korea,exports,2026-Q1,0.1
product,chips_memory,option2,South Korea,exports,2026-Q2,0.06
product,chips_memory,option2,Taiwan,exports,2016-Q1,0.0
product,chips_memory,option2,Taiwan,exports,2016-Q2,0.09
product,chips_memory,option2,Taiwan,exports,2016-Q3,0.01
product,chips_memory,option2,Taiwan,exports,2016-Q4,0.03
product,chips_memory,option2,Taiwan,exports,2017-Q1,0.16
product,chips_memory,option2,Taiwan,exports,2017-Q2,0.1
product,chips_memory,option2,Taiwan,exports,2017-Q3,0.15
product,chips_memory,option2,Taiwan,exports,2017-Q4,0.16
product,chips_memory,option2,Taiwan,exports,2018-Q1,0.15
product,chips_memory,option2,Taiwan,exports,2018-Q2,1.02
product,chips_memory,option2,Taiwan,exports,2018-Q3,0.11
product,chips_memory,option2,Taiwan,exports,2018-Q4,0.16
product,chips_memory,option2,Taiwan,exports,2019-Q1,0.1
product,chips_memory,option2,Taiwan,exports,2019-Q2,0.13
product,chips_memory,option2,Taiwan,exports,2019-Q3,0.04
product,chips_memory,option2,Taiwan,exports,2019-Q4,0.03
product,chips_memory,option2,Taiwan,exports,2020-Q1,0.1
product,chips_memory,option2,Taiwan,exports,2020-Q2,0.1
product,chips_memory,option2,Taiwan,exports,2020-Q3,0.09
product,chips_memory,option2,Taiwan,exports,2020-Q4,0.05
product,chips_memory,option2,Taiwan,exports,2021-Q1,0.73
product,chips_memory,option2,Taiwan,exports,2021-Q2,0.94
product,chips_memory,option2,Taiwan,exports,2021-Q3,0.14
product,chips_memory,option2,Taiwan,exports,2021-Q4,0.17
product,chips_memory,option2,Taiwan,exports,2022-Q1,0.32
product,chips_memory,option2,Taiwan,exports,2022-Q2,0.25
product,chips_memory,option2,Taiwan,exports,2022-Q3,0.23
product,chips_memory,option2,Taiwan,exports,2022-Q4,1.11
product,chips_memory,option2,Taiwan,exports,2023-Q1,0.19
product,chips_memory,option2,Taiwan,exports,2023-Q2,0.12
product,chips_memory,option2,Taiwan,exports,2023-Q3,0.31
product,chips_memory,option2,Taiwan,exports,2023-Q4,0.05
product,chips_memory,option2,Taiwan,exports,2024-Q1,0.08
product,chips_memory,option2,Taiwan,exports,2024-Q2,0.27
product,chips_memory,option2,Taiwan,exports,2024-Q3,0.13
product,chips_memory,option2,Taiwan,exports,2024-Q4,0.16
product,chips_memory,option2,Taiwan,exports,2025-Q1,0.16
product,chips_memory,option2,Taiwan,exports,2025-Q2,0.48
product,chips_memory,option2,Taiwan,exports,2025-Q3,0.27
product,chips_memory,option2,Taiwan,exports,2025-Q4,0.9
product,chips_memory,option2,Taiwan,exports,2026-Q1,4.06
product,chips_memory,option2,Taiwan,exports,2026-Q2,1.76
product,chips_memory,option1,EU,imports,2016-Q1,15.21
product,chips_memory,option1,EU,imports,2016-Q2,13.58
product,chips_memory,option1,EU,imports,2016-Q3,13.22
product,chips_memory,option1,EU,imports,2016-Q4,15.7
product,chips_memory,option1,EU,imports,2017-Q1,16.22
product,chips_memory,option1,EU,imports,2017-Q2,15.64
product,chips_memory,option1,EU,imports,2017-Q3,17.56
product,chips_memory,option1,EU,imports,2017-Q4,13.72
product,chips_memory,option1,EU,imports,2018-Q1,12.48
product,chips_memory,option1,EU,imports,2018-Q2,13.99
product,chips_memory,option1,EU,imports,2018-Q3,19.55
product,chips_memory,option1,EU,imports,2018-Q4,13.83
product,chips_memory,option1,EU,imports,2019-Q1,12.43
product,chips_memory,option1,EU,imports,2019-Q2,18.33
product,chips_memory,option1,EU,imports,2019-Q3,33.03
product,chips_memory,option1,EU,imports,2019-Q4,28.28
product,chips_memory,option1,EU,imports,2020-Q1,24.94
product,chips_memory,option1,EU,imports,2020-Q2,20.45
product,chips_memory,option1,EU,imports,2020-Q3,27.52
product,chips_memory,option1,EU,imports,2020-Q4,30.48
product,chips_memory,option1,EU,imports,2021-Q1,32.54
product,chips_memory,option1,EU,imports,2021-Q2,34.84
product,chips_memory,option1,EU,imports,2021-Q3,24.96
product,chips_memory,option1,EU,imports,2021-Q4,28.46
product,chips_memory,option1,EU,imports,2022-Q1,25.17
product,chips_memory,option1,EU,imports,2022-Q2,19.13
product,chips_memory,option1,EU,imports,2022-Q3,25.62
product,chips_memory,option1,EU,imports,2022-Q4,25.26
product,chips_memory,option1,EU,imports,2023-Q1,22.32
product,chips_memory,option1,EU,imports,2023-Q2,24.32
product,chips_memory,option1,EU,imports,2023-Q3,27.14
product,chips_memory,option1,EU,imports,2023-Q4,35.98
product,chips_memory,option1,EU,imports,2024-Q1,24.53
product,chips_memory,option1,EU,imports,2024-Q2,21.79
product,chips_memory,option1,EU,imports,2024-Q3,15.37
product,chips_memory,option1,EU,imports,2024-Q4,15.33
product,chips_memory,option1,EU,imports,2025-Q1,12.61
product,chips_memory,option1,EU,imports,2025-Q2,15.11
product,chips_memory,option1,EU,imports,2025-Q3,18.31
product,chips_memory,option1,EU,imports,2025-Q4,23.09
product,chips_memory,option1,EU,imports,2026-Q1,42.69
product,chips_memory,option1,EU,imports,2026-Q2,50.96
product,chips_memory,option1,US,imports,2016-Q1,3.08
product,chips_memory,option1,US,imports,2016-Q2,3.82
product,chips_memory,option1,US,imports,2016-Q3,4.55
product,chips_memory,option1,US,imports,2016-Q4,3.23
product,chips_memory,option1,US,imports,2017-Q1,5.53
product,chips_memory,option1,US,imports,2017-Q2,5.35
product,chips_memory,option1,US,imports,2017-Q3,12.35
product,chips_memory,option1,US,imports,2017-Q4,5.83
product,chips_memory,option1,US,imports,2018-Q1,5.21
product,chips_memory,option1,US,imports,2018-Q2,5.97
product,chips_memory,option1,US,imports,2018-Q3,5.99
product,chips_memory,option1,US,imports,2018-Q4,13.75
product,chips_memory,option1,US,imports,2019-Q1,13.92
product,chips_memory,option1,US,imports,2019-Q2,4.33
product,chips_memory,option1,US,imports,2019-Q3,5.59
product,chips_memory,option1,US,imports,2019-Q4,2.9
product,chips_memory,option1,US,imports,2020-Q1,4.16
product,chips_memory,option1,US,imports,2020-Q2,3.03
product,chips_memory,option1,US,imports,2020-Q3,3.46
product,chips_memory,option1,US,imports,2020-Q4,4.1
product,chips_memory,option1,US,imports,2021-Q1,2.82
product,chips_memory,option1,US,imports,2021-Q2,3.78
product,chips_memory,option1,US,imports,2021-Q3,2.86
product,chips_memory,option1,US,imports,2021-Q4,27.81
product,chips_memory,option1,US,imports,2022-Q1,3.98
product,chips_memory,option1,US,imports,2022-Q2,4.9
product,chips_memory,option1,US,imports,2022-Q3,10.88
product,chips_memory,option1,US,imports,2022-Q4,4.67
product,chips_memory,option1,US,imports,2023-Q1,4.55
product,chips_memory,option1,US,imports,2023-Q2,5.02
product,chips_memory,option1,US,imports,2023-Q3,2.05
product,chips_memory,option1,US,imports,2023-Q4,6.37
product,chips_memory,option1,US,imports,2024-Q1,2.13
product,chips_memory,option1,US,imports,2024-Q2,3.9
product,chips_memory,option1,US,imports,2024-Q3,1.57
product,chips_memory,option1,US,imports,2024-Q4,2.53
product,chips_memory,option1,US,imports,2025-Q1,2.09
product,chips_memory,option1,US,imports,2025-Q2,1.91
product,chips_memory,option1,US,imports,2025-Q3,4.53
product,chips_memory,option1,US,imports,2025-Q4,2.47
product,chips_memory,option1,US,imports,2026-Q1,4.65
product,chips_memory,option1,US,imports,2026-Q2,7.78
product,chips_memory,option1,East Asia,imports,2016-Q1,4.4
product,chips_memory,option1,East Asia,imports,2016-Q2,3.57
product,chips_memory,option1,East Asia,imports,2016-Q3,3.3
product,chips_memory,option1,East Asia,imports,2016-Q4,8.42
product,chips_memory,option1,East Asia,imports,2017-Q1,9.55
product,chips_memory,option1,East Asia,imports,2017-Q2,12.12
product,chips_memory,option1,East Asia,imports,2017-Q3,20.06
product,chips_memory,option1,East Asia,imports,2017-Q4,26.43
product,chips_memory,option1,East Asia,imports,2018-Q1,10.12
product,chips_memory,option1,East Asia,imports,2018-Q2,14.27
product,chips_memory,option1,East Asia,imports,2018-Q3,6.27
product,chips_memory,option1,East Asia,imports,2018-Q4,12.0
product,chips_memory,option1,East Asia,imports,2019-Q1,3.62
product,chips_memory,option1,East Asia,imports,2019-Q2,2.25
product,chips_memory,option1,East Asia,imports,2019-Q3,4.66
product,chips_memory,option1,East Asia,imports,2019-Q4,6.49
product,chips_memory,option1,East Asia,imports,2020-Q1,5.32
product,chips_memory,option1,East Asia,imports,2020-Q2,8.9
product,chips_memory,option1,East Asia,imports,2020-Q3,11.85
product,chips_memory,option1,East Asia,imports,2020-Q4,12.69
product,chips_memory,option1,East Asia,imports,2021-Q1,7.1
product,chips_memory,option1,East Asia,imports,2021-Q2,13.14
product,chips_memory,option1,East Asia,imports,2021-Q3,20.19
product,chips_memory,option1,East Asia,imports,2021-Q4,17.4
product,chips_memory,option1,East Asia,imports,2022-Q1,20.67
product,chips_memory,option1,East Asia,imports,2022-Q2,19.04
product,chips_memory,option1,East Asia,imports,2022-Q3,13.86
product,chips_memory,option1,East Asia,imports,2022-Q4,15.35
product,chips_memory,option1,East Asia,imports,2023-Q1,13.11
product,chips_memory,option1,East Asia,imports,2023-Q2,13.07
product,chips_memory,option1,East Asia,imports,2023-Q3,17.78
product,chips_memory,option1,East Asia,imports,2023-Q4,16.97
product,chips_memory,option1,East Asia,imports,2024-Q1,12.0
product,chips_memory,option1,East Asia,imports,2024-Q2,14.94
product,chips_memory,option1,East Asia,imports,2024-Q3,10.27
product,chips_memory,option1,East Asia,imports,2024-Q4,10.44
product,chips_memory,option1,East Asia,imports,2025-Q1,11.84
product,chips_memory,option1,East Asia,imports,2025-Q2,11.0
product,chips_memory,option1,East Asia,imports,2025-Q3,13.98
product,chips_memory,option1,East Asia,imports,2025-Q4,23.27
product,chips_memory,option1,East Asia,imports,2026-Q1,45.93
product,chips_memory,option1,East Asia,imports,2026-Q2,87.41
product,chips_memory,option1,Rest of world,imports,2016-Q1,8.78
product,chips_memory,option1,Rest of world,imports,2016-Q2,6.67
product,chips_memory,option1,Rest of world,imports,2016-Q3,5.29
product,chips_memory,option1,Rest of world,imports,2016-Q4,7.24
product,chips_memory,option1,Rest of world,imports,2017-Q1,6.92
product,chips_memory,option1,Rest of world,imports,2017-Q2,5.24
product,chips_memory,option1,Rest of world,imports,2017-Q3,4.36
product,chips_memory,option1,Rest of world,imports,2017-Q4,4.89
product,chips_memory,option1,Rest of world,imports,2018-Q1,5.57
product,chips_memory,option1,Rest of world,imports,2018-Q2,5.38
product,chips_memory,option1,Rest of world,imports,2018-Q3,5.62
product,chips_memory,option1,Rest of world,imports,2018-Q4,5.04
product,chips_memory,option1,Rest of world,imports,2019-Q1,4.41
product,chips_memory,option1,Rest of world,imports,2019-Q2,4.28
product,chips_memory,option1,Rest of world,imports,2019-Q3,3.91
product,chips_memory,option1,Rest of world,imports,2019-Q4,4.08
product,chips_memory,option1,Rest of world,imports,2020-Q1,5.0
product,chips_memory,option1,Rest of world,imports,2020-Q2,11.05
product,chips_memory,option1,Rest of world,imports,2020-Q3,13.56
product,chips_memory,option1,Rest of world,imports,2020-Q4,16.41
product,chips_memory,option1,Rest of world,imports,2021-Q1,2.47
product,chips_memory,option1,Rest of world,imports,2021-Q2,4.61
product,chips_memory,option1,Rest of world,imports,2021-Q3,2.92
product,chips_memory,option1,Rest of world,imports,2021-Q4,4.0
product,chips_memory,option1,Rest of world,imports,2022-Q1,13.41
product,chips_memory,option1,Rest of world,imports,2022-Q2,5.42
product,chips_memory,option1,Rest of world,imports,2022-Q3,7.78
product,chips_memory,option1,Rest of world,imports,2022-Q4,4.3
product,chips_memory,option1,Rest of world,imports,2023-Q1,3.32
product,chips_memory,option1,Rest of world,imports,2023-Q2,2.76
product,chips_memory,option1,Rest of world,imports,2023-Q3,4.09
product,chips_memory,option1,Rest of world,imports,2023-Q4,3.34
product,chips_memory,option1,Rest of world,imports,2024-Q1,3.07
product,chips_memory,option1,Rest of world,imports,2024-Q2,2.65
product,chips_memory,option1,Rest of world,imports,2024-Q3,2.27
product,chips_memory,option1,Rest of world,imports,2024-Q4,1.89
product,chips_memory,option1,Rest of world,imports,2025-Q1,1.55
product,chips_memory,option1,Rest of world,imports,2025-Q2,0.69
product,chips_memory,option1,Rest of world,imports,2025-Q3,1.05
product,chips_memory,option1,Rest of world,imports,2025-Q4,1.29
product,chips_memory,option1,Rest of world,imports,2026-Q1,2.38
product,chips_memory,option1,Rest of world,imports,2026-Q2,2.53
product,chips_memory,option2,China incl. Hong Kong,imports,2016-Q1,3.48
product,chips_memory,option2,China incl. Hong Kong,imports,2016-Q2,1.96
product,chips_memory,option2,China incl. Hong Kong,imports,2016-Q3,1.89
product,chips_memory,option2,China incl. Hong Kong,imports,2016-Q4,4.73
product,chips_memory,option2,China incl. Hong Kong,imports,2017-Q1,3.52
product,chips_memory,option2,China incl. Hong Kong,imports,2017-Q2,8.67
product,chips_memory,option2,China incl. Hong Kong,imports,2017-Q3,17.06
product,chips_memory,option2,China incl. Hong Kong,imports,2017-Q4,23.13
product,chips_memory,option2,China incl. Hong Kong,imports,2018-Q1,9.13
product,chips_memory,option2,China incl. Hong Kong,imports,2018-Q2,13.05
product,chips_memory,option2,China incl. Hong Kong,imports,2018-Q3,4.44
product,chips_memory,option2,China incl. Hong Kong,imports,2018-Q4,10.23
product,chips_memory,option2,China incl. Hong Kong,imports,2019-Q1,2.52
product,chips_memory,option2,China incl. Hong Kong,imports,2019-Q2,1.11
product,chips_memory,option2,China incl. Hong Kong,imports,2019-Q3,3.31
product,chips_memory,option2,China incl. Hong Kong,imports,2019-Q4,4.41
product,chips_memory,option2,China incl. Hong Kong,imports,2020-Q1,3.44
product,chips_memory,option2,China incl. Hong Kong,imports,2020-Q2,7.53
product,chips_memory,option2,China incl. Hong Kong,imports,2020-Q3,10.23
product,chips_memory,option2,China incl. Hong Kong,imports,2020-Q4,9.1
product,chips_memory,option2,China incl. Hong Kong,imports,2021-Q1,3.97
product,chips_memory,option2,China incl. Hong Kong,imports,2021-Q2,6.19
product,chips_memory,option2,China incl. Hong Kong,imports,2021-Q3,7.51
product,chips_memory,option2,China incl. Hong Kong,imports,2021-Q4,7.46
product,chips_memory,option2,China incl. Hong Kong,imports,2022-Q1,6.58
product,chips_memory,option2,China incl. Hong Kong,imports,2022-Q2,10.58
product,chips_memory,option2,China incl. Hong Kong,imports,2022-Q3,6.16
product,chips_memory,option2,China incl. Hong Kong,imports,2022-Q4,5.7
product,chips_memory,option2,China incl. Hong Kong,imports,2023-Q1,4.08
product,chips_memory,option2,China incl. Hong Kong,imports,2023-Q2,3.46
product,chips_memory,option2,China incl. Hong Kong,imports,2023-Q3,3.15
product,chips_memory,option2,China incl. Hong Kong,imports,2023-Q4,2.5
product,chips_memory,option2,China incl. Hong Kong,imports,2024-Q1,2.77
product,chips_memory,option2,China incl. Hong Kong,imports,2024-Q2,2.33
product,chips_memory,option2,China incl. Hong Kong,imports,2024-Q3,1.87
product,chips_memory,option2,China incl. Hong Kong,imports,2024-Q4,1.87
product,chips_memory,option2,China incl. Hong Kong,imports,2025-Q1,2.25
product,chips_memory,option2,China incl. Hong Kong,imports,2025-Q2,2.95
product,chips_memory,option2,China incl. Hong Kong,imports,2025-Q3,3.4
product,chips_memory,option2,China incl. Hong Kong,imports,2025-Q4,5.28
product,chips_memory,option2,China incl. Hong Kong,imports,2026-Q1,24.66
product,chips_memory,option2,China incl. Hong Kong,imports,2026-Q2,53.01
product,chips_memory,option2,Japan,imports,2016-Q1,0.3
product,chips_memory,option2,Japan,imports,2016-Q2,0.1
product,chips_memory,option2,Japan,imports,2016-Q3,0.09
product,chips_memory,option2,Japan,imports,2016-Q4,0.22
product,chips_memory,option2,Japan,imports,2017-Q1,0.1
product,chips_memory,option2,Japan,imports,2017-Q2,0.06
product,chips_memory,option2,Japan,imports,2017-Q3,0.09
product,chips_memory,option2,Japan,imports,2017-Q4,0.07
product,chips_memory,option2,Japan,imports,2018-Q1,0.11
product,chips_memory,option2,Japan,imports,2018-Q2,0.06
product,chips_memory,option2,Japan,imports,2018-Q3,0.12
product,chips_memory,option2,Japan,imports,2018-Q4,0.04
product,chips_memory,option2,Japan,imports,2019-Q1,0.06
product,chips_memory,option2,Japan,imports,2019-Q2,0.05
product,chips_memory,option2,Japan,imports,2019-Q3,0.11
product,chips_memory,option2,Japan,imports,2019-Q4,0.02
product,chips_memory,option2,Japan,imports,2020-Q1,0.09
product,chips_memory,option2,Japan,imports,2020-Q2,0.16
product,chips_memory,option2,Japan,imports,2020-Q3,0.01
product,chips_memory,option2,Japan,imports,2020-Q4,0.02
product,chips_memory,option2,Japan,imports,2021-Q1,0.04
product,chips_memory,option2,Japan,imports,2021-Q2,0.06
product,chips_memory,option2,Japan,imports,2021-Q3,0.16
product,chips_memory,option2,Japan,imports,2021-Q4,0.19
product,chips_memory,option2,Japan,imports,2022-Q1,0.1
product,chips_memory,option2,Japan,imports,2022-Q2,0.08
product,chips_memory,option2,Japan,imports,2022-Q3,0.09
product,chips_memory,option2,Japan,imports,2022-Q4,0.04
product,chips_memory,option2,Japan,imports,2023-Q1,0.05
product,chips_memory,option2,Japan,imports,2023-Q2,0.03
product,chips_memory,option2,Japan,imports,2023-Q3,0.06
product,chips_memory,option2,Japan,imports,2023-Q4,0.05
product,chips_memory,option2,Japan,imports,2024-Q1,0.06
product,chips_memory,option2,Japan,imports,2024-Q2,0.02
product,chips_memory,option2,Japan,imports,2024-Q3,0.01
product,chips_memory,option2,Japan,imports,2024-Q4,0.01
product,chips_memory,option2,Japan,imports,2025-Q1,0.04
product,chips_memory,option2,Japan,imports,2025-Q2,0.01
product,chips_memory,option2,Japan,imports,2025-Q3,0.01
product,chips_memory,option2,Japan,imports,2025-Q4,0.02
product,chips_memory,option2,Japan,imports,2026-Q1,0.02
product,chips_memory,option2,Japan,imports,2026-Q2,0.29
product,chips_memory,option2,South Korea,imports,2016-Q1,0.17
product,chips_memory,option2,South Korea,imports,2016-Q2,1.1
product,chips_memory,option2,South Korea,imports,2016-Q3,0.82
product,chips_memory,option2,South Korea,imports,2016-Q4,2.8
product,chips_memory,option2,South Korea,imports,2017-Q1,4.42
product,chips_memory,option2,South Korea,imports,2017-Q2,2.65
product,chips_memory,option2,South Korea,imports,2017-Q3,1.74
product,chips_memory,option2,South Korea,imports,2017-Q4,1.87
product,chips_memory,option2,South Korea,imports,2018-Q1,0.09
product,chips_memory,option2,South Korea,imports,2018-Q2,0.09
product,chips_memory,option2,South Korea,imports,2018-Q3,0.18
product,chips_memory,option2,South Korea,imports,2018-Q4,0.17
product,chips_memory,option2,South Korea,imports,2019-Q1,0.01
product,chips_memory,option2,South Korea,imports,2019-Q2,0.09
product,chips_memory,option2,South Korea,imports,2019-Q3,0.0
product,chips_memory,option2,South Korea,imports,2019-Q4,0.63
product,chips_memory,option2,South Korea,imports,2020-Q1,0.0
product,chips_memory,option2,South Korea,imports,2020-Q2,0.03
product,chips_memory,option2,South Korea,imports,2020-Q3,0.0
product,chips_memory,option2,South Korea,imports,2020-Q4,1.29
product,chips_memory,option2,South Korea,imports,2021-Q1,1.03
product,chips_memory,option2,South Korea,imports,2021-Q2,2.83
product,chips_memory,option2,South Korea,imports,2021-Q3,6.76
product,chips_memory,option2,South Korea,imports,2021-Q4,0.23
product,chips_memory,option2,South Korea,imports,2022-Q1,3.17
product,chips_memory,option2,South Korea,imports,2022-Q2,0.89
product,chips_memory,option2,South Korea,imports,2022-Q3,1.49
product,chips_memory,option2,South Korea,imports,2022-Q4,1.41
product,chips_memory,option2,South Korea,imports,2023-Q1,0.94
product,chips_memory,option2,South Korea,imports,2023-Q2,2.43
product,chips_memory,option2,South Korea,imports,2023-Q3,5.1
product,chips_memory,option2,South Korea,imports,2023-Q4,7.14
product,chips_memory,option2,South Korea,imports,2024-Q1,1.37
product,chips_memory,option2,South Korea,imports,2024-Q2,4.59
product,chips_memory,option2,South Korea,imports,2024-Q3,0.8
product,chips_memory,option2,South Korea,imports,2024-Q4,0.6
product,chips_memory,option2,South Korea,imports,2025-Q1,0.49
product,chips_memory,option2,South Korea,imports,2025-Q2,0.52
product,chips_memory,option2,South Korea,imports,2025-Q3,1.68
product,chips_memory,option2,South Korea,imports,2025-Q4,4.2
product,chips_memory,option2,South Korea,imports,2026-Q1,1.38
product,chips_memory,option2,South Korea,imports,2026-Q2,3.54
product,chips_memory,option2,Taiwan,imports,2016-Q1,0.44
product,chips_memory,option2,Taiwan,imports,2016-Q2,0.41
product,chips_memory,option2,Taiwan,imports,2016-Q3,0.5
product,chips_memory,option2,Taiwan,imports,2016-Q4,0.67
product,chips_memory,option2,Taiwan,imports,2017-Q1,1.51
product,chips_memory,option2,Taiwan,imports,2017-Q2,0.74
product,chips_memory,option2,Taiwan,imports,2017-Q3,1.18
product,chips_memory,option2,Taiwan,imports,2017-Q4,1.35
product,chips_memory,option2,Taiwan,imports,2018-Q1,0.8
product,chips_memory,option2,Taiwan,imports,2018-Q2,1.06
product,chips_memory,option2,Taiwan,imports,2018-Q3,1.53
product,chips_memory,option2,Taiwan,imports,2018-Q4,1.56
product,chips_memory,option2,Taiwan,imports,2019-Q1,1.03
product,chips_memory,option2,Taiwan,imports,2019-Q2,1.0
product,chips_memory,option2,Taiwan,imports,2019-Q3,1.23
product,chips_memory,option2,Taiwan,imports,2019-Q4,1.43
product,chips_memory,option2,Taiwan,imports,2020-Q1,1.78
product,chips_memory,option2,Taiwan,imports,2020-Q2,1.17
product,chips_memory,option2,Taiwan,imports,2020-Q3,1.61
product,chips_memory,option2,Taiwan,imports,2020-Q4,2.28
product,chips_memory,option2,Taiwan,imports,2021-Q1,2.06
product,chips_memory,option2,Taiwan,imports,2021-Q2,4.05
product,chips_memory,option2,Taiwan,imports,2021-Q3,5.75
product,chips_memory,option2,Taiwan,imports,2021-Q4,9.52
product,chips_memory,option2,Taiwan,imports,2022-Q1,10.82
product,chips_memory,option2,Taiwan,imports,2022-Q2,7.48
product,chips_memory,option2,Taiwan,imports,2022-Q3,6.12
product,chips_memory,option2,Taiwan,imports,2022-Q4,8.2
product,chips_memory,option2,Taiwan,imports,2023-Q1,8.03
product,chips_memory,option2,Taiwan,imports,2023-Q2,7.15
product,chips_memory,option2,Taiwan,imports,2023-Q3,9.47
product,chips_memory,option2,Taiwan,imports,2023-Q4,7.28
product,chips_memory,option2,Taiwan,imports,2024-Q1,7.8
product,chips_memory,option2,Taiwan,imports,2024-Q2,7.99
product,chips_memory,option2,Taiwan,imports,2024-Q3,7.59
product,chips_memory,option2,Taiwan,imports,2024-Q4,7.97
product,chips_memory,option2,Taiwan,imports,2025-Q1,9.05
product,chips_memory,option2,Taiwan,imports,2025-Q2,7.52
product,chips_memory,option2,Taiwan,imports,2025-Q3,8.9
product,chips_memory,option2,Taiwan,imports,2025-Q4,13.77
product,chips_memory,option2,Taiwan,imports,2026-Q1,19.87
product,chips_memory,option2,Taiwan,imports,2026-Q2,30.57
product,servers,option1,EU,exports,2016-Q1,74.35
product,servers,option1,EU,exports,2016-Q2,87.07
product,servers,option1,EU,exports,2016-Q3,97.77
product,servers,option1,EU,exports,2016-Q4,129.61
product,servers,option1,EU,exports,2017-Q1,76.18
product,servers,option1,EU,exports,2017-Q2,71.24
product,servers,option1,EU,exports,2017-Q3,70.42
product,servers,option1,EU,exports,2017-Q4,117.96
product,servers,option1,EU,exports,2018-Q1,115.6
product,servers,option1,EU,exports,2018-Q2,104.63
product,servers,option1,EU,exports,2018-Q3,71.26
product,servers,option1,EU,exports,2018-Q4,88.42
product,servers,option1,EU,exports,2019-Q1,124.41
product,servers,option1,EU,exports,2019-Q2,184.8
product,servers,option1,EU,exports,2019-Q3,184.8
product,servers,option1,EU,exports,2019-Q4,166.35
product,servers,option1,EU,exports,2020-Q1,122.37
product,servers,option1,EU,exports,2020-Q2,130.8
product,servers,option1,EU,exports,2020-Q3,152.35
product,servers,option1,EU,exports,2020-Q4,157.08
product,servers,option1,EU,exports,2021-Q1,129.41
product,servers,option1,EU,exports,2021-Q2,170.73
product,servers,option1,EU,exports,2021-Q3,152.52
product,servers,option1,EU,exports,2021-Q4,203.72
product,servers,option1,EU,exports,2022-Q1,181.17
product,servers,option1,EU,exports,2022-Q2,149.19
product,servers,option1,EU,exports,2022-Q3,208.86
product,servers,option1,EU,exports,2022-Q4,242.99
product,servers,option1,EU,exports,2023-Q1,178.02
product,servers,option1,EU,exports,2023-Q2,141.58
product,servers,option1,EU,exports,2023-Q3,122.92
product,servers,option1,EU,exports,2023-Q4,143.91
product,servers,option1,EU,exports,2024-Q1,112.62
product,servers,option1,EU,exports,2024-Q2,96.67
product,servers,option1,EU,exports,2024-Q3,120.03
product,servers,option1,EU,exports,2024-Q4,129.45
product,servers,option1,EU,exports,2025-Q1,138.93
product,servers,option1,EU,exports,2025-Q2,147.28
product,servers,option1,EU,exports,2025-Q3,161.36
product,servers,option1,EU,exports,2025-Q4,340.03
product,servers,option1,EU,exports,2026-Q1,1199.95
product,servers,option1,EU,exports,2026-Q2,568.1
product,servers,option1,US,exports,2016-Q1,29.8
product,servers,option1,US,exports,2016-Q2,30.22
product,servers,option1,US,exports,2016-Q3,24.24
product,servers,option1,US,exports,2016-Q4,22.83
product,servers,option1,US,exports,2017-Q1,19.31
product,servers,option1,US,exports,2017-Q2,19.81
product,servers,option1,US,exports,2017-Q3,24.89
product,servers,option1,US,exports,2017-Q4,30.73
product,servers,option1,US,exports,2018-Q1,17.73
product,servers,option1,US,exports,2018-Q2,21.17
product,servers,option1,US,exports,2018-Q3,23.49
product,servers,option1,US,exports,2018-Q4,28.83
product,servers,option1,US,exports,2019-Q1,24.53
product,servers,option1,US,exports,2019-Q2,28.13
product,servers,option1,US,exports,2019-Q3,33.2
product,servers,option1,US,exports,2019-Q4,49.76
product,servers,option1,US,exports,2020-Q1,27.84
product,servers,option1,US,exports,2020-Q2,28.96
product,servers,option1,US,exports,2020-Q3,37.12
product,servers,option1,US,exports,2020-Q4,55.07
product,servers,option1,US,exports,2021-Q1,39.25
product,servers,option1,US,exports,2021-Q2,49.68
product,servers,option1,US,exports,2021-Q3,33.38
product,servers,option1,US,exports,2021-Q4,36.56
product,servers,option1,US,exports,2022-Q1,30.47
product,servers,option1,US,exports,2022-Q2,31.11
product,servers,option1,US,exports,2022-Q3,33.51
product,servers,option1,US,exports,2022-Q4,34.72
product,servers,option1,US,exports,2023-Q1,29.42
product,servers,option1,US,exports,2023-Q2,37.21
product,servers,option1,US,exports,2023-Q3,47.47
product,servers,option1,US,exports,2023-Q4,50.08
product,servers,option1,US,exports,2024-Q1,66.15
product,servers,option1,US,exports,2024-Q2,35.8
product,servers,option1,US,exports,2024-Q3,35.22
product,servers,option1,US,exports,2024-Q4,36.29
product,servers,option1,US,exports,2025-Q1,45.09
product,servers,option1,US,exports,2025-Q2,40.41
product,servers,option1,US,exports,2025-Q3,46.48
product,servers,option1,US,exports,2025-Q4,74.19
product,servers,option1,US,exports,2026-Q1,44.79
product,servers,option1,US,exports,2026-Q2,50.15
product,servers,option1,East Asia,exports,2016-Q1,6.09
product,servers,option1,East Asia,exports,2016-Q2,7.85
product,servers,option1,East Asia,exports,2016-Q3,8.16
product,servers,option1,East Asia,exports,2016-Q4,3.72
product,servers,option1,East Asia,exports,2017-Q1,3.27
product,servers,option1,East Asia,exports,2017-Q2,3.72
product,servers,option1,East Asia,exports,2017-Q3,5.09
product,servers,option1,East Asia,exports,2017-Q4,5.38
product,servers,option1,East Asia,exports,2018-Q1,5.95
product,servers,option1,East Asia,exports,2018-Q2,10.32
product,servers,option1,East Asia,exports,2018-Q3,8.66
product,servers,option1,East Asia,exports,2018-Q4,7.82
product,servers,option1,East Asia,exports,2019-Q1,7.69
product,servers,option1,East Asia,exports,2019-Q2,7.66
product,servers,option1,East Asia,exports,2019-Q3,8.13
product,servers,option1,East Asia,exports,2019-Q4,9.84
product,servers,option1,East Asia,exports,2020-Q1,9.36
product,servers,option1,East Asia,exports,2020-Q2,12.32
product,servers,option1,East Asia,exports,2020-Q3,9.64
product,servers,option1,East Asia,exports,2020-Q4,11.43
product,servers,option1,East Asia,exports,2021-Q1,11.67
product,servers,option1,East Asia,exports,2021-Q2,10.7
product,servers,option1,East Asia,exports,2021-Q3,15.02
product,servers,option1,East Asia,exports,2021-Q4,12.51
product,servers,option1,East Asia,exports,2022-Q1,15.79
product,servers,option1,East Asia,exports,2022-Q2,23.5
product,servers,option1,East Asia,exports,2022-Q3,17.49
product,servers,option1,East Asia,exports,2022-Q4,18.34
product,servers,option1,East Asia,exports,2023-Q1,17.28
product,servers,option1,East Asia,exports,2023-Q2,17.76
product,servers,option1,East Asia,exports,2023-Q3,17.63
product,servers,option1,East Asia,exports,2023-Q4,21.19
product,servers,option1,East Asia,exports,2024-Q1,13.68
product,servers,option1,East Asia,exports,2024-Q2,11.63
product,servers,option1,East Asia,exports,2024-Q3,25.27
product,servers,option1,East Asia,exports,2024-Q4,22.7
product,servers,option1,East Asia,exports,2025-Q1,14.16
product,servers,option1,East Asia,exports,2025-Q2,27.53
product,servers,option1,East Asia,exports,2025-Q3,24.71
product,servers,option1,East Asia,exports,2025-Q4,25.68
product,servers,option1,East Asia,exports,2026-Q1,34.24
product,servers,option1,East Asia,exports,2026-Q2,39.54
product,servers,option1,Rest of world,exports,2016-Q1,22.15
product,servers,option1,Rest of world,exports,2016-Q2,22.88
product,servers,option1,Rest of world,exports,2016-Q3,19.46
product,servers,option1,Rest of world,exports,2016-Q4,20.95
product,servers,option1,Rest of world,exports,2017-Q1,29.79
product,servers,option1,Rest of world,exports,2017-Q2,29.0
product,servers,option1,Rest of world,exports,2017-Q3,26.73
product,servers,option1,Rest of world,exports,2017-Q4,34.34
product,servers,option1,Rest of world,exports,2018-Q1,21.96
product,servers,option1,Rest of world,exports,2018-Q2,24.85
product,servers,option1,Rest of world,exports,2018-Q3,30.5
product,servers,option1,Rest of world,exports,2018-Q4,32.61
product,servers,option1,Rest of world,exports,2019-Q1,52.76
product,servers,option1,Rest of world,exports,2019-Q2,31.73
product,servers,option1,Rest of world,exports,2019-Q3,50.74
product,servers,option1,Rest of world,exports,2019-Q4,44.09
product,servers,option1,Rest of world,exports,2020-Q1,39.98
product,servers,option1,Rest of world,exports,2020-Q2,46.44
product,servers,option1,Rest of world,exports,2020-Q3,44.71
product,servers,option1,Rest of world,exports,2020-Q4,39.66
product,servers,option1,Rest of world,exports,2021-Q1,49.15
product,servers,option1,Rest of world,exports,2021-Q2,76.57
product,servers,option1,Rest of world,exports,2021-Q3,62.86
product,servers,option1,Rest of world,exports,2021-Q4,55.25
product,servers,option1,Rest of world,exports,2022-Q1,69.68
product,servers,option1,Rest of world,exports,2022-Q2,91.97
product,servers,option1,Rest of world,exports,2022-Q3,65.75
product,servers,option1,Rest of world,exports,2022-Q4,63.46
product,servers,option1,Rest of world,exports,2023-Q1,47.62
product,servers,option1,Rest of world,exports,2023-Q2,65.79
product,servers,option1,Rest of world,exports,2023-Q3,58.88
product,servers,option1,Rest of world,exports,2023-Q4,71.5
product,servers,option1,Rest of world,exports,2024-Q1,52.79
product,servers,option1,Rest of world,exports,2024-Q2,48.54
product,servers,option1,Rest of world,exports,2024-Q3,54.18
product,servers,option1,Rest of world,exports,2024-Q4,84.62
product,servers,option1,Rest of world,exports,2025-Q1,104.99
product,servers,option1,Rest of world,exports,2025-Q2,64.28
product,servers,option1,Rest of world,exports,2025-Q3,127.15
product,servers,option1,Rest of world,exports,2025-Q4,193.08
product,servers,option1,Rest of world,exports,2026-Q1,195.72
product,servers,option1,Rest of world,exports,2026-Q2,297.46
product,servers,option2,China incl. Hong Kong,exports,2016-Q1,2.39
product,servers,option2,China incl. Hong Kong,exports,2016-Q2,5.08
product,servers,option2,China incl. Hong Kong,exports,2016-Q3,5.06
product,servers,option2,China incl. Hong Kong,exports,2016-Q4,2.48
product,servers,option2,China incl. Hong Kong,exports,2017-Q1,1.19
product,servers,option2,China incl. Hong Kong,exports,2017-Q2,1.78
product,servers,option2,China incl. Hong Kong,exports,2017-Q3,3.68
product,servers,option2,China incl. Hong Kong,exports,2017-Q4,3.49
product,servers,option2,China incl. Hong Kong,exports,2018-Q1,4.26
product,servers,option2,China incl. Hong Kong,exports,2018-Q2,6.1
product,servers,option2,China incl. Hong Kong,exports,2018-Q3,5.02
product,servers,option2,China incl. Hong Kong,exports,2018-Q4,4.73
product,servers,option2,China incl. Hong Kong,exports,2019-Q1,4.3
product,servers,option2,China incl. Hong Kong,exports,2019-Q2,3.84
product,servers,option2,China incl. Hong Kong,exports,2019-Q3,5.84
product,servers,option2,China incl. Hong Kong,exports,2019-Q4,5.92
product,servers,option2,China incl. Hong Kong,exports,2020-Q1,5.12
product,servers,option2,China incl. Hong Kong,exports,2020-Q2,7.16
product,servers,option2,China incl. Hong Kong,exports,2020-Q3,6.19
product,servers,option2,China incl. Hong Kong,exports,2020-Q4,5.7
product,servers,option2,China incl. Hong Kong,exports,2021-Q1,7.11
product,servers,option2,China incl. Hong Kong,exports,2021-Q2,7.62
product,servers,option2,China incl. Hong Kong,exports,2021-Q3,10.12
product,servers,option2,China incl. Hong Kong,exports,2021-Q4,5.95
product,servers,option2,China incl. Hong Kong,exports,2022-Q1,8.16
product,servers,option2,China incl. Hong Kong,exports,2022-Q2,10.86
product,servers,option2,China incl. Hong Kong,exports,2022-Q3,7.45
product,servers,option2,China incl. Hong Kong,exports,2022-Q4,8.53
product,servers,option2,China incl. Hong Kong,exports,2023-Q1,9.82
product,servers,option2,China incl. Hong Kong,exports,2023-Q2,9.83
product,servers,option2,China incl. Hong Kong,exports,2023-Q3,8.78
product,servers,option2,China incl. Hong Kong,exports,2023-Q4,13.82
product,servers,option2,China incl. Hong Kong,exports,2024-Q1,6.56
product,servers,option2,China incl. Hong Kong,exports,2024-Q2,5.79
product,servers,option2,China incl. Hong Kong,exports,2024-Q3,8.39
product,servers,option2,China incl. Hong Kong,exports,2024-Q4,11.9
product,servers,option2,China incl. Hong Kong,exports,2025-Q1,7.93
product,servers,option2,China incl. Hong Kong,exports,2025-Q2,17.16
product,servers,option2,China incl. Hong Kong,exports,2025-Q3,15.4
product,servers,option2,China incl. Hong Kong,exports,2025-Q4,12.55
product,servers,option2,China incl. Hong Kong,exports,2026-Q1,19.9
product,servers,option2,China incl. Hong Kong,exports,2026-Q2,19.96
product,servers,option2,Japan,exports,2016-Q1,0.97
product,servers,option2,Japan,exports,2016-Q2,0.95
product,servers,option2,Japan,exports,2016-Q3,0.88
product,servers,option2,Japan,exports,2016-Q4,0.49
product,servers,option2,Japan,exports,2017-Q1,1.06
product,servers,option2,Japan,exports,2017-Q2,1.26
product,servers,option2,Japan,exports,2017-Q3,0.64
product,servers,option2,Japan,exports,2017-Q4,1.08
product,servers,option2,Japan,exports,2018-Q1,0.9
product,servers,option2,Japan,exports,2018-Q2,0.84
product,servers,option2,Japan,exports,2018-Q3,1.6
product,servers,option2,Japan,exports,2018-Q4,1.02
product,servers,option2,Japan,exports,2019-Q1,0.8
product,servers,option2,Japan,exports,2019-Q2,1.25
product,servers,option2,Japan,exports,2019-Q3,1.6
product,servers,option2,Japan,exports,2019-Q4,2.1
product,servers,option2,Japan,exports,2020-Q1,1.89
product,servers,option2,Japan,exports,2020-Q2,1.78
product,servers,option2,Japan,exports,2020-Q3,1.37
product,servers,option2,Japan,exports,2020-Q4,3.02
product,servers,option2,Japan,exports,2021-Q1,0.99
product,servers,option2,Japan,exports,2021-Q2,0.86
product,servers,option2,Japan,exports,2021-Q3,2.97
product,servers,option2,Japan,exports,2021-Q4,2.1
product,servers,option2,Japan,exports,2022-Q1,5.27
product,servers,option2,Japan,exports,2022-Q2,9.97
product,servers,option2,Japan,exports,2022-Q3,3.1
product,servers,option2,Japan,exports,2022-Q4,4.84
product,servers,option2,Japan,exports,2023-Q1,5.06
product,servers,option2,Japan,exports,2023-Q2,4.39
product,servers,option2,Japan,exports,2023-Q3,5.0
product,servers,option2,Japan,exports,2023-Q4,3.32
product,servers,option2,Japan,exports,2024-Q1,4.04
product,servers,option2,Japan,exports,2024-Q2,1.93
product,servers,option2,Japan,exports,2024-Q3,2.21
product,servers,option2,Japan,exports,2024-Q4,5.06
product,servers,option2,Japan,exports,2025-Q1,3.98
product,servers,option2,Japan,exports,2025-Q2,3.21
product,servers,option2,Japan,exports,2025-Q3,4.86
product,servers,option2,Japan,exports,2025-Q4,6.93
product,servers,option2,Japan,exports,2026-Q1,7.35
product,servers,option2,Japan,exports,2026-Q2,12.08
product,servers,option2,South Korea,exports,2016-Q1,2.52
product,servers,option2,South Korea,exports,2016-Q2,1.62
product,servers,option2,South Korea,exports,2016-Q3,2.04
product,servers,option2,South Korea,exports,2016-Q4,0.56
product,servers,option2,South Korea,exports,2017-Q1,0.86
product,servers,option2,South Korea,exports,2017-Q2,0.44
product,servers,option2,South Korea,exports,2017-Q3,0.58
product,servers,option2,South Korea,exports,2017-Q4,0.37
product,servers,option2,South Korea,exports,2018-Q1,0.61
product,servers,option2,South Korea,exports,2018-Q2,3.05
product,servers,option2,South Korea,exports,2018-Q3,1.81
product,servers,option2,South Korea,exports,2018-Q4,1.73
product,servers,option2,South Korea,exports,2019-Q1,2.38
product,servers,option2,South Korea,exports,2019-Q2,2.15
product,servers,option2,South Korea,exports,2019-Q3,0.31
product,servers,option2,South Korea,exports,2019-Q4,1.34
product,servers,option2,South Korea,exports,2020-Q1,1.64
product,servers,option2,South Korea,exports,2020-Q2,2.72
product,servers,option2,South Korea,exports,2020-Q3,1.37
product,servers,option2,South Korea,exports,2020-Q4,1.83
product,servers,option2,South Korea,exports,2021-Q1,2.86
product,servers,option2,South Korea,exports,2021-Q2,1.41
product,servers,option2,South Korea,exports,2021-Q3,0.99
product,servers,option2,South Korea,exports,2021-Q4,4.05
product,servers,option2,South Korea,exports,2022-Q1,1.57
product,servers,option2,South Korea,exports,2022-Q2,1.43
product,servers,option2,South Korea,exports,2022-Q3,3.92
product,servers,option2,South Korea,exports,2022-Q4,3.48
product,servers,option2,South Korea,exports,2023-Q1,1.48
product,servers,option2,South Korea,exports,2023-Q2,2.86
product,servers,option2,South Korea,exports,2023-Q3,2.98
product,servers,option2,South Korea,exports,2023-Q4,3.03
product,servers,option2,South Korea,exports,2024-Q1,1.68
product,servers,option2,South Korea,exports,2024-Q2,1.51
product,servers,option2,South Korea,exports,2024-Q3,1.56
product,servers,option2,South Korea,exports,2024-Q4,2.38
product,servers,option2,South Korea,exports,2025-Q1,1.54
product,servers,option2,South Korea,exports,2025-Q2,3.45
product,servers,option2,South Korea,exports,2025-Q3,2.98
product,servers,option2,South Korea,exports,2025-Q4,4.81
product,servers,option2,South Korea,exports,2026-Q1,5.34
product,servers,option2,South Korea,exports,2026-Q2,4.18
product,servers,option2,Taiwan,exports,2016-Q1,0.22
product,servers,option2,Taiwan,exports,2016-Q2,0.2
product,servers,option2,Taiwan,exports,2016-Q3,0.19
product,servers,option2,Taiwan,exports,2016-Q4,0.18
product,servers,option2,Taiwan,exports,2017-Q1,0.17
product,servers,option2,Taiwan,exports,2017-Q2,0.23
product,servers,option2,Taiwan,exports,2017-Q3,0.2
product,servers,option2,Taiwan,exports,2017-Q4,0.45
product,servers,option2,Taiwan,exports,2018-Q1,0.18
product,servers,option2,Taiwan,exports,2018-Q2,0.33
product,servers,option2,Taiwan,exports,2018-Q3,0.22
product,servers,option2,Taiwan,exports,2018-Q4,0.36
product,servers,option2,Taiwan,exports,2019-Q1,0.22
product,servers,option2,Taiwan,exports,2019-Q2,0.43
product,servers,option2,Taiwan,exports,2019-Q3,0.39
product,servers,option2,Taiwan,exports,2019-Q4,0.48
product,servers,option2,Taiwan,exports,2020-Q1,0.72
product,servers,option2,Taiwan,exports,2020-Q2,0.66
product,servers,option2,Taiwan,exports,2020-Q3,0.71
product,servers,option2,Taiwan,exports,2020-Q4,0.88
product,servers,option2,Taiwan,exports,2021-Q1,0.72
product,servers,option2,Taiwan,exports,2021-Q2,0.81
product,servers,option2,Taiwan,exports,2021-Q3,0.93
product,servers,option2,Taiwan,exports,2021-Q4,0.4
product,servers,option2,Taiwan,exports,2022-Q1,0.8
product,servers,option2,Taiwan,exports,2022-Q2,1.25
product,servers,option2,Taiwan,exports,2022-Q3,3.02
product,servers,option2,Taiwan,exports,2022-Q4,1.49
product,servers,option2,Taiwan,exports,2023-Q1,0.92
product,servers,option2,Taiwan,exports,2023-Q2,0.69
product,servers,option2,Taiwan,exports,2023-Q3,0.87
product,servers,option2,Taiwan,exports,2023-Q4,1.01
product,servers,option2,Taiwan,exports,2024-Q1,1.4
product,servers,option2,Taiwan,exports,2024-Q2,2.4
product,servers,option2,Taiwan,exports,2024-Q3,13.11
product,servers,option2,Taiwan,exports,2024-Q4,3.36
product,servers,option2,Taiwan,exports,2025-Q1,0.71
product,servers,option2,Taiwan,exports,2025-Q2,3.71
product,servers,option2,Taiwan,exports,2025-Q3,1.47
product,servers,option2,Taiwan,exports,2025-Q4,1.38
product,servers,option2,Taiwan,exports,2026-Q1,1.66
product,servers,option2,Taiwan,exports,2026-Q2,3.33
product,servers,option1,EU,imports,2016-Q1,173.51
product,servers,option1,EU,imports,2016-Q2,156.73
product,servers,option1,EU,imports,2016-Q3,219.53
product,servers,option1,EU,imports,2016-Q4,203.41
product,servers,option1,EU,imports,2017-Q1,186.62
product,servers,option1,EU,imports,2017-Q2,263.57
product,servers,option1,EU,imports,2017-Q3,284.67
product,servers,option1,EU,imports,2017-Q4,277.3
product,servers,option1,EU,imports,2018-Q1,305.39
product,servers,option1,EU,imports,2018-Q2,353.17
product,servers,option1,EU,imports,2018-Q3,301.57
product,servers,option1,EU,imports,2018-Q4,290.12
product,servers,option1,EU,imports,2019-Q1,328.81
product,servers,option1,EU,imports,2019-Q2,250.2
product,servers,option1,EU,imports,2019-Q3,250.37
product,servers,option1,EU,imports,2019-Q4,227.19
product,servers,option1,EU,imports,2020-Q1,252.6
product,servers,option1,EU,imports,2020-Q2,217.2
product,servers,option1,EU,imports,2020-Q3,215.22
product,servers,option1,EU,imports,2020-Q4,207.65
product,servers,option1,EU,imports,2021-Q1,90.44
product,servers,option1,EU,imports,2021-Q2,113.46
product,servers,option1,EU,imports,2021-Q3,93.58
product,servers,option1,EU,imports,2021-Q4,98.04
product,servers,option1,EU,imports,2022-Q1,282.5
product,servers,option1,EU,imports,2022-Q2,369.6
product,servers,option1,EU,imports,2022-Q3,545.2
product,servers,option1,EU,imports,2022-Q4,521.76
product,servers,option1,EU,imports,2023-Q1,530.89
product,servers,option1,EU,imports,2023-Q2,473.82
product,servers,option1,EU,imports,2023-Q3,438.75
product,servers,option1,EU,imports,2023-Q4,397.0
product,servers,option1,EU,imports,2024-Q1,456.03
product,servers,option1,EU,imports,2024-Q2,466.49
product,servers,option1,EU,imports,2024-Q3,783.38
product,servers,option1,EU,imports,2024-Q4,593.8
product,servers,option1,EU,imports,2025-Q1,1036.36
product,servers,option1,EU,imports,2025-Q2,718.54
product,servers,option1,EU,imports,2025-Q3,807.82
product,servers,option1,EU,imports,2025-Q4,621.47
product,servers,option1,EU,imports,2026-Q1,1510.17
product,servers,option1,EU,imports,2026-Q2,1732.29
product,servers,option1,US,imports,2016-Q1,37.49
product,servers,option1,US,imports,2016-Q2,37.32
product,servers,option1,US,imports,2016-Q3,39.14
product,servers,option1,US,imports,2016-Q4,49.77
product,servers,option1,US,imports,2017-Q1,41.33
product,servers,option1,US,imports,2017-Q2,37.08
product,servers,option1,US,imports,2017-Q3,36.21
product,servers,option1,US,imports,2017-Q4,35.49
product,servers,option1,US,imports,2018-Q1,41.31
product,servers,option1,US,imports,2018-Q2,40.91
product,servers,option1,US,imports,2018-Q3,59.37
product,servers,option1,US,imports,2018-Q4,33.6
product,servers,option1,US,imports,2019-Q1,32.72
product,servers,option1,US,imports,2019-Q2,47.94
product,servers,option1,US,imports,2019-Q3,56.07
product,servers,option1,US,imports,2019-Q4,100.97
product,servers,option1,US,imports,2020-Q1,62.91
product,servers,option1,US,imports,2020-Q2,56.55
product,servers,option1,US,imports,2020-Q3,52.76
product,servers,option1,US,imports,2020-Q4,42.06
product,servers,option1,US,imports,2021-Q1,84.72
product,servers,option1,US,imports,2021-Q2,40.11
product,servers,option1,US,imports,2021-Q3,37.93
product,servers,option1,US,imports,2021-Q4,53.56
product,servers,option1,US,imports,2022-Q1,60.65
product,servers,option1,US,imports,2022-Q2,47.21
product,servers,option1,US,imports,2022-Q3,70.53
product,servers,option1,US,imports,2022-Q4,138.01
product,servers,option1,US,imports,2023-Q1,92.15
product,servers,option1,US,imports,2023-Q2,40.41
product,servers,option1,US,imports,2023-Q3,104.15
product,servers,option1,US,imports,2023-Q4,56.61
product,servers,option1,US,imports,2024-Q1,55.41
product,servers,option1,US,imports,2024-Q2,48.28
product,servers,option1,US,imports,2024-Q3,244.67
product,servers,option1,US,imports,2024-Q4,344.07
product,servers,option1,US,imports,2025-Q1,89.68
product,servers,option1,US,imports,2025-Q2,221.82
product,servers,option1,US,imports,2025-Q3,473.24
product,servers,option1,US,imports,2025-Q4,279.72
product,servers,option1,US,imports,2026-Q1,182.28
product,servers,option1,US,imports,2026-Q2,115.53
product,servers,option1,East Asia,imports,2016-Q1,61.8
product,servers,option1,East Asia,imports,2016-Q2,57.55
product,servers,option1,East Asia,imports,2016-Q3,67.24
product,servers,option1,East Asia,imports,2016-Q4,73.41
product,servers,option1,East Asia,imports,2017-Q1,58.03
product,servers,option1,East Asia,imports,2017-Q2,53.34
product,servers,option1,East Asia,imports,2017-Q3,73.75
product,servers,option1,East Asia,imports,2017-Q4,77.92
product,servers,option1,East Asia,imports,2018-Q1,70.55
product,servers,option1,East Asia,imports,2018-Q2,84.56
product,servers,option1,East Asia,imports,2018-Q3,84.13
product,servers,option1,East Asia,imports,2018-Q4,67.51
product,servers,option1,East Asia,imports,2019-Q1,90.75
product,servers,option1,East Asia,imports,2019-Q2,104.62
product,servers,option1,East Asia,imports,2019-Q3,89.56
product,servers,option1,East Asia,imports,2019-Q4,102.01
product,servers,option1,East Asia,imports,2020-Q1,104.31
product,servers,option1,East Asia,imports,2020-Q2,127.14
product,servers,option1,East Asia,imports,2020-Q3,62.36
product,servers,option1,East Asia,imports,2020-Q4,97.46
product,servers,option1,East Asia,imports,2021-Q1,82.74
product,servers,option1,East Asia,imports,2021-Q2,98.04
product,servers,option1,East Asia,imports,2021-Q3,116.94
product,servers,option1,East Asia,imports,2021-Q4,111.45
product,servers,option1,East Asia,imports,2022-Q1,90.33
product,servers,option1,East Asia,imports,2022-Q2,127.54
product,servers,option1,East Asia,imports,2022-Q3,102.99
product,servers,option1,East Asia,imports,2022-Q4,107.9
product,servers,option1,East Asia,imports,2023-Q1,81.49
product,servers,option1,East Asia,imports,2023-Q2,85.92
product,servers,option1,East Asia,imports,2023-Q3,79.65
product,servers,option1,East Asia,imports,2023-Q4,96.98
product,servers,option1,East Asia,imports,2024-Q1,74.24
product,servers,option1,East Asia,imports,2024-Q2,68.02
product,servers,option1,East Asia,imports,2024-Q3,67.73
product,servers,option1,East Asia,imports,2024-Q4,78.89
product,servers,option1,East Asia,imports,2025-Q1,62.38
product,servers,option1,East Asia,imports,2025-Q2,91.54
product,servers,option1,East Asia,imports,2025-Q3,112.34
product,servers,option1,East Asia,imports,2025-Q4,133.89
product,servers,option1,East Asia,imports,2026-Q1,72.01
product,servers,option1,East Asia,imports,2026-Q2,112.7
product,servers,option1,Rest of world,imports,2016-Q1,50.44
product,servers,option1,Rest of world,imports,2016-Q2,35.85
product,servers,option1,Rest of world,imports,2016-Q3,18.6
product,servers,option1,Rest of world,imports,2016-Q4,25.7
product,servers,option1,Rest of world,imports,2017-Q1,31.14
product,servers,option1,Rest of world,imports,2017-Q2,24.21
product,servers,option1,Rest of world,imports,2017-Q3,15.75
product,servers,option1,Rest of world,imports,2017-Q4,43.88
product,servers,option1,Rest of world,imports,2018-Q1,46.67
product,servers,option1,Rest of world,imports,2018-Q2,31.14
product,servers,option1,Rest of world,imports,2018-Q3,21.68
product,servers,option1,Rest of world,imports,2018-Q4,56.71
product,servers,option1,Rest of world,imports,2019-Q1,33.45
product,servers,option1,Rest of world,imports,2019-Q2,15.15
product,servers,option1,Rest of world,imports,2019-Q3,23.57
product,servers,option1,Rest of world,imports,2019-Q4,30.21
product,servers,option1,Rest of world,imports,2020-Q1,36.78
product,servers,option1,Rest of world,imports,2020-Q2,24.6
product,servers,option1,Rest of world,imports,2020-Q3,58.49
product,servers,option1,Rest of world,imports,2020-Q4,28.4
product,servers,option1,Rest of world,imports,2021-Q1,27.96
product,servers,option1,Rest of world,imports,2021-Q2,25.93
product,servers,option1,Rest of world,imports,2021-Q3,26.77
product,servers,option1,Rest of world,imports,2021-Q4,32.11
product,servers,option1,Rest of world,imports,2022-Q1,28.83
product,servers,option1,Rest of world,imports,2022-Q2,22.56
product,servers,option1,Rest of world,imports,2022-Q3,30.08
product,servers,option1,Rest of world,imports,2022-Q4,81.25
product,servers,option1,Rest of world,imports,2023-Q1,22.11
product,servers,option1,Rest of world,imports,2023-Q2,30.92
product,servers,option1,Rest of world,imports,2023-Q3,37.31
product,servers,option1,Rest of world,imports,2023-Q4,28.49
product,servers,option1,Rest of world,imports,2024-Q1,42.59
product,servers,option1,Rest of world,imports,2024-Q2,30.86
product,servers,option1,Rest of world,imports,2024-Q3,22.91
product,servers,option1,Rest of world,imports,2024-Q4,35.73
product,servers,option1,Rest of world,imports,2025-Q1,82.46
product,servers,option1,Rest of world,imports,2025-Q2,105.98
product,servers,option1,Rest of world,imports,2025-Q3,191.11
product,servers,option1,Rest of world,imports,2025-Q4,466.83
product,servers,option1,Rest of world,imports,2026-Q1,58.36
product,servers,option1,Rest of world,imports,2026-Q2,352.72
product,servers,option2,China incl. Hong Kong,imports,2016-Q1,60.12
product,servers,option2,China incl. Hong Kong,imports,2016-Q2,54.65
product,servers,option2,China incl. Hong Kong,imports,2016-Q3,62.72
product,servers,option2,China incl. Hong Kong,imports,2016-Q4,67.26
product,servers,option2,China incl. Hong Kong,imports,2017-Q1,49.75
product,servers,option2,China incl. Hong Kong,imports,2017-Q2,37.69
product,servers,option2,China incl. Hong Kong,imports,2017-Q3,60.92
product,servers,option2,China incl. Hong Kong,imports,2017-Q4,65.45
product,servers,option2,China incl. Hong Kong,imports,2018-Q1,63.86
product,servers,option2,China incl. Hong Kong,imports,2018-Q2,64.9
product,servers,option2,China incl. Hong Kong,imports,2018-Q3,70.12
product,servers,option2,China incl. Hong Kong,imports,2018-Q4,48.69
product,servers,option2,China incl. Hong Kong,imports,2019-Q1,78.76
product,servers,option2,China incl. Hong Kong,imports,2019-Q2,97.72
product,servers,option2,China incl. Hong Kong,imports,2019-Q3,74.85
product,servers,option2,China incl. Hong Kong,imports,2019-Q4,85.86
product,servers,option2,China incl. Hong Kong,imports,2020-Q1,88.47
product,servers,option2,China incl. Hong Kong,imports,2020-Q2,113.32
product,servers,option2,China incl. Hong Kong,imports,2020-Q3,46.1
product,servers,option2,China incl. Hong Kong,imports,2020-Q4,77.82
product,servers,option2,China incl. Hong Kong,imports,2021-Q1,73.38
product,servers,option2,China incl. Hong Kong,imports,2021-Q2,79.32
product,servers,option2,China incl. Hong Kong,imports,2021-Q3,100.56
product,servers,option2,China incl. Hong Kong,imports,2021-Q4,97.57
product,servers,option2,China incl. Hong Kong,imports,2022-Q1,78.62
product,servers,option2,China incl. Hong Kong,imports,2022-Q2,116.66
product,servers,option2,China incl. Hong Kong,imports,2022-Q3,84.73
product,servers,option2,China incl. Hong Kong,imports,2022-Q4,96.83
product,servers,option2,China incl. Hong Kong,imports,2023-Q1,76.28
product,servers,option2,China incl. Hong Kong,imports,2023-Q2,72.02
product,servers,option2,China incl. Hong Kong,imports,2023-Q3,62.99
product,servers,option2,China incl. Hong Kong,imports,2023-Q4,67.74
product,servers,option2,China incl. Hong Kong,imports,2024-Q1,55.49
product,servers,option2,China incl. Hong Kong,imports,2024-Q2,56.27
product,servers,option2,China incl. Hong Kong,imports,2024-Q3,58.83
product,servers,option2,China incl. Hong Kong,imports,2024-Q4,67.31
product,servers,option2,China incl. Hong Kong,imports,2025-Q1,57.44
product,servers,option2,China incl. Hong Kong,imports,2025-Q2,68.07
product,servers,option2,China incl. Hong Kong,imports,2025-Q3,69.7
product,servers,option2,China incl. Hong Kong,imports,2025-Q4,59.81
product,servers,option2,China incl. Hong Kong,imports,2026-Q1,63.0
product,servers,option2,China incl. Hong Kong,imports,2026-Q2,76.43
product,servers,option2,Japan,imports,2016-Q1,0.89
product,servers,option2,Japan,imports,2016-Q2,1.71
product,servers,option2,Japan,imports,2016-Q3,3.16
product,servers,option2,Japan,imports,2016-Q4,5.33
product,servers,option2,Japan,imports,2017-Q1,5.44
product,servers,option2,Japan,imports,2017-Q2,11.03
product,servers,option2,Japan,imports,2017-Q3,11.27
product,servers,option2,Japan,imports,2017-Q4,11.24
product,servers,option2,Japan,imports,2018-Q1,4.83
product,servers,option2,Japan,imports,2018-Q2,16.36
product,servers,option2,Japan,imports,2018-Q3,11.86
product,servers,option2,Japan,imports,2018-Q4,15.53
product,servers,option2,Japan,imports,2019-Q1,9.7
product,servers,option2,Japan,imports,2019-Q2,4.42
product,servers,option2,Japan,imports,2019-Q3,10.77
product,servers,option2,Japan,imports,2019-Q4,11.29
product,servers,option2,Japan,imports,2020-Q1,12.07
product,servers,option2,Japan,imports,2020-Q2,8.61
product,servers,option2,Japan,imports,2020-Q3,12.01
product,servers,option2,Japan,imports,2020-Q4,14.92
product,servers,option2,Japan,imports,2021-Q1,3.52
product,servers,option2,Japan,imports,2021-Q2,9.9
product,servers,option2,Japan,imports,2021-Q3,4.81
product,servers,option2,Japan,imports,2021-Q4,2.36
product,servers,option2,Japan,imports,2022-Q1,2.79
product,servers,option2,Japan,imports,2022-Q2,2.01
product,servers,option2,Japan,imports,2022-Q3,2.38
product,servers,option2,Japan,imports,2022-Q4,2.0
product,servers,option2,Japan,imports,2023-Q1,1.76
product,servers,option2,Japan,imports,2023-Q2,4.27
product,servers,option2,Japan,imports,2023-Q3,12.45
product,servers,option2,Japan,imports,2023-Q4,21.12
product,servers,option2,Japan,imports,2024-Q1,14.52
product,servers,option2,Japan,imports,2024-Q2,7.0
product,servers,option2,Japan,imports,2024-Q3,5.21
product,servers,option2,Japan,imports,2024-Q4,3.04
product,servers,option2,Japan,imports,2025-Q1,1.91
product,servers,option2,Japan,imports,2025-Q2,2.21
product,servers,option2,Japan,imports,2025-Q3,1.29
product,servers,option2,Japan,imports,2025-Q4,3.91
product,servers,option2,Japan,imports,2026-Q1,3.83
product,servers,option2,Japan,imports,2026-Q2,2.63
product,servers,option2,South Korea,imports,2016-Q1,0.25
product,servers,option2,South Korea,imports,2016-Q2,0.23
product,servers,option2,South Korea,imports,2016-Q3,0.65
product,servers,option2,South Korea,imports,2016-Q4,0.11
product,servers,option2,South Korea,imports,2017-Q1,0.9
product,servers,option2,South Korea,imports,2017-Q2,0.57
product,servers,option2,South Korea,imports,2017-Q3,0.15
product,servers,option2,South Korea,imports,2017-Q4,0.2
product,servers,option2,South Korea,imports,2018-Q1,0.2
product,servers,option2,South Korea,imports,2018-Q2,0.89
product,servers,option2,South Korea,imports,2018-Q3,0.47
product,servers,option2,South Korea,imports,2018-Q4,0.83
product,servers,option2,South Korea,imports,2019-Q1,0.4
product,servers,option2,South Korea,imports,2019-Q2,0.39
product,servers,option2,South Korea,imports,2019-Q3,1.71
product,servers,option2,South Korea,imports,2019-Q4,0.84
product,servers,option2,South Korea,imports,2020-Q1,0.26
product,servers,option2,South Korea,imports,2020-Q2,0.33
product,servers,option2,South Korea,imports,2020-Q3,1.05
product,servers,option2,South Korea,imports,2020-Q4,0.75
product,servers,option2,South Korea,imports,2021-Q1,0.45
product,servers,option2,South Korea,imports,2021-Q2,1.09
product,servers,option2,South Korea,imports,2021-Q3,0.52
product,servers,option2,South Korea,imports,2021-Q4,0.39
product,servers,option2,South Korea,imports,2022-Q1,0.18
product,servers,option2,South Korea,imports,2022-Q2,0.14
product,servers,option2,South Korea,imports,2022-Q3,0.96
product,servers,option2,South Korea,imports,2022-Q4,0.76
product,servers,option2,South Korea,imports,2023-Q1,0.33
product,servers,option2,South Korea,imports,2023-Q2,0.3
product,servers,option2,South Korea,imports,2023-Q3,0.17
product,servers,option2,South Korea,imports,2023-Q4,1.32
product,servers,option2,South Korea,imports,2024-Q1,0.6
product,servers,option2,South Korea,imports,2024-Q2,0.6
product,servers,option2,South Korea,imports,2024-Q3,0.43
product,servers,option2,South Korea,imports,2024-Q4,0.91
product,servers,option2,South Korea,imports,2025-Q1,0.29
product,servers,option2,South Korea,imports,2025-Q2,0.36
product,servers,option2,South Korea,imports,2025-Q3,0.29
product,servers,option2,South Korea,imports,2025-Q4,0.35
product,servers,option2,South Korea,imports,2026-Q1,0.71
product,servers,option2,South Korea,imports,2026-Q2,0.88
product,servers,option2,Taiwan,imports,2016-Q1,0.54
product,servers,option2,Taiwan,imports,2016-Q2,0.95
product,servers,option2,Taiwan,imports,2016-Q3,0.71
product,servers,option2,Taiwan,imports,2016-Q4,0.71
product,servers,option2,Taiwan,imports,2017-Q1,1.94
product,servers,option2,Taiwan,imports,2017-Q2,4.05
product,servers,option2,Taiwan,imports,2017-Q3,1.41
product,servers,option2,Taiwan,imports,2017-Q4,1.04
product,servers,option2,Taiwan,imports,2018-Q1,1.66
product,servers,option2,Taiwan,imports,2018-Q2,2.42
product,servers,option2,Taiwan,imports,2018-Q3,1.68
product,servers,option2,Taiwan,imports,2018-Q4,2.46
product,servers,option2,Taiwan,imports,2019-Q1,1.88
product,servers,option2,Taiwan,imports,2019-Q2,2.09
product,servers,option2,Taiwan,imports,2019-Q3,2.22
product,servers,option2,Taiwan,imports,2019-Q4,4.03
product,servers,option2,Taiwan,imports,2020-Q1,3.52
product,servers,option2,Taiwan,imports,2020-Q2,4.89
product,servers,option2,Taiwan,imports,2020-Q3,3.2
product,servers,option2,Taiwan,imports,2020-Q4,3.97
product,servers,option2,Taiwan,imports,2021-Q1,5.39
product,servers,option2,Taiwan,imports,2021-Q2,7.73
product,servers,option2,Taiwan,imports,2021-Q3,11.05
product,servers,option2,Taiwan,imports,2021-Q4,11.14
product,servers,option2,Taiwan,imports,2022-Q1,8.74
product,servers,option2,Taiwan,imports,2022-Q2,8.72
product,servers,option2,Taiwan,imports,2022-Q3,14.92
product,servers,option2,Taiwan,imports,2022-Q4,8.31
product,servers,option2,Taiwan,imports,2023-Q1,3.11
product,servers,option2,Taiwan,imports,2023-Q2,9.32
product,servers,option2,Taiwan,imports,2023-Q3,4.03
product,servers,option2,Taiwan,imports,2023-Q4,6.79
product,servers,option2,Taiwan,imports,2024-Q1,3.63
product,servers,option2,Taiwan,imports,2024-Q2,4.16
product,servers,option2,Taiwan,imports,2024-Q3,3.27
product,servers,option2,Taiwan,imports,2024-Q4,7.63
product,servers,option2,Taiwan,imports,2025-Q1,2.73
product,servers,option2,Taiwan,imports,2025-Q2,20.89
product,servers,option2,Taiwan,imports,2025-Q3,41.06
product,servers,option2,Taiwan,imports,2025-Q4,69.83
product,servers,option2,Taiwan,imports,2026-Q1,4.48
product,servers,option2,Taiwan,imports,2026-Q2,32.77
product,storage,option1,EU,exports,2016-Q1,99.46
product,storage,option1,EU,exports,2016-Q2,88.7
product,storage,option1,EU,exports,2016-Q3,96.42
product,storage,option1,EU,exports,2016-Q4,124.41
product,storage,option1,EU,exports,2017-Q1,99.29
product,storage,option1,EU,exports,2017-Q2,87.29
product,storage,option1,EU,exports,2017-Q3,94.36
product,storage,option1,EU,exports,2017-Q4,106.68
product,storage,option1,EU,exports,2018-Q1,88.25
product,storage,option1,EU,exports,2018-Q2,94.26
product,storage,option1,EU,exports,2018-Q3,96.05
product,storage,option1,EU,exports,2018-Q4,105.24
product,storage,option1,EU,exports,2019-Q1,84.46
product,storage,option1,EU,exports,2019-Q2,77.79
product,storage,option1,EU,exports,2019-Q3,86.29
product,storage,option1,EU,exports,2019-Q4,113.0
product,storage,option1,EU,exports,2020-Q1,105.32
product,storage,option1,EU,exports,2020-Q2,73.35
product,storage,option1,EU,exports,2020-Q3,92.83
product,storage,option1,EU,exports,2020-Q4,120.71
product,storage,option1,EU,exports,2021-Q1,66.62
product,storage,option1,EU,exports,2021-Q2,63.15
product,storage,option1,EU,exports,2021-Q3,62.83
product,storage,option1,EU,exports,2021-Q4,80.38
product,storage,option1,EU,exports,2022-Q1,63.29
product,storage,option1,EU,exports,2022-Q2,66.39
product,storage,option1,EU,exports,2022-Q3,90.27
product,storage,option1,EU,exports,2022-Q4,92.81
product,storage,option1,EU,exports,2023-Q1,100.77
product,storage,option1,EU,exports,2023-Q2,75.89
product,storage,option1,EU,exports,2023-Q3,63.14
product,storage,option1,EU,exports,2023-Q4,85.07
product,storage,option1,EU,exports,2024-Q1,65.98
product,storage,option1,EU,exports,2024-Q2,52.1
product,storage,option1,EU,exports,2024-Q3,63.22
product,storage,option1,EU,exports,2024-Q4,79.58
product,storage,option1,EU,exports,2025-Q1,82.97
product,storage,option1,EU,exports,2025-Q2,63.54
product,storage,option1,EU,exports,2025-Q3,93.8
product,storage,option1,EU,exports,2025-Q4,104.42
product,storage,option1,EU,exports,2026-Q1,133.45
product,storage,option1,EU,exports,2026-Q2,74.85
product,storage,option1,US,exports,2016-Q1,10.71
product,storage,option1,US,exports,2016-Q2,10.6
product,storage,option1,US,exports,2016-Q3,10.16
product,storage,option1,US,exports,2016-Q4,9.22
product,storage,option1,US,exports,2017-Q1,11.41
product,storage,option1,US,exports,2017-Q2,22.75
product,storage,option1,US,exports,2017-Q3,8.96
product,storage,option1,US,exports,2017-Q4,9.39
product,storage,option1,US,exports,2018-Q1,6.75
product,storage,option1,US,exports,2018-Q2,12.83
product,storage,option1,US,exports,2018-Q3,9.58
product,storage,option1,US,exports,2018-Q4,7.47
product,storage,option1,US,exports,2019-Q1,9.92
product,storage,option1,US,exports,2019-Q2,7.77
product,storage,option1,US,exports,2019-Q3,7.02
product,storage,option1,US,exports,2019-Q4,8.11
product,storage,option1,US,exports,2020-Q1,6.7
product,storage,option1,US,exports,2020-Q2,6.91
product,storage,option1,US,exports,2020-Q3,6.03
product,storage,option1,US,exports,2020-Q4,6.43
product,storage,option1,US,exports,2021-Q1,8.2
product,storage,option1,US,exports,2021-Q2,8.38
product,storage,option1,US,exports,2021-Q3,7.22
product,storage,option1,US,exports,2021-Q4,8.39
product,storage,option1,US,exports,2022-Q1,8.27
product,storage,option1,US,exports,2022-Q2,7.0
product,storage,option1,US,exports,2022-Q3,7.75
product,storage,option1,US,exports,2022-Q4,8.39
product,storage,option1,US,exports,2023-Q1,7.45
product,storage,option1,US,exports,2023-Q2,8.56
product,storage,option1,US,exports,2023-Q3,9.66
product,storage,option1,US,exports,2023-Q4,9.62
product,storage,option1,US,exports,2024-Q1,7.92
product,storage,option1,US,exports,2024-Q2,9.33
product,storage,option1,US,exports,2024-Q3,10.86
product,storage,option1,US,exports,2024-Q4,14.41
product,storage,option1,US,exports,2025-Q1,9.8
product,storage,option1,US,exports,2025-Q2,8.31
product,storage,option1,US,exports,2025-Q3,9.36
product,storage,option1,US,exports,2025-Q4,11.62
product,storage,option1,US,exports,2026-Q1,8.37
product,storage,option1,US,exports,2026-Q2,61.54
product,storage,option1,East Asia,exports,2016-Q1,8.43
product,storage,option1,East Asia,exports,2016-Q2,7.51
product,storage,option1,East Asia,exports,2016-Q3,11.79
product,storage,option1,East Asia,exports,2016-Q4,9.92
product,storage,option1,East Asia,exports,2017-Q1,10.27
product,storage,option1,East Asia,exports,2017-Q2,11.36
product,storage,option1,East Asia,exports,2017-Q3,14.63
product,storage,option1,East Asia,exports,2017-Q4,14.88
product,storage,option1,East Asia,exports,2018-Q1,7.5
product,storage,option1,East Asia,exports,2018-Q2,9.96
product,storage,option1,East Asia,exports,2018-Q3,7.48
product,storage,option1,East Asia,exports,2018-Q4,10.73
product,storage,option1,East Asia,exports,2019-Q1,8.78
product,storage,option1,East Asia,exports,2019-Q2,6.76
product,storage,option1,East Asia,exports,2019-Q3,13.75
product,storage,option1,East Asia,exports,2019-Q4,12.94
product,storage,option1,East Asia,exports,2020-Q1,17.83
product,storage,option1,East Asia,exports,2020-Q2,2.27
product,storage,option1,East Asia,exports,2020-Q3,1.76
product,storage,option1,East Asia,exports,2020-Q4,2.97
product,storage,option1,East Asia,exports,2021-Q1,1.45
product,storage,option1,East Asia,exports,2021-Q2,3.75
product,storage,option1,East Asia,exports,2021-Q3,2.49
product,storage,option1,East Asia,exports,2021-Q4,2.83
product,storage,option1,East Asia,exports,2022-Q1,2.34
product,storage,option1,East Asia,exports,2022-Q2,2.66
product,storage,option1,East Asia,exports,2022-Q3,3.68
product,storage,option1,East Asia,exports,2022-Q4,3.13
product,storage,option1,East Asia,exports,2023-Q1,2.59
product,storage,option1,East Asia,exports,2023-Q2,2.11
product,storage,option1,East Asia,exports,2023-Q3,2.71
product,storage,option1,East Asia,exports,2023-Q4,3.22
product,storage,option1,East Asia,exports,2024-Q1,3.86
product,storage,option1,East Asia,exports,2024-Q2,3.94
product,storage,option1,East Asia,exports,2024-Q3,5.99
product,storage,option1,East Asia,exports,2024-Q4,5.25
product,storage,option1,East Asia,exports,2025-Q1,3.57
product,storage,option1,East Asia,exports,2025-Q2,3.54
product,storage,option1,East Asia,exports,2025-Q3,5.85
product,storage,option1,East Asia,exports,2025-Q4,11.21
product,storage,option1,East Asia,exports,2026-Q1,11.44
product,storage,option1,East Asia,exports,2026-Q2,12.93
product,storage,option1,Rest of world,exports,2016-Q1,16.58
product,storage,option1,Rest of world,exports,2016-Q2,16.55
product,storage,option1,Rest of world,exports,2016-Q3,20.28
product,storage,option1,Rest of world,exports,2016-Q4,23.06
product,storage,option1,Rest of world,exports,2017-Q1,21.6
product,storage,option1,Rest of world,exports,2017-Q2,17.31
product,storage,option1,Rest of world,exports,2017-Q3,17.76
product,storage,option1,Rest of world,exports,2017-Q4,18.27
product,storage,option1,Rest of world,exports,2018-Q1,16.65
product,storage,option1,Rest of world,exports,2018-Q2,15.85
product,storage,option1,Rest of world,exports,2018-Q3,15.37
product,storage,option1,Rest of world,exports,2018-Q4,21.41
product,storage,option1,Rest of world,exports,2019-Q1,16.64
product,storage,option1,Rest of world,exports,2019-Q2,16.75
product,storage,option1,Rest of world,exports,2019-Q3,20.07
product,storage,option1,Rest of world,exports,2019-Q4,18.7
product,storage,option1,Rest of world,exports,2020-Q1,17.19
product,storage,option1,Rest of world,exports,2020-Q2,12.25
product,storage,option1,Rest of world,exports,2020-Q3,14.55
product,storage,option1,Rest of world,exports,2020-Q4,18.88
product,storage,option1,Rest of world,exports,2021-Q1,14.21
product,storage,option1,Rest of world,exports,2021-Q2,13.78
product,storage,option1,Rest of world,exports,2021-Q3,18.86
product,storage,option1,Rest of world,exports,2021-Q4,16.76
product,storage,option1,Rest of world,exports,2022-Q1,13.94
product,storage,option1,Rest of world,exports,2022-Q2,13.3
product,storage,option1,Rest of world,exports,2022-Q3,17.77
product,storage,option1,Rest of world,exports,2022-Q4,22.12
product,storage,option1,Rest of world,exports,2023-Q1,15.76
product,storage,option1,Rest of world,exports,2023-Q2,20.69
product,storage,option1,Rest of world,exports,2023-Q3,16.22
product,storage,option1,Rest of world,exports,2023-Q4,18.35
product,storage,option1,Rest of world,exports,2024-Q1,16.41
product,storage,option1,Rest of world,exports,2024-Q2,17.28
product,storage,option1,Rest of world,exports,2024-Q3,15.16
product,storage,option1,Rest of world,exports,2024-Q4,16.34
product,storage,option1,Rest of world,exports,2025-Q1,33.17
product,storage,option1,Rest of world,exports,2025-Q2,15.11
product,storage,option1,Rest of world,exports,2025-Q3,30.43
product,storage,option1,Rest of world,exports,2025-Q4,26.15
product,storage,option1,Rest of world,exports,2026-Q1,21.84
product,storage,option1,Rest of world,exports,2026-Q2,17.28
product,storage,option2,China incl. Hong Kong,exports,2016-Q1,0.83
product,storage,option2,China incl. Hong Kong,exports,2016-Q2,0.75
product,storage,option2,China incl. Hong Kong,exports,2016-Q3,1.53
product,storage,option2,China incl. Hong Kong,exports,2016-Q4,1.55
product,storage,option2,China incl. Hong Kong,exports,2017-Q1,1.85
product,storage,option2,China incl. Hong Kong,exports,2017-Q2,1.82
product,storage,option2,China incl. Hong Kong,exports,2017-Q3,2.18
product,storage,option2,China incl. Hong Kong,exports,2017-Q4,1.7
product,storage,option2,China incl. Hong Kong,exports,2018-Q1,1.22
product,storage,option2,China incl. Hong Kong,exports,2018-Q2,1.85
product,storage,option2,China incl. Hong Kong,exports,2018-Q3,1.1
product,storage,option2,China incl. Hong Kong,exports,2018-Q4,1.07
product,storage,option2,China incl. Hong Kong,exports,2019-Q1,2.02
product,storage,option2,China incl. Hong Kong,exports,2019-Q2,1.74
product,storage,option2,China incl. Hong Kong,exports,2019-Q3,3.42
product,storage,option2,China incl. Hong Kong,exports,2019-Q4,2.22
product,storage,option2,China incl. Hong Kong,exports,2020-Q1,2.12
product,storage,option2,China incl. Hong Kong,exports,2020-Q2,1.08
product,storage,option2,China incl. Hong Kong,exports,2020-Q3,1.07
product,storage,option2,China incl. Hong Kong,exports,2020-Q4,2.27
product,storage,option2,China incl. Hong Kong,exports,2021-Q1,0.93
product,storage,option2,China incl. Hong Kong,exports,2021-Q2,2.92
product,storage,option2,China incl. Hong Kong,exports,2021-Q3,1.66
product,storage,option2,China incl. Hong Kong,exports,2021-Q4,1.9
product,storage,option2,China incl. Hong Kong,exports,2022-Q1,1.47
product,storage,option2,China incl. Hong Kong,exports,2022-Q2,1.65
product,storage,option2,China incl. Hong Kong,exports,2022-Q3,2.75
product,storage,option2,China incl. Hong Kong,exports,2022-Q4,1.74
product,storage,option2,China incl. Hong Kong,exports,2023-Q1,1.88
product,storage,option2,China incl. Hong Kong,exports,2023-Q2,1.51
product,storage,option2,China incl. Hong Kong,exports,2023-Q3,1.89
product,storage,option2,China incl. Hong Kong,exports,2023-Q4,2.61
product,storage,option2,China incl. Hong Kong,exports,2024-Q1,2.45
product,storage,option2,China incl. Hong Kong,exports,2024-Q2,2.61
product,storage,option2,China incl. Hong Kong,exports,2024-Q3,3.1
product,storage,option2,China incl. Hong Kong,exports,2024-Q4,4.58
product,storage,option2,China incl. Hong Kong,exports,2025-Q1,2.79
product,storage,option2,China incl. Hong Kong,exports,2025-Q2,2.54
product,storage,option2,China incl. Hong Kong,exports,2025-Q3,4.74
product,storage,option2,China incl. Hong Kong,exports,2025-Q4,10.68
product,storage,option2,China incl. Hong Kong,exports,2026-Q1,10.24
product,storage,option2,China incl. Hong Kong,exports,2026-Q2,11.58
product,storage,option2,Japan,exports,2016-Q1,0.29
product,storage,option2,Japan,exports,2016-Q2,0.48
product,storage,option2,Japan,exports,2016-Q3,0.63
product,storage,option2,Japan,exports,2016-Q4,0.57
product,storage,option2,Japan,exports,2017-Q1,0.26
product,storage,option2,Japan,exports,2017-Q2,0.17
product,storage,option2,Japan,exports,2017-Q3,0.29
product,storage,option2,Japan,exports,2017-Q4,0.29
product,storage,option2,Japan,exports,2018-Q1,0.38
product,storage,option2,Japan,exports,2018-Q2,0.16
product,storage,option2,Japan,exports,2018-Q3,0.3
product,storage,option2,Japan,exports,2018-Q4,0.34
product,storage,option2,Japan,exports,2019-Q1,0.22
product,storage,option2,Japan,exports,2019-Q2,0.14
product,storage,option2,Japan,exports,2019-Q3,0.64
product,storage,option2,Japan,exports,2019-Q4,0.28
product,storage,option2,Japan,exports,2020-Q1,0.27
product,storage,option2,Japan,exports,2020-Q2,0.49
product,storage,option2,Japan,exports,2020-Q3,0.12
product,storage,option2,Japan,exports,2020-Q4,0.16
product,storage,option2,Japan,exports,2021-Q1,0.26
product,storage,option2,Japan,exports,2021-Q2,0.14
product,storage,option2,Japan,exports,2021-Q3,0.16
product,storage,option2,Japan,exports,2021-Q4,0.26
product,storage,option2,Japan,exports,2022-Q1,0.33
product,storage,option2,Japan,exports,2022-Q2,0.36
product,storage,option2,Japan,exports,2022-Q3,0.29
product,storage,option2,Japan,exports,2022-Q4,0.41
product,storage,option2,Japan,exports,2023-Q1,0.26
product,storage,option2,Japan,exports,2023-Q2,0.18
product,storage,option2,Japan,exports,2023-Q3,0.14
product,storage,option2,Japan,exports,2023-Q4,0.15
product,storage,option2,Japan,exports,2024-Q1,0.23
product,storage,option2,Japan,exports,2024-Q2,0.8
product,storage,option2,Japan,exports,2024-Q3,2.2
product,storage,option2,Japan,exports,2024-Q4,0.23
product,storage,option2,Japan,exports,2025-Q1,0.16
product,storage,option2,Japan,exports,2025-Q2,0.19
product,storage,option2,Japan,exports,2025-Q3,0.26
product,storage,option2,Japan,exports,2025-Q4,0.17
product,storage,option2,Japan,exports,2026-Q1,0.34
product,storage,option2,Japan,exports,2026-Q2,0.15
product,storage,option2,South Korea,exports,2016-Q1,7.2
product,storage,option2,South Korea,exports,2016-Q2,5.48
product,storage,option2,South Korea,exports,2016-Q3,9.54
product,storage,option2,South Korea,exports,2016-Q4,7.66
product,storage,option2,South Korea,exports,2017-Q1,8.14
product,storage,option2,South Korea,exports,2017-Q2,8.84
product,storage,option2,South Korea,exports,2017-Q3,11.9
product,storage,option2,South Korea,exports,2017-Q4,12.69
product,storage,option2,South Korea,exports,2018-Q1,5.68
product,storage,option2,South Korea,exports,2018-Q2,7.82
product,storage,option2,South Korea,exports,2018-Q3,5.59
product,storage,option2,South Korea,exports,2018-Q4,9.22
product,storage,option2,South Korea,exports,2019-Q1,6.25
product,storage,option2,South Korea,exports,2019-Q2,4.6
product,storage,option2,South Korea,exports,2019-Q3,9.52
product,storage,option2,South Korea,exports,2019-Q4,10.03
product,storage,option2,South Korea,exports,2020-Q1,15.13
product,storage,option2,South Korea,exports,2020-Q2,0.29
product,storage,option2,South Korea,exports,2020-Q3,0.26
product,storage,option2,South Korea,exports,2020-Q4,0.3
product,storage,option2,South Korea,exports,2021-Q1,0.1
product,storage,option2,South Korea,exports,2021-Q2,0.35
product,storage,option2,South Korea,exports,2021-Q3,0.18
product,storage,option2,South Korea,exports,2021-Q4,0.16
product,storage,option2,South Korea,exports,2022-Q1,0.09
product,storage,option2,South Korea,exports,2022-Q2,0.19
product,storage,option2,South Korea,exports,2022-Q3,0.24
product,storage,option2,South Korea,exports,2022-Q4,0.53
product,storage,option2,South Korea,exports,2023-Q1,0.1
product,storage,option2,South Korea,exports,2023-Q2,0.22
product,storage,option2,South Korea,exports,2023-Q3,0.3
product,storage,option2,South Korea,exports,2023-Q4,0.12
product,storage,option2,South Korea,exports,2024-Q1,0.16
product,storage,option2,South Korea,exports,2024-Q2,0.16
product,storage,option2,South Korea,exports,2024-Q3,0.21
product,storage,option2,South Korea,exports,2024-Q4,0.07
product,storage,option2,South Korea,exports,2025-Q1,0.18
product,storage,option2,South Korea,exports,2025-Q2,0.09
product,storage,option2,South Korea,exports,2025-Q3,0.64
product,storage,option2,South Korea,exports,2025-Q4,0.07
product,storage,option2,South Korea,exports,2026-Q1,0.15
product,storage,option2,South Korea,exports,2026-Q2,0.22
product,storage,option2,Taiwan,exports,2016-Q1,0.1
product,storage,option2,Taiwan,exports,2016-Q2,0.8
product,storage,option2,Taiwan,exports,2016-Q3,0.08
product,storage,option2,Taiwan,exports,2016-Q4,0.14
product,storage,option2,Taiwan,exports,2017-Q1,0.02
product,storage,option2,Taiwan,exports,2017-Q2,0.53
product,storage,option2,Taiwan,exports,2017-Q3,0.26
product,storage,option2,Taiwan,exports,2017-Q4,0.21
product,storage,option2,Taiwan,exports,2018-Q1,0.22
product,storage,option2,Taiwan,exports,2018-Q2,0.13
product,storage,option2,Taiwan,exports,2018-Q3,0.48
product,storage,option2,Taiwan,exports,2018-Q4,0.11
product,storage,option2,Taiwan,exports,2019-Q1,0.3
product,storage,option2,Taiwan,exports,2019-Q2,0.28
product,storage,option2,Taiwan,exports,2019-Q3,0.18
product,storage,option2,Taiwan,exports,2019-Q4,0.41
product,storage,option2,Taiwan,exports,2020-Q1,0.31
product,storage,option2,Taiwan,exports,2020-Q2,0.41
product,storage,option2,Taiwan,exports,2020-Q3,0.3
product,storage,option2,Taiwan,exports,2020-Q4,0.24
product,storage,option2,Taiwan,exports,2021-Q1,0.16
product,storage,option2,Taiwan,exports,2021-Q2,0.34
product,storage,option2,Taiwan,exports,2021-Q3,0.5
product,storage,option2,Taiwan,exports,2021-Q4,0.51
product,storage,option2,Taiwan,exports,2022-Q1,0.45
product,storage,option2,Taiwan,exports,2022-Q2,0.46
product,storage,option2,Taiwan,exports,2022-Q3,0.4
product,storage,option2,Taiwan,exports,2022-Q4,0.44
product,storage,option2,Taiwan,exports,2023-Q1,0.35
product,storage,option2,Taiwan,exports,2023-Q2,0.2
product,storage,option2,Taiwan,exports,2023-Q3,0.39
product,storage,option2,Taiwan,exports,2023-Q4,0.35
product,storage,option2,Taiwan,exports,2024-Q1,1.02
product,storage,option2,Taiwan,exports,2024-Q2,0.37
product,storage,option2,Taiwan,exports,2024-Q3,0.48
product,storage,option2,Taiwan,exports,2024-Q4,0.37
product,storage,option2,Taiwan,exports,2025-Q1,0.44
product,storage,option2,Taiwan,exports,2025-Q2,0.72
product,storage,option2,Taiwan,exports,2025-Q3,0.21
product,storage,option2,Taiwan,exports,2025-Q4,0.29
product,storage,option2,Taiwan,exports,2026-Q1,0.72
product,storage,option2,Taiwan,exports,2026-Q2,0.98
product,storage,option1,EU,imports,2016-Q1,192.89
product,storage,option1,EU,imports,2016-Q2,179.5
product,storage,option1,EU,imports,2016-Q3,199.58
product,storage,option1,EU,imports,2016-Q4,239.54
product,storage,option1,EU,imports,2017-Q1,208.6
product,storage,option1,EU,imports,2017-Q2,214.61
product,storage,option1,EU,imports,2017-Q3,183.65
product,storage,option1,EU,imports,2017-Q4,191.45
product,storage,option1,EU,imports,2018-Q1,255.3
product,storage,option1,EU,imports,2018-Q2,244.24
product,storage,option1,EU,imports,2018-Q3,225.95
product,storage,option1,EU,imports,2018-Q4,261.92
product,storage,option1,EU,imports,2019-Q1,242.54
product,storage,option1,EU,imports,2019-Q2,190.7
product,storage,option1,EU,imports,2019-Q3,189.54
product,storage,option1,EU,imports,2019-Q4,218.18
product,storage,option1,EU,imports,2020-Q1,207.92
product,storage,option1,EU,imports,2020-Q2,190.17
product,storage,option1,EU,imports,2020-Q3,197.07
product,storage,option1,EU,imports,2020-Q4,255.95
product,storage,option1,EU,imports,2021-Q1,224.4
product,storage,option1,EU,imports,2021-Q2,144.89
product,storage,option1,EU,imports,2021-Q3,142.86
product,storage,option1,EU,imports,2021-Q4,181.95
product,storage,option1,EU,imports,2022-Q1,149.53
product,storage,option1,EU,imports,2022-Q2,170.1
product,storage,option1,EU,imports,2022-Q3,192.12
product,storage,option1,EU,imports,2022-Q4,216.42
product,storage,option1,EU,imports,2023-Q1,237.95
product,storage,option1,EU,imports,2023-Q2,157.54
product,storage,option1,EU,imports,2023-Q3,152.0
product,storage,option1,EU,imports,2023-Q4,189.97
product,storage,option1,EU,imports,2024-Q1,147.03
product,storage,option1,EU,imports,2024-Q2,155.93
product,storage,option1,EU,imports,2024-Q3,121.27
product,storage,option1,EU,imports,2024-Q4,121.9
product,storage,option1,EU,imports,2025-Q1,170.93
product,storage,option1,EU,imports,2025-Q2,154.38
product,storage,option1,EU,imports,2025-Q3,151.36
product,storage,option1,EU,imports,2025-Q4,139.96
product,storage,option1,EU,imports,2026-Q1,166.86
product,storage,option1,EU,imports,2026-Q2,155.78
product,storage,option1,US,imports,2016-Q1,19.09
product,storage,option1,US,imports,2016-Q2,19.41
product,storage,option1,US,imports,2016-Q3,21.21
product,storage,option1,US,imports,2016-Q4,21.29
product,storage,option1,US,imports,2017-Q1,30.88
product,storage,option1,US,imports,2017-Q2,16.73
product,storage,option1,US,imports,2017-Q3,18.14
product,storage,option1,US,imports,2017-Q4,17.46
product,storage,option1,US,imports,2018-Q1,19.88
product,storage,option1,US,imports,2018-Q2,16.56
product,storage,option1,US,imports,2018-Q3,18.41
product,storage,option1,US,imports,2018-Q4,19.66
product,storage,option1,US,imports,2019-Q1,27.12
product,storage,option1,US,imports,2019-Q2,20.18
product,storage,option1,US,imports,2019-Q3,18.03
product,storage,option1,US,imports,2019-Q4,18.68
product,storage,option1,US,imports,2020-Q1,24.66
product,storage,option1,US,imports,2020-Q2,18.35
product,storage,option1,US,imports,2020-Q3,19.05
product,storage,option1,US,imports,2020-Q4,18.31
product,storage,option1,US,imports,2021-Q1,22.91
product,storage,option1,US,imports,2021-Q2,27.87
product,storage,option1,US,imports,2021-Q3,29.93
product,storage,option1,US,imports,2021-Q4,26.97
product,storage,option1,US,imports,2022-Q1,19.33
product,storage,option1,US,imports,2022-Q2,34.22
product,storage,option1,US,imports,2022-Q3,37.54
product,storage,option1,US,imports,2022-Q4,45.73
product,storage,option1,US,imports,2023-Q1,30.52
product,storage,option1,US,imports,2023-Q2,29.58
product,storage,option1,US,imports,2023-Q3,20.48
product,storage,option1,US,imports,2023-Q4,33.37
product,storage,option1,US,imports,2024-Q1,40.04
product,storage,option1,US,imports,2024-Q2,25.06
product,storage,option1,US,imports,2024-Q3,23.67
product,storage,option1,US,imports,2024-Q4,25.58
product,storage,option1,US,imports,2025-Q1,49.88
product,storage,option1,US,imports,2025-Q2,25.25
product,storage,option1,US,imports,2025-Q3,26.31
product,storage,option1,US,imports,2025-Q4,16.32
product,storage,option1,US,imports,2026-Q1,24.67
product,storage,option1,US,imports,2026-Q2,19.03
product,storage,option1,East Asia,imports,2016-Q1,52.78
product,storage,option1,East Asia,imports,2016-Q2,53.21
product,storage,option1,East Asia,imports,2016-Q3,57.38
product,storage,option1,East Asia,imports,2016-Q4,85.86
product,storage,option1,East Asia,imports,2017-Q1,47.38
product,storage,option1,East Asia,imports,2017-Q2,47.38
product,storage,option1,East Asia,imports,2017-Q3,55.28
product,storage,option1,East Asia,imports,2017-Q4,50.46
product,storage,option1,East Asia,imports,2018-Q1,47.12
product,storage,option1,East Asia,imports,2018-Q2,36.19
product,storage,option1,East Asia,imports,2018-Q3,46.37
product,storage,option1,East Asia,imports,2018-Q4,59.06
product,storage,option1,East Asia,imports,2019-Q1,61.44
product,storage,option1,East Asia,imports,2019-Q2,37.41
product,storage,option1,East Asia,imports,2019-Q3,52.44
product,storage,option1,East Asia,imports,2019-Q4,88.44
product,storage,option1,East Asia,imports,2020-Q1,61.24
product,storage,option1,East Asia,imports,2020-Q2,61.82
product,storage,option1,East Asia,imports,2020-Q3,98.87
product,storage,option1,East Asia,imports,2020-Q4,111.07
product,storage,option1,East Asia,imports,2021-Q1,85.0
product,storage,option1,East Asia,imports,2021-Q2,87.99
product,storage,option1,East Asia,imports,2021-Q3,83.77
product,storage,option1,East Asia,imports,2021-Q4,98.75
product,storage,option1,East Asia,imports,2022-Q1,67.69
product,storage,option1,East Asia,imports,2022-Q2,78.85
product,storage,option1,East Asia,imports,2022-Q3,74.36
product,storage,option1,East Asia,imports,2022-Q4,96.55
product,storage,option1,East Asia,imports,2023-Q1,50.7
product,storage,option1,East Asia,imports,2023-Q2,43.08
product,storage,option1,East Asia,imports,2023-Q3,51.59
product,storage,option1,East Asia,imports,2023-Q4,86.7
product,storage,option1,East Asia,imports,2024-Q1,53.77
product,storage,option1,East Asia,imports,2024-Q2,39.23
product,storage,option1,East Asia,imports,2024-Q3,57.43
product,storage,option1,East Asia,imports,2024-Q4,67.76
product,storage,option1,East Asia,imports,2025-Q1,63.25
product,storage,option1,East Asia,imports,2025-Q2,42.19
product,storage,option1,East Asia,imports,2025-Q3,82.21
product,storage,option1,East Asia,imports,2025-Q4,95.52
product,storage,option1,East Asia,imports,2026-Q1,77.06
product,storage,option1,East Asia,imports,2026-Q2,55.22
product,storage,option1,Rest of world,imports,2016-Q1,31.41
product,storage,option1,Rest of world,imports,2016-Q2,31.07
product,storage,option1,Rest of world,imports,2016-Q3,28.47
product,storage,option1,Rest of world,imports,2016-Q4,33.17
product,storage,option1,Rest of world,imports,2017-Q1,30.55
product,storage,option1,Rest of world,imports,2017-Q2,20.17
product,storage,option1,Rest of world,imports,2017-Q3,24.89
product,storage,option1,Rest of world,imports,2017-Q4,36.76
product,storage,option1,Rest of world,imports,2018-Q1,26.22
product,storage,option1,Rest of world,imports,2018-Q2,26.5
product,storage,option1,Rest of world,imports,2018-Q3,22.08
product,storage,option1,Rest of world,imports,2018-Q4,40.66
product,storage,option1,Rest of world,imports,2019-Q1,30.8
product,storage,option1,Rest of world,imports,2019-Q2,21.09
product,storage,option1,Rest of world,imports,2019-Q3,33.35
product,storage,option1,Rest of world,imports,2019-Q4,48.88
product,storage,option1,Rest of world,imports,2020-Q1,51.06
product,storage,option1,Rest of world,imports,2020-Q2,20.65
product,storage,option1,Rest of world,imports,2020-Q3,25.05
product,storage,option1,Rest of world,imports,2020-Q4,36.49
product,storage,option1,Rest of world,imports,2021-Q1,33.07
product,storage,option1,Rest of world,imports,2021-Q2,34.54
product,storage,option1,Rest of world,imports,2021-Q3,28.16
product,storage,option1,Rest of world,imports,2021-Q4,30.03
product,storage,option1,Rest of world,imports,2022-Q1,24.58
product,storage,option1,Rest of world,imports,2022-Q2,21.81
product,storage,option1,Rest of world,imports,2022-Q3,25.2
product,storage,option1,Rest of world,imports,2022-Q4,34.64
product,storage,option1,Rest of world,imports,2023-Q1,20.64
product,storage,option1,Rest of world,imports,2023-Q2,25.04
product,storage,option1,Rest of world,imports,2023-Q3,20.08
product,storage,option1,Rest of world,imports,2023-Q4,38.57
product,storage,option1,Rest of world,imports,2024-Q1,31.84
product,storage,option1,Rest of world,imports,2024-Q2,26.67
product,storage,option1,Rest of world,imports,2024-Q3,32.12
product,storage,option1,Rest of world,imports,2024-Q4,46.51
product,storage,option1,Rest of world,imports,2025-Q1,43.9
product,storage,option1,Rest of world,imports,2025-Q2,45.57
product,storage,option1,Rest of world,imports,2025-Q3,35.05
product,storage,option1,Rest of world,imports,2025-Q4,56.2
product,storage,option1,Rest of world,imports,2026-Q1,64.96
product,storage,option1,Rest of world,imports,2026-Q2,52.5
product,storage,option2,China incl. Hong Kong,imports,2016-Q1,24.29
product,storage,option2,China incl. Hong Kong,imports,2016-Q2,21.17
product,storage,option2,China incl. Hong Kong,imports,2016-Q3,24.39
product,storage,option2,China incl. Hong Kong,imports,2016-Q4,34.24
product,storage,option2,China incl. Hong Kong,imports,2017-Q1,24.62
product,storage,option2,China incl. Hong Kong,imports,2017-Q2,17.78
product,storage,option2,China incl. Hong Kong,imports,2017-Q3,17.39
product,storage,option2,China incl. Hong Kong,imports,2017-Q4,19.18
product,storage,option2,China incl. Hong Kong,imports,2018-Q1,15.91
product,storage,option2,China incl. Hong Kong,imports,2018-Q2,14.05
product,storage,option2,China incl. Hong Kong,imports,2018-Q3,17.81
product,storage,option2,China incl. Hong Kong,imports,2018-Q4,26.01
product,storage,option2,China incl. Hong Kong,imports,2019-Q1,31.79
product,storage,option2,China incl. Hong Kong,imports,2019-Q2,22.29
product,storage,option2,China incl. Hong Kong,imports,2019-Q3,36.15
product,storage,option2,China incl. Hong Kong,imports,2019-Q4,54.98
product,storage,option2,China incl. Hong Kong,imports,2020-Q1,33.35
product,storage,option2,China incl. Hong Kong,imports,2020-Q2,41.49
product,storage,option2,China incl. Hong Kong,imports,2020-Q3,56.6
product,storage,option2,China incl. Hong Kong,imports,2020-Q4,61.94
product,storage,option2,China incl. Hong Kong,imports,2021-Q1,63.81
product,storage,option2,China incl. Hong Kong,imports,2021-Q2,59.9
product,storage,option2,China incl. Hong Kong,imports,2021-Q3,52.47
product,storage,option2,China incl. Hong Kong,imports,2021-Q4,63.66
product,storage,option2,China incl. Hong Kong,imports,2022-Q1,49.1
product,storage,option2,China incl. Hong Kong,imports,2022-Q2,45.75
product,storage,option2,China incl. Hong Kong,imports,2022-Q3,44.89
product,storage,option2,China incl. Hong Kong,imports,2022-Q4,58.46
product,storage,option2,China incl. Hong Kong,imports,2023-Q1,23.5
product,storage,option2,China incl. Hong Kong,imports,2023-Q2,20.31
product,storage,option2,China incl. Hong Kong,imports,2023-Q3,24.11
product,storage,option2,China incl. Hong Kong,imports,2023-Q4,38.86
product,storage,option2,China incl. Hong Kong,imports,2024-Q1,24.76
product,storage,option2,China incl. Hong Kong,imports,2024-Q2,19.09
product,storage,option2,China incl. Hong Kong,imports,2024-Q3,29.01
product,storage,option2,China incl. Hong Kong,imports,2024-Q4,35.99
product,storage,option2,China incl. Hong Kong,imports,2025-Q1,36.32
product,storage,option2,China incl. Hong Kong,imports,2025-Q2,26.75
product,storage,option2,China incl. Hong Kong,imports,2025-Q3,41.63
product,storage,option2,China incl. Hong Kong,imports,2025-Q4,54.3
product,storage,option2,China incl. Hong Kong,imports,2026-Q1,43.27
product,storage,option2,China incl. Hong Kong,imports,2026-Q2,23.46
product,storage,option2,Japan,imports,2016-Q1,0.57
product,storage,option2,Japan,imports,2016-Q2,0.48
product,storage,option2,Japan,imports,2016-Q3,0.24
product,storage,option2,Japan,imports,2016-Q4,0.32
product,storage,option2,Japan,imports,2017-Q1,0.25
product,storage,option2,Japan,imports,2017-Q2,0.26
product,storage,option2,Japan,imports,2017-Q3,0.34
product,storage,option2,Japan,imports,2017-Q4,0.39
product,storage,option2,Japan,imports,2018-Q1,0.36
product,storage,option2,Japan,imports,2018-Q2,0.32
product,storage,option2,Japan,imports,2018-Q3,0.22
product,storage,option2,Japan,imports,2018-Q4,0.19
product,storage,option2,Japan,imports,2019-Q1,0.18
product,storage,option2,Japan,imports,2019-Q2,0.24
product,storage,option2,Japan,imports,2019-Q3,0.28
product,storage,option2,Japan,imports,2019-Q4,0.39
product,storage,option2,Japan,imports,2020-Q1,0.16
product,storage,option2,Japan,imports,2020-Q2,0.36
product,storage,option2,Japan,imports,2020-Q3,0.38
product,storage,option2,Japan,imports,2020-Q4,0.82
product,storage,option2,Japan,imports,2021-Q1,0.11
product,storage,option2,Japan,imports,2021-Q2,0.08
product,storage,option2,Japan,imports,2021-Q3,0.32
product,storage,option2,Japan,imports,2021-Q4,0.19
product,storage,option2,Japan,imports,2022-Q1,0.09
product,storage,option2,Japan,imports,2022-Q2,0.28
product,storage,option2,Japan,imports,2022-Q3,0.25
product,storage,option2,Japan,imports,2022-Q4,0.17
product,storage,option2,Japan,imports,2023-Q1,0.17
product,storage,option2,Japan,imports,2023-Q2,0.15
product,storage,option2,Japan,imports,2023-Q3,0.11
product,storage,option2,Japan,imports,2023-Q4,0.51
product,storage,option2,Japan,imports,2024-Q1,0.9
product,storage,option2,Japan,imports,2024-Q2,0.32
product,storage,option2,Japan,imports,2024-Q3,0.07
product,storage,option2,Japan,imports,2024-Q4,0.25
product,storage,option2,Japan,imports,2025-Q1,0.13
product,storage,option2,Japan,imports,2025-Q2,0.05
product,storage,option2,Japan,imports,2025-Q3,0.45
product,storage,option2,Japan,imports,2025-Q4,0.08
product,storage,option2,Japan,imports,2026-Q1,0.18
product,storage,option2,Japan,imports,2026-Q2,0.17
product,storage,option2,South Korea,imports,2016-Q1,3.55
product,storage,option2,South Korea,imports,2016-Q2,2.07
product,storage,option2,South Korea,imports,2016-Q3,2.41
product,storage,option2,South Korea,imports,2016-Q4,2.08
product,storage,option2,South Korea,imports,2017-Q1,0.18
product,storage,option2,South Korea,imports,2017-Q2,1.7
product,storage,option2,South Korea,imports,2017-Q3,4.26
product,storage,option2,South Korea,imports,2017-Q4,0.9
product,storage,option2,South Korea,imports,2018-Q1,2.72
product,storage,option2,South Korea,imports,2018-Q2,0.98
product,storage,option2,South Korea,imports,2018-Q3,0.65
product,storage,option2,South Korea,imports,2018-Q4,0.02
product,storage,option2,South Korea,imports,2019-Q1,0.14
product,storage,option2,South Korea,imports,2019-Q2,0.05
product,storage,option2,South Korea,imports,2019-Q3,0.17
product,storage,option2,South Korea,imports,2019-Q4,0.14
product,storage,option2,South Korea,imports,2020-Q1,0.07
product,storage,option2,South Korea,imports,2020-Q2,0.06
product,storage,option2,South Korea,imports,2020-Q3,0.2
product,storage,option2,South Korea,imports,2020-Q4,0.08
product,storage,option2,South Korea,imports,2021-Q1,0.24
product,storage,option2,South Korea,imports,2021-Q2,0.1
product,storage,option2,South Korea,imports,2021-Q3,0.29
product,storage,option2,South Korea,imports,2021-Q4,0.09
product,storage,option2,South Korea,imports,2022-Q1,0.17
product,storage,option2,South Korea,imports,2022-Q2,0.47
product,storage,option2,South Korea,imports,2022-Q3,0.18
product,storage,option2,South Korea,imports,2022-Q4,0.04
product,storage,option2,South Korea,imports,2023-Q1,0.02
product,storage,option2,South Korea,imports,2023-Q2,0.06
product,storage,option2,South Korea,imports,2023-Q3,0.03
product,storage,option2,South Korea,imports,2023-Q4,0.13
product,storage,option2,South Korea,imports,2024-Q1,0.04
product,storage,option2,South Korea,imports,2024-Q2,0.04
product,storage,option2,South Korea,imports,2024-Q3,0.04
product,storage,option2,South Korea,imports,2024-Q4,0.01
product,storage,option2,South Korea,imports,2025-Q1,0.09
product,storage,option2,South Korea,imports,2025-Q2,0.11
product,storage,option2,South Korea,imports,2025-Q3,0.06
product,storage,option2,South Korea,imports,2025-Q4,0.27
product,storage,option2,South Korea,imports,2026-Q1,0.1
product,storage,option2,South Korea,imports,2026-Q2,0.08
product,storage,option2,Taiwan,imports,2016-Q1,24.36
product,storage,option2,Taiwan,imports,2016-Q2,29.49
product,storage,option2,Taiwan,imports,2016-Q3,30.35
product,storage,option2,Taiwan,imports,2016-Q4,49.22
product,storage,option2,Taiwan,imports,2017-Q1,22.33
product,storage,option2,Taiwan,imports,2017-Q2,27.65
product,storage,option2,Taiwan,imports,2017-Q3,33.29
product,storage,option2,Taiwan,imports,2017-Q4,29.99
product,storage,option2,Taiwan,imports,2018-Q1,28.12
product,storage,option2,Taiwan,imports,2018-Q2,20.84
product,storage,option2,Taiwan,imports,2018-Q3,27.69
product,storage,option2,Taiwan,imports,2018-Q4,32.83
product,storage,option2,Taiwan,imports,2019-Q1,29.33
product,storage,option2,Taiwan,imports,2019-Q2,14.84
product,storage,option2,Taiwan,imports,2019-Q3,15.84
product,storage,option2,Taiwan,imports,2019-Q4,32.93
product,storage,option2,Taiwan,imports,2020-Q1,27.66
product,storage,option2,Taiwan,imports,2020-Q2,19.92
product,storage,option2,Taiwan,imports,2020-Q3,41.69
product,storage,option2,Taiwan,imports,2020-Q4,48.24
product,storage,option2,Taiwan,imports,2021-Q1,20.84
product,storage,option2,Taiwan,imports,2021-Q2,27.91
product,storage,option2,Taiwan,imports,2021-Q3,30.69
product,storage,option2,Taiwan,imports,2021-Q4,34.82
product,storage,option2,Taiwan,imports,2022-Q1,18.33
product,storage,option2,Taiwan,imports,2022-Q2,32.34
product,storage,option2,Taiwan,imports,2022-Q3,29.05
product,storage,option2,Taiwan,imports,2022-Q4,37.88
product,storage,option2,Taiwan,imports,2023-Q1,27.0
product,storage,option2,Taiwan,imports,2023-Q2,22.57
product,storage,option2,Taiwan,imports,2023-Q3,27.34
product,storage,option2,Taiwan,imports,2023-Q4,47.2
product,storage,option2,Taiwan,imports,2024-Q1,28.06
product,storage,option2,Taiwan,imports,2024-Q2,19.78
product,storage,option2,Taiwan,imports,2024-Q3,28.31
product,storage,option2,Taiwan,imports,2024-Q4,31.51
product,storage,option2,Taiwan,imports,2025-Q1,26.71
product,storage,option2,Taiwan,imports,2025-Q2,15.28
product,storage,option2,Taiwan,imports,2025-Q3,40.07
product,storage,option2,Taiwan,imports,2025-Q4,40.86
product,storage,option2,Taiwan,imports,2026-Q1,33.51
product,storage,option2,Taiwan,imports,2026-Q2,31.5
product,computer_assemblies,option1,EU,exports,2016-Q1,199.63
product,computer_assemblies,option1,EU,exports,2016-Q2,182.71
product,computer_assemblies,option1,EU,exports,2016-Q3,191.56
product,computer_assemblies,option1,EU,exports,2016-Q4,241.02
product,computer_assemblies,option1,EU,exports,2017-Q1,154.26
product,computer_assemblies,option1,EU,exports,2017-Q2,154.28
product,computer_assemblies,option1,EU,exports,2017-Q3,175.18
product,computer_assemblies,option1,EU,exports,2017-Q4,204.32
product,computer_assemblies,option1,EU,exports,2018-Q1,181.9
product,computer_assemblies,option1,EU,exports,2018-Q2,166.01
product,computer_assemblies,option1,EU,exports,2018-Q3,172.3
product,computer_assemblies,option1,EU,exports,2018-Q4,176.67
product,computer_assemblies,option1,EU,exports,2019-Q1,142.2
product,computer_assemblies,option1,EU,exports,2019-Q2,134.55
product,computer_assemblies,option1,EU,exports,2019-Q3,132.44
product,computer_assemblies,option1,EU,exports,2019-Q4,116.1
product,computer_assemblies,option1,EU,exports,2020-Q1,125.55
product,computer_assemblies,option1,EU,exports,2020-Q2,122.81
product,computer_assemblies,option1,EU,exports,2020-Q3,131.16
product,computer_assemblies,option1,EU,exports,2020-Q4,166.47
product,computer_assemblies,option1,EU,exports,2021-Q1,94.06
product,computer_assemblies,option1,EU,exports,2021-Q2,127.07
product,computer_assemblies,option1,EU,exports,2021-Q3,102.13
product,computer_assemblies,option1,EU,exports,2021-Q4,104.3
product,computer_assemblies,option1,EU,exports,2022-Q1,86.09
product,computer_assemblies,option1,EU,exports,2022-Q2,84.88
product,computer_assemblies,option1,EU,exports,2022-Q3,90.47
product,computer_assemblies,option1,EU,exports,2022-Q4,111.39
product,computer_assemblies,option1,EU,exports,2023-Q1,106.07
product,computer_assemblies,option1,EU,exports,2023-Q2,83.44
product,computer_assemblies,option1,EU,exports,2023-Q3,86.54
product,computer_assemblies,option1,EU,exports,2023-Q4,102.5
product,computer_assemblies,option1,EU,exports,2024-Q1,87.03
product,computer_assemblies,option1,EU,exports,2024-Q2,74.91
product,computer_assemblies,option1,EU,exports,2024-Q3,78.5
product,computer_assemblies,option1,EU,exports,2024-Q4,97.44
product,computer_assemblies,option1,EU,exports,2025-Q1,96.15
product,computer_assemblies,option1,EU,exports,2025-Q2,108.91
product,computer_assemblies,option1,EU,exports,2025-Q3,108.68
product,computer_assemblies,option1,EU,exports,2025-Q4,153.18
product,computer_assemblies,option1,EU,exports,2026-Q1,172.71
product,computer_assemblies,option1,EU,exports,2026-Q2,141.76
product,computer_assemblies,option1,US,exports,2016-Q1,13.72
product,computer_assemblies,option1,US,exports,2016-Q2,19.73
product,computer_assemblies,option1,US,exports,2016-Q3,19.53
product,computer_assemblies,option1,US,exports,2016-Q4,19.37
product,computer_assemblies,option1,US,exports,2017-Q1,19.96
product,computer_assemblies,option1,US,exports,2017-Q2,22.36
product,computer_assemblies,option1,US,exports,2017-Q3,18.56
product,computer_assemblies,option1,US,exports,2017-Q4,29.96
product,computer_assemblies,option1,US,exports,2018-Q1,23.8
product,computer_assemblies,option1,US,exports,2018-Q2,19.48
product,computer_assemblies,option1,US,exports,2018-Q3,19.86
product,computer_assemblies,option1,US,exports,2018-Q4,21.7
product,computer_assemblies,option1,US,exports,2019-Q1,20.6
product,computer_assemblies,option1,US,exports,2019-Q2,16.05
product,computer_assemblies,option1,US,exports,2019-Q3,11.88
product,computer_assemblies,option1,US,exports,2019-Q4,9.39
product,computer_assemblies,option1,US,exports,2020-Q1,11.17
product,computer_assemblies,option1,US,exports,2020-Q2,7.64
product,computer_assemblies,option1,US,exports,2020-Q3,8.14
product,computer_assemblies,option1,US,exports,2020-Q4,10.78
product,computer_assemblies,option1,US,exports,2021-Q1,11.03
product,computer_assemblies,option1,US,exports,2021-Q2,11.31
product,computer_assemblies,option1,US,exports,2021-Q3,11.06
product,computer_assemblies,option1,US,exports,2021-Q4,9.93
product,computer_assemblies,option1,US,exports,2022-Q1,9.83
product,computer_assemblies,option1,US,exports,2022-Q2,10.25
product,computer_assemblies,option1,US,exports,2022-Q3,15.16
product,computer_assemblies,option1,US,exports,2022-Q4,13.39
product,computer_assemblies,option1,US,exports,2023-Q1,9.13
product,computer_assemblies,option1,US,exports,2023-Q2,10.78
product,computer_assemblies,option1,US,exports,2023-Q3,12.49
product,computer_assemblies,option1,US,exports,2023-Q4,11.21
product,computer_assemblies,option1,US,exports,2024-Q1,10.33
product,computer_assemblies,option1,US,exports,2024-Q2,12.47
product,computer_assemblies,option1,US,exports,2024-Q3,13.82
product,computer_assemblies,option1,US,exports,2024-Q4,11.56
product,computer_assemblies,option1,US,exports,2025-Q1,11.96
product,computer_assemblies,option1,US,exports,2025-Q2,24.45
product,computer_assemblies,option1,US,exports,2025-Q3,26.23
product,computer_assemblies,option1,US,exports,2025-Q4,15.43
product,computer_assemblies,option1,US,exports,2026-Q1,21.15
product,computer_assemblies,option1,US,exports,2026-Q2,34.7
product,computer_assemblies,option1,East Asia,exports,2016-Q1,5.29
product,computer_assemblies,option1,East Asia,exports,2016-Q2,6.5
product,computer_assemblies,option1,East Asia,exports,2016-Q3,8.51
product,computer_assemblies,option1,East Asia,exports,2016-Q4,11.87
product,computer_assemblies,option1,East Asia,exports,2017-Q1,8.0
product,computer_assemblies,option1,East Asia,exports,2017-Q2,7.3
product,computer_assemblies,option1,East Asia,exports,2017-Q3,14.21
product,computer_assemblies,option1,East Asia,exports,2017-Q4,14.75
product,computer_assemblies,option1,East Asia,exports,2018-Q1,12.77
product,computer_assemblies,option1,East Asia,exports,2018-Q2,9.44
product,computer_assemblies,option1,East Asia,exports,2018-Q3,15.25
product,computer_assemblies,option1,East Asia,exports,2018-Q4,11.31
product,computer_assemblies,option1,East Asia,exports,2019-Q1,11.94
product,computer_assemblies,option1,East Asia,exports,2019-Q2,9.8
product,computer_assemblies,option1,East Asia,exports,2019-Q3,12.75
product,computer_assemblies,option1,East Asia,exports,2019-Q4,8.99
product,computer_assemblies,option1,East Asia,exports,2020-Q1,9.61
product,computer_assemblies,option1,East Asia,exports,2020-Q2,5.9
product,computer_assemblies,option1,East Asia,exports,2020-Q3,9.65
product,computer_assemblies,option1,East Asia,exports,2020-Q4,10.46
product,computer_assemblies,option1,East Asia,exports,2021-Q1,14.61
product,computer_assemblies,option1,East Asia,exports,2021-Q2,15.92
product,computer_assemblies,option1,East Asia,exports,2021-Q3,17.21
product,computer_assemblies,option1,East Asia,exports,2021-Q4,15.79
product,computer_assemblies,option1,East Asia,exports,2022-Q1,15.36
product,computer_assemblies,option1,East Asia,exports,2022-Q2,22.05
product,computer_assemblies,option1,East Asia,exports,2022-Q3,18.85
product,computer_assemblies,option1,East Asia,exports,2022-Q4,21.85
product,computer_assemblies,option1,East Asia,exports,2023-Q1,11.44
product,computer_assemblies,option1,East Asia,exports,2023-Q2,7.03
product,computer_assemblies,option1,East Asia,exports,2023-Q3,10.5
product,computer_assemblies,option1,East Asia,exports,2023-Q4,11.52
product,computer_assemblies,option1,East Asia,exports,2024-Q1,12.67
product,computer_assemblies,option1,East Asia,exports,2024-Q2,11.31
product,computer_assemblies,option1,East Asia,exports,2024-Q3,16.42
product,computer_assemblies,option1,East Asia,exports,2024-Q4,11.99
product,computer_assemblies,option1,East Asia,exports,2025-Q1,11.52
product,computer_assemblies,option1,East Asia,exports,2025-Q2,23.42
product,computer_assemblies,option1,East Asia,exports,2025-Q3,26.06
product,computer_assemblies,option1,East Asia,exports,2025-Q4,54.21
product,computer_assemblies,option1,East Asia,exports,2026-Q1,77.79
product,computer_assemblies,option1,East Asia,exports,2026-Q2,79.92
product,computer_assemblies,option1,Rest of world,exports,2016-Q1,28.34
product,computer_assemblies,option1,Rest of world,exports,2016-Q2,24.12
product,computer_assemblies,option1,Rest of world,exports,2016-Q3,38.27
product,computer_assemblies,option1,Rest of world,exports,2016-Q4,48.1
product,computer_assemblies,option1,Rest of world,exports,2017-Q1,37.61
product,computer_assemblies,option1,Rest of world,exports,2017-Q2,36.3
product,computer_assemblies,option1,Rest of world,exports,2017-Q3,44.16
product,computer_assemblies,option1,Rest of world,exports,2017-Q4,47.81
product,computer_assemblies,option1,Rest of world,exports,2018-Q1,45.27
product,computer_assemblies,option1,Rest of world,exports,2018-Q2,44.93
product,computer_assemblies,option1,Rest of world,exports,2018-Q3,41.44
product,computer_assemblies,option1,Rest of world,exports,2018-Q4,48.59
product,computer_assemblies,option1,Rest of world,exports,2019-Q1,41.23
product,computer_assemblies,option1,Rest of world,exports,2019-Q2,35.89
product,computer_assemblies,option1,Rest of world,exports,2019-Q3,29.45
product,computer_assemblies,option1,Rest of world,exports,2019-Q4,19.9
product,computer_assemblies,option1,Rest of world,exports,2020-Q1,17.81
product,computer_assemblies,option1,Rest of world,exports,2020-Q2,14.69
product,computer_assemblies,option1,Rest of world,exports,2020-Q3,17.79
product,computer_assemblies,option1,Rest of world,exports,2020-Q4,20.06
product,computer_assemblies,option1,Rest of world,exports,2021-Q1,16.56
product,computer_assemblies,option1,Rest of world,exports,2021-Q2,15.26
product,computer_assemblies,option1,Rest of world,exports,2021-Q3,17.02
product,computer_assemblies,option1,Rest of world,exports,2021-Q4,24.62
product,computer_assemblies,option1,Rest of world,exports,2022-Q1,15.12
product,computer_assemblies,option1,Rest of world,exports,2022-Q2,17.67
product,computer_assemblies,option1,Rest of world,exports,2022-Q3,20.36
product,computer_assemblies,option1,Rest of world,exports,2022-Q4,21.93
product,computer_assemblies,option1,Rest of world,exports,2023-Q1,16.88
product,computer_assemblies,option1,Rest of world,exports,2023-Q2,18.42
product,computer_assemblies,option1,Rest of world,exports,2023-Q3,17.82
product,computer_assemblies,option1,Rest of world,exports,2023-Q4,18.49
product,computer_assemblies,option1,Rest of world,exports,2024-Q1,18.12
product,computer_assemblies,option1,Rest of world,exports,2024-Q2,17.13
product,computer_assemblies,option1,Rest of world,exports,2024-Q3,16.9
product,computer_assemblies,option1,Rest of world,exports,2024-Q4,21.55
product,computer_assemblies,option1,Rest of world,exports,2025-Q1,21.89
product,computer_assemblies,option1,Rest of world,exports,2025-Q2,31.38
product,computer_assemblies,option1,Rest of world,exports,2025-Q3,32.63
product,computer_assemblies,option1,Rest of world,exports,2025-Q4,38.52
product,computer_assemblies,option1,Rest of world,exports,2026-Q1,54.24
product,computer_assemblies,option1,Rest of world,exports,2026-Q2,30.97
product,computer_assemblies,option2,China incl. Hong Kong,exports,2016-Q1,2.88
product,computer_assemblies,option2,China incl. Hong Kong,exports,2016-Q2,4.17
product,computer_assemblies,option2,China incl. Hong Kong,exports,2016-Q3,4.33
product,computer_assemblies,option2,China incl. Hong Kong,exports,2016-Q4,8.18
product,computer_assemblies,option2,China incl. Hong Kong,exports,2017-Q1,4.85
product,computer_assemblies,option2,China incl. Hong Kong,exports,2017-Q2,5.33
product,computer_assemblies,option2,China incl. Hong Kong,exports,2017-Q3,10.76
product,computer_assemblies,option2,China incl. Hong Kong,exports,2017-Q4,11.87
product,computer_assemblies,option2,China incl. Hong Kong,exports,2018-Q1,9.4
product,computer_assemblies,option2,China incl. Hong Kong,exports,2018-Q2,6.34
product,computer_assemblies,option2,China incl. Hong Kong,exports,2018-Q3,10.18
product,computer_assemblies,option2,China incl. Hong Kong,exports,2018-Q4,8.41
product,computer_assemblies,option2,China incl. Hong Kong,exports,2019-Q1,8.63
product,computer_assemblies,option2,China incl. Hong Kong,exports,2019-Q2,6.63
product,computer_assemblies,option2,China incl. Hong Kong,exports,2019-Q3,8.24
product,computer_assemblies,option2,China incl. Hong Kong,exports,2019-Q4,5.78
product,computer_assemblies,option2,China incl. Hong Kong,exports,2020-Q1,6.34
product,computer_assemblies,option2,China incl. Hong Kong,exports,2020-Q2,3.63
product,computer_assemblies,option2,China incl. Hong Kong,exports,2020-Q3,6.82
product,computer_assemblies,option2,China incl. Hong Kong,exports,2020-Q4,7.79
product,computer_assemblies,option2,China incl. Hong Kong,exports,2021-Q1,12.6
product,computer_assemblies,option2,China incl. Hong Kong,exports,2021-Q2,13.83
product,computer_assemblies,option2,China incl. Hong Kong,exports,2021-Q3,15.2
product,computer_assemblies,option2,China incl. Hong Kong,exports,2021-Q4,12.91
product,computer_assemblies,option2,China incl. Hong Kong,exports,2022-Q1,13.46
product,computer_assemblies,option2,China incl. Hong Kong,exports,2022-Q2,14.34
product,computer_assemblies,option2,China incl. Hong Kong,exports,2022-Q3,15.72
product,computer_assemblies,option2,China incl. Hong Kong,exports,2022-Q4,16.04
product,computer_assemblies,option2,China incl. Hong Kong,exports,2023-Q1,9.25
product,computer_assemblies,option2,China incl. Hong Kong,exports,2023-Q2,5.61
product,computer_assemblies,option2,China incl. Hong Kong,exports,2023-Q3,8.14
product,computer_assemblies,option2,China incl. Hong Kong,exports,2023-Q4,8.81
product,computer_assemblies,option2,China incl. Hong Kong,exports,2024-Q1,10.13
product,computer_assemblies,option2,China incl. Hong Kong,exports,2024-Q2,9.05
product,computer_assemblies,option2,China incl. Hong Kong,exports,2024-Q3,13.56
product,computer_assemblies,option2,China incl. Hong Kong,exports,2024-Q4,9.72
product,computer_assemblies,option2,China incl. Hong Kong,exports,2025-Q1,8.14
product,computer_assemblies,option2,China incl. Hong Kong,exports,2025-Q2,15.94
product,computer_assemblies,option2,China incl. Hong Kong,exports,2025-Q3,20.0
product,computer_assemblies,option2,China incl. Hong Kong,exports,2025-Q4,46.22
product,computer_assemblies,option2,China incl. Hong Kong,exports,2026-Q1,73.3
product,computer_assemblies,option2,China incl. Hong Kong,exports,2026-Q2,75.14
product,computer_assemblies,option2,Japan,exports,2016-Q1,1.14
product,computer_assemblies,option2,Japan,exports,2016-Q2,0.98
product,computer_assemblies,option2,Japan,exports,2016-Q3,1.07
product,computer_assemblies,option2,Japan,exports,2016-Q4,0.99
product,computer_assemblies,option2,Japan,exports,2017-Q1,1.19
product,computer_assemblies,option2,Japan,exports,2017-Q2,0.6
product,computer_assemblies,option2,Japan,exports,2017-Q3,0.53
product,computer_assemblies,option2,Japan,exports,2017-Q4,0.77
product,computer_assemblies,option2,Japan,exports,2018-Q1,0.84
product,computer_assemblies,option2,Japan,exports,2018-Q2,0.63
product,computer_assemblies,option2,Japan,exports,2018-Q3,0.79
product,computer_assemblies,option2,Japan,exports,2018-Q4,0.85
product,computer_assemblies,option2,Japan,exports,2019-Q1,1.3
product,computer_assemblies,option2,Japan,exports,2019-Q2,0.55
product,computer_assemblies,option2,Japan,exports,2019-Q3,0.44
product,computer_assemblies,option2,Japan,exports,2019-Q4,0.68
product,computer_assemblies,option2,Japan,exports,2020-Q1,0.85
product,computer_assemblies,option2,Japan,exports,2020-Q2,0.69
product,computer_assemblies,option2,Japan,exports,2020-Q3,0.34
product,computer_assemblies,option2,Japan,exports,2020-Q4,0.44
product,computer_assemblies,option2,Japan,exports,2021-Q1,0.53
product,computer_assemblies,option2,Japan,exports,2021-Q2,0.69
product,computer_assemblies,option2,Japan,exports,2021-Q3,0.78
product,computer_assemblies,option2,Japan,exports,2021-Q4,0.62
product,computer_assemblies,option2,Japan,exports,2022-Q1,0.69
product,computer_assemblies,option2,Japan,exports,2022-Q2,1.75
product,computer_assemblies,option2,Japan,exports,2022-Q3,1.33
product,computer_assemblies,option2,Japan,exports,2022-Q4,2.37
product,computer_assemblies,option2,Japan,exports,2023-Q1,1.1
product,computer_assemblies,option2,Japan,exports,2023-Q2,0.56
product,computer_assemblies,option2,Japan,exports,2023-Q3,1.21
product,computer_assemblies,option2,Japan,exports,2023-Q4,1.12
product,computer_assemblies,option2,Japan,exports,2024-Q1,0.92
product,computer_assemblies,option2,Japan,exports,2024-Q2,0.76
product,computer_assemblies,option2,Japan,exports,2024-Q3,1.26
product,computer_assemblies,option2,Japan,exports,2024-Q4,1.06
product,computer_assemblies,option2,Japan,exports,2025-Q1,0.93
product,computer_assemblies,option2,Japan,exports,2025-Q2,4.33
product,computer_assemblies,option2,Japan,exports,2025-Q3,1.75
product,computer_assemblies,option2,Japan,exports,2025-Q4,5.34
product,computer_assemblies,option2,Japan,exports,2026-Q1,2.11
product,computer_assemblies,option2,Japan,exports,2026-Q2,1.75
product,computer_assemblies,option2,South Korea,exports,2016-Q1,0.47
product,computer_assemblies,option2,South Korea,exports,2016-Q2,0.31
product,computer_assemblies,option2,South Korea,exports,2016-Q3,0.7
product,computer_assemblies,option2,South Korea,exports,2016-Q4,1.68
product,computer_assemblies,option2,South Korea,exports,2017-Q1,0.47
product,computer_assemblies,option2,South Korea,exports,2017-Q2,0.52
product,computer_assemblies,option2,South Korea,exports,2017-Q3,0.54
product,computer_assemblies,option2,South Korea,exports,2017-Q4,0.92
product,computer_assemblies,option2,South Korea,exports,2018-Q1,0.84
product,computer_assemblies,option2,South Korea,exports,2018-Q2,0.83
product,computer_assemblies,option2,South Korea,exports,2018-Q3,2.75
product,computer_assemblies,option2,South Korea,exports,2018-Q4,0.53
product,computer_assemblies,option2,South Korea,exports,2019-Q1,0.5
product,computer_assemblies,option2,South Korea,exports,2019-Q2,1.34
product,computer_assemblies,option2,South Korea,exports,2019-Q3,2.79
product,computer_assemblies,option2,South Korea,exports,2019-Q4,1.4
product,computer_assemblies,option2,South Korea,exports,2020-Q1,1.15
product,computer_assemblies,option2,South Korea,exports,2020-Q2,1.01
product,computer_assemblies,option2,South Korea,exports,2020-Q3,1.41
product,computer_assemblies,option2,South Korea,exports,2020-Q4,1.59
product,computer_assemblies,option2,South Korea,exports,2021-Q1,0.48
product,computer_assemblies,option2,South Korea,exports,2021-Q2,0.67
product,computer_assemblies,option2,South Korea,exports,2021-Q3,0.31
product,computer_assemblies,option2,South Korea,exports,2021-Q4,0.64
product,computer_assemblies,option2,South Korea,exports,2022-Q1,0.43
product,computer_assemblies,option2,South Korea,exports,2022-Q2,5.19
product,computer_assemblies,option2,South Korea,exports,2022-Q3,0.44
product,computer_assemblies,option2,South Korea,exports,2022-Q4,0.53
product,computer_assemblies,option2,South Korea,exports,2023-Q1,0.67
product,computer_assemblies,option2,South Korea,exports,2023-Q2,0.26
product,computer_assemblies,option2,South Korea,exports,2023-Q3,0.53
product,computer_assemblies,option2,South Korea,exports,2023-Q4,0.65
product,computer_assemblies,option2,South Korea,exports,2024-Q1,0.35
product,computer_assemblies,option2,South Korea,exports,2024-Q2,0.44
product,computer_assemblies,option2,South Korea,exports,2024-Q3,0.52
product,computer_assemblies,option2,South Korea,exports,2024-Q4,0.52
product,computer_assemblies,option2,South Korea,exports,2025-Q1,1.36
product,computer_assemblies,option2,South Korea,exports,2025-Q2,2.31
product,computer_assemblies,option2,South Korea,exports,2025-Q3,3.29
product,computer_assemblies,option2,South Korea,exports,2025-Q4,1.16
product,computer_assemblies,option2,South Korea,exports,2026-Q1,0.93
product,computer_assemblies,option2,South Korea,exports,2026-Q2,0.96
product,computer_assemblies,option2,Taiwan,exports,2016-Q1,0.81
product,computer_assemblies,option2,Taiwan,exports,2016-Q2,1.04
product,computer_assemblies,option2,Taiwan,exports,2016-Q3,2.41
product,computer_assemblies,option2,Taiwan,exports,2016-Q4,1.02
product,computer_assemblies,option2,Taiwan,exports,2017-Q1,1.49
product,computer_assemblies,option2,Taiwan,exports,2017-Q2,0.85
product,computer_assemblies,option2,Taiwan,exports,2017-Q3,2.37
product,computer_assemblies,option2,Taiwan,exports,2017-Q4,1.19
product,computer_assemblies,option2,Taiwan,exports,2018-Q1,1.69
product,computer_assemblies,option2,Taiwan,exports,2018-Q2,1.64
product,computer_assemblies,option2,Taiwan,exports,2018-Q3,1.53
product,computer_assemblies,option2,Taiwan,exports,2018-Q4,1.52
product,computer_assemblies,option2,Taiwan,exports,2019-Q1,1.51
product,computer_assemblies,option2,Taiwan,exports,2019-Q2,1.27
product,computer_assemblies,option2,Taiwan,exports,2019-Q3,1.28
product,computer_assemblies,option2,Taiwan,exports,2019-Q4,1.14
product,computer_assemblies,option2,Taiwan,exports,2020-Q1,1.26
product,computer_assemblies,option2,Taiwan,exports,2020-Q2,0.56
product,computer_assemblies,option2,Taiwan,exports,2020-Q3,1.08
product,computer_assemblies,option2,Taiwan,exports,2020-Q4,0.64
product,computer_assemblies,option2,Taiwan,exports,2021-Q1,0.99
product,computer_assemblies,option2,Taiwan,exports,2021-Q2,0.74
product,computer_assemblies,option2,Taiwan,exports,2021-Q3,0.91
product,computer_assemblies,option2,Taiwan,exports,2021-Q4,1.62
product,computer_assemblies,option2,Taiwan,exports,2022-Q1,0.79
product,computer_assemblies,option2,Taiwan,exports,2022-Q2,0.76
product,computer_assemblies,option2,Taiwan,exports,2022-Q3,1.36
product,computer_assemblies,option2,Taiwan,exports,2022-Q4,2.9
product,computer_assemblies,option2,Taiwan,exports,2023-Q1,0.42
product,computer_assemblies,option2,Taiwan,exports,2023-Q2,0.6
product,computer_assemblies,option2,Taiwan,exports,2023-Q3,0.61
product,computer_assemblies,option2,Taiwan,exports,2023-Q4,0.95
product,computer_assemblies,option2,Taiwan,exports,2024-Q1,1.27
product,computer_assemblies,option2,Taiwan,exports,2024-Q2,1.07
product,computer_assemblies,option2,Taiwan,exports,2024-Q3,1.08
product,computer_assemblies,option2,Taiwan,exports,2024-Q4,0.7
product,computer_assemblies,option2,Taiwan,exports,2025-Q1,1.09
product,computer_assemblies,option2,Taiwan,exports,2025-Q2,0.85
product,computer_assemblies,option2,Taiwan,exports,2025-Q3,1.02
product,computer_assemblies,option2,Taiwan,exports,2025-Q4,1.49
product,computer_assemblies,option2,Taiwan,exports,2026-Q1,1.45
product,computer_assemblies,option2,Taiwan,exports,2026-Q2,2.07
product,computer_assemblies,option1,EU,imports,2016-Q1,161.99
product,computer_assemblies,option1,EU,imports,2016-Q2,139.61
product,computer_assemblies,option1,EU,imports,2016-Q3,170.65
product,computer_assemblies,option1,EU,imports,2016-Q4,232.28
product,computer_assemblies,option1,EU,imports,2017-Q1,171.41
product,computer_assemblies,option1,EU,imports,2017-Q2,139.48
product,computer_assemblies,option1,EU,imports,2017-Q3,151.88
product,computer_assemblies,option1,EU,imports,2017-Q4,146.52
product,computer_assemblies,option1,EU,imports,2018-Q1,153.5
product,computer_assemblies,option1,EU,imports,2018-Q2,140.2
product,computer_assemblies,option1,EU,imports,2018-Q3,156.13
product,computer_assemblies,option1,EU,imports,2018-Q4,171.81
product,computer_assemblies,option1,EU,imports,2019-Q1,176.0
product,computer_assemblies,option1,EU,imports,2019-Q2,153.23
product,computer_assemblies,option1,EU,imports,2019-Q3,203.45
product,computer_assemblies,option1,EU,imports,2019-Q4,213.31
product,computer_assemblies,option1,EU,imports,2020-Q1,190.05
product,computer_assemblies,option1,EU,imports,2020-Q2,175.02
product,computer_assemblies,option1,EU,imports,2020-Q3,180.52
product,computer_assemblies,option1,EU,imports,2020-Q4,144.16
product,computer_assemblies,option1,EU,imports,2021-Q1,104.01
product,computer_assemblies,option1,EU,imports,2021-Q2,94.48
product,computer_assemblies,option1,EU,imports,2021-Q3,75.98
product,computer_assemblies,option1,EU,imports,2021-Q4,70.66
product,computer_assemblies,option1,EU,imports,2022-Q1,113.67
product,computer_assemblies,option1,EU,imports,2022-Q2,103.51
product,computer_assemblies,option1,EU,imports,2022-Q3,111.64
product,computer_assemblies,option1,EU,imports,2022-Q4,157.86
product,computer_assemblies,option1,EU,imports,2023-Q1,134.9
product,computer_assemblies,option1,EU,imports,2023-Q2,116.94
product,computer_assemblies,option1,EU,imports,2023-Q3,116.34
product,computer_assemblies,option1,EU,imports,2023-Q4,115.96
product,computer_assemblies,option1,EU,imports,2024-Q1,116.57
product,computer_assemblies,option1,EU,imports,2024-Q2,130.29
product,computer_assemblies,option1,EU,imports,2024-Q3,122.77
product,computer_assemblies,option1,EU,imports,2024-Q4,127.48
product,computer_assemblies,option1,EU,imports,2025-Q1,129.42
product,computer_assemblies,option1,EU,imports,2025-Q2,119.85
product,computer_assemblies,option1,EU,imports,2025-Q3,112.78
product,computer_assemblies,option1,EU,imports,2025-Q4,122.17
product,computer_assemblies,option1,EU,imports,2026-Q1,120.75
product,computer_assemblies,option1,EU,imports,2026-Q2,187.2
product,computer_assemblies,option1,US,imports,2016-Q1,49.03
product,computer_assemblies,option1,US,imports,2016-Q2,43.96
product,computer_assemblies,option1,US,imports,2016-Q3,46.92
product,computer_assemblies,option1,US,imports,2016-Q4,43.55
product,computer_assemblies,option1,US,imports,2017-Q1,48.86
product,computer_assemblies,option1,US,imports,2017-Q2,40.7
product,computer_assemblies,option1,US,imports,2017-Q3,50.58
product,computer_assemblies,option1,US,imports,2017-Q4,52.13
product,computer_assemblies,option1,US,imports,2018-Q1,45.67
product,computer_assemblies,option1,US,imports,2018-Q2,46.61
product,computer_assemblies,option1,US,imports,2018-Q3,62.84
product,computer_assemblies,option1,US,imports,2018-Q4,67.56
product,computer_assemblies,option1,US,imports,2019-Q1,82.38
product,computer_assemblies,option1,US,imports,2019-Q2,48.6
product,computer_assemblies,option1,US,imports,2019-Q3,43.63
product,computer_assemblies,option1,US,imports,2019-Q4,36.22
product,computer_assemblies,option1,US,imports,2020-Q1,34.41
product,computer_assemblies,option1,US,imports,2020-Q2,32.03
product,computer_assemblies,option1,US,imports,2020-Q3,28.63
product,computer_assemblies,option1,US,imports,2020-Q4,48.55
product,computer_assemblies,option1,US,imports,2021-Q1,27.46
product,computer_assemblies,option1,US,imports,2021-Q2,30.15
product,computer_assemblies,option1,US,imports,2021-Q3,61.19
product,computer_assemblies,option1,US,imports,2021-Q4,21.5
product,computer_assemblies,option1,US,imports,2022-Q1,20.46
product,computer_assemblies,option1,US,imports,2022-Q2,37.08
product,computer_assemblies,option1,US,imports,2022-Q3,31.04
product,computer_assemblies,option1,US,imports,2022-Q4,33.24
product,computer_assemblies,option1,US,imports,2023-Q1,36.13
product,computer_assemblies,option1,US,imports,2023-Q2,29.57
product,computer_assemblies,option1,US,imports,2023-Q3,28.31
product,computer_assemblies,option1,US,imports,2023-Q4,17.49
product,computer_assemblies,option1,US,imports,2024-Q1,21.03
product,computer_assemblies,option1,US,imports,2024-Q2,29.63
product,computer_assemblies,option1,US,imports,2024-Q3,23.6
product,computer_assemblies,option1,US,imports,2024-Q4,46.05
product,computer_assemblies,option1,US,imports,2025-Q1,22.88
product,computer_assemblies,option1,US,imports,2025-Q2,61.28
product,computer_assemblies,option1,US,imports,2025-Q3,36.24
product,computer_assemblies,option1,US,imports,2025-Q4,60.63
product,computer_assemblies,option1,US,imports,2026-Q1,44.23
product,computer_assemblies,option1,US,imports,2026-Q2,54.93
product,computer_assemblies,option1,East Asia,imports,2016-Q1,188.47
product,computer_assemblies,option1,East Asia,imports,2016-Q2,162.56
product,computer_assemblies,option1,East Asia,imports,2016-Q3,176.53
product,computer_assemblies,option1,East Asia,imports,2016-Q4,251.01
product,computer_assemblies,option1,East Asia,imports,2017-Q1,116.78
product,computer_assemblies,option1,East Asia,imports,2017-Q2,124.45
product,computer_assemblies,option1,East Asia,imports,2017-Q3,164.22
product,computer_assemblies,option1,East Asia,imports,2017-Q4,205.21
product,computer_assemblies,option1,East Asia,imports,2018-Q1,179.62
product,computer_assemblies,option1,East Asia,imports,2018-Q2,159.75
product,computer_assemblies,option1,East Asia,imports,2018-Q3,160.1
product,computer_assemblies,option1,East Asia,imports,2018-Q4,239.44
product,computer_assemblies,option1,East Asia,imports,2019-Q1,156.89
product,computer_assemblies,option1,East Asia,imports,2019-Q2,126.1
product,computer_assemblies,option1,East Asia,imports,2019-Q3,122.28
product,computer_assemblies,option1,East Asia,imports,2019-Q4,106.12
product,computer_assemblies,option1,East Asia,imports,2020-Q1,101.5
product,computer_assemblies,option1,East Asia,imports,2020-Q2,111.02
product,computer_assemblies,option1,East Asia,imports,2020-Q3,133.59
product,computer_assemblies,option1,East Asia,imports,2020-Q4,183.09
product,computer_assemblies,option1,East Asia,imports,2021-Q1,114.93
product,computer_assemblies,option1,East Asia,imports,2021-Q2,132.48
product,computer_assemblies,option1,East Asia,imports,2021-Q3,110.37
product,computer_assemblies,option1,East Asia,imports,2021-Q4,125.95
product,computer_assemblies,option1,East Asia,imports,2022-Q1,114.68
product,computer_assemblies,option1,East Asia,imports,2022-Q2,110.23
product,computer_assemblies,option1,East Asia,imports,2022-Q3,102.27
product,computer_assemblies,option1,East Asia,imports,2022-Q4,132.71
product,computer_assemblies,option1,East Asia,imports,2023-Q1,107.54
product,computer_assemblies,option1,East Asia,imports,2023-Q2,84.4
product,computer_assemblies,option1,East Asia,imports,2023-Q3,90.68
product,computer_assemblies,option1,East Asia,imports,2023-Q4,79.2
product,computer_assemblies,option1,East Asia,imports,2024-Q1,67.69
product,computer_assemblies,option1,East Asia,imports,2024-Q2,65.2
product,computer_assemblies,option1,East Asia,imports,2024-Q3,80.44
product,computer_assemblies,option1,East Asia,imports,2024-Q4,136.67
product,computer_assemblies,option1,East Asia,imports,2025-Q1,101.9
product,computer_assemblies,option1,East Asia,imports,2025-Q2,92.6
product,computer_assemblies,option1,East Asia,imports,2025-Q3,101.78
product,computer_assemblies,option1,East Asia,imports,2025-Q4,145.72
product,computer_assemblies,option1,East Asia,imports,2026-Q1,169.6
product,computer_assemblies,option1,East Asia,imports,2026-Q2,135.28
product,computer_assemblies,option1,Rest of world,imports,2016-Q1,16.5
product,computer_assemblies,option1,Rest of world,imports,2016-Q2,19.81
product,computer_assemblies,option1,Rest of world,imports,2016-Q3,24.29
product,computer_assemblies,option1,Rest of world,imports,2016-Q4,20.87
product,computer_assemblies,option1,Rest of world,imports,2017-Q1,34.07
product,computer_assemblies,option1,Rest of world,imports,2017-Q2,22.29
product,computer_assemblies,option1,Rest of world,imports,2017-Q3,14.56
product,computer_assemblies,option1,Rest of world,imports,2017-Q4,18.03
product,computer_assemblies,option1,Rest of world,imports,2018-Q1,15.93
product,computer_assemblies,option1,Rest of world,imports,2018-Q2,12.47
product,computer_assemblies,option1,Rest of world,imports,2018-Q3,16.58
product,computer_assemblies,option1,Rest of world,imports,2018-Q4,30.92
product,computer_assemblies,option1,Rest of world,imports,2019-Q1,49.19
product,computer_assemblies,option1,Rest of world,imports,2019-Q2,45.58
product,computer_assemblies,option1,Rest of world,imports,2019-Q3,25.03
product,computer_assemblies,option1,Rest of world,imports,2019-Q4,11.75
product,computer_assemblies,option1,Rest of world,imports,2020-Q1,18.25
product,computer_assemblies,option1,Rest of world,imports,2020-Q2,10.92
product,computer_assemblies,option1,Rest of world,imports,2020-Q3,14.4
product,computer_assemblies,option1,Rest of world,imports,2020-Q4,17.32
product,computer_assemblies,option1,Rest of world,imports,2021-Q1,10.39
product,computer_assemblies,option1,Rest of world,imports,2021-Q2,27.14
product,computer_assemblies,option1,Rest of world,imports,2021-Q3,18.52
product,computer_assemblies,option1,Rest of world,imports,2021-Q4,19.44
product,computer_assemblies,option1,Rest of world,imports,2022-Q1,40.09
product,computer_assemblies,option1,Rest of world,imports,2022-Q2,25.63
product,computer_assemblies,option1,Rest of world,imports,2022-Q3,15.99
product,computer_assemblies,option1,Rest of world,imports,2022-Q4,14.73
product,computer_assemblies,option1,Rest of world,imports,2023-Q1,10.24
product,computer_assemblies,option1,Rest of world,imports,2023-Q2,11.97
product,computer_assemblies,option1,Rest of world,imports,2023-Q3,9.15
product,computer_assemblies,option1,Rest of world,imports,2023-Q4,11.38
product,computer_assemblies,option1,Rest of world,imports,2024-Q1,14.96
product,computer_assemblies,option1,Rest of world,imports,2024-Q2,16.6
product,computer_assemblies,option1,Rest of world,imports,2024-Q3,13.35
product,computer_assemblies,option1,Rest of world,imports,2024-Q4,13.12
product,computer_assemblies,option1,Rest of world,imports,2025-Q1,13.68
product,computer_assemblies,option1,Rest of world,imports,2025-Q2,16.67
product,computer_assemblies,option1,Rest of world,imports,2025-Q3,23.28
product,computer_assemblies,option1,Rest of world,imports,2025-Q4,30.01
product,computer_assemblies,option1,Rest of world,imports,2026-Q1,36.61
product,computer_assemblies,option1,Rest of world,imports,2026-Q2,38.47
product,computer_assemblies,option2,China incl. Hong Kong,imports,2016-Q1,101.63
product,computer_assemblies,option2,China incl. Hong Kong,imports,2016-Q2,86.83
product,computer_assemblies,option2,China incl. Hong Kong,imports,2016-Q3,101.51
product,computer_assemblies,option2,China incl. Hong Kong,imports,2016-Q4,151.1
product,computer_assemblies,option2,China incl. Hong Kong,imports,2017-Q1,90.61
product,computer_assemblies,option2,China incl. Hong Kong,imports,2017-Q2,89.34
product,computer_assemblies,option2,China incl. Hong Kong,imports,2017-Q3,127.33
product,computer_assemblies,option2,China incl. Hong Kong,imports,2017-Q4,158.11
product,computer_assemblies,option2,China incl. Hong Kong,imports,2018-Q1,132.83
product,computer_assemblies,option2,China incl. Hong Kong,imports,2018-Q2,123.33
product,computer_assemblies,option2,China incl. Hong Kong,imports,2018-Q3,122.58
product,computer_assemblies,option2,China incl. Hong Kong,imports,2018-Q4,202.87
product,computer_assemblies,option2,China incl. Hong Kong,imports,2019-Q1,128.63
product,computer_assemblies,option2,China incl. Hong Kong,imports,2019-Q2,94.87
product,computer_assemblies,option2,China incl. Hong Kong,imports,2019-Q3,91.03
product,computer_assemblies,option2,China incl. Hong Kong,imports,2019-Q4,79.98
product,computer_assemblies,option2,China incl. Hong Kong,imports,2020-Q1,73.24
product,computer_assemblies,option2,China incl. Hong Kong,imports,2020-Q2,82.31
product,computer_assemblies,option2,China incl. Hong Kong,imports,2020-Q3,105.07
product,computer_assemblies,option2,China incl. Hong Kong,imports,2020-Q4,141.36
product,computer_assemblies,option2,China incl. Hong Kong,imports,2021-Q1,85.35
product,computer_assemblies,option2,China incl. Hong Kong,imports,2021-Q2,93.68
product,computer_assemblies,option2,China incl. Hong Kong,imports,2021-Q3,79.48
product,computer_assemblies,option2,China incl. Hong Kong,imports,2021-Q4,84.75
product,computer_assemblies,option2,China incl. Hong Kong,imports,2022-Q1,69.98
product,computer_assemblies,option2,China incl. Hong Kong,imports,2022-Q2,59.51
product,computer_assemblies,option2,China incl. Hong Kong,imports,2022-Q3,60.2
product,computer_assemblies,option2,China incl. Hong Kong,imports,2022-Q4,64.14
product,computer_assemblies,option2,China incl. Hong Kong,imports,2023-Q1,62.87
product,computer_assemblies,option2,China incl. Hong Kong,imports,2023-Q2,47.33
product,computer_assemblies,option2,China incl. Hong Kong,imports,2023-Q3,48.39
product,computer_assemblies,option2,China incl. Hong Kong,imports,2023-Q4,43.25
product,computer_assemblies,option2,China incl. Hong Kong,imports,2024-Q1,39.43
product,computer_assemblies,option2,China incl. Hong Kong,imports,2024-Q2,40.95
product,computer_assemblies,option2,China incl. Hong Kong,imports,2024-Q3,46.41
product,computer_assemblies,option2,China incl. Hong Kong,imports,2024-Q4,84.85
product,computer_assemblies,option2,China incl. Hong Kong,imports,2025-Q1,55.33
product,computer_assemblies,option2,China incl. Hong Kong,imports,2025-Q2,50.71
product,computer_assemblies,option2,China incl. Hong Kong,imports,2025-Q3,54.16
product,computer_assemblies,option2,China incl. Hong Kong,imports,2025-Q4,88.15
product,computer_assemblies,option2,China incl. Hong Kong,imports,2026-Q1,103.83
product,computer_assemblies,option2,China incl. Hong Kong,imports,2026-Q2,66.04
product,computer_assemblies,option2,Japan,imports,2016-Q1,1.9
product,computer_assemblies,option2,Japan,imports,2016-Q2,2.11
product,computer_assemblies,option2,Japan,imports,2016-Q3,2.38
product,computer_assemblies,option2,Japan,imports,2016-Q4,2.18
product,computer_assemblies,option2,Japan,imports,2017-Q1,1.63
product,computer_assemblies,option2,Japan,imports,2017-Q2,1.35
product,computer_assemblies,option2,Japan,imports,2017-Q3,1.68
product,computer_assemblies,option2,Japan,imports,2017-Q4,1.79
product,computer_assemblies,option2,Japan,imports,2018-Q1,1.25
product,computer_assemblies,option2,Japan,imports,2018-Q2,1.67
product,computer_assemblies,option2,Japan,imports,2018-Q3,1.85
product,computer_assemblies,option2,Japan,imports,2018-Q4,1.53
product,computer_assemblies,option2,Japan,imports,2019-Q1,1.41
product,computer_assemblies,option2,Japan,imports,2019-Q2,1.33
product,computer_assemblies,option2,Japan,imports,2019-Q3,1.5
product,computer_assemblies,option2,Japan,imports,2019-Q4,1.34
product,computer_assemblies,option2,Japan,imports,2020-Q1,1.46
product,computer_assemblies,option2,Japan,imports,2020-Q2,1.28
product,computer_assemblies,option2,Japan,imports,2020-Q3,1.37
product,computer_assemblies,option2,Japan,imports,2020-Q4,1.23
product,computer_assemblies,option2,Japan,imports,2021-Q1,1.44
product,computer_assemblies,option2,Japan,imports,2021-Q2,1.29
product,computer_assemblies,option2,Japan,imports,2021-Q3,1.15
product,computer_assemblies,option2,Japan,imports,2021-Q4,0.99
product,computer_assemblies,option2,Japan,imports,2022-Q1,1.32
product,computer_assemblies,option2,Japan,imports,2022-Q2,0.97
product,computer_assemblies,option2,Japan,imports,2022-Q3,1.43
product,computer_assemblies,option2,Japan,imports,2022-Q4,0.85
product,computer_assemblies,option2,Japan,imports,2023-Q1,0.6
product,computer_assemblies,option2,Japan,imports,2023-Q2,0.47
product,computer_assemblies,option2,Japan,imports,2023-Q3,0.63
product,computer_assemblies,option2,Japan,imports,2023-Q4,0.68
product,computer_assemblies,option2,Japan,imports,2024-Q1,0.8
product,computer_assemblies,option2,Japan,imports,2024-Q2,0.29
product,computer_assemblies,option2,Japan,imports,2024-Q3,0.55
product,computer_assemblies,option2,Japan,imports,2024-Q4,0.32
product,computer_assemblies,option2,Japan,imports,2025-Q1,0.38
product,computer_assemblies,option2,Japan,imports,2025-Q2,0.32
product,computer_assemblies,option2,Japan,imports,2025-Q3,0.46
product,computer_assemblies,option2,Japan,imports,2025-Q4,0.41
product,computer_assemblies,option2,Japan,imports,2026-Q1,1.62
product,computer_assemblies,option2,Japan,imports,2026-Q2,1.95
product,computer_assemblies,option2,South Korea,imports,2016-Q1,60.94
product,computer_assemblies,option2,South Korea,imports,2016-Q2,53.66
product,computer_assemblies,option2,South Korea,imports,2016-Q3,49.46
product,computer_assemblies,option2,South Korea,imports,2016-Q4,59.36
product,computer_assemblies,option2,South Korea,imports,2017-Q1,0.42
product,computer_assemblies,option2,South Korea,imports,2017-Q2,0.28
product,computer_assemblies,option2,South Korea,imports,2017-Q3,0.55
product,computer_assemblies,option2,South Korea,imports,2017-Q4,3.5
product,computer_assemblies,option2,South Korea,imports,2018-Q1,3.73
product,computer_assemblies,option2,South Korea,imports,2018-Q2,4.67
product,computer_assemblies,option2,South Korea,imports,2018-Q3,0.43
product,computer_assemblies,option2,South Korea,imports,2018-Q4,0.18
product,computer_assemblies,option2,South Korea,imports,2019-Q1,4.78
product,computer_assemblies,option2,South Korea,imports,2019-Q2,10.46
product,computer_assemblies,option2,South Korea,imports,2019-Q3,7.14
product,computer_assemblies,option2,South Korea,imports,2019-Q4,3.75
product,computer_assemblies,option2,South Korea,imports,2020-Q1,3.39
product,computer_assemblies,option2,South Korea,imports,2020-Q2,3.15
product,computer_assemblies,option2,South Korea,imports,2020-Q3,4.33
product,computer_assemblies,option2,South Korea,imports,2020-Q4,3.8
product,computer_assemblies,option2,South Korea,imports,2021-Q1,2.1
product,computer_assemblies,option2,South Korea,imports,2021-Q2,3.57
product,computer_assemblies,option2,South Korea,imports,2021-Q3,2.36
product,computer_assemblies,option2,South Korea,imports,2021-Q4,1.55
product,computer_assemblies,option2,South Korea,imports,2022-Q1,9.27
product,computer_assemblies,option2,South Korea,imports,2022-Q2,4.76
product,computer_assemblies,option2,South Korea,imports,2022-Q3,2.03
product,computer_assemblies,option2,South Korea,imports,2022-Q4,5.95
product,computer_assemblies,option2,South Korea,imports,2023-Q1,3.1
product,computer_assemblies,option2,South Korea,imports,2023-Q2,2.37
product,computer_assemblies,option2,South Korea,imports,2023-Q3,4.13
product,computer_assemblies,option2,South Korea,imports,2023-Q4,2.74
product,computer_assemblies,option2,South Korea,imports,2024-Q1,1.88
product,computer_assemblies,option2,South Korea,imports,2024-Q2,4.1
product,computer_assemblies,option2,South Korea,imports,2024-Q3,7.03
product,computer_assemblies,option2,South Korea,imports,2024-Q4,3.8
product,computer_assemblies,option2,South Korea,imports,2025-Q1,5.26
product,computer_assemblies,option2,South Korea,imports,2025-Q2,6.27
product,computer_assemblies,option2,South Korea,imports,2025-Q3,12.2
product,computer_assemblies,option2,South Korea,imports,2025-Q4,10.36
product,computer_assemblies,option2,South Korea,imports,2026-Q1,7.94
product,computer_assemblies,option2,South Korea,imports,2026-Q2,13.83
product,computer_assemblies,option2,Taiwan,imports,2016-Q1,24.01
product,computer_assemblies,option2,Taiwan,imports,2016-Q2,19.96
product,computer_assemblies,option2,Taiwan,imports,2016-Q3,23.18
product,computer_assemblies,option2,Taiwan,imports,2016-Q4,38.37
product,computer_assemblies,option2,Taiwan,imports,2017-Q1,24.12
product,computer_assemblies,option2,Taiwan,imports,2017-Q2,33.47
product,computer_assemblies,option2,Taiwan,imports,2017-Q3,34.66
product,computer_assemblies,option2,Taiwan,imports,2017-Q4,41.82
product,computer_assemblies,option2,Taiwan,imports,2018-Q1,41.81
product,computer_assemblies,option2,Taiwan,imports,2018-Q2,30.08
product,computer_assemblies,option2,Taiwan,imports,2018-Q3,35.24
product,computer_assemblies,option2,Taiwan,imports,2018-Q4,34.86
product,computer_assemblies,option2,Taiwan,imports,2019-Q1,22.08
product,computer_assemblies,option2,Taiwan,imports,2019-Q2,19.43
product,computer_assemblies,option2,Taiwan,imports,2019-Q3,22.62
product,computer_assemblies,option2,Taiwan,imports,2019-Q4,21.06
product,computer_assemblies,option2,Taiwan,imports,2020-Q1,23.41
product,computer_assemblies,option2,Taiwan,imports,2020-Q2,24.29
product,computer_assemblies,option2,Taiwan,imports,2020-Q3,22.82
product,computer_assemblies,option2,Taiwan,imports,2020-Q4,36.69
product,computer_assemblies,option2,Taiwan,imports,2021-Q1,26.04
product,computer_assemblies,option2,Taiwan,imports,2021-Q2,33.95
product,computer_assemblies,option2,Taiwan,imports,2021-Q3,27.37
product,computer_assemblies,option2,Taiwan,imports,2021-Q4,38.66
product,computer_assemblies,option2,Taiwan,imports,2022-Q1,34.11
product,computer_assemblies,option2,Taiwan,imports,2022-Q2,44.99
product,computer_assemblies,option2,Taiwan,imports,2022-Q3,38.61
product,computer_assemblies,option2,Taiwan,imports,2022-Q4,61.77
product,computer_assemblies,option2,Taiwan,imports,2023-Q1,40.97
product,computer_assemblies,option2,Taiwan,imports,2023-Q2,34.22
product,computer_assemblies,option2,Taiwan,imports,2023-Q3,37.53
product,computer_assemblies,option2,Taiwan,imports,2023-Q4,32.52
product,computer_assemblies,option2,Taiwan,imports,2024-Q1,25.58
product,computer_assemblies,option2,Taiwan,imports,2024-Q2,19.86
product,computer_assemblies,option2,Taiwan,imports,2024-Q3,26.45
product,computer_assemblies,option2,Taiwan,imports,2024-Q4,47.69
product,computer_assemblies,option2,Taiwan,imports,2025-Q1,40.93
product,computer_assemblies,option2,Taiwan,imports,2025-Q2,35.3
product,computer_assemblies,option2,Taiwan,imports,2025-Q3,34.96
product,computer_assemblies,option2,Taiwan,imports,2025-Q4,46.79
product,computer_assemblies,option2,Taiwan,imports,2026-Q1,56.21
product,computer_assemblies,option2,Taiwan,imports,2026-Q2,53.45
product,mobile_phones,option1,EU,exports,2016-Q1,142.12
product,mobile_phones,option1,EU,exports,2016-Q2,133.61
product,mobile_phones,option1,EU,exports,2016-Q3,156.03
product,mobile_phones,option1,EU,exports,2016-Q4,205.21
product,mobile_phones,option1,EU,exports,2017-Q1,127.8
product,mobile_phones,option1,EU,exports,2017-Q2,138.15
product,mobile_phones,option1,EU,exports,2017-Q3,177.92
product,mobile_phones,option1,EU,exports,2017-Q4,186.33
product,mobile_phones,option1,EU,exports,2018-Q1,144.81
product,mobile_phones,option1,EU,exports,2018-Q2,128.45
product,mobile_phones,option1,EU,exports,2018-Q3,176.96
product,mobile_phones,option1,EU,exports,2018-Q4,237.66
product,mobile_phones,option1,EU,exports,2019-Q1,368.54
product,mobile_phones,option1,EU,exports,2019-Q2,177.45
product,mobile_phones,option1,EU,exports,2019-Q3,176.68
product,mobile_phones,option1,EU,exports,2019-Q4,185.6
product,mobile_phones,option1,EU,exports,2020-Q1,144.43
product,mobile_phones,option1,EU,exports,2020-Q2,157.82
product,mobile_phones,option1,EU,exports,2020-Q3,180.21
product,mobile_phones,option1,EU,exports,2020-Q4,233.84
product,mobile_phones,option1,EU,exports,2021-Q1,106.96
product,mobile_phones,option1,EU,exports,2021-Q2,128.32
product,mobile_phones,option1,EU,exports,2021-Q3,118.19
product,mobile_phones,option1,EU,exports,2021-Q4,156.35
product,mobile_phones,option1,EU,exports,2022-Q1,134.23
product,mobile_phones,option1,EU,exports,2022-Q2,144.47
product,mobile_phones,option1,EU,exports,2022-Q3,206.16
product,mobile_phones,option1,EU,exports,2022-Q4,251.54
product,mobile_phones,option1,EU,exports,2023-Q1,176.43
product,mobile_phones,option1,EU,exports,2023-Q2,205.39
product,mobile_phones,option1,EU,exports,2023-Q3,204.02
product,mobile_phones,option1,EU,exports,2023-Q4,280.4
product,mobile_phones,option1,EU,exports,2024-Q1,181.26
product,mobile_phones,option1,EU,exports,2024-Q2,176.35
product,mobile_phones,option1,EU,exports,2024-Q3,169.98
product,mobile_phones,option1,EU,exports,2024-Q4,212.9
product,mobile_phones,option1,EU,exports,2025-Q1,145.3
product,mobile_phones,option1,EU,exports,2025-Q2,193.7
product,mobile_phones,option1,EU,exports,2025-Q3,218.76
product,mobile_phones,option1,EU,exports,2025-Q4,252.95
product,mobile_phones,option1,EU,exports,2026-Q1,181.63
product,mobile_phones,option1,EU,exports,2026-Q2,197.57
product,mobile_phones,option1,US,exports,2016-Q1,6.13
product,mobile_phones,option1,US,exports,2016-Q2,7.42
product,mobile_phones,option1,US,exports,2016-Q3,5.23
product,mobile_phones,option1,US,exports,2016-Q4,4.28
product,mobile_phones,option1,US,exports,2017-Q1,4.65
product,mobile_phones,option1,US,exports,2017-Q2,3.9
product,mobile_phones,option1,US,exports,2017-Q3,7.91
product,mobile_phones,option1,US,exports,2017-Q4,16.78
product,mobile_phones,option1,US,exports,2018-Q1,3.41
product,mobile_phones,option1,US,exports,2018-Q2,1.76
product,mobile_phones,option1,US,exports,2018-Q3,3.25
product,mobile_phones,option1,US,exports,2018-Q4,4.5
product,mobile_phones,option1,US,exports,2019-Q1,2.66
product,mobile_phones,option1,US,exports,2019-Q2,5.78
product,mobile_phones,option1,US,exports,2019-Q3,3.78
product,mobile_phones,option1,US,exports,2019-Q4,4.3
product,mobile_phones,option1,US,exports,2020-Q1,5.33
product,mobile_phones,option1,US,exports,2020-Q2,6.91
product,mobile_phones,option1,US,exports,2020-Q3,15.63
product,mobile_phones,option1,US,exports,2020-Q4,6.37
product,mobile_phones,option1,US,exports,2021-Q1,5.02
product,mobile_phones,option1,US,exports,2021-Q2,5.21
product,mobile_phones,option1,US,exports,2021-Q3,2.57
product,mobile_phones,option1,US,exports,2021-Q4,3.09
product,mobile_phones,option1,US,exports,2022-Q1,0.91
product,mobile_phones,option1,US,exports,2022-Q2,2.04
product,mobile_phones,option1,US,exports,2022-Q3,3.14
product,mobile_phones,option1,US,exports,2022-Q4,5.38
product,mobile_phones,option1,US,exports,2023-Q1,3.16
product,mobile_phones,option1,US,exports,2023-Q2,4.53
product,mobile_phones,option1,US,exports,2023-Q3,3.75
product,mobile_phones,option1,US,exports,2023-Q4,2.92
product,mobile_phones,option1,US,exports,2024-Q1,3.7
product,mobile_phones,option1,US,exports,2024-Q2,11.4
product,mobile_phones,option1,US,exports,2024-Q3,7.01
product,mobile_phones,option1,US,exports,2024-Q4,2.71
product,mobile_phones,option1,US,exports,2025-Q1,3.94
product,mobile_phones,option1,US,exports,2025-Q2,4.13
product,mobile_phones,option1,US,exports,2025-Q3,1.01
product,mobile_phones,option1,US,exports,2025-Q4,1.37
product,mobile_phones,option1,US,exports,2026-Q1,1.94
product,mobile_phones,option1,US,exports,2026-Q2,9.52
product,mobile_phones,option1,East Asia,exports,2016-Q1,79.38
product,mobile_phones,option1,East Asia,exports,2016-Q2,79.1
product,mobile_phones,option1,East Asia,exports,2016-Q3,72.3
product,mobile_phones,option1,East Asia,exports,2016-Q4,61.85
product,mobile_phones,option1,East Asia,exports,2017-Q1,67.41
product,mobile_phones,option1,East Asia,exports,2017-Q2,65.43
product,mobile_phones,option1,East Asia,exports,2017-Q3,37.91
product,mobile_phones,option1,East Asia,exports,2017-Q4,15.82
product,mobile_phones,option1,East Asia,exports,2018-Q1,14.61
product,mobile_phones,option1,East Asia,exports,2018-Q2,44.09
product,mobile_phones,option1,East Asia,exports,2018-Q3,62.93
product,mobile_phones,option1,East Asia,exports,2018-Q4,35.2
product,mobile_phones,option1,East Asia,exports,2019-Q1,53.85
product,mobile_phones,option1,East Asia,exports,2019-Q2,20.69
product,mobile_phones,option1,East Asia,exports,2019-Q3,34.31
product,mobile_phones,option1,East Asia,exports,2019-Q4,27.27
product,mobile_phones,option1,East Asia,exports,2020-Q1,16.97
product,mobile_phones,option1,East Asia,exports,2020-Q2,15.97
product,mobile_phones,option1,East Asia,exports,2020-Q3,13.83
product,mobile_phones,option1,East Asia,exports,2020-Q4,16.67
product,mobile_phones,option1,East Asia,exports,2021-Q1,12.44
product,mobile_phones,option1,East Asia,exports,2021-Q2,18.81
product,mobile_phones,option1,East Asia,exports,2021-Q3,11.61
product,mobile_phones,option1,East Asia,exports,2021-Q4,10.75
product,mobile_phones,option1,East Asia,exports,2022-Q1,8.26
product,mobile_phones,option1,East Asia,exports,2022-Q2,17.21
product,mobile_phones,option1,East Asia,exports,2022-Q3,13.02
product,mobile_phones,option1,East Asia,exports,2022-Q4,12.31
product,mobile_phones,option1,East Asia,exports,2023-Q1,9.1
product,mobile_phones,option1,East Asia,exports,2023-Q2,15.14
product,mobile_phones,option1,East Asia,exports,2023-Q3,28.61
product,mobile_phones,option1,East Asia,exports,2023-Q4,21.33
product,mobile_phones,option1,East Asia,exports,2024-Q1,24.08
product,mobile_phones,option1,East Asia,exports,2024-Q2,26.92
product,mobile_phones,option1,East Asia,exports,2024-Q3,20.59
product,mobile_phones,option1,East Asia,exports,2024-Q4,28.14
product,mobile_phones,option1,East Asia,exports,2025-Q1,28.55
product,mobile_phones,option1,East Asia,exports,2025-Q2,50.14
product,mobile_phones,option1,East Asia,exports,2025-Q3,41.17
product,mobile_phones,option1,East Asia,exports,2025-Q4,44.52
product,mobile_phones,option1,East Asia,exports,2026-Q1,48.46
product,mobile_phones,option1,East Asia,exports,2026-Q2,90.95
product,mobile_phones,option1,Rest of world,exports,2016-Q1,71.84
product,mobile_phones,option1,Rest of world,exports,2016-Q2,58.81
product,mobile_phones,option1,Rest of world,exports,2016-Q3,69.6
product,mobile_phones,option1,Rest of world,exports,2016-Q4,111.77
product,mobile_phones,option1,Rest of world,exports,2017-Q1,142.94
product,mobile_phones,option1,Rest of world,exports,2017-Q2,96.13
product,mobile_phones,option1,Rest of world,exports,2017-Q3,36.44
product,mobile_phones,option1,Rest of world,exports,2017-Q4,47.08
product,mobile_phones,option1,Rest of world,exports,2018-Q1,25.96
product,mobile_phones,option1,Rest of world,exports,2018-Q2,20.57
product,mobile_phones,option1,Rest of world,exports,2018-Q3,15.36
product,mobile_phones,option1,Rest of world,exports,2018-Q4,14.61
product,mobile_phones,option1,Rest of world,exports,2019-Q1,59.63
product,mobile_phones,option1,Rest of world,exports,2019-Q2,24.12
product,mobile_phones,option1,Rest of world,exports,2019-Q3,18.66
product,mobile_phones,option1,Rest of world,exports,2019-Q4,19.82
product,mobile_phones,option1,Rest of world,exports,2020-Q1,15.82
product,mobile_phones,option1,Rest of world,exports,2020-Q2,15.62
product,mobile_phones,option1,Rest of world,exports,2020-Q3,25.86
product,mobile_phones,option1,Rest of world,exports,2020-Q4,27.94
product,mobile_phones,option1,Rest of world,exports,2021-Q1,31.05
product,mobile_phones,option1,Rest of world,exports,2021-Q2,16.84
product,mobile_phones,option1,Rest of world,exports,2021-Q3,21.39
product,mobile_phones,option1,Rest of world,exports,2021-Q4,45.65
product,mobile_phones,option1,Rest of world,exports,2022-Q1,23.72
product,mobile_phones,option1,Rest of world,exports,2022-Q2,34.41
product,mobile_phones,option1,Rest of world,exports,2022-Q3,104.14
product,mobile_phones,option1,Rest of world,exports,2022-Q4,98.71
product,mobile_phones,option1,Rest of world,exports,2023-Q1,79.89
product,mobile_phones,option1,Rest of world,exports,2023-Q2,53.52
product,mobile_phones,option1,Rest of world,exports,2023-Q3,58.64
product,mobile_phones,option1,Rest of world,exports,2023-Q4,73.07
product,mobile_phones,option1,Rest of world,exports,2024-Q1,96.14
product,mobile_phones,option1,Rest of world,exports,2024-Q2,168.08
product,mobile_phones,option1,Rest of world,exports,2024-Q3,78.23
product,mobile_phones,option1,Rest of world,exports,2024-Q4,62.05
product,mobile_phones,option1,Rest of world,exports,2025-Q1,88.43
product,mobile_phones,option1,Rest of world,exports,2025-Q2,92.99
product,mobile_phones,option1,Rest of world,exports,2025-Q3,73.75
product,mobile_phones,option1,Rest of world,exports,2025-Q4,82.02
product,mobile_phones,option1,Rest of world,exports,2026-Q1,57.21
product,mobile_phones,option1,Rest of world,exports,2026-Q2,72.8
product,mobile_phones,option2,China incl. Hong Kong,exports,2016-Q1,78.68
product,mobile_phones,option2,China incl. Hong Kong,exports,2016-Q2,78.5
product,mobile_phones,option2,China incl. Hong Kong,exports,2016-Q3,71.89
product,mobile_phones,option2,China incl. Hong Kong,exports,2016-Q4,61.53
product,mobile_phones,option2,China incl. Hong Kong,exports,2017-Q1,67.28
product,mobile_phones,option2,China incl. Hong Kong,exports,2017-Q2,65.05
product,mobile_phones,option2,China incl. Hong Kong,exports,2017-Q3,37.23
product,mobile_phones,option2,China incl. Hong Kong,exports,2017-Q4,15.48
product,mobile_phones,option2,China incl. Hong Kong,exports,2018-Q1,14.44
product,mobile_phones,option2,China incl. Hong Kong,exports,2018-Q2,43.85
product,mobile_phones,option2,China incl. Hong Kong,exports,2018-Q3,62.4
product,mobile_phones,option2,China incl. Hong Kong,exports,2018-Q4,34.59
product,mobile_phones,option2,China incl. Hong Kong,exports,2019-Q1,53.45
product,mobile_phones,option2,China incl. Hong Kong,exports,2019-Q2,20.12
product,mobile_phones,option2,China incl. Hong Kong,exports,2019-Q3,33.94
product,mobile_phones,option2,China incl. Hong Kong,exports,2019-Q4,26.97
product,mobile_phones,option2,China incl. Hong Kong,exports,2020-Q1,16.32
product,mobile_phones,option2,China incl. Hong Kong,exports,2020-Q2,15.64
product,mobile_phones,option2,China incl. Hong Kong,exports,2020-Q3,13.69
product,mobile_phones,option2,China incl. Hong Kong,exports,2020-Q4,16.54
product,mobile_phones,option2,China incl. Hong Kong,exports,2021-Q1,11.75
product,mobile_phones,option2,China incl. Hong Kong,exports,2021-Q2,18.64
product,mobile_phones,option2,China incl. Hong Kong,exports,2021-Q3,11.47
product,mobile_phones,option2,China incl. Hong Kong,exports,2021-Q4,10.09
product,mobile_phones,option2,China incl. Hong Kong,exports,2022-Q1,8.2
product,mobile_phones,option2,China incl. Hong Kong,exports,2022-Q2,17.03
product,mobile_phones,option2,China incl. Hong Kong,exports,2022-Q3,12.97
product,mobile_phones,option2,China incl. Hong Kong,exports,2022-Q4,12.26
product,mobile_phones,option2,China incl. Hong Kong,exports,2023-Q1,8.96
product,mobile_phones,option2,China incl. Hong Kong,exports,2023-Q2,14.72
product,mobile_phones,option2,China incl. Hong Kong,exports,2023-Q3,28.35
product,mobile_phones,option2,China incl. Hong Kong,exports,2023-Q4,21.26
product,mobile_phones,option2,China incl. Hong Kong,exports,2024-Q1,23.5
product,mobile_phones,option2,China incl. Hong Kong,exports,2024-Q2,26.85
product,mobile_phones,option2,China incl. Hong Kong,exports,2024-Q3,20.34
product,mobile_phones,option2,China incl. Hong Kong,exports,2024-Q4,28.08
product,mobile_phones,option2,China incl. Hong Kong,exports,2025-Q1,28.48
product,mobile_phones,option2,China incl. Hong Kong,exports,2025-Q2,49.82
product,mobile_phones,option2,China incl. Hong Kong,exports,2025-Q3,40.78
product,mobile_phones,option2,China incl. Hong Kong,exports,2025-Q4,44.08
product,mobile_phones,option2,China incl. Hong Kong,exports,2026-Q1,48.23
product,mobile_phones,option2,China incl. Hong Kong,exports,2026-Q2,90.5
product,mobile_phones,option2,Japan,exports,2016-Q1,0.51
product,mobile_phones,option2,Japan,exports,2016-Q2,0.1
product,mobile_phones,option2,Japan,exports,2016-Q3,0.12
product,mobile_phones,option2,Japan,exports,2016-Q4,0.12
product,mobile_phones,option2,Japan,exports,2017-Q1,0.05
product,mobile_phones,option2,Japan,exports,2017-Q2,0.14
product,mobile_phones,option2,Japan,exports,2017-Q3,0.04
product,mobile_phones,option2,Japan,exports,2017-Q4,0.07
product,mobile_phones,option2,Japan,exports,2018-Q1,0.09
product,mobile_phones,option2,Japan,exports,2018-Q2,0.16
product,mobile_phones,option2,Japan,exports,2018-Q3,0.42
product,mobile_phones,option2,Japan,exports,2018-Q4,0.14
product,mobile_phones,option2,Japan,exports,2019-Q1,0.3
product,mobile_phones,option2,Japan,exports,2019-Q2,0.22
product,mobile_phones,option2,Japan,exports,2019-Q3,0.08
product,mobile_phones,option2,Japan,exports,2019-Q4,0.06
product,mobile_phones,option2,Japan,exports,2020-Q1,0.5
product,mobile_phones,option2,Japan,exports,2020-Q2,0.07
product,mobile_phones,option2,Japan,exports,2020-Q3,0.07
product,mobile_phones,option2,Japan,exports,2020-Q4,0.09
product,mobile_phones,option2,Japan,exports,2021-Q1,0.64
product,mobile_phones,option2,Japan,exports,2021-Q2,0.09
product,mobile_phones,option2,Japan,exports,2021-Q3,0.09
product,mobile_phones,option2,Japan,exports,2021-Q4,0.59
product,mobile_phones,option2,Japan,exports,2022-Q1,0.03
product,mobile_phones,option2,Japan,exports,2022-Q2,0.03
product,mobile_phones,option2,Japan,exports,2022-Q3,0.02
product,mobile_phones,option2,Japan,exports,2022-Q4,0.02
product,mobile_phones,option2,Japan,exports,2023-Q1,0.03
product,mobile_phones,option2,Japan,exports,2023-Q2,0.02
product,mobile_phones,option2,Japan,exports,2023-Q3,0.02
product,mobile_phones,option2,Japan,exports,2023-Q4,0.02
product,mobile_phones,option2,Japan,exports,2024-Q1,0.03
product,mobile_phones,option2,Japan,exports,2024-Q2,0.01
product,mobile_phones,option2,Japan,exports,2024-Q3,0.03
product,mobile_phones,option2,Japan,exports,2024-Q4,0.02
product,mobile_phones,option2,Japan,exports,2025-Q1,0.07
product,mobile_phones,option2,Japan,exports,2025-Q2,0.3
product,mobile_phones,option2,Japan,exports,2025-Q3,0.32
product,mobile_phones,option2,Japan,exports,2025-Q4,0.11
product,mobile_phones,option2,Japan,exports,2026-Q1,0.14
product,mobile_phones,option2,Japan,exports,2026-Q2,0.31
product,mobile_phones,option2,South Korea,exports,2016-Q1,0.07
product,mobile_phones,option2,South Korea,exports,2016-Q2,0.13
product,mobile_phones,option2,South Korea,exports,2016-Q3,0.24
product,mobile_phones,option2,South Korea,exports,2016-Q4,0.06
product,mobile_phones,option2,South Korea,exports,2017-Q1,0.02
product,mobile_phones,option2,South Korea,exports,2017-Q2,0.18
product,mobile_phones,option2,South Korea,exports,2017-Q3,0.23
product,mobile_phones,option2,South Korea,exports,2017-Q4,0.24
product,mobile_phones,option2,South Korea,exports,2018-Q1,0.06
product,mobile_phones,option2,South Korea,exports,2018-Q2,0.07
product,mobile_phones,option2,South Korea,exports,2018-Q3,0.1
product,mobile_phones,option2,South Korea,exports,2018-Q4,0.44
product,mobile_phones,option2,South Korea,exports,2019-Q1,0.07
product,mobile_phones,option2,South Korea,exports,2019-Q2,0.31
product,mobile_phones,option2,South Korea,exports,2019-Q3,0.27
product,mobile_phones,option2,South Korea,exports,2019-Q4,0.23
product,mobile_phones,option2,South Korea,exports,2020-Q1,0.14
product,mobile_phones,option2,South Korea,exports,2020-Q2,0.14
product,mobile_phones,option2,South Korea,exports,2020-Q3,0.06
product,mobile_phones,option2,South Korea,exports,2020-Q4,0.04
product,mobile_phones,option2,South Korea,exports,2021-Q1,0.03
product,mobile_phones,option2,South Korea,exports,2021-Q2,0.02
product,mobile_phones,option2,South Korea,exports,2021-Q3,0.02
product,mobile_phones,option2,South Korea,exports,2021-Q4,0.01
product,mobile_phones,option2,South Korea,exports,2022-Q1,0.02
product,mobile_phones,option2,South Korea,exports,2022-Q2,0.11
product,mobile_phones,option2,South Korea,exports,2022-Q3,0.03
product,mobile_phones,option2,South Korea,exports,2022-Q4,0.03
product,mobile_phones,option2,South Korea,exports,2023-Q1,0.11
product,mobile_phones,option2,South Korea,exports,2023-Q2,0.39
product,mobile_phones,option2,South Korea,exports,2023-Q3,0.23
product,mobile_phones,option2,South Korea,exports,2023-Q4,0.03
product,mobile_phones,option2,South Korea,exports,2024-Q1,0.55
product,mobile_phones,option2,South Korea,exports,2024-Q2,0.05
product,mobile_phones,option2,South Korea,exports,2024-Q3,0.11
product,mobile_phones,option2,South Korea,exports,2024-Q4,0.03
product,mobile_phones,option2,South Korea,exports,2025-Q1,0.01
product,mobile_phones,option2,South Korea,exports,2025-Q2,0.02
product,mobile_phones,option2,South Korea,exports,2025-Q3,0.07
product,mobile_phones,option2,South Korea,exports,2025-Q4,0.32
product,mobile_phones,option2,South Korea,exports,2026-Q1,0.1
product,mobile_phones,option2,South Korea,exports,2026-Q2,0.09
product,mobile_phones,option2,Taiwan,exports,2016-Q1,0.12
product,mobile_phones,option2,Taiwan,exports,2016-Q2,0.37
product,mobile_phones,option2,Taiwan,exports,2016-Q3,0.05
product,mobile_phones,option2,Taiwan,exports,2016-Q4,0.15
product,mobile_phones,option2,Taiwan,exports,2017-Q1,0.06
product,mobile_phones,option2,Taiwan,exports,2017-Q2,0.05
product,mobile_phones,option2,Taiwan,exports,2017-Q3,0.41
product,mobile_phones,option2,Taiwan,exports,2017-Q4,0.04
product,mobile_phones,option2,Taiwan,exports,2018-Q1,0.02
product,mobile_phones,option2,Taiwan,exports,2018-Q2,0.01
product,mobile_phones,option2,Taiwan,exports,2018-Q3,0.01
product,mobile_phones,option2,Taiwan,exports,2018-Q4,0.02
product,mobile_phones,option2,Taiwan,exports,2019-Q1,0.04
product,mobile_phones,option2,Taiwan,exports,2019-Q2,0.04
product,mobile_phones,option2,Taiwan,exports,2019-Q3,0.02
product,mobile_phones,option2,Taiwan,exports,2019-Q4,0.01
product,mobile_phones,option2,Taiwan,exports,2020-Q1,0.0
product,mobile_phones,option2,Taiwan,exports,2020-Q2,0.12
product,mobile_phones,option2,Taiwan,exports,2020-Q3,0.0
product,mobile_phones,option2,Taiwan,exports,2020-Q4,0.01
product,mobile_phones,option2,Taiwan,exports,2021-Q1,0.02
product,mobile_phones,option2,Taiwan,exports,2021-Q2,0.05
product,mobile_phones,option2,Taiwan,exports,2021-Q3,0.03
product,mobile_phones,option2,Taiwan,exports,2021-Q4,0.06
product,mobile_phones,option2,Taiwan,exports,2022-Q1,0.0
product,mobile_phones,option2,Taiwan,exports,2022-Q2,0.04
product,mobile_phones,option2,Taiwan,exports,2022-Q3,0.01
product,mobile_phones,option2,Taiwan,exports,2022-Q4,0.01
product,mobile_phones,option2,Taiwan,exports,2023-Q1,0.01
product,mobile_phones,option2,Taiwan,exports,2023-Q2,0.01
product,mobile_phones,option2,Taiwan,exports,2023-Q3,0.01
product,mobile_phones,option2,Taiwan,exports,2023-Q4,0.03
product,mobile_phones,option2,Taiwan,exports,2024-Q1,0.01
product,mobile_phones,option2,Taiwan,exports,2024-Q2,0.01
product,mobile_phones,option2,Taiwan,exports,2024-Q3,0.12
product,mobile_phones,option2,Taiwan,exports,2024-Q4,0.0
product,mobile_phones,option2,Taiwan,exports,2025-Q1,0.0
product,mobile_phones,option2,Taiwan,exports,2025-Q2,0.01
product,mobile_phones,option2,Taiwan,exports,2025-Q3,0.0
product,mobile_phones,option2,Taiwan,exports,2025-Q4,0.01
product,mobile_phones,option2,Taiwan,exports,2026-Q1,0.0
product,mobile_phones,option2,Taiwan,exports,2026-Q2,0.05
product,mobile_phones,option1,EU,imports,2016-Q1,541.18
product,mobile_phones,option1,EU,imports,2016-Q2,496.27
product,mobile_phones,option1,EU,imports,2016-Q3,863.05
product,mobile_phones,option1,EU,imports,2016-Q4,906.34
product,mobile_phones,option1,EU,imports,2017-Q1,524.71
product,mobile_phones,option1,EU,imports,2017-Q2,457.8
product,mobile_phones,option1,EU,imports,2017-Q3,616.6
product,mobile_phones,option1,EU,imports,2017-Q4,1097.29
product,mobile_phones,option1,EU,imports,2018-Q1,546.82
product,mobile_phones,option1,EU,imports,2018-Q2,452.94
product,mobile_phones,option1,EU,imports,2018-Q3,404.81
product,mobile_phones,option1,EU,imports,2018-Q4,717.47
product,mobile_phones,option1,EU,imports,2019-Q1,375.54
product,mobile_phones,option1,EU,imports,2019-Q2,201.66
product,mobile_phones,option1,EU,imports,2019-Q3,355.96
product,mobile_phones,option1,EU,imports,2019-Q4,534.5
product,mobile_phones,option1,EU,imports,2020-Q1,329.34
product,mobile_phones,option1,EU,imports,2020-Q2,332.79
product,mobile_phones,option1,EU,imports,2020-Q3,350.66
product,mobile_phones,option1,EU,imports,2020-Q4,433.0
product,mobile_phones,option1,EU,imports,2021-Q1,118.85
product,mobile_phones,option1,EU,imports,2021-Q2,145.01
product,mobile_phones,option1,EU,imports,2021-Q3,121.73
product,mobile_phones,option1,EU,imports,2021-Q4,121.79
product,mobile_phones,option1,EU,imports,2022-Q1,124.02
product,mobile_phones,option1,EU,imports,2022-Q2,176.98
product,mobile_phones,option1,EU,imports,2022-Q3,148.28
product,mobile_phones,option1,EU,imports,2022-Q4,245.68
product,mobile_phones,option1,EU,imports,2023-Q1,112.78
product,mobile_phones,option1,EU,imports,2023-Q2,117.45
product,mobile_phones,option1,EU,imports,2023-Q3,111.98
product,mobile_phones,option1,EU,imports,2023-Q4,124.85
product,mobile_phones,option1,EU,imports,2024-Q1,94.37
product,mobile_phones,option1,EU,imports,2024-Q2,124.76
product,mobile_phones,option1,EU,imports,2024-Q3,172.41
product,mobile_phones,option1,EU,imports,2024-Q4,189.3
product,mobile_phones,option1,EU,imports,2025-Q1,163.51
product,mobile_phones,option1,EU,imports,2025-Q2,159.4
product,mobile_phones,option1,EU,imports,2025-Q3,115.72
product,mobile_phones,option1,EU,imports,2025-Q4,129.29
product,mobile_phones,option1,EU,imports,2026-Q1,125.19
product,mobile_phones,option1,EU,imports,2026-Q2,137.26
product,mobile_phones,option1,US,imports,2016-Q1,18.58
product,mobile_phones,option1,US,imports,2016-Q2,13.98
product,mobile_phones,option1,US,imports,2016-Q3,9.53
product,mobile_phones,option1,US,imports,2016-Q4,9.25
product,mobile_phones,option1,US,imports,2017-Q1,9.65
product,mobile_phones,option1,US,imports,2017-Q2,5.91
product,mobile_phones,option1,US,imports,2017-Q3,6.73
product,mobile_phones,option1,US,imports,2017-Q4,45.41
product,mobile_phones,option1,US,imports,2018-Q1,5.76
product,mobile_phones,option1,US,imports,2018-Q2,7.94
product,mobile_phones,option1,US,imports,2018-Q3,14.84
product,mobile_phones,option1,US,imports,2018-Q4,13.61
product,mobile_phones,option1,US,imports,2019-Q1,13.42
product,mobile_phones,option1,US,imports,2019-Q2,13.67
product,mobile_phones,option1,US,imports,2019-Q3,20.79
product,mobile_phones,option1,US,imports,2019-Q4,15.1
product,mobile_phones,option1,US,imports,2020-Q1,23.16
product,mobile_phones,option1,US,imports,2020-Q2,14.69
product,mobile_phones,option1,US,imports,2020-Q3,14.87
product,mobile_phones,option1,US,imports,2020-Q4,20.37
product,mobile_phones,option1,US,imports,2021-Q1,11.38
product,mobile_phones,option1,US,imports,2021-Q2,10.29
product,mobile_phones,option1,US,imports,2021-Q3,9.1
product,mobile_phones,option1,US,imports,2021-Q4,11.26
product,mobile_phones,option1,US,imports,2022-Q1,7.14
product,mobile_phones,option1,US,imports,2022-Q2,8.78
product,mobile_phones,option1,US,imports,2022-Q3,9.6
product,mobile_phones,option1,US,imports,2022-Q4,20.42
product,mobile_phones,option1,US,imports,2023-Q1,12.57
product,mobile_phones,option1,US,imports,2023-Q2,13.69
product,mobile_phones,option1,US,imports,2023-Q3,9.99
product,mobile_phones,option1,US,imports,2023-Q4,14.87
product,mobile_phones,option1,US,imports,2024-Q1,5.56
product,mobile_phones,option1,US,imports,2024-Q2,4.85
product,mobile_phones,option1,US,imports,2024-Q3,6.47
product,mobile_phones,option1,US,imports,2024-Q4,5.84
product,mobile_phones,option1,US,imports,2025-Q1,7.62
product,mobile_phones,option1,US,imports,2025-Q2,6.82
product,mobile_phones,option1,US,imports,2025-Q3,10.29
product,mobile_phones,option1,US,imports,2025-Q4,16.13
product,mobile_phones,option1,US,imports,2026-Q1,10.43
product,mobile_phones,option1,US,imports,2026-Q2,6.72
product,mobile_phones,option1,East Asia,imports,2016-Q1,451.68
product,mobile_phones,option1,East Asia,imports,2016-Q2,637.09
product,mobile_phones,option1,East Asia,imports,2016-Q3,543.96
product,mobile_phones,option1,East Asia,imports,2016-Q4,1078.42
product,mobile_phones,option1,East Asia,imports,2017-Q1,1012.8
product,mobile_phones,option1,East Asia,imports,2017-Q2,794.43
product,mobile_phones,option1,East Asia,imports,2017-Q3,777.21
product,mobile_phones,option1,East Asia,imports,2017-Q4,1147.07
product,mobile_phones,option1,East Asia,imports,2018-Q1,654.63
product,mobile_phones,option1,East Asia,imports,2018-Q2,859.02
product,mobile_phones,option1,East Asia,imports,2018-Q3,1242.0
product,mobile_phones,option1,East Asia,imports,2018-Q4,1666.25
product,mobile_phones,option1,East Asia,imports,2019-Q1,1364.3
product,mobile_phones,option1,East Asia,imports,2019-Q2,917.44
product,mobile_phones,option1,East Asia,imports,2019-Q3,871.64
product,mobile_phones,option1,East Asia,imports,2019-Q4,1925.06
product,mobile_phones,option1,East Asia,imports,2020-Q1,844.86
product,mobile_phones,option1,East Asia,imports,2020-Q2,994.37
product,mobile_phones,option1,East Asia,imports,2020-Q3,1145.41
product,mobile_phones,option1,East Asia,imports,2020-Q4,2083.71
product,mobile_phones,option1,East Asia,imports,2021-Q1,1187.03
product,mobile_phones,option1,East Asia,imports,2021-Q2,1189.61
product,mobile_phones,option1,East Asia,imports,2021-Q3,1259.95
product,mobile_phones,option1,East Asia,imports,2021-Q4,1989.06
product,mobile_phones,option1,East Asia,imports,2022-Q1,1444.42
product,mobile_phones,option1,East Asia,imports,2022-Q2,1507.3
product,mobile_phones,option1,East Asia,imports,2022-Q3,1898.96
product,mobile_phones,option1,East Asia,imports,2022-Q4,1950.08
product,mobile_phones,option1,East Asia,imports,2023-Q1,1428.17
product,mobile_phones,option1,East Asia,imports,2023-Q2,1250.09
product,mobile_phones,option1,East Asia,imports,2023-Q3,1356.12
product,mobile_phones,option1,East Asia,imports,2023-Q4,2474.52
product,mobile_phones,option1,East Asia,imports,2024-Q1,1422.78
product,mobile_phones,option1,East Asia,imports,2024-Q2,1347.66
product,mobile_phones,option1,East Asia,imports,2024-Q3,894.99
product,mobile_phones,option1,East Asia,imports,2024-Q4,1931.9
product,mobile_phones,option1,East Asia,imports,2025-Q1,1028.78
product,mobile_phones,option1,East Asia,imports,2025-Q2,1182.64
product,mobile_phones,option1,East Asia,imports,2025-Q3,1121.5
product,mobile_phones,option1,East Asia,imports,2025-Q4,1945.19
product,mobile_phones,option1,East Asia,imports,2026-Q1,1141.9
product,mobile_phones,option1,East Asia,imports,2026-Q2,1182.11
product,mobile_phones,option1,Rest of world,imports,2016-Q1,269.41
product,mobile_phones,option1,Rest of world,imports,2016-Q2,430.02
product,mobile_phones,option1,Rest of world,imports,2016-Q3,340.67
product,mobile_phones,option1,Rest of world,imports,2016-Q4,416.82
product,mobile_phones,option1,Rest of world,imports,2017-Q1,209.57
product,mobile_phones,option1,Rest of world,imports,2017-Q2,473.22
product,mobile_phones,option1,Rest of world,imports,2017-Q3,391.09
product,mobile_phones,option1,Rest of world,imports,2017-Q4,484.4
product,mobile_phones,option1,Rest of world,imports,2018-Q1,415.96
product,mobile_phones,option1,Rest of world,imports,2018-Q2,392.78
product,mobile_phones,option1,Rest of world,imports,2018-Q3,461.02
product,mobile_phones,option1,Rest of world,imports,2018-Q4,448.57
product,mobile_phones,option1,Rest of world,imports,2019-Q1,405.04
product,mobile_phones,option1,Rest of world,imports,2019-Q2,377.93
product,mobile_phones,option1,Rest of world,imports,2019-Q3,433.0
product,mobile_phones,option1,Rest of world,imports,2019-Q4,437.44
product,mobile_phones,option1,Rest of world,imports,2020-Q1,330.43
product,mobile_phones,option1,Rest of world,imports,2020-Q2,242.74
product,mobile_phones,option1,Rest of world,imports,2020-Q3,387.92
product,mobile_phones,option1,Rest of world,imports,2020-Q4,293.7
product,mobile_phones,option1,Rest of world,imports,2021-Q1,395.18
product,mobile_phones,option1,Rest of world,imports,2021-Q2,280.27
product,mobile_phones,option1,Rest of world,imports,2021-Q3,418.64
product,mobile_phones,option1,Rest of world,imports,2021-Q4,426.71
product,mobile_phones,option1,Rest of world,imports,2022-Q1,430.16
product,mobile_phones,option1,Rest of world,imports,2022-Q2,309.9
product,mobile_phones,option1,Rest of world,imports,2022-Q3,509.07
product,mobile_phones,option1,Rest of world,imports,2022-Q4,516.39
product,mobile_phones,option1,Rest of world,imports,2023-Q1,732.71
product,mobile_phones,option1,Rest of world,imports,2023-Q2,508.81
product,mobile_phones,option1,Rest of world,imports,2023-Q3,422.85
product,mobile_phones,option1,Rest of world,imports,2023-Q4,400.35
product,mobile_phones,option1,Rest of world,imports,2024-Q1,506.19
product,mobile_phones,option1,Rest of world,imports,2024-Q2,439.05
product,mobile_phones,option1,Rest of world,imports,2024-Q3,463.71
product,mobile_phones,option1,Rest of world,imports,2024-Q4,694.83
product,mobile_phones,option1,Rest of world,imports,2025-Q1,769.66
product,mobile_phones,option1,Rest of world,imports,2025-Q2,463.54
product,mobile_phones,option1,Rest of world,imports,2025-Q3,612.98
product,mobile_phones,option1,Rest of world,imports,2025-Q4,551.65
product,mobile_phones,option1,Rest of world,imports,2026-Q1,511.63
product,mobile_phones,option1,Rest of world,imports,2026-Q2,494.02
product,mobile_phones,option2,China incl. Hong Kong,imports,2016-Q1,428.39
product,mobile_phones,option2,China incl. Hong Kong,imports,2016-Q2,580.98
product,mobile_phones,option2,China incl. Hong Kong,imports,2016-Q3,514.09
product,mobile_phones,option2,China incl. Hong Kong,imports,2016-Q4,1029.5
product,mobile_phones,option2,China incl. Hong Kong,imports,2017-Q1,942.52
product,mobile_phones,option2,China incl. Hong Kong,imports,2017-Q2,752.42
product,mobile_phones,option2,China incl. Hong Kong,imports,2017-Q3,764.61
product,mobile_phones,option2,China incl. Hong Kong,imports,2017-Q4,1075.65
product,mobile_phones,option2,China incl. Hong Kong,imports,2018-Q1,628.95
product,mobile_phones,option2,China incl. Hong Kong,imports,2018-Q2,841.58
product,mobile_phones,option2,China incl. Hong Kong,imports,2018-Q3,1231.09
product,mobile_phones,option2,China incl. Hong Kong,imports,2018-Q4,1663.78
product,mobile_phones,option2,China incl. Hong Kong,imports,2019-Q1,1361.67
product,mobile_phones,option2,China incl. Hong Kong,imports,2019-Q2,876.45
product,mobile_phones,option2,China incl. Hong Kong,imports,2019-Q3,863.34
product,mobile_phones,option2,China incl. Hong Kong,imports,2019-Q4,1898.43
product,mobile_phones,option2,China incl. Hong Kong,imports,2020-Q1,837.2
product,mobile_phones,option2,China incl. Hong Kong,imports,2020-Q2,873.45
product,mobile_phones,option2,China incl. Hong Kong,imports,2020-Q3,1074.19
product,mobile_phones,option2,China incl. Hong Kong,imports,2020-Q4,1990.44
product,mobile_phones,option2,China incl. Hong Kong,imports,2021-Q1,1108.21
product,mobile_phones,option2,China incl. Hong Kong,imports,2021-Q2,1078.67
product,mobile_phones,option2,China incl. Hong Kong,imports,2021-Q3,1192.3
product,mobile_phones,option2,China incl. Hong Kong,imports,2021-Q4,1883.69
product,mobile_phones,option2,China incl. Hong Kong,imports,2022-Q1,1350.0
product,mobile_phones,option2,China incl. Hong Kong,imports,2022-Q2,1349.32
product,mobile_phones,option2,China incl. Hong Kong,imports,2022-Q3,1828.39
product,mobile_phones,option2,China incl. Hong Kong,imports,2022-Q4,1861.61
product,mobile_phones,option2,China incl. Hong Kong,imports,2023-Q1,1383.97
product,mobile_phones,option2,China incl. Hong Kong,imports,2023-Q2,1139.7
product,mobile_phones,option2,China incl. Hong Kong,imports,2023-Q3,1331.03
product,mobile_phones,option2,China incl. Hong Kong,imports,2023-Q4,2407.93
product,mobile_phones,option2,China incl. Hong Kong,imports,2024-Q1,1359.6
product,mobile_phones,option2,China incl. Hong Kong,imports,2024-Q2,1246.23
product,mobile_phones,option2,China incl. Hong Kong,imports,2024-Q3,829.01
product,mobile_phones,option2,China incl. Hong Kong,imports,2024-Q4,1850.32
product,mobile_phones,option2,China incl. Hong Kong,imports,2025-Q1,1012.5
product,mobile_phones,option2,China incl. Hong Kong,imports,2025-Q2,1115.78
product,mobile_phones,option2,China incl. Hong Kong,imports,2025-Q3,1027.04
product,mobile_phones,option2,China incl. Hong Kong,imports,2025-Q4,1874.56
product,mobile_phones,option2,China incl. Hong Kong,imports,2026-Q1,1072.36
product,mobile_phones,option2,China incl. Hong Kong,imports,2026-Q2,1085.35
product,mobile_phones,option2,Japan,imports,2016-Q1,0.29
product,mobile_phones,option2,Japan,imports,2016-Q2,0.38
product,mobile_phones,option2,Japan,imports,2016-Q3,0.54
product,mobile_phones,option2,Japan,imports,2016-Q4,0.72
product,mobile_phones,option2,Japan,imports,2017-Q1,0.14
product,mobile_phones,option2,Japan,imports,2017-Q2,0.05
product,mobile_phones,option2,Japan,imports,2017-Q3,0.16
product,mobile_phones,option2,Japan,imports,2017-Q4,0.69
product,mobile_phones,option2,Japan,imports,2018-Q1,0.32
product,mobile_phones,option2,Japan,imports,2018-Q2,0.32
product,mobile_phones,option2,Japan,imports,2018-Q3,4.97
product,mobile_phones,option2,Japan,imports,2018-Q4,0.63
product,mobile_phones,option2,Japan,imports,2019-Q1,0.38
product,mobile_phones,option2,Japan,imports,2019-Q2,0.18
product,mobile_phones,option2,Japan,imports,2019-Q3,0.18
product,mobile_phones,option2,Japan,imports,2019-Q4,0.36
product,mobile_phones,option2,Japan,imports,2020-Q1,0.67
product,mobile_phones,option2,Japan,imports,2020-Q2,0.48
product,mobile_phones,option2,Japan,imports,2020-Q3,0.45
product,mobile_phones,option2,Japan,imports,2020-Q4,0.68
product,mobile_phones,option2,Japan,imports,2021-Q1,0.33
product,mobile_phones,option2,Japan,imports,2021-Q2,0.39
product,mobile_phones,option2,Japan,imports,2021-Q3,0.17
product,mobile_phones,option2,Japan,imports,2021-Q4,0.16
product,mobile_phones,option2,Japan,imports,2022-Q1,0.18
product,mobile_phones,option2,Japan,imports,2022-Q2,0.72
product,mobile_phones,option2,Japan,imports,2022-Q3,1.94
product,mobile_phones,option2,Japan,imports,2022-Q4,3.4
product,mobile_phones,option2,Japan,imports,2023-Q1,0.46
product,mobile_phones,option2,Japan,imports,2023-Q2,0.96
product,mobile_phones,option2,Japan,imports,2023-Q3,0.79
product,mobile_phones,option2,Japan,imports,2023-Q4,2.98
product,mobile_phones,option2,Japan,imports,2024-Q1,0.96
product,mobile_phones,option2,Japan,imports,2024-Q2,1.11
product,mobile_phones,option2,Japan,imports,2024-Q3,0.89
product,mobile_phones,option2,Japan,imports,2024-Q4,1.03
product,mobile_phones,option2,Japan,imports,2025-Q1,0.45
product,mobile_phones,option2,Japan,imports,2025-Q2,0.28
product,mobile_phones,option2,Japan,imports,2025-Q3,5.39
product,mobile_phones,option2,Japan,imports,2025-Q4,3.49
product,mobile_phones,option2,Japan,imports,2026-Q1,1.95
product,mobile_phones,option2,Japan,imports,2026-Q2,0.92
product,mobile_phones,option2,South Korea,imports,2016-Q1,16.34
product,mobile_phones,option2,South Korea,imports,2016-Q2,37.77
product,mobile_phones,option2,South Korea,imports,2016-Q3,6.66
product,mobile_phones,option2,South Korea,imports,2016-Q4,10.45
product,mobile_phones,option2,South Korea,imports,2017-Q1,56.77
product,mobile_phones,option2,South Korea,imports,2017-Q2,21.28
product,mobile_phones,option2,South Korea,imports,2017-Q3,7.22
product,mobile_phones,option2,South Korea,imports,2017-Q4,37.78
product,mobile_phones,option2,South Korea,imports,2018-Q1,13.89
product,mobile_phones,option2,South Korea,imports,2018-Q2,7.33
product,mobile_phones,option2,South Korea,imports,2018-Q3,3.68
product,mobile_phones,option2,South Korea,imports,2018-Q4,1.49
product,mobile_phones,option2,South Korea,imports,2019-Q1,2.21
product,mobile_phones,option2,South Korea,imports,2019-Q2,38.97
product,mobile_phones,option2,South Korea,imports,2019-Q3,7.25
product,mobile_phones,option2,South Korea,imports,2019-Q4,26.17
product,mobile_phones,option2,South Korea,imports,2020-Q1,6.81
product,mobile_phones,option2,South Korea,imports,2020-Q2,120.36
product,mobile_phones,option2,South Korea,imports,2020-Q3,70.24
product,mobile_phones,option2,South Korea,imports,2020-Q4,91.75
product,mobile_phones,option2,South Korea,imports,2021-Q1,78.35
product,mobile_phones,option2,South Korea,imports,2021-Q2,110.2
product,mobile_phones,option2,South Korea,imports,2021-Q3,65.37
product,mobile_phones,option2,South Korea,imports,2021-Q4,104.92
product,mobile_phones,option2,South Korea,imports,2022-Q1,93.91
product,mobile_phones,option2,South Korea,imports,2022-Q2,157.16
product,mobile_phones,option2,South Korea,imports,2022-Q3,68.63
product,mobile_phones,option2,South Korea,imports,2022-Q4,84.98
product,mobile_phones,option2,South Korea,imports,2023-Q1,43.52
product,mobile_phones,option2,South Korea,imports,2023-Q2,109.17
product,mobile_phones,option2,South Korea,imports,2023-Q3,24.27
product,mobile_phones,option2,South Korea,imports,2023-Q4,62.53
product,mobile_phones,option2,South Korea,imports,2024-Q1,61.49
product,mobile_phones,option2,South Korea,imports,2024-Q2,99.7
product,mobile_phones,option2,South Korea,imports,2024-Q3,65.06
product,mobile_phones,option2,South Korea,imports,2024-Q4,80.42
product,mobile_phones,option2,South Korea,imports,2025-Q1,15.81
product,mobile_phones,option2,South Korea,imports,2025-Q2,66.43
product,mobile_phones,option2,South Korea,imports,2025-Q3,83.28
product,mobile_phones,option2,South Korea,imports,2025-Q4,60.77
product,mobile_phones,option2,South Korea,imports,2026-Q1,53.55
product,mobile_phones,option2,South Korea,imports,2026-Q2,78.18
product,mobile_phones,option2,Taiwan,imports,2016-Q1,6.66
product,mobile_phones,option2,Taiwan,imports,2016-Q2,17.95
product,mobile_phones,option2,Taiwan,imports,2016-Q3,22.67
product,mobile_phones,option2,Taiwan,imports,2016-Q4,37.74
product,mobile_phones,option2,Taiwan,imports,2017-Q1,13.37
product,mobile_phones,option2,Taiwan,imports,2017-Q2,20.69
product,mobile_phones,option2,Taiwan,imports,2017-Q3,5.22
product,mobile_phones,option2,Taiwan,imports,2017-Q4,32.95
product,mobile_phones,option2,Taiwan,imports,2018-Q1,11.47
product,mobile_phones,option2,Taiwan,imports,2018-Q2,9.79
product,mobile_phones,option2,Taiwan,imports,2018-Q3,2.26
product,mobile_phones,option2,Taiwan,imports,2018-Q4,0.36
product,mobile_phones,option2,Taiwan,imports,2019-Q1,0.05
product,mobile_phones,option2,Taiwan,imports,2019-Q2,1.84
product,mobile_phones,option2,Taiwan,imports,2019-Q3,0.86
product,mobile_phones,option2,Taiwan,imports,2019-Q4,0.11
product,mobile_phones,option2,Taiwan,imports,2020-Q1,0.18
product,mobile_phones,option2,Taiwan,imports,2020-Q2,0.08
product,mobile_phones,option2,Taiwan,imports,2020-Q3,0.54
product,mobile_phones,option2,Taiwan,imports,2020-Q4,0.83
product,mobile_phones,option2,Taiwan,imports,2021-Q1,0.13
product,mobile_phones,option2,Taiwan,imports,2021-Q2,0.34
product,mobile_phones,option2,Taiwan,imports,2021-Q3,2.12
product,mobile_phones,option2,Taiwan,imports,2021-Q4,0.29
product,mobile_phones,option2,Taiwan,imports,2022-Q1,0.33
product,mobile_phones,option2,Taiwan,imports,2022-Q2,0.1
product,mobile_phones,option2,Taiwan,imports,2022-Q3,0.01
product,mobile_phones,option2,Taiwan,imports,2022-Q4,0.09
product,mobile_phones,option2,Taiwan,imports,2023-Q1,0.22
product,mobile_phones,option2,Taiwan,imports,2023-Q2,0.26
product,mobile_phones,option2,Taiwan,imports,2023-Q3,0.03
product,mobile_phones,option2,Taiwan,imports,2023-Q4,1.08
product,mobile_phones,option2,Taiwan,imports,2024-Q1,0.73
product,mobile_phones,option2,Taiwan,imports,2024-Q2,0.62
product,mobile_phones,option2,Taiwan,imports,2024-Q3,0.04
product,mobile_phones,option2,Taiwan,imports,2024-Q4,0.14
product,mobile_phones,option2,Taiwan,imports,2025-Q1,0.01
product,mobile_phones,option2,Taiwan,imports,2025-Q2,0.15
product,mobile_phones,option2,Taiwan,imports,2025-Q3,5.78
product,mobile_phones,option2,Taiwan,imports,2025-Q4,6.37
product,mobile_phones,option2,Taiwan,imports,2026-Q1,14.05
product,mobile_phones,option2,Taiwan,imports,2026-Q2,17.67
product,smartphones,option1,EU,exports,2022-Q1,130.29
product,smartphones,option1,EU,exports,2022-Q2,143.55
product,smartphones,option1,EU,exports,2022-Q3,203.15
product,smartphones,option1,EU,exports,2022-Q4,248.42
product,smartphones,option1,EU,exports,2023-Q1,174.86
product,smartphones,option1,EU,exports,2023-Q2,202.47
product,smartphones,option1,EU,exports,2023-Q3,201.64
product,smartphones,option1,EU,exports,2023-Q4,276.87
product,smartphones,option1,EU,exports,2024-Q1,179.62
product,smartphones,option1,EU,exports,2024-Q2,174.42
product,smartphones,option1,EU,exports,2024-Q3,168.67
product,smartphones,option1,EU,exports,2024-Q4,207.61
product,smartphones,option1,EU,exports,2025-Q1,141.08
product,smartphones,option1,EU,exports,2025-Q2,188.67
product,smartphones,option1,EU,exports,2025-Q3,211.86
product,smartphones,option1,EU,exports,2025-Q4,248.91
product,smartphones,option1,EU,exports,2026-Q1,179.88
product,smartphones,option1,EU,exports,2026-Q2,192.25
product,smartphones,option1,US,exports,2022-Q1,0.89
product,smartphones,option1,US,exports,2022-Q2,1.8
product,smartphones,option1,US,exports,2022-Q3,2.95
product,smartphones,option1,US,exports,2022-Q4,5.27
product,smartphones,option1,US,exports,2023-Q1,2.91
product,smartphones,option1,US,exports,2023-Q2,4.28
product,smartphones,option1,US,exports,2023-Q3,3.57
product,smartphones,option1,US,exports,2023-Q4,2.8
product,smartphones,option1,US,exports,2024-Q1,3.52
product,smartphones,option1,US,exports,2024-Q2,10.52
product,smartphones,option1,US,exports,2024-Q3,6.32
product,smartphones,option1,US,exports,2024-Q4,2.47
product,smartphones,option1,US,exports,2025-Q1,3.65
product,smartphones,option1,US,exports,2025-Q2,3.74
product,smartphones,option1,US,exports,2025-Q3,0.77
product,smartphones,option1,US,exports,2025-Q4,1.21
product,smartphones,option1,US,exports,2026-Q1,1.75
product,smartphones,option1,US,exports,2026-Q2,9.16
product,smartphones,option1,East Asia,exports,2022-Q1,7.17
product,smartphones,option1,East Asia,exports,2022-Q2,16.78
product,smartphones,option1,East Asia,exports,2022-Q3,12.54
product,smartphones,option1,East Asia,exports,2022-Q4,11.15
product,smartphones,option1,East Asia,exports,2023-Q1,7.96
product,smartphones,option1,East Asia,exports,2023-Q2,13.84
product,smartphones,option1,East Asia,exports,2023-Q3,27.24
product,smartphones,option1,East Asia,exports,2023-Q4,19.86
product,smartphones,option1,East Asia,exports,2024-Q1,22.67
product,smartphones,option1,East Asia,exports,2024-Q2,25.79
product,smartphones,option1,East Asia,exports,2024-Q3,18.75
product,smartphones,option1,East Asia,exports,2024-Q4,25.31
product,smartphones,option1,East Asia,exports,2025-Q1,26.2
product,smartphones,option1,East Asia,exports,2025-Q2,48.72
product,smartphones,option1,East Asia,exports,2025-Q3,39.51
product,smartphones,option1,East Asia,exports,2025-Q4,42.54
product,smartphones,option1,East Asia,exports,2026-Q1,47.66
product,smartphones,option1,East Asia,exports,2026-Q2,89.86
product,smartphones,option1,Rest of world,exports,2022-Q1,13.18
product,smartphones,option1,Rest of world,exports,2022-Q2,32.63
product,smartphones,option1,Rest of world,exports,2022-Q3,103.25
product,smartphones,option1,Rest of world,exports,2022-Q4,95.74
product,smartphones,option1,Rest of world,exports,2023-Q1,78.86
product,smartphones,option1,Rest of world,exports,2023-Q2,50.55
product,smartphones,option1,Rest of world,exports,2023-Q3,57.04
product,smartphones,option1,Rest of world,exports,2023-Q4,71.22
product,smartphones,option1,Rest of world,exports,2024-Q1,94.2
product,smartphones,option1,Rest of world,exports,2024-Q2,166.13
product,smartphones,option1,Rest of world,exports,2024-Q3,74.77
product,smartphones,option1,Rest of world,exports,2024-Q4,52.87
product,smartphones,option1,Rest of world,exports,2025-Q1,84.84
product,smartphones,option1,Rest of world,exports,2025-Q2,81.9
product,smartphones,option1,Rest of world,exports,2025-Q3,52.96
product,smartphones,option1,Rest of world,exports,2025-Q4,65.62
product,smartphones,option1,Rest of world,exports,2026-Q1,48.32
product,smartphones,option1,Rest of world,exports,2026-Q2,68.63
product,smartphones,option2,China incl. Hong Kong,exports,2022-Q1,7.14
product,smartphones,option2,China incl. Hong Kong,exports,2022-Q2,16.62
product,smartphones,option2,China incl. Hong Kong,exports,2022-Q3,12.49
product,smartphones,option2,China incl. Hong Kong,exports,2022-Q4,11.1
product,smartphones,option2,China incl. Hong Kong,exports,2023-Q1,7.91
product,smartphones,option2,China incl. Hong Kong,exports,2023-Q2,13.79
product,smartphones,option2,China incl. Hong Kong,exports,2023-Q3,27.21
product,smartphones,option2,China incl. Hong Kong,exports,2023-Q4,19.79
product,smartphones,option2,China incl. Hong Kong,exports,2024-Q1,22.09
product,smartphones,option2,China incl. Hong Kong,exports,2024-Q2,25.76
product,smartphones,option2,China incl. Hong Kong,exports,2024-Q3,18.59
product,smartphones,option2,China incl. Hong Kong,exports,2024-Q4,25.27
product,smartphones,option2,China incl. Hong Kong,exports,2025-Q1,26.14
product,smartphones,option2,China incl. Hong Kong,exports,2025-Q2,48.41
product,smartphones,option2,China incl. Hong Kong,exports,2025-Q3,39.16
product,smartphones,option2,China incl. Hong Kong,exports,2025-Q4,42.11
product,smartphones,option2,China incl. Hong Kong,exports,2026-Q1,47.52
product,smartphones,option2,China incl. Hong Kong,exports,2026-Q2,89.48
product,smartphones,option2,Japan,exports,2022-Q1,0.01
product,smartphones,option2,Japan,exports,2022-Q2,0.03
product,smartphones,option2,Japan,exports,2022-Q3,0.02
product,smartphones,option2,Japan,exports,2022-Q4,0.02
product,smartphones,option2,Japan,exports,2023-Q1,0.02
product,smartphones,option2,Japan,exports,2023-Q2,0.01
product,smartphones,option2,Japan,exports,2023-Q3,0.02
product,smartphones,option2,Japan,exports,2023-Q4,0.02
product,smartphones,option2,Japan,exports,2024-Q1,0.03
product,smartphones,option2,Japan,exports,2024-Q2,0.01
product,smartphones,option2,Japan,exports,2024-Q3,0.02
product,smartphones,option2,Japan,exports,2024-Q4,0.02
product,smartphones,option2,Japan,exports,2025-Q1,0.05
product,smartphones,option2,Japan,exports,2025-Q2,0.29
product,smartphones,option2,Japan,exports,2025-Q3,0.31
product,smartphones,option2,Japan,exports,2025-Q4,0.11
product,smartphones,option2,Japan,exports,2026-Q1,0.14
product,smartphones,option2,Japan,exports,2026-Q2,0.3
product,smartphones,option2,South Korea,exports,2022-Q1,0.02
product,smartphones,option2,South Korea,exports,2022-Q2,0.09
product,smartphones,option2,South Korea,exports,2022-Q3,0.03
product,smartphones,option2,South Korea,exports,2022-Q4,0.02
product,smartphones,option2,South Korea,exports,2023-Q1,0.02
product,smartphones,option2,South Korea,exports,2023-Q2,0.03
product,smartphones,option2,South Korea,exports,2023-Q3,0.0
product,smartphones,option2,South Korea,exports,2023-Q4,0.03
product,smartphones,option2,South Korea,exports,2024-Q1,0.54
product,smartphones,option2,South Korea,exports,2024-Q2,0.02
product,smartphones,option2,South Korea,exports,2024-Q3,0.03
product,smartphones,option2,South Korea,exports,2024-Q4,0.03
product,smartphones,option2,South Korea,exports,2025-Q1,0.01
product,smartphones,option2,South Korea,exports,2025-Q2,0.01
product,smartphones,option2,South Korea,exports,2025-Q3,0.04
product,smartphones,option2,South Korea,exports,2025-Q4,0.32
product,smartphones,option2,South Korea,exports,2026-Q1,0.01
product,smartphones,option2,South Korea,exports,2026-Q2,0.03
product,smartphones,option2,Taiwan,exports,2022-Q1,0.0
product,smartphones,option2,Taiwan,exports,2022-Q2,0.04
product,smartphones,option2,Taiwan,exports,2022-Q3,0.0
product,smartphones,option2,Taiwan,exports,2022-Q4,0.01
product,smartphones,option2,Taiwan,exports,2023-Q1,0.0
product,smartphones,option2,Taiwan,exports,2023-Q2,0.01
product,smartphones,option2,Taiwan,exports,2023-Q3,0.01
product,smartphones,option2,Taiwan,exports,2023-Q4,0.03
product,smartphones,option2,Taiwan,exports,2024-Q1,0.01
product,smartphones,option2,Taiwan,exports,2024-Q2,0.0
product,smartphones,option2,Taiwan,exports,2024-Q3,0.11
product,smartphones,option2,Taiwan,exports,2024-Q4,0.0
product,smartphones,option2,Taiwan,exports,2025-Q1,0.0
product,smartphones,option2,Taiwan,exports,2025-Q2,0.0
product,smartphones,option2,Taiwan,exports,2025-Q3,0.0
product,smartphones,option2,Taiwan,exports,2025-Q4,0.01
product,smartphones,option2,Taiwan,exports,2026-Q1,0.0
product,smartphones,option2,Taiwan,exports,2026-Q2,0.04
product,smartphones,option1,EU,imports,2022-Q1,115.8
product,smartphones,option1,EU,imports,2022-Q2,169.89
product,smartphones,option1,EU,imports,2022-Q3,142.39
product,smartphones,option1,EU,imports,2022-Q4,238.65
product,smartphones,option1,EU,imports,2023-Q1,104.73
product,smartphones,option1,EU,imports,2023-Q2,109.01
product,smartphones,option1,EU,imports,2023-Q3,102.52
product,smartphones,option1,EU,imports,2023-Q4,114.72
product,smartphones,option1,EU,imports,2024-Q1,87.0
product,smartphones,option1,EU,imports,2024-Q2,117.06
product,smartphones,option1,EU,imports,2024-Q3,159.97
product,smartphones,option1,EU,imports,2024-Q4,177.84
product,smartphones,option1,EU,imports,2025-Q1,153.31
product,smartphones,option1,EU,imports,2025-Q2,146.74
product,smartphones,option1,EU,imports,2025-Q3,105.83
product,smartphones,option1,EU,imports,2025-Q4,118.45
product,smartphones,option1,EU,imports,2026-Q1,115.96
product,smartphones,option1,EU,imports,2026-Q2,131.1
product,smartphones,option1,US,imports,2022-Q1,6.59
product,smartphones,option1,US,imports,2022-Q2,8.05
product,smartphones,option1,US,imports,2022-Q3,8.75
product,smartphones,option1,US,imports,2022-Q4,19.08
product,smartphones,option1,US,imports,2023-Q1,11.53
product,smartphones,option1,US,imports,2023-Q2,12.85
product,smartphones,option1,US,imports,2023-Q3,9.47
product,smartphones,option1,US,imports,2023-Q4,14.01
product,smartphones,option1,US,imports,2024-Q1,4.54
product,smartphones,option1,US,imports,2024-Q2,4.32
product,smartphones,option1,US,imports,2024-Q3,5.89
product,smartphones,option1,US,imports,2024-Q4,5.24
product,smartphones,option1,US,imports,2025-Q1,6.54
product,smartphones,option1,US,imports,2025-Q2,6.12
product,smartphones,option1,US,imports,2025-Q3,7.57
product,smartphones,option1,US,imports,2025-Q4,15.45
product,smartphones,option1,US,imports,2026-Q1,9.88
product,smartphones,option1,US,imports,2026-Q2,5.63
product,smartphones,option1,East Asia,imports,2022-Q1,1434.2
product,smartphones,option1,East Asia,imports,2022-Q2,1489.54
product,smartphones,option1,East Asia,imports,2022-Q3,1882.71
product,smartphones,option1,East Asia,imports,2022-Q4,1941.56
product,smartphones,option1,East Asia,imports,2023-Q1,1422.8
product,smartphones,option1,East Asia,imports,2023-Q2,1243.81
product,smartphones,option1,East Asia,imports,2023-Q3,1349.91
product,smartphones,option1,East Asia,imports,2023-Q4,2470.03
product,smartphones,option1,East Asia,imports,2024-Q1,1419.31
product,smartphones,option1,East Asia,imports,2024-Q2,1343.61
product,smartphones,option1,East Asia,imports,2024-Q3,888.09
product,smartphones,option1,East Asia,imports,2024-Q4,1926.02
product,smartphones,option1,East Asia,imports,2025-Q1,1025.64
product,smartphones,option1,East Asia,imports,2025-Q2,1179.06
product,smartphones,option1,East Asia,imports,2025-Q3,1116.52
product,smartphones,option1,East Asia,imports,2025-Q4,1938.77
product,smartphones,option1,East Asia,imports,2026-Q1,1135.97
product,smartphones,option1,East Asia,imports,2026-Q2,1179.31
product,smartphones,option1,Rest of world,imports,2022-Q1,428.22
product,smartphones,option1,Rest of world,imports,2022-Q2,308.06
product,smartphones,option1,Rest of world,imports,2022-Q3,498.94
product,smartphones,option1,Rest of world,imports,2022-Q4,510.83
product,smartphones,option1,Rest of world,imports,2023-Q1,729.99
product,smartphones,option1,Rest of world,imports,2023-Q2,506.99
product,smartphones,option1,Rest of world,imports,2023-Q3,421.59
product,smartphones,option1,Rest of world,imports,2023-Q4,397.54
product,smartphones,option1,Rest of world,imports,2024-Q1,505.24
product,smartphones,option1,Rest of world,imports,2024-Q2,437.98
product,smartphones,option1,Rest of world,imports,2024-Q3,461.74
product,smartphones,option1,Rest of world,imports,2024-Q4,694.23
product,smartphones,option1,Rest of world,imports,2025-Q1,769.15
product,smartphones,option1,Rest of world,imports,2025-Q2,463.23
product,smartphones,option1,Rest of world,imports,2025-Q3,612.25
product,smartphones,option1,Rest of world,imports,2025-Q4,550.97
product,smartphones,option1,Rest of world,imports,2026-Q1,510.94
product,smartphones,option1,Rest of world,imports,2026-Q2,493.57
product,smartphones,option2,China incl. Hong Kong,imports,2022-Q1,1339.78
product,smartphones,option2,China incl. Hong Kong,imports,2022-Q2,1331.58
product,smartphones,option2,China incl. Hong Kong,imports,2022-Q3,1812.13
product,smartphones,option2,China incl. Hong Kong,imports,2022-Q4,1853.1
product,smartphones,option2,China incl. Hong Kong,imports,2023-Q1,1378.62
product,smartphones,option2,China incl. Hong Kong,imports,2023-Q2,1133.66
product,smartphones,option2,China incl. Hong Kong,imports,2023-Q3,1324.82
product,smartphones,option2,China incl. Hong Kong,imports,2023-Q4,2403.47
product,smartphones,option2,China incl. Hong Kong,imports,2024-Q1,1356.36
product,smartphones,option2,China incl. Hong Kong,imports,2024-Q2,1242.18
product,smartphones,option2,China incl. Hong Kong,imports,2024-Q3,822.17
product,smartphones,option2,China incl. Hong Kong,imports,2024-Q4,1844.46
product,smartphones,option2,China incl. Hong Kong,imports,2025-Q1,1009.41
product,smartphones,option2,China incl. Hong Kong,imports,2025-Q2,1112.22
product,smartphones,option2,China incl. Hong Kong,imports,2025-Q3,1022.08
product,smartphones,option2,China incl. Hong Kong,imports,2025-Q4,1868.17
product,smartphones,option2,China incl. Hong Kong,imports,2026-Q1,1066.45
product,smartphones,option2,China incl. Hong Kong,imports,2026-Q2,1082.56
product,smartphones,option2,Japan,imports,2022-Q1,0.18
product,smartphones,option2,Japan,imports,2022-Q2,0.72
product,smartphones,option2,Japan,imports,2022-Q3,1.94
product,smartphones,option2,Japan,imports,2022-Q4,3.4
product,smartphones,option2,Japan,imports,2023-Q1,0.46
product,smartphones,option2,Japan,imports,2023-Q2,0.96
product,smartphones,option2,Japan,imports,2023-Q3,0.79
product,smartphones,option2,Japan,imports,2023-Q4,2.98
product,smartphones,option2,Japan,imports,2024-Q1,0.96
product,smartphones,option2,Japan,imports,2024-Q2,1.11
product,smartphones,option2,Japan,imports,2024-Q3,0.89
product,smartphones,option2,Japan,imports,2024-Q4,1.03
product,smartphones,option2,Japan,imports,2025-Q1,0.45
product,smartphones,option2,Japan,imports,2025-Q2,0.28
product,smartphones,option2,Japan,imports,2025-Q3,5.39
product,smartphones,option2,Japan,imports,2025-Q4,3.49
product,smartphones,option2,Japan,imports,2026-Q1,1.93
product,smartphones,option2,Japan,imports,2026-Q2,0.91
product,smartphones,option2,South Korea,imports,2022-Q1,93.91
product,smartphones,option2,South Korea,imports,2022-Q2,157.16
product,smartphones,option2,South Korea,imports,2022-Q3,68.63
product,smartphones,option2,South Korea,imports,2022-Q4,84.98
product,smartphones,option2,South Korea,imports,2023-Q1,43.51
product,smartphones,option2,South Korea,imports,2023-Q2,109.16
product,smartphones,option2,South Korea,imports,2023-Q3,24.27
product,smartphones,option2,South Korea,imports,2023-Q4,62.5
product,smartphones,option2,South Korea,imports,2024-Q1,61.48
product,smartphones,option2,South Korea,imports,2024-Q2,99.69
product,smartphones,option2,South Korea,imports,2024-Q3,65.0
product,smartphones,option2,South Korea,imports,2024-Q4,80.39
product,smartphones,option2,South Korea,imports,2025-Q1,15.78
product,smartphones,option2,South Korea,imports,2025-Q2,66.42
product,smartphones,option2,South Korea,imports,2025-Q3,83.28
product,smartphones,option2,South Korea,imports,2025-Q4,60.74
product,smartphones,option2,South Korea,imports,2026-Q1,53.54
product,smartphones,option2,South Korea,imports,2026-Q2,78.17
product,smartphones,option2,Taiwan,imports,2022-Q1,0.33
product,smartphones,option2,Taiwan,imports,2022-Q2,0.07
product,smartphones,option2,Taiwan,imports,2022-Q3,0.01
product,smartphones,option2,Taiwan,imports,2022-Q4,0.09
product,smartphones,option2,Taiwan,imports,2023-Q1,0.22
product,smartphones,option2,Taiwan,imports,2023-Q2,0.02
product,smartphones,option2,Taiwan,imports,2023-Q3,0.03
product,smartphones,option2,Taiwan,imports,2023-Q4,1.08
product,smartphones,option2,Taiwan,imports,2024-Q1,0.51
product,smartphones,option2,Taiwan,imports,2024-Q2,0.62
product,smartphones,option2,Taiwan,imports,2024-Q3,0.04
product,smartphones,option2,Taiwan,imports,2024-Q4,0.14
product,smartphones,option2,Taiwan,imports,2025-Q1,0.01
product,smartphones,option2,Taiwan,imports,2025-Q2,0.15
product,smartphones,option2,Taiwan,imports,2025-Q3,5.78
product,smartphones,option2,Taiwan,imports,2025-Q4,6.37
product,smartphones,option2,Taiwan,imports,2026-Q1,14.05
product,smartphones,option2,Taiwan,imports,2026-Q2,17.66
product,network_equipment,option1,EU,exports,2016-Q1,220.09
product,network_equipment,option1,EU,exports,2016-Q2,216.25
product,network_equipment,option1,EU,exports,2016-Q3,234.18
product,network_equipment,option1,EU,exports,2016-Q4,324.73
product,network_equipment,option1,EU,exports,2017-Q1,272.18
product,network_equipment,option1,EU,exports,2017-Q2,347.81
product,network_equipment,option1,EU,exports,2017-Q3,283.95
product,network_equipment,option1,EU,exports,2017-Q4,365.36
product,network_equipment,option1,EU,exports,2018-Q1,300.54
product,network_equipment,option1,EU,exports,2018-Q2,297.65
product,network_equipment,option1,EU,exports,2018-Q3,321.21
product,network_equipment,option1,EU,exports,2018-Q4,440.02
product,network_equipment,option1,EU,exports,2019-Q1,359.62
product,network_equipment,option1,EU,exports,2019-Q2,274.59
product,network_equipment,option1,EU,exports,2019-Q3,340.99
product,network_equipment,option1,EU,exports,2019-Q4,398.12
product,network_equipment,option1,EU,exports,2020-Q1,283.18
product,network_equipment,option1,EU,exports,2020-Q2,231.84
product,network_equipment,option1,EU,exports,2020-Q3,305.46
product,network_equipment,option1,EU,exports,2020-Q4,377.89
product,network_equipment,option1,EU,exports,2021-Q1,195.16
product,network_equipment,option1,EU,exports,2021-Q2,260.5
product,network_equipment,option1,EU,exports,2021-Q3,259.52
product,network_equipment,option1,EU,exports,2021-Q4,295.22
product,network_equipment,option1,EU,exports,2022-Q1,230.33
product,network_equipment,option1,EU,exports,2022-Q2,287.15
product,network_equipment,option1,EU,exports,2022-Q3,324.79
product,network_equipment,option1,EU,exports,2022-Q4,354.81
product,network_equipment,option1,EU,exports,2023-Q1,303.17
product,network_equipment,option1,EU,exports,2023-Q2,302.95
product,network_equipment,option1,EU,exports,2023-Q3,321.48
product,network_equipment,option1,EU,exports,2023-Q4,337.09
product,network_equipment,option1,EU,exports,2024-Q1,298.79
product,network_equipment,option1,EU,exports,2024-Q2,303.71
product,network_equipment,option1,EU,exports,2024-Q3,300.7
product,network_equipment,option1,EU,exports,2024-Q4,340.28
product,network_equipment,option1,EU,exports,2025-Q1,358.82
product,network_equipment,option1,EU,exports,2025-Q2,322.76
product,network_equipment,option1,EU,exports,2025-Q3,395.39
product,network_equipment,option1,EU,exports,2025-Q4,380.85
product,network_equipment,option1,EU,exports,2026-Q1,395.16
product,network_equipment,option1,EU,exports,2026-Q2,348.61
product,network_equipment,option1,US,exports,2016-Q1,41.43
product,network_equipment,option1,US,exports,2016-Q2,44.33
product,network_equipment,option1,US,exports,2016-Q3,45.54
product,network_equipment,option1,US,exports,2016-Q4,56.15
product,network_equipment,option1,US,exports,2017-Q1,46.84
product,network_equipment,option1,US,exports,2017-Q2,51.0
product,network_equipment,option1,US,exports,2017-Q3,51.09
product,network_equipment,option1,US,exports,2017-Q4,49.71
product,network_equipment,option1,US,exports,2018-Q1,46.45
product,network_equipment,option1,US,exports,2018-Q2,46.95
product,network_equipment,option1,US,exports,2018-Q3,50.56
product,network_equipment,option1,US,exports,2018-Q4,48.87
product,network_equipment,option1,US,exports,2019-Q1,44.24
product,network_equipment,option1,US,exports,2019-Q2,43.69
product,network_equipment,option1,US,exports,2019-Q3,51.33
product,network_equipment,option1,US,exports,2019-Q4,60.65
product,network_equipment,option1,US,exports,2020-Q1,51.32
product,network_equipment,option1,US,exports,2020-Q2,41.61
product,network_equipment,option1,US,exports,2020-Q3,45.26
product,network_equipment,option1,US,exports,2020-Q4,46.44
product,network_equipment,option1,US,exports,2021-Q1,42.42
product,network_equipment,option1,US,exports,2021-Q2,52.24
product,network_equipment,option1,US,exports,2021-Q3,39.84
product,network_equipment,option1,US,exports,2021-Q4,55.96
product,network_equipment,option1,US,exports,2022-Q1,47.34
product,network_equipment,option1,US,exports,2022-Q2,53.11
product,network_equipment,option1,US,exports,2022-Q3,98.37
product,network_equipment,option1,US,exports,2022-Q4,54.63
product,network_equipment,option1,US,exports,2023-Q1,55.56
product,network_equipment,option1,US,exports,2023-Q2,64.18
product,network_equipment,option1,US,exports,2023-Q3,72.07
product,network_equipment,option1,US,exports,2023-Q4,83.66
product,network_equipment,option1,US,exports,2024-Q1,57.93
product,network_equipment,option1,US,exports,2024-Q2,82.83
product,network_equipment,option1,US,exports,2024-Q3,74.19
product,network_equipment,option1,US,exports,2024-Q4,77.95
product,network_equipment,option1,US,exports,2025-Q1,61.75
product,network_equipment,option1,US,exports,2025-Q2,76.61
product,network_equipment,option1,US,exports,2025-Q3,68.16
product,network_equipment,option1,US,exports,2025-Q4,80.13
product,network_equipment,option1,US,exports,2026-Q1,76.99
product,network_equipment,option1,US,exports,2026-Q2,109.42
product,network_equipment,option1,East Asia,exports,2016-Q1,9.28
product,network_equipment,option1,East Asia,exports,2016-Q2,12.69
product,network_equipment,option1,East Asia,exports,2016-Q3,18.75
product,network_equipment,option1,East Asia,exports,2016-Q4,27.97
product,network_equipment,option1,East Asia,exports,2017-Q1,14.62
product,network_equipment,option1,East Asia,exports,2017-Q2,19.4
product,network_equipment,option1,East Asia,exports,2017-Q3,16.58
product,network_equipment,option1,East Asia,exports,2017-Q4,13.49
product,network_equipment,option1,East Asia,exports,2018-Q1,12.75
product,network_equipment,option1,East Asia,exports,2018-Q2,13.47
product,network_equipment,option1,East Asia,exports,2018-Q3,14.23
product,network_equipment,option1,East Asia,exports,2018-Q4,13.73
product,network_equipment,option1,East Asia,exports,2019-Q1,19.89
product,network_equipment,option1,East Asia,exports,2019-Q2,19.44
product,network_equipment,option1,East Asia,exports,2019-Q3,15.09
product,network_equipment,option1,East Asia,exports,2019-Q4,22.53
product,network_equipment,option1,East Asia,exports,2020-Q1,19.36
product,network_equipment,option1,East Asia,exports,2020-Q2,12.76
product,network_equipment,option1,East Asia,exports,2020-Q3,19.42
product,network_equipment,option1,East Asia,exports,2020-Q4,18.35
product,network_equipment,option1,East Asia,exports,2021-Q1,20.53
product,network_equipment,option1,East Asia,exports,2021-Q2,27.24
product,network_equipment,option1,East Asia,exports,2021-Q3,23.8
product,network_equipment,option1,East Asia,exports,2021-Q4,32.56
product,network_equipment,option1,East Asia,exports,2022-Q1,34.7
product,network_equipment,option1,East Asia,exports,2022-Q2,31.47
product,network_equipment,option1,East Asia,exports,2022-Q3,33.53
product,network_equipment,option1,East Asia,exports,2022-Q4,41.13
product,network_equipment,option1,East Asia,exports,2023-Q1,43.57
product,network_equipment,option1,East Asia,exports,2023-Q2,25.79
product,network_equipment,option1,East Asia,exports,2023-Q3,26.7
product,network_equipment,option1,East Asia,exports,2023-Q4,37.38
product,network_equipment,option1,East Asia,exports,2024-Q1,35.02
product,network_equipment,option1,East Asia,exports,2024-Q2,43.01
product,network_equipment,option1,East Asia,exports,2024-Q3,55.57
product,network_equipment,option1,East Asia,exports,2024-Q4,49.57
product,network_equipment,option1,East Asia,exports,2025-Q1,41.97
product,network_equipment,option1,East Asia,exports,2025-Q2,47.2
product,network_equipment,option1,East Asia,exports,2025-Q3,47.19
product,network_equipment,option1,East Asia,exports,2025-Q4,55.06
product,network_equipment,option1,East Asia,exports,2026-Q1,44.0
product,network_equipment,option1,East Asia,exports,2026-Q2,67.02
product,network_equipment,option1,Rest of world,exports,2016-Q1,112.42
product,network_equipment,option1,Rest of world,exports,2016-Q2,94.73
product,network_equipment,option1,Rest of world,exports,2016-Q3,114.45
product,network_equipment,option1,Rest of world,exports,2016-Q4,160.87
product,network_equipment,option1,Rest of world,exports,2017-Q1,183.88
product,network_equipment,option1,Rest of world,exports,2017-Q2,121.65
product,network_equipment,option1,Rest of world,exports,2017-Q3,113.96
product,network_equipment,option1,Rest of world,exports,2017-Q4,115.08
product,network_equipment,option1,Rest of world,exports,2018-Q1,117.86
product,network_equipment,option1,Rest of world,exports,2018-Q2,100.82
product,network_equipment,option1,Rest of world,exports,2018-Q3,118.81
product,network_equipment,option1,Rest of world,exports,2018-Q4,112.13
product,network_equipment,option1,Rest of world,exports,2019-Q1,117.8
product,network_equipment,option1,Rest of world,exports,2019-Q2,106.14
product,network_equipment,option1,Rest of world,exports,2019-Q3,114.67
product,network_equipment,option1,Rest of world,exports,2019-Q4,116.53
product,network_equipment,option1,Rest of world,exports,2020-Q1,105.04
product,network_equipment,option1,Rest of world,exports,2020-Q2,71.41
product,network_equipment,option1,Rest of world,exports,2020-Q3,91.91
product,network_equipment,option1,Rest of world,exports,2020-Q4,101.69
product,network_equipment,option1,Rest of world,exports,2021-Q1,92.94
product,network_equipment,option1,Rest of world,exports,2021-Q2,92.2
product,network_equipment,option1,Rest of world,exports,2021-Q3,103.0
product,network_equipment,option1,Rest of world,exports,2021-Q4,96.32
product,network_equipment,option1,Rest of world,exports,2022-Q1,99.29
product,network_equipment,option1,Rest of world,exports,2022-Q2,95.95
product,network_equipment,option1,Rest of world,exports,2022-Q3,133.52
product,network_equipment,option1,Rest of world,exports,2022-Q4,136.09
product,network_equipment,option1,Rest of world,exports,2023-Q1,111.53
product,network_equipment,option1,Rest of world,exports,2023-Q2,133.52
product,network_equipment,option1,Rest of world,exports,2023-Q3,122.15
product,network_equipment,option1,Rest of world,exports,2023-Q4,123.49
product,network_equipment,option1,Rest of world,exports,2024-Q1,125.2
product,network_equipment,option1,Rest of world,exports,2024-Q2,149.06
product,network_equipment,option1,Rest of world,exports,2024-Q3,161.81
product,network_equipment,option1,Rest of world,exports,2024-Q4,195.46
product,network_equipment,option1,Rest of world,exports,2025-Q1,172.35
product,network_equipment,option1,Rest of world,exports,2025-Q2,180.82
product,network_equipment,option1,Rest of world,exports,2025-Q3,202.78
product,network_equipment,option1,Rest of world,exports,2025-Q4,237.77
product,network_equipment,option1,Rest of world,exports,2026-Q1,241.82
product,network_equipment,option1,Rest of world,exports,2026-Q2,269.73
product,network_equipment,option2,China incl. Hong Kong,exports,2016-Q1,6.28
product,network_equipment,option2,China incl. Hong Kong,exports,2016-Q2,8.16
product,network_equipment,option2,China incl. Hong Kong,exports,2016-Q3,12.72
product,network_equipment,option2,China incl. Hong Kong,exports,2016-Q4,23.7
product,network_equipment,option2,China incl. Hong Kong,exports,2017-Q1,11.63
product,network_equipment,option2,China incl. Hong Kong,exports,2017-Q2,15.51
product,network_equipment,option2,China incl. Hong Kong,exports,2017-Q3,11.43
product,network_equipment,option2,China incl. Hong Kong,exports,2017-Q4,7.67
product,network_equipment,option2,China incl. Hong Kong,exports,2018-Q1,7.17
product,network_equipment,option2,China incl. Hong Kong,exports,2018-Q2,8.65
product,network_equipment,option2,China incl. Hong Kong,exports,2018-Q3,7.29
product,network_equipment,option2,China incl. Hong Kong,exports,2018-Q4,8.07
product,network_equipment,option2,China incl. Hong Kong,exports,2019-Q1,11.63
product,network_equipment,option2,China incl. Hong Kong,exports,2019-Q2,12.76
product,network_equipment,option2,China incl. Hong Kong,exports,2019-Q3,7.33
product,network_equipment,option2,China incl. Hong Kong,exports,2019-Q4,14.34
product,network_equipment,option2,China incl. Hong Kong,exports,2020-Q1,13.46
product,network_equipment,option2,China incl. Hong Kong,exports,2020-Q2,8.7
product,network_equipment,option2,China incl. Hong Kong,exports,2020-Q3,9.85
product,network_equipment,option2,China incl. Hong Kong,exports,2020-Q4,10.37
product,network_equipment,option2,China incl. Hong Kong,exports,2021-Q1,12.03
product,network_equipment,option2,China incl. Hong Kong,exports,2021-Q2,16.56
product,network_equipment,option2,China incl. Hong Kong,exports,2021-Q3,16.09
product,network_equipment,option2,China incl. Hong Kong,exports,2021-Q4,20.98
product,network_equipment,option2,China incl. Hong Kong,exports,2022-Q1,26.88
product,network_equipment,option2,China incl. Hong Kong,exports,2022-Q2,16.61
product,network_equipment,option2,China incl. Hong Kong,exports,2022-Q3,13.97
product,network_equipment,option2,China incl. Hong Kong,exports,2022-Q4,14.32
product,network_equipment,option2,China incl. Hong Kong,exports,2023-Q1,20.31
product,network_equipment,option2,China incl. Hong Kong,exports,2023-Q2,15.46
product,network_equipment,option2,China incl. Hong Kong,exports,2023-Q3,10.83
product,network_equipment,option2,China incl. Hong Kong,exports,2023-Q4,16.14
product,network_equipment,option2,China incl. Hong Kong,exports,2024-Q1,11.93
product,network_equipment,option2,China incl. Hong Kong,exports,2024-Q2,11.46
product,network_equipment,option2,China incl. Hong Kong,exports,2024-Q3,18.32
product,network_equipment,option2,China incl. Hong Kong,exports,2024-Q4,15.66
product,network_equipment,option2,China incl. Hong Kong,exports,2025-Q1,9.03
product,network_equipment,option2,China incl. Hong Kong,exports,2025-Q2,12.09
product,network_equipment,option2,China incl. Hong Kong,exports,2025-Q3,16.72
product,network_equipment,option2,China incl. Hong Kong,exports,2025-Q4,24.49
product,network_equipment,option2,China incl. Hong Kong,exports,2026-Q1,15.45
product,network_equipment,option2,China incl. Hong Kong,exports,2026-Q2,22.62
product,network_equipment,option2,Japan,exports,2016-Q1,2.21
product,network_equipment,option2,Japan,exports,2016-Q2,2.23
product,network_equipment,option2,Japan,exports,2016-Q3,2.65
product,network_equipment,option2,Japan,exports,2016-Q4,2.01
product,network_equipment,option2,Japan,exports,2017-Q1,1.8
product,network_equipment,option2,Japan,exports,2017-Q2,1.91
product,network_equipment,option2,Japan,exports,2017-Q3,2.43
product,network_equipment,option2,Japan,exports,2017-Q4,2.02
product,network_equipment,option2,Japan,exports,2018-Q1,1.89
product,network_equipment,option2,Japan,exports,2018-Q2,2.12
product,network_equipment,option2,Japan,exports,2018-Q3,3.18
product,network_equipment,option2,Japan,exports,2018-Q4,2.33
product,network_equipment,option2,Japan,exports,2019-Q1,2.19
product,network_equipment,option2,Japan,exports,2019-Q2,2.23
product,network_equipment,option2,Japan,exports,2019-Q3,3.22
product,network_equipment,option2,Japan,exports,2019-Q4,3.59
product,network_equipment,option2,Japan,exports,2020-Q1,2.6
product,network_equipment,option2,Japan,exports,2020-Q2,1.08
product,network_equipment,option2,Japan,exports,2020-Q3,2.44
product,network_equipment,option2,Japan,exports,2020-Q4,3.85
product,network_equipment,option2,Japan,exports,2021-Q1,2.95
product,network_equipment,option2,Japan,exports,2021-Q2,3.93
product,network_equipment,option2,Japan,exports,2021-Q3,2.93
product,network_equipment,option2,Japan,exports,2021-Q4,5.6
product,network_equipment,option2,Japan,exports,2022-Q1,3.48
product,network_equipment,option2,Japan,exports,2022-Q2,3.18
product,network_equipment,option2,Japan,exports,2022-Q3,5.61
product,network_equipment,option2,Japan,exports,2022-Q4,6.13
product,network_equipment,option2,Japan,exports,2023-Q1,8.85
product,network_equipment,option2,Japan,exports,2023-Q2,3.03
product,network_equipment,option2,Japan,exports,2023-Q3,5.22
product,network_equipment,option2,Japan,exports,2023-Q4,6.22
product,network_equipment,option2,Japan,exports,2024-Q1,5.52
product,network_equipment,option2,Japan,exports,2024-Q2,11.86
product,network_equipment,option2,Japan,exports,2024-Q3,19.31
product,network_equipment,option2,Japan,exports,2024-Q4,11.77
product,network_equipment,option2,Japan,exports,2025-Q1,10.23
product,network_equipment,option2,Japan,exports,2025-Q2,17.75
product,network_equipment,option2,Japan,exports,2025-Q3,9.87
product,network_equipment,option2,Japan,exports,2025-Q4,12.12
product,network_equipment,option2,Japan,exports,2026-Q1,12.68
product,network_equipment,option2,Japan,exports,2026-Q2,15.79
product,network_equipment,option2,South Korea,exports,2016-Q1,0.55
product,network_equipment,option2,South Korea,exports,2016-Q2,0.93
product,network_equipment,option2,South Korea,exports,2016-Q3,1.16
product,network_equipment,option2,South Korea,exports,2016-Q4,1.16
product,network_equipment,option2,South Korea,exports,2017-Q1,0.64
product,network_equipment,option2,South Korea,exports,2017-Q2,0.63
product,network_equipment,option2,South Korea,exports,2017-Q3,0.64
product,network_equipment,option2,South Korea,exports,2017-Q4,2.27
product,network_equipment,option2,South Korea,exports,2018-Q1,2.07
product,network_equipment,option2,South Korea,exports,2018-Q2,1.35
product,network_equipment,option2,South Korea,exports,2018-Q3,1.75
product,network_equipment,option2,South Korea,exports,2018-Q4,1.67
product,network_equipment,option2,South Korea,exports,2019-Q1,1.51
product,network_equipment,option2,South Korea,exports,2019-Q2,0.73
product,network_equipment,option2,South Korea,exports,2019-Q3,1.13
product,network_equipment,option2,South Korea,exports,2019-Q4,0.75
product,network_equipment,option2,South Korea,exports,2020-Q1,0.76
product,network_equipment,option2,South Korea,exports,2020-Q2,1.23
product,network_equipment,option2,South Korea,exports,2020-Q3,0.78
product,network_equipment,option2,South Korea,exports,2020-Q4,1.08
product,network_equipment,option2,South Korea,exports,2021-Q1,0.66
product,network_equipment,option2,South Korea,exports,2021-Q2,3.92
product,network_equipment,option2,South Korea,exports,2021-Q3,1.45
product,network_equipment,option2,South Korea,exports,2021-Q4,1.91
product,network_equipment,option2,South Korea,exports,2022-Q1,1.88
product,network_equipment,option2,South Korea,exports,2022-Q2,1.15
product,network_equipment,option2,South Korea,exports,2022-Q3,1.42
product,network_equipment,option2,South Korea,exports,2022-Q4,1.81
product,network_equipment,option2,South Korea,exports,2023-Q1,1.21
product,network_equipment,option2,South Korea,exports,2023-Q2,1.17
product,network_equipment,option2,South Korea,exports,2023-Q3,3.31
product,network_equipment,option2,South Korea,exports,2023-Q4,1.41
product,network_equipment,option2,South Korea,exports,2024-Q1,2.18
product,network_equipment,option2,South Korea,exports,2024-Q2,4.71
product,network_equipment,option2,South Korea,exports,2024-Q3,7.22
product,network_equipment,option2,South Korea,exports,2024-Q4,6.96
product,network_equipment,option2,South Korea,exports,2025-Q1,11.41
product,network_equipment,option2,South Korea,exports,2025-Q2,6.69
product,network_equipment,option2,South Korea,exports,2025-Q3,5.5
product,network_equipment,option2,South Korea,exports,2025-Q4,7.47
product,network_equipment,option2,South Korea,exports,2026-Q1,5.74
product,network_equipment,option2,South Korea,exports,2026-Q2,13.51
product,network_equipment,option2,Taiwan,exports,2016-Q1,0.25
product,network_equipment,option2,Taiwan,exports,2016-Q2,1.37
product,network_equipment,option2,Taiwan,exports,2016-Q3,2.22
product,network_equipment,option2,Taiwan,exports,2016-Q4,1.1
product,network_equipment,option2,Taiwan,exports,2017-Q1,0.55
product,network_equipment,option2,Taiwan,exports,2017-Q2,1.35
product,network_equipment,option2,Taiwan,exports,2017-Q3,2.07
product,network_equipment,option2,Taiwan,exports,2017-Q4,1.53
product,network_equipment,option2,Taiwan,exports,2018-Q1,1.63
product,network_equipment,option2,Taiwan,exports,2018-Q2,1.34
product,network_equipment,option2,Taiwan,exports,2018-Q3,2.01
product,network_equipment,option2,Taiwan,exports,2018-Q4,1.66
product,network_equipment,option2,Taiwan,exports,2019-Q1,4.56
product,network_equipment,option2,Taiwan,exports,2019-Q2,3.72
product,network_equipment,option2,Taiwan,exports,2019-Q3,3.42
product,network_equipment,option2,Taiwan,exports,2019-Q4,3.85
product,network_equipment,option2,Taiwan,exports,2020-Q1,2.54
product,network_equipment,option2,Taiwan,exports,2020-Q2,1.75
product,network_equipment,option2,Taiwan,exports,2020-Q3,6.34
product,network_equipment,option2,Taiwan,exports,2020-Q4,3.06
product,network_equipment,option2,Taiwan,exports,2021-Q1,4.88
product,network_equipment,option2,Taiwan,exports,2021-Q2,2.83
product,network_equipment,option2,Taiwan,exports,2021-Q3,3.32
product,network_equipment,option2,Taiwan,exports,2021-Q4,4.06
product,network_equipment,option2,Taiwan,exports,2022-Q1,2.46
product,network_equipment,option2,Taiwan,exports,2022-Q2,10.53
product,network_equipment,option2,Taiwan,exports,2022-Q3,12.53
product,network_equipment,option2,Taiwan,exports,2022-Q4,18.86
product,network_equipment,option2,Taiwan,exports,2023-Q1,13.2
product,network_equipment,option2,Taiwan,exports,2023-Q2,6.14
product,network_equipment,option2,Taiwan,exports,2023-Q3,7.33
product,network_equipment,option2,Taiwan,exports,2023-Q4,13.61
product,network_equipment,option2,Taiwan,exports,2024-Q1,15.39
product,network_equipment,option2,Taiwan,exports,2024-Q2,14.98
product,network_equipment,option2,Taiwan,exports,2024-Q3,10.71
product,network_equipment,option2,Taiwan,exports,2024-Q4,15.19
product,network_equipment,option2,Taiwan,exports,2025-Q1,11.3
product,network_equipment,option2,Taiwan,exports,2025-Q2,10.67
product,network_equipment,option2,Taiwan,exports,2025-Q3,15.1
product,network_equipment,option2,Taiwan,exports,2025-Q4,10.98
product,network_equipment,option2,Taiwan,exports,2026-Q1,10.12
product,network_equipment,option2,Taiwan,exports,2026-Q2,15.1
product,network_equipment,option1,EU,imports,2016-Q1,449.62
product,network_equipment,option1,EU,imports,2016-Q2,456.78
product,network_equipment,option1,EU,imports,2016-Q3,522.2
product,network_equipment,option1,EU,imports,2016-Q4,497.51
product,network_equipment,option1,EU,imports,2017-Q1,570.15
product,network_equipment,option1,EU,imports,2017-Q2,586.97
product,network_equipment,option1,EU,imports,2017-Q3,640.83
product,network_equipment,option1,EU,imports,2017-Q4,675.65
product,network_equipment,option1,EU,imports,2018-Q1,678.75
product,network_equipment,option1,EU,imports,2018-Q2,697.64
product,network_equipment,option1,EU,imports,2018-Q3,728.44
product,network_equipment,option1,EU,imports,2018-Q4,884.82
product,network_equipment,option1,EU,imports,2019-Q1,752.32
product,network_equipment,option1,EU,imports,2019-Q2,542.67
product,network_equipment,option1,EU,imports,2019-Q3,620.88
product,network_equipment,option1,EU,imports,2019-Q4,670.99
product,network_equipment,option1,EU,imports,2020-Q1,570.74
product,network_equipment,option1,EU,imports,2020-Q2,537.18
product,network_equipment,option1,EU,imports,2020-Q3,564.61
product,network_equipment,option1,EU,imports,2020-Q4,595.14
product,network_equipment,option1,EU,imports,2021-Q1,297.17
product,network_equipment,option1,EU,imports,2021-Q2,254.41
product,network_equipment,option1,EU,imports,2021-Q3,248.19
product,network_equipment,option1,EU,imports,2021-Q4,327.56
product,network_equipment,option1,EU,imports,2022-Q1,692.72
product,network_equipment,option1,EU,imports,2022-Q2,755.78
product,network_equipment,option1,EU,imports,2022-Q3,903.5
product,network_equipment,option1,EU,imports,2022-Q4,1050.53
product,network_equipment,option1,EU,imports,2023-Q1,978.55
product,network_equipment,option1,EU,imports,2023-Q2,1034.03
product,network_equipment,option1,EU,imports,2023-Q3,920.55
product,network_equipment,option1,EU,imports,2023-Q4,833.76
product,network_equipment,option1,EU,imports,2024-Q1,844.93
product,network_equipment,option1,EU,imports,2024-Q2,823.13
product,network_equipment,option1,EU,imports,2024-Q3,840.25
product,network_equipment,option1,EU,imports,2024-Q4,777.71
product,network_equipment,option1,EU,imports,2025-Q1,807.36
product,network_equipment,option1,EU,imports,2025-Q2,862.09
product,network_equipment,option1,EU,imports,2025-Q3,911.24
product,network_equipment,option1,EU,imports,2025-Q4,987.18
product,network_equipment,option1,EU,imports,2026-Q1,1057.11
product,network_equipment,option1,EU,imports,2026-Q2,1144.91
product,network_equipment,option1,US,imports,2016-Q1,118.45
product,network_equipment,option1,US,imports,2016-Q2,100.35
product,network_equipment,option1,US,imports,2016-Q3,105.45
product,network_equipment,option1,US,imports,2016-Q4,127.8
product,network_equipment,option1,US,imports,2017-Q1,108.75
product,network_equipment,option1,US,imports,2017-Q2,110.3
product,network_equipment,option1,US,imports,2017-Q3,106.9
product,network_equipment,option1,US,imports,2017-Q4,96.1
product,network_equipment,option1,US,imports,2018-Q1,128.49
product,network_equipment,option1,US,imports,2018-Q2,128.3
product,network_equipment,option1,US,imports,2018-Q3,142.04
product,network_equipment,option1,US,imports,2018-Q4,170.77
product,network_equipment,option1,US,imports,2019-Q1,123.97
product,network_equipment,option1,US,imports,2019-Q2,111.35
product,network_equipment,option1,US,imports,2019-Q3,141.73
product,network_equipment,option1,US,imports,2019-Q4,134.92
product,network_equipment,option1,US,imports,2020-Q1,131.39
product,network_equipment,option1,US,imports,2020-Q2,120.56
product,network_equipment,option1,US,imports,2020-Q3,137.97
product,network_equipment,option1,US,imports,2020-Q4,126.13
product,network_equipment,option1,US,imports,2021-Q1,113.74
product,network_equipment,option1,US,imports,2021-Q2,137.19
product,network_equipment,option1,US,imports,2021-Q3,151.69
product,network_equipment,option1,US,imports,2021-Q4,134.18
product,network_equipment,option1,US,imports,2022-Q1,136.36
product,network_equipment,option1,US,imports,2022-Q2,168.07
product,network_equipment,option1,US,imports,2022-Q3,164.54
product,network_equipment,option1,US,imports,2022-Q4,180.37
product,network_equipment,option1,US,imports,2023-Q1,242.11
product,network_equipment,option1,US,imports,2023-Q2,223.05
product,network_equipment,option1,US,imports,2023-Q3,218.13
product,network_equipment,option1,US,imports,2023-Q4,186.79
product,network_equipment,option1,US,imports,2024-Q1,188.78
product,network_equipment,option1,US,imports,2024-Q2,160.07
product,network_equipment,option1,US,imports,2024-Q3,188.12
product,network_equipment,option1,US,imports,2024-Q4,188.03
product,network_equipment,option1,US,imports,2025-Q1,309.39
product,network_equipment,option1,US,imports,2025-Q2,220.69
product,network_equipment,option1,US,imports,2025-Q3,230.18
product,network_equipment,option1,US,imports,2025-Q4,219.66
product,network_equipment,option1,US,imports,2026-Q1,230.74
product,network_equipment,option1,US,imports,2026-Q2,208.39
product,network_equipment,option1,East Asia,imports,2016-Q1,231.58
product,network_equipment,option1,East Asia,imports,2016-Q2,254.46
product,network_equipment,option1,East Asia,imports,2016-Q3,485.76
product,network_equipment,option1,East Asia,imports,2016-Q4,434.97
product,network_equipment,option1,East Asia,imports,2017-Q1,346.68
product,network_equipment,option1,East Asia,imports,2017-Q2,370.89
product,network_equipment,option1,East Asia,imports,2017-Q3,346.59
product,network_equipment,option1,East Asia,imports,2017-Q4,529.93
product,network_equipment,option1,East Asia,imports,2018-Q1,327.26
product,network_equipment,option1,East Asia,imports,2018-Q2,364.74
product,network_equipment,option1,East Asia,imports,2018-Q3,419.55
product,network_equipment,option1,East Asia,imports,2018-Q4,648.55
product,network_equipment,option1,East Asia,imports,2019-Q1,444.32
product,network_equipment,option1,East Asia,imports,2019-Q2,458.0
product,network_equipment,option1,East Asia,imports,2019-Q3,607.26
product,network_equipment,option1,East Asia,imports,2019-Q4,851.15
product,network_equipment,option1,East Asia,imports,2020-Q1,437.33
product,network_equipment,option1,East Asia,imports,2020-Q2,512.35
product,network_equipment,option1,East Asia,imports,2020-Q3,596.97
product,network_equipment,option1,East Asia,imports,2020-Q4,885.38
product,network_equipment,option1,East Asia,imports,2021-Q1,430.95
product,network_equipment,option1,East Asia,imports,2021-Q2,385.73
product,network_equipment,option1,East Asia,imports,2021-Q3,359.76
product,network_equipment,option1,East Asia,imports,2021-Q4,687.26
product,network_equipment,option1,East Asia,imports,2022-Q1,459.55
product,network_equipment,option1,East Asia,imports,2022-Q2,424.81
product,network_equipment,option1,East Asia,imports,2022-Q3,540.23
product,network_equipment,option1,East Asia,imports,2022-Q4,625.66
product,network_equipment,option1,East Asia,imports,2023-Q1,452.77
product,network_equipment,option1,East Asia,imports,2023-Q2,420.96
product,network_equipment,option1,East Asia,imports,2023-Q3,436.53
product,network_equipment,option1,East Asia,imports,2023-Q4,580.18
product,network_equipment,option1,East Asia,imports,2024-Q1,396.02
product,network_equipment,option1,East Asia,imports,2024-Q2,376.79
product,network_equipment,option1,East Asia,imports,2024-Q3,270.79
product,network_equipment,option1,East Asia,imports,2024-Q4,399.35
product,network_equipment,option1,East Asia,imports,2025-Q1,249.8
product,network_equipment,option1,East Asia,imports,2025-Q2,277.78
product,network_equipment,option1,East Asia,imports,2025-Q3,332.58
product,network_equipment,option1,East Asia,imports,2025-Q4,422.84
product,network_equipment,option1,East Asia,imports,2026-Q1,329.24
product,network_equipment,option1,East Asia,imports,2026-Q2,362.95
product,network_equipment,option1,Rest of world,imports,2016-Q1,88.59
product,network_equipment,option1,Rest of world,imports,2016-Q2,89.8
product,network_equipment,option1,Rest of world,imports,2016-Q3,92.93
product,network_equipment,option1,Rest of world,imports,2016-Q4,110.04
product,network_equipment,option1,Rest of world,imports,2017-Q1,107.09
product,network_equipment,option1,Rest of world,imports,2017-Q2,116.63
product,network_equipment,option1,Rest of world,imports,2017-Q3,92.83
product,network_equipment,option1,Rest of world,imports,2017-Q4,119.21
product,network_equipment,option1,Rest of world,imports,2018-Q1,86.18
product,network_equipment,option1,Rest of world,imports,2018-Q2,76.4
product,network_equipment,option1,Rest of world,imports,2018-Q3,89.96
product,network_equipment,option1,Rest of world,imports,2018-Q4,88.68
product,network_equipment,option1,Rest of world,imports,2019-Q1,99.18
product,network_equipment,option1,Rest of world,imports,2019-Q2,109.49
product,network_equipment,option1,Rest of world,imports,2019-Q3,125.97
product,network_equipment,option1,Rest of world,imports,2019-Q4,138.38
product,network_equipment,option1,Rest of world,imports,2020-Q1,125.94
product,network_equipment,option1,Rest of world,imports,2020-Q2,89.59
product,network_equipment,option1,Rest of world,imports,2020-Q3,157.29
product,network_equipment,option1,Rest of world,imports,2020-Q4,156.06
product,network_equipment,option1,Rest of world,imports,2021-Q1,140.31
product,network_equipment,option1,Rest of world,imports,2021-Q2,166.42
product,network_equipment,option1,Rest of world,imports,2021-Q3,198.43
product,network_equipment,option1,Rest of world,imports,2021-Q4,212.98
product,network_equipment,option1,Rest of world,imports,2022-Q1,245.04
product,network_equipment,option1,Rest of world,imports,2022-Q2,177.95
product,network_equipment,option1,Rest of world,imports,2022-Q3,262.52
product,network_equipment,option1,Rest of world,imports,2022-Q4,279.83
product,network_equipment,option1,Rest of world,imports,2023-Q1,210.36
product,network_equipment,option1,Rest of world,imports,2023-Q2,220.41
product,network_equipment,option1,Rest of world,imports,2023-Q3,197.32
product,network_equipment,option1,Rest of world,imports,2023-Q4,209.72
product,network_equipment,option1,Rest of world,imports,2024-Q1,219.91
product,network_equipment,option1,Rest of world,imports,2024-Q2,161.88
product,network_equipment,option1,Rest of world,imports,2024-Q3,215.14
product,network_equipment,option1,Rest of world,imports,2024-Q4,308.82
product,network_equipment,option1,Rest of world,imports,2025-Q1,227.74
product,network_equipment,option1,Rest of world,imports,2025-Q2,226.5
product,network_equipment,option1,Rest of world,imports,2025-Q3,297.03
product,network_equipment,option1,Rest of world,imports,2025-Q4,318.59
product,network_equipment,option1,Rest of world,imports,2026-Q1,248.3
product,network_equipment,option1,Rest of world,imports,2026-Q2,273.46
product,network_equipment,option2,China incl. Hong Kong,imports,2016-Q1,208.63
product,network_equipment,option2,China incl. Hong Kong,imports,2016-Q2,221.3
product,network_equipment,option2,China incl. Hong Kong,imports,2016-Q3,450.92
product,network_equipment,option2,China incl. Hong Kong,imports,2016-Q4,389.83
product,network_equipment,option2,China incl. Hong Kong,imports,2017-Q1,292.52
product,network_equipment,option2,China incl. Hong Kong,imports,2017-Q2,299.3
product,network_equipment,option2,China incl. Hong Kong,imports,2017-Q3,289.82
product,network_equipment,option2,China incl. Hong Kong,imports,2017-Q4,442.3
product,network_equipment,option2,China incl. Hong Kong,imports,2018-Q1,262.89
product,network_equipment,option2,China incl. Hong Kong,imports,2018-Q2,260.27
product,network_equipment,option2,China incl. Hong Kong,imports,2018-Q3,308.48
product,network_equipment,option2,China incl. Hong Kong,imports,2018-Q4,476.47
product,network_equipment,option2,China incl. Hong Kong,imports,2019-Q1,341.96
product,network_equipment,option2,China incl. Hong Kong,imports,2019-Q2,340.92
product,network_equipment,option2,China incl. Hong Kong,imports,2019-Q3,446.67
product,network_equipment,option2,China incl. Hong Kong,imports,2019-Q4,663.79
product,network_equipment,option2,China incl. Hong Kong,imports,2020-Q1,327.28
product,network_equipment,option2,China incl. Hong Kong,imports,2020-Q2,398.49
product,network_equipment,option2,China incl. Hong Kong,imports,2020-Q3,454.69
product,network_equipment,option2,China incl. Hong Kong,imports,2020-Q4,704.6
product,network_equipment,option2,China incl. Hong Kong,imports,2021-Q1,379.97
product,network_equipment,option2,China incl. Hong Kong,imports,2021-Q2,340.52
product,network_equipment,option2,China incl. Hong Kong,imports,2021-Q3,299.27
product,network_equipment,option2,China incl. Hong Kong,imports,2021-Q4,619.7
product,network_equipment,option2,China incl. Hong Kong,imports,2022-Q1,401.53
product,network_equipment,option2,China incl. Hong Kong,imports,2022-Q2,347.45
product,network_equipment,option2,China incl. Hong Kong,imports,2022-Q3,459.58
product,network_equipment,option2,China incl. Hong Kong,imports,2022-Q4,530.5
product,network_equipment,option2,China incl. Hong Kong,imports,2023-Q1,383.47
product,network_equipment,option2,China incl. Hong Kong,imports,2023-Q2,343.02
product,network_equipment,option2,China incl. Hong Kong,imports,2023-Q3,373.09
product,network_equipment,option2,China incl. Hong Kong,imports,2023-Q4,504.87
product,network_equipment,option2,China incl. Hong Kong,imports,2024-Q1,325.59
product,network_equipment,option2,China incl. Hong Kong,imports,2024-Q2,310.21
product,network_equipment,option2,China incl. Hong Kong,imports,2024-Q3,206.27
product,network_equipment,option2,China incl. Hong Kong,imports,2024-Q4,315.28
product,network_equipment,option2,China incl. Hong Kong,imports,2025-Q1,177.54
product,network_equipment,option2,China incl. Hong Kong,imports,2025-Q2,196.8
product,network_equipment,option2,China incl. Hong Kong,imports,2025-Q3,256.03
product,network_equipment,option2,China incl. Hong Kong,imports,2025-Q4,324.87
product,network_equipment,option2,China incl. Hong Kong,imports,2026-Q1,235.0
product,network_equipment,option2,China incl. Hong Kong,imports,2026-Q2,259.63
product,network_equipment,option2,Japan,imports,2016-Q1,1.22
product,network_equipment,option2,Japan,imports,2016-Q2,2.15
product,network_equipment,option2,Japan,imports,2016-Q3,1.73
product,network_equipment,option2,Japan,imports,2016-Q4,1.91
product,network_equipment,option2,Japan,imports,2017-Q1,2.06
product,network_equipment,option2,Japan,imports,2017-Q2,5.58
product,network_equipment,option2,Japan,imports,2017-Q3,6.03
product,network_equipment,option2,Japan,imports,2017-Q4,4.43
product,network_equipment,option2,Japan,imports,2018-Q1,2.37
product,network_equipment,option2,Japan,imports,2018-Q2,4.15
product,network_equipment,option2,Japan,imports,2018-Q3,3.88
product,network_equipment,option2,Japan,imports,2018-Q4,2.43
product,network_equipment,option2,Japan,imports,2019-Q1,4.15
product,network_equipment,option2,Japan,imports,2019-Q2,2.7
product,network_equipment,option2,Japan,imports,2019-Q3,3.3
product,network_equipment,option2,Japan,imports,2019-Q4,6.23
product,network_equipment,option2,Japan,imports,2020-Q1,3.42
product,network_equipment,option2,Japan,imports,2020-Q2,3.26
product,network_equipment,option2,Japan,imports,2020-Q3,1.58
product,network_equipment,option2,Japan,imports,2020-Q4,2.71
product,network_equipment,option2,Japan,imports,2021-Q1,2.48
product,network_equipment,option2,Japan,imports,2021-Q2,1.01
product,network_equipment,option2,Japan,imports,2021-Q3,1.28
product,network_equipment,option2,Japan,imports,2021-Q4,2.57
product,network_equipment,option2,Japan,imports,2022-Q1,2.13
product,network_equipment,option2,Japan,imports,2022-Q2,2.41
product,network_equipment,option2,Japan,imports,2022-Q3,3.79
product,network_equipment,option2,Japan,imports,2022-Q4,4.27
product,network_equipment,option2,Japan,imports,2023-Q1,4.78
product,network_equipment,option2,Japan,imports,2023-Q2,4.27
product,network_equipment,option2,Japan,imports,2023-Q3,2.98
product,network_equipment,option2,Japan,imports,2023-Q4,3.82
product,network_equipment,option2,Japan,imports,2024-Q1,2.27
product,network_equipment,option2,Japan,imports,2024-Q2,1.98
product,network_equipment,option2,Japan,imports,2024-Q3,1.94
product,network_equipment,option2,Japan,imports,2024-Q4,2.27
product,network_equipment,option2,Japan,imports,2025-Q1,1.93
product,network_equipment,option2,Japan,imports,2025-Q2,3.01
product,network_equipment,option2,Japan,imports,2025-Q3,2.7
product,network_equipment,option2,Japan,imports,2025-Q4,3.1
product,network_equipment,option2,Japan,imports,2026-Q1,3.39
product,network_equipment,option2,Japan,imports,2026-Q2,1.95
product,network_equipment,option2,South Korea,imports,2016-Q1,2.94
product,network_equipment,option2,South Korea,imports,2016-Q2,2.15
product,network_equipment,option2,South Korea,imports,2016-Q3,1.3
product,network_equipment,option2,South Korea,imports,2016-Q4,1.34
product,network_equipment,option2,South Korea,imports,2017-Q1,1.77
product,network_equipment,option2,South Korea,imports,2017-Q2,1.2
product,network_equipment,option2,South Korea,imports,2017-Q3,2.4
product,network_equipment,option2,South Korea,imports,2017-Q4,2.13
product,network_equipment,option2,South Korea,imports,2018-Q1,1.75
product,network_equipment,option2,South Korea,imports,2018-Q2,1.93
product,network_equipment,option2,South Korea,imports,2018-Q3,2.54
product,network_equipment,option2,South Korea,imports,2018-Q4,2.53
product,network_equipment,option2,South Korea,imports,2019-Q1,1.75
product,network_equipment,option2,South Korea,imports,2019-Q2,2.01
product,network_equipment,option2,South Korea,imports,2019-Q3,3.43
product,network_equipment,option2,South Korea,imports,2019-Q4,2.25
product,network_equipment,option2,South Korea,imports,2020-Q1,2.72
product,network_equipment,option2,South Korea,imports,2020-Q2,1.9
product,network_equipment,option2,South Korea,imports,2020-Q3,0.99
product,network_equipment,option2,South Korea,imports,2020-Q4,2.05
product,network_equipment,option2,South Korea,imports,2021-Q1,1.52
product,network_equipment,option2,South Korea,imports,2021-Q2,2.45
product,network_equipment,option2,South Korea,imports,2021-Q3,2.09
product,network_equipment,option2,South Korea,imports,2021-Q4,2.52
product,network_equipment,option2,South Korea,imports,2022-Q1,4.57
product,network_equipment,option2,South Korea,imports,2022-Q2,5.57
product,network_equipment,option2,South Korea,imports,2022-Q3,14.49
product,network_equipment,option2,South Korea,imports,2022-Q4,12.6
product,network_equipment,option2,South Korea,imports,2023-Q1,8.35
product,network_equipment,option2,South Korea,imports,2023-Q2,5.54
product,network_equipment,option2,South Korea,imports,2023-Q3,5.52
product,network_equipment,option2,South Korea,imports,2023-Q4,7.11
product,network_equipment,option2,South Korea,imports,2024-Q1,9.23
product,network_equipment,option2,South Korea,imports,2024-Q2,4.34
product,network_equipment,option2,South Korea,imports,2024-Q3,3.43
product,network_equipment,option2,South Korea,imports,2024-Q4,3.03
product,network_equipment,option2,South Korea,imports,2025-Q1,4.56
product,network_equipment,option2,South Korea,imports,2025-Q2,4.15
product,network_equipment,option2,South Korea,imports,2025-Q3,4.13
product,network_equipment,option2,South Korea,imports,2025-Q4,7.7
product,network_equipment,option2,South Korea,imports,2026-Q1,6.57
product,network_equipment,option2,South Korea,imports,2026-Q2,6.33
product,network_equipment,option2,Taiwan,imports,2016-Q1,18.79
product,network_equipment,option2,Taiwan,imports,2016-Q2,28.86
product,network_equipment,option2,Taiwan,imports,2016-Q3,31.81
product,network_equipment,option2,Taiwan,imports,2016-Q4,41.89
product,network_equipment,option2,Taiwan,imports,2017-Q1,50.32
product,network_equipment,option2,Taiwan,imports,2017-Q2,64.81
product,network_equipment,option2,Taiwan,imports,2017-Q3,48.34
product,network_equipment,option2,Taiwan,imports,2017-Q4,81.06
product,network_equipment,option2,Taiwan,imports,2018-Q1,60.26
product,network_equipment,option2,Taiwan,imports,2018-Q2,98.39
product,network_equipment,option2,Taiwan,imports,2018-Q3,104.66
product,network_equipment,option2,Taiwan,imports,2018-Q4,167.12
product,network_equipment,option2,Taiwan,imports,2019-Q1,96.46
product,network_equipment,option2,Taiwan,imports,2019-Q2,112.37
product,network_equipment,option2,Taiwan,imports,2019-Q3,153.86
product,network_equipment,option2,Taiwan,imports,2019-Q4,178.89
product,network_equipment,option2,Taiwan,imports,2020-Q1,103.91
product,network_equipment,option2,Taiwan,imports,2020-Q2,108.7
product,network_equipment,option2,Taiwan,imports,2020-Q3,139.7
product,network_equipment,option2,Taiwan,imports,2020-Q4,176.03
product,network_equipment,option2,Taiwan,imports,2021-Q1,46.98
product,network_equipment,option2,Taiwan,imports,2021-Q2,41.74
product,network_equipment,option2,Taiwan,imports,2021-Q3,57.12
product,network_equipment,option2,Taiwan,imports,2021-Q4,62.47
product,network_equipment,option2,Taiwan,imports,2022-Q1,51.32
product,network_equipment,option2,Taiwan,imports,2022-Q2,69.38
product,network_equipment,option2,Taiwan,imports,2022-Q3,62.37
product,network_equipment,option2,Taiwan,imports,2022-Q4,78.3
product,network_equipment,option2,Taiwan,imports,2023-Q1,56.17
product,network_equipment,option2,Taiwan,imports,2023-Q2,68.14
product,network_equipment,option2,Taiwan,imports,2023-Q3,54.93
product,network_equipment,option2,Taiwan,imports,2023-Q4,64.39
product,network_equipment,option2,Taiwan,imports,2024-Q1,58.93
product,network_equipment,option2,Taiwan,imports,2024-Q2,60.26
product,network_equipment,option2,Taiwan,imports,2024-Q3,59.15
product,network_equipment,option2,Taiwan,imports,2024-Q4,78.77
product,network_equipment,option2,Taiwan,imports,2025-Q1,65.78
product,network_equipment,option2,Taiwan,imports,2025-Q2,73.82
product,network_equipment,option2,Taiwan,imports,2025-Q3,69.71
product,network_equipment,option2,Taiwan,imports,2025-Q4,87.18
product,network_equipment,option2,Taiwan,imports,2026-Q1,84.28
product,network_equipment,option2,Taiwan,imports,2026-Q2,95.03
product,sensors,option1,EU,exports,2022-Q1,1.72
product,sensors,option1,EU,exports,2022-Q2,3.15
product,sensors,option1,EU,exports,2022-Q3,1.63
product,sensors,option1,EU,exports,2022-Q4,1.1
product,sensors,option1,EU,exports,2023-Q1,1.35
product,sensors,option1,EU,exports,2023-Q2,1.64
product,sensors,option1,EU,exports,2023-Q3,1.15
product,sensors,option1,EU,exports,2023-Q4,0.88
product,sensors,option1,EU,exports,2024-Q1,1.46
product,sensors,option1,EU,exports,2024-Q2,0.62
product,sensors,option1,EU,exports,2024-Q3,1.0
product,sensors,option1,EU,exports,2024-Q4,0.86
product,sensors,option1,EU,exports,2025-Q1,1.22
product,sensors,option1,EU,exports,2025-Q2,1.91
product,sensors,option1,EU,exports,2025-Q3,3.14
product,sensors,option1,EU,exports,2025-Q4,3.02
product,sensors,option1,EU,exports,2026-Q1,2.76
product,sensors,option1,EU,exports,2026-Q2,1.57
product,sensors,option1,US,exports,2022-Q1,0.7
product,sensors,option1,US,exports,2022-Q2,0.97
product,sensors,option1,US,exports,2022-Q3,1.54
product,sensors,option1,US,exports,2022-Q4,0.73
product,sensors,option1,US,exports,2023-Q1,0.73
product,sensors,option1,US,exports,2023-Q2,0.71
product,sensors,option1,US,exports,2023-Q3,0.53
product,sensors,option1,US,exports,2023-Q4,0.2
product,sensors,option1,US,exports,2024-Q1,0.56
product,sensors,option1,US,exports,2024-Q2,0.51
product,sensors,option1,US,exports,2024-Q3,0.32
product,sensors,option1,US,exports,2024-Q4,0.33
product,sensors,option1,US,exports,2025-Q1,0.23
product,sensors,option1,US,exports,2025-Q2,2.41
product,sensors,option1,US,exports,2025-Q3,5.17
product,sensors,option1,US,exports,2025-Q4,6.34
product,sensors,option1,US,exports,2026-Q1,2.97
product,sensors,option1,US,exports,2026-Q2,1.11
product,sensors,option1,East Asia,exports,2022-Q1,0.27
product,sensors,option1,East Asia,exports,2022-Q2,0.4
product,sensors,option1,East Asia,exports,2022-Q3,0.31
product,sensors,option1,East Asia,exports,2022-Q4,0.52
product,sensors,option1,East Asia,exports,2023-Q1,0.29
product,sensors,option1,East Asia,exports,2023-Q2,0.14
product,sensors,option1,East Asia,exports,2023-Q3,0.08
product,sensors,option1,East Asia,exports,2023-Q4,0.11
product,sensors,option1,East Asia,exports,2024-Q1,0.21
product,sensors,option1,East Asia,exports,2024-Q2,0.06
product,sensors,option1,East Asia,exports,2024-Q3,0.2
product,sensors,option1,East Asia,exports,2024-Q4,0.28
product,sensors,option1,East Asia,exports,2025-Q1,0.08
product,sensors,option1,East Asia,exports,2025-Q2,0.61
product,sensors,option1,East Asia,exports,2025-Q3,1.22
product,sensors,option1,East Asia,exports,2025-Q4,1.67
product,sensors,option1,East Asia,exports,2026-Q1,0.66
product,sensors,option1,East Asia,exports,2026-Q2,0.21
product,sensors,option1,Rest of world,exports,2022-Q1,1.0
product,sensors,option1,Rest of world,exports,2022-Q2,0.8
product,sensors,option1,Rest of world,exports,2022-Q3,0.76
product,sensors,option1,Rest of world,exports,2022-Q4,0.71
product,sensors,option1,Rest of world,exports,2023-Q1,0.45
product,sensors,option1,Rest of world,exports,2023-Q2,0.61
product,sensors,option1,Rest of world,exports,2023-Q3,0.25
product,sensors,option1,Rest of world,exports,2023-Q4,0.32
product,sensors,option1,Rest of world,exports,2024-Q1,0.47
product,sensors,option1,Rest of world,exports,2024-Q2,0.48
product,sensors,option1,Rest of world,exports,2024-Q3,0.65
product,sensors,option1,Rest of world,exports,2024-Q4,0.73
product,sensors,option1,Rest of world,exports,2025-Q1,0.85
product,sensors,option1,Rest of world,exports,2025-Q2,1.19
product,sensors,option1,Rest of world,exports,2025-Q3,2.07
product,sensors,option1,Rest of world,exports,2025-Q4,2.02
product,sensors,option1,Rest of world,exports,2026-Q1,1.42
product,sensors,option1,Rest of world,exports,2026-Q2,0.89
product,sensors,option2,China incl. Hong Kong,exports,2022-Q1,0.19
product,sensors,option2,China incl. Hong Kong,exports,2022-Q2,0.38
product,sensors,option2,China incl. Hong Kong,exports,2022-Q3,0.3
product,sensors,option2,China incl. Hong Kong,exports,2022-Q4,0.49
product,sensors,option2,China incl. Hong Kong,exports,2023-Q1,0.27
product,sensors,option2,China incl. Hong Kong,exports,2023-Q2,0.13
product,sensors,option2,China incl. Hong Kong,exports,2023-Q3,0.08
product,sensors,option2,China incl. Hong Kong,exports,2023-Q4,0.08
product,sensors,option2,China incl. Hong Kong,exports,2024-Q1,0.2
product,sensors,option2,China incl. Hong Kong,exports,2024-Q2,0.04
product,sensors,option2,China incl. Hong Kong,exports,2024-Q3,0.2
product,sensors,option2,China incl. Hong Kong,exports,2024-Q4,0.23
product,sensors,option2,China incl. Hong Kong,exports,2025-Q1,0.06
product,sensors,option2,China incl. Hong Kong,exports,2025-Q2,0.26
product,sensors,option2,China incl. Hong Kong,exports,2025-Q3,0.47
product,sensors,option2,China incl. Hong Kong,exports,2025-Q4,0.75
product,sensors,option2,China incl. Hong Kong,exports,2026-Q1,0.38
product,sensors,option2,China incl. Hong Kong,exports,2026-Q2,0.11
product,sensors,option2,Japan,exports,2022-Q1,0.0
product,sensors,option2,Japan,exports,2022-Q2,0.02
product,sensors,option2,Japan,exports,2022-Q3,0.0
product,sensors,option2,Japan,exports,2022-Q4,0.01
product,sensors,option2,Japan,exports,2023-Q1,0.02
product,sensors,option2,Japan,exports,2023-Q2,0.01
product,sensors,option2,Japan,exports,2023-Q3,0.0
product,sensors,option2,Japan,exports,2023-Q4,0.01
product,sensors,option2,Japan,exports,2024-Q1,0.0
product,sensors,option2,Japan,exports,2024-Q2,0.0
product,sensors,option2,Japan,exports,2024-Q3,0.0
product,sensors,option2,Japan,exports,2024-Q4,0.0
product,sensors,option2,Japan,exports,2025-Q1,0.0
product,sensors,option2,Japan,exports,2025-Q2,0.3
product,sensors,option2,Japan,exports,2025-Q3,0.73
product,sensors,option2,Japan,exports,2025-Q4,0.83
product,sensors,option2,Japan,exports,2026-Q1,0.28
product,sensors,option2,Japan,exports,2026-Q2,0.1
product,sensors,option2,South Korea,exports,2022-Q1,0.06
product,sensors,option2,South Korea,exports,2022-Q2,0.0
product,sensors,option2,South Korea,exports,2022-Q3,0.01
product,sensors,option2,South Korea,exports,2022-Q4,0.0
product,sensors,option2,South Korea,exports,2023-Q1,0.0
product,sensors,option2,South Korea,exports,2023-Q2,0.0
product,sensors,option2,South Korea,exports,2023-Q3,0.0
product,sensors,option2,South Korea,exports,2023-Q4,0.01
product,sensors,option2,South Korea,exports,2024-Q1,0.0
product,sensors,option2,South Korea,exports,2024-Q2,0.01
product,sensors,option2,South Korea,exports,2024-Q3,0.0
product,sensors,option2,South Korea,exports,2024-Q4,0.05
product,sensors,option2,South Korea,exports,2025-Q1,0.02
product,sensors,option2,South Korea,exports,2025-Q2,0.04
product,sensors,option2,South Korea,exports,2025-Q3,0.01
product,sensors,option2,South Korea,exports,2025-Q4,0.01
product,sensors,option2,South Korea,exports,2026-Q1,0.01
product,sensors,option2,South Korea,exports,2026-Q2,0.0
product,sensors,option2,Taiwan,exports,2022-Q1,0.01
product,sensors,option2,Taiwan,exports,2022-Q2,0.0
product,sensors,option2,Taiwan,exports,2022-Q3,0.0
product,sensors,option2,Taiwan,exports,2022-Q4,0.01
product,sensors,option2,Taiwan,exports,2023-Q1,0.0
product,sensors,option2,Taiwan,exports,2023-Q2,0.0
product,sensors,option2,Taiwan,exports,2023-Q3,0.0
product,sensors,option2,Taiwan,exports,2023-Q4,0.02
product,sensors,option2,Taiwan,exports,2024-Q1,0.01
product,sensors,option2,Taiwan,exports,2024-Q2,0.01
product,sensors,option2,Taiwan,exports,2024-Q3,0.0
product,sensors,option2,Taiwan,exports,2024-Q4,0.0
product,sensors,option2,Taiwan,exports,2025-Q1,0.0
product,sensors,option2,Taiwan,exports,2025-Q2,0.01
product,sensors,option2,Taiwan,exports,2025-Q3,0.0
product,sensors,option2,Taiwan,exports,2025-Q4,0.08
product,sensors,option2,Taiwan,exports,2026-Q1,0.0
product,sensors,option2,Taiwan,exports,2026-Q2,0.0
product,sensors,option1,EU,imports,2022-Q1,1.55
product,sensors,option1,EU,imports,2022-Q2,2.64
product,sensors,option1,EU,imports,2022-Q3,2.52
product,sensors,option1,EU,imports,2022-Q4,1.18
product,sensors,option1,EU,imports,2023-Q1,2.53
product,sensors,option1,EU,imports,2023-Q2,1.22
product,sensors,option1,EU,imports,2023-Q3,1.06
product,sensors,option1,EU,imports,2023-Q4,0.65
product,sensors,option1,EU,imports,2024-Q1,0.98
product,sensors,option1,EU,imports,2024-Q2,1.54
product,sensors,option1,EU,imports,2024-Q3,1.47
product,sensors,option1,EU,imports,2024-Q4,1.54
product,sensors,option1,EU,imports,2025-Q1,0.95
product,sensors,option1,EU,imports,2025-Q2,1.58
product,sensors,option1,EU,imports,2025-Q3,1.44
product,sensors,option1,EU,imports,2025-Q4,1.04
product,sensors,option1,EU,imports,2026-Q1,1.19
product,sensors,option1,EU,imports,2026-Q2,0.64
product,sensors,option1,US,imports,2022-Q1,0.43
product,sensors,option1,US,imports,2022-Q2,0.89
product,sensors,option1,US,imports,2022-Q3,0.67
product,sensors,option1,US,imports,2022-Q4,0.37
product,sensors,option1,US,imports,2023-Q1,0.4
product,sensors,option1,US,imports,2023-Q2,0.52
product,sensors,option1,US,imports,2023-Q3,0.53
product,sensors,option1,US,imports,2023-Q4,0.33
product,sensors,option1,US,imports,2024-Q1,0.74
product,sensors,option1,US,imports,2024-Q2,0.41
product,sensors,option1,US,imports,2024-Q3,0.4
product,sensors,option1,US,imports,2024-Q4,1.17
product,sensors,option1,US,imports,2025-Q1,0.26
product,sensors,option1,US,imports,2025-Q2,0.37
product,sensors,option1,US,imports,2025-Q3,0.67
product,sensors,option1,US,imports,2025-Q4,0.47
product,sensors,option1,US,imports,2026-Q1,0.35
product,sensors,option1,US,imports,2026-Q2,1.82
product,sensors,option1,East Asia,imports,2022-Q1,0.76
product,sensors,option1,East Asia,imports,2022-Q2,1.12
product,sensors,option1,East Asia,imports,2022-Q3,0.36
product,sensors,option1,East Asia,imports,2022-Q4,1.12
product,sensors,option1,East Asia,imports,2023-Q1,0.53
product,sensors,option1,East Asia,imports,2023-Q2,0.34
product,sensors,option1,East Asia,imports,2023-Q3,0.85
product,sensors,option1,East Asia,imports,2023-Q4,0.17
product,sensors,option1,East Asia,imports,2024-Q1,0.31
product,sensors,option1,East Asia,imports,2024-Q2,1.61
product,sensors,option1,East Asia,imports,2024-Q3,1.98
product,sensors,option1,East Asia,imports,2024-Q4,2.8
product,sensors,option1,East Asia,imports,2025-Q1,1.83
product,sensors,option1,East Asia,imports,2025-Q2,1.66
product,sensors,option1,East Asia,imports,2025-Q3,1.58
product,sensors,option1,East Asia,imports,2025-Q4,1.5
product,sensors,option1,East Asia,imports,2026-Q1,2.36
product,sensors,option1,East Asia,imports,2026-Q2,1.6
product,sensors,option1,Rest of world,imports,2022-Q1,0.62
product,sensors,option1,Rest of world,imports,2022-Q2,0.54
product,sensors,option1,Rest of world,imports,2022-Q3,0.35
product,sensors,option1,Rest of world,imports,2022-Q4,0.12
product,sensors,option1,Rest of world,imports,2023-Q1,0.23
product,sensors,option1,Rest of world,imports,2023-Q2,0.32
product,sensors,option1,Rest of world,imports,2023-Q3,0.48
product,sensors,option1,Rest of world,imports,2023-Q4,0.21
product,sensors,option1,Rest of world,imports,2024-Q1,0.12
product,sensors,option1,Rest of world,imports,2024-Q2,0.28
product,sensors,option1,Rest of world,imports,2024-Q3,0.02
product,sensors,option1,Rest of world,imports,2024-Q4,0.09
product,sensors,option1,Rest of world,imports,2025-Q1,0.07
product,sensors,option1,Rest of world,imports,2025-Q2,0.11
product,sensors,option1,Rest of world,imports,2025-Q3,0.05
product,sensors,option1,Rest of world,imports,2025-Q4,0.07
product,sensors,option1,Rest of world,imports,2026-Q1,0.1
product,sensors,option1,Rest of world,imports,2026-Q2,0.16
product,sensors,option2,China incl. Hong Kong,imports,2022-Q1,0.7
product,sensors,option2,China incl. Hong Kong,imports,2022-Q2,0.98
product,sensors,option2,China incl. Hong Kong,imports,2022-Q3,0.28
product,sensors,option2,China incl. Hong Kong,imports,2022-Q4,1.01
product,sensors,option2,China incl. Hong Kong,imports,2023-Q1,0.31
product,sensors,option2,China incl. Hong Kong,imports,2023-Q2,0.3
product,sensors,option2,China incl. Hong Kong,imports,2023-Q3,0.84
product,sensors,option2,China incl. Hong Kong,imports,2023-Q4,0.15
product,sensors,option2,China incl. Hong Kong,imports,2024-Q1,0.29
product,sensors,option2,China incl. Hong Kong,imports,2024-Q2,1.57
product,sensors,option2,China incl. Hong Kong,imports,2024-Q3,1.97
product,sensors,option2,China incl. Hong Kong,imports,2024-Q4,2.72
product,sensors,option2,China incl. Hong Kong,imports,2025-Q1,1.78
product,sensors,option2,China incl. Hong Kong,imports,2025-Q2,1.56
product,sensors,option2,China incl. Hong Kong,imports,2025-Q3,1.56
product,sensors,option2,China incl. Hong Kong,imports,2025-Q4,1.48
product,sensors,option2,China incl. Hong Kong,imports,2026-Q1,2.35
product,sensors,option2,China incl. Hong Kong,imports,2026-Q2,1.52
product,sensors,option2,Japan,imports,2022-Q1,0.05
product,sensors,option2,Japan,imports,2022-Q2,0.12
product,sensors,option2,Japan,imports,2022-Q3,0.03
product,sensors,option2,Japan,imports,2022-Q4,0.06
product,sensors,option2,Japan,imports,2023-Q1,0.22
product,sensors,option2,Japan,imports,2023-Q2,0.04
product,sensors,option2,Japan,imports,2023-Q3,0.02
product,sensors,option2,Japan,imports,2023-Q4,0.02
product,sensors,option2,Japan,imports,2024-Q1,0.02
product,sensors,option2,Japan,imports,2024-Q2,0.03
product,sensors,option2,Japan,imports,2024-Q3,0.0
product,sensors,option2,Japan,imports,2024-Q4,0.01
product,sensors,option2,Japan,imports,2025-Q1,0.04
product,sensors,option2,Japan,imports,2025-Q2,0.01
product,sensors,option2,Japan,imports,2025-Q3,0.02
product,sensors,option2,Japan,imports,2025-Q4,0.01
product,sensors,option2,Japan,imports,2026-Q1,0.02
product,sensors,option2,Japan,imports,2026-Q2,0.02
product,sensors,option2,South Korea,imports,2022-Q1,0.0
product,sensors,option2,South Korea,imports,2022-Q2,0.0
product,sensors,option2,South Korea,imports,2022-Q3,0.0
product,sensors,option2,South Korea,imports,2022-Q4,0.0
product,sensors,option2,South Korea,imports,2023-Q1,0.0
product,sensors,option2,South Korea,imports,2023-Q2,0.0
product,sensors,option2,South Korea,imports,2023-Q3,0.0
product,sensors,option2,South Korea,imports,2023-Q4,0.01
product,sensors,option2,South Korea,imports,2024-Q1,0.0
product,sensors,option2,South Korea,imports,2024-Q2,0.0
product,sensors,option2,South Korea,imports,2024-Q3,0.0
product,sensors,option2,South Korea,imports,2024-Q4,0.0
product,sensors,option2,South Korea,imports,2025-Q1,0.0
product,sensors,option2,South Korea,imports,2025-Q2,0.0
product,sensors,option2,South Korea,imports,2025-Q3,0.0
product,sensors,option2,South Korea,imports,2025-Q4,0.0
product,sensors,option2,South Korea,imports,2026-Q1,0.0
product,sensors,option2,South Korea,imports,2026-Q2,0.0
product,sensors,option2,Taiwan,imports,2022-Q1,0.02
product,sensors,option2,Taiwan,imports,2022-Q2,0.02
product,sensors,option2,Taiwan,imports,2022-Q3,0.04
product,sensors,option2,Taiwan,imports,2022-Q4,0.04
product,sensors,option2,Taiwan,imports,2023-Q1,0.0
product,sensors,option2,Taiwan,imports,2023-Q2,0.0
product,sensors,option2,Taiwan,imports,2023-Q3,0.0
product,sensors,option2,Taiwan,imports,2023-Q4,0.0
product,sensors,option2,Taiwan,imports,2024-Q1,0.0
product,sensors,option2,Taiwan,imports,2024-Q2,0.0
product,sensors,option2,Taiwan,imports,2024-Q3,0.01
product,sensors,option2,Taiwan,imports,2024-Q4,0.07
product,sensors,option2,Taiwan,imports,2025-Q1,0.01
product,sensors,option2,Taiwan,imports,2025-Q2,0.08
product,sensors,option2,Taiwan,imports,2025-Q3,0.0
product,sensors,option2,Taiwan,imports,2025-Q4,0.01
product,sensors,option2,Taiwan,imports,2026-Q1,0.0
product,sensors,option2,Taiwan,imports,2026-Q2,0.06
product,cameras,option1,EU,exports,2016-Q1,43.58
product,cameras,option1,EU,exports,2016-Q2,36.63
product,cameras,option1,EU,exports,2016-Q3,36.11
product,cameras,option1,EU,exports,2016-Q4,55.03
product,cameras,option1,EU,exports,2017-Q1,36.31
product,cameras,option1,EU,exports,2017-Q2,35.85
product,cameras,option1,EU,exports,2017-Q3,39.38
product,cameras,option1,EU,exports,2017-Q4,54.91
product,cameras,option1,EU,exports,2018-Q1,44.85
product,cameras,option1,EU,exports,2018-Q2,44.15
product,cameras,option1,EU,exports,2018-Q3,44.83
product,cameras,option1,EU,exports,2018-Q4,60.36
product,cameras,option1,EU,exports,2019-Q1,51.68
product,cameras,option1,EU,exports,2019-Q2,45.62
product,cameras,option1,EU,exports,2019-Q3,52.89
product,cameras,option1,EU,exports,2019-Q4,51.4
product,cameras,option1,EU,exports,2020-Q1,42.79
product,cameras,option1,EU,exports,2020-Q2,38.38
product,cameras,option1,EU,exports,2020-Q3,44.76
product,cameras,option1,EU,exports,2020-Q4,58.14
product,cameras,option1,EU,exports,2021-Q1,34.46
product,cameras,option1,EU,exports,2021-Q2,42.72
product,cameras,option1,EU,exports,2021-Q3,56.52
product,cameras,option1,EU,exports,2021-Q4,58.88
product,cameras,option1,EU,exports,2022-Q1,23.59
product,cameras,option1,EU,exports,2022-Q2,29.5
product,cameras,option1,EU,exports,2022-Q3,40.55
product,cameras,option1,EU,exports,2022-Q4,43.37
product,cameras,option1,EU,exports,2023-Q1,52.23
product,cameras,option1,EU,exports,2023-Q2,44.47
product,cameras,option1,EU,exports,2023-Q3,37.13
product,cameras,option1,EU,exports,2023-Q4,47.13
product,cameras,option1,EU,exports,2024-Q1,41.69
product,cameras,option1,EU,exports,2024-Q2,43.11
product,cameras,option1,EU,exports,2024-Q3,37.72
product,cameras,option1,EU,exports,2024-Q4,48.01
product,cameras,option1,EU,exports,2025-Q1,35.95
product,cameras,option1,EU,exports,2025-Q2,52.89
product,cameras,option1,EU,exports,2025-Q3,58.2
product,cameras,option1,EU,exports,2025-Q4,73.64
product,cameras,option1,EU,exports,2026-Q1,71.86
product,cameras,option1,EU,exports,2026-Q2,72.28
product,cameras,option1,US,exports,2016-Q1,13.47
product,cameras,option1,US,exports,2016-Q2,10.41
product,cameras,option1,US,exports,2016-Q3,13.86
product,cameras,option1,US,exports,2016-Q4,13.04
product,cameras,option1,US,exports,2017-Q1,14.27
product,cameras,option1,US,exports,2017-Q2,15.26
product,cameras,option1,US,exports,2017-Q3,14.5
product,cameras,option1,US,exports,2017-Q4,16.86
product,cameras,option1,US,exports,2018-Q1,14.85
product,cameras,option1,US,exports,2018-Q2,13.98
product,cameras,option1,US,exports,2018-Q3,17.99
product,cameras,option1,US,exports,2018-Q4,19.94
product,cameras,option1,US,exports,2019-Q1,17.8
product,cameras,option1,US,exports,2019-Q2,18.09
product,cameras,option1,US,exports,2019-Q3,15.97
product,cameras,option1,US,exports,2019-Q4,15.79
product,cameras,option1,US,exports,2020-Q1,15.39
product,cameras,option1,US,exports,2020-Q2,14.39
product,cameras,option1,US,exports,2020-Q3,17.15
product,cameras,option1,US,exports,2020-Q4,15.76
product,cameras,option1,US,exports,2021-Q1,16.27
product,cameras,option1,US,exports,2021-Q2,16.01
product,cameras,option1,US,exports,2021-Q3,16.25
product,cameras,option1,US,exports,2021-Q4,15.89
product,cameras,option1,US,exports,2022-Q1,6.43
product,cameras,option1,US,exports,2022-Q2,10.43
product,cameras,option1,US,exports,2022-Q3,9.95
product,cameras,option1,US,exports,2022-Q4,9.67
product,cameras,option1,US,exports,2023-Q1,10.09
product,cameras,option1,US,exports,2023-Q2,14.67
product,cameras,option1,US,exports,2023-Q3,14.73
product,cameras,option1,US,exports,2023-Q4,13.64
product,cameras,option1,US,exports,2024-Q1,11.39
product,cameras,option1,US,exports,2024-Q2,13.26
product,cameras,option1,US,exports,2024-Q3,12.71
product,cameras,option1,US,exports,2024-Q4,16.69
product,cameras,option1,US,exports,2025-Q1,18.74
product,cameras,option1,US,exports,2025-Q2,13.13
product,cameras,option1,US,exports,2025-Q3,17.91
product,cameras,option1,US,exports,2025-Q4,18.1
product,cameras,option1,US,exports,2026-Q1,13.39
product,cameras,option1,US,exports,2026-Q2,13.23
product,cameras,option1,East Asia,exports,2016-Q1,4.58
product,cameras,option1,East Asia,exports,2016-Q2,4.92
product,cameras,option1,East Asia,exports,2016-Q3,8.89
product,cameras,option1,East Asia,exports,2016-Q4,10.03
product,cameras,option1,East Asia,exports,2017-Q1,7.99
product,cameras,option1,East Asia,exports,2017-Q2,6.56
product,cameras,option1,East Asia,exports,2017-Q3,9.05
product,cameras,option1,East Asia,exports,2017-Q4,7.04
product,cameras,option1,East Asia,exports,2018-Q1,4.38
product,cameras,option1,East Asia,exports,2018-Q2,5.3
product,cameras,option1,East Asia,exports,2018-Q3,4.05
product,cameras,option1,East Asia,exports,2018-Q4,5.44
product,cameras,option1,East Asia,exports,2019-Q1,4.14
product,cameras,option1,East Asia,exports,2019-Q2,3.75
product,cameras,option1,East Asia,exports,2019-Q3,4.99
product,cameras,option1,East Asia,exports,2019-Q4,4.57
product,cameras,option1,East Asia,exports,2020-Q1,4.25
product,cameras,option1,East Asia,exports,2020-Q2,3.64
product,cameras,option1,East Asia,exports,2020-Q3,4.12
product,cameras,option1,East Asia,exports,2020-Q4,5.95
product,cameras,option1,East Asia,exports,2021-Q1,7.08
product,cameras,option1,East Asia,exports,2021-Q2,5.93
product,cameras,option1,East Asia,exports,2021-Q3,11.38
product,cameras,option1,East Asia,exports,2021-Q4,9.48
product,cameras,option1,East Asia,exports,2022-Q1,2.67
product,cameras,option1,East Asia,exports,2022-Q2,5.25
product,cameras,option1,East Asia,exports,2022-Q3,6.96
product,cameras,option1,East Asia,exports,2022-Q4,7.74
product,cameras,option1,East Asia,exports,2023-Q1,4.66
product,cameras,option1,East Asia,exports,2023-Q2,4.9
product,cameras,option1,East Asia,exports,2023-Q3,4.51
product,cameras,option1,East Asia,exports,2023-Q4,4.62
product,cameras,option1,East Asia,exports,2024-Q1,4.9
product,cameras,option1,East Asia,exports,2024-Q2,7.13
product,cameras,option1,East Asia,exports,2024-Q3,7.04
product,cameras,option1,East Asia,exports,2024-Q4,5.3
product,cameras,option1,East Asia,exports,2025-Q1,7.02
product,cameras,option1,East Asia,exports,2025-Q2,8.28
product,cameras,option1,East Asia,exports,2025-Q3,5.53
product,cameras,option1,East Asia,exports,2025-Q4,8.96
product,cameras,option1,East Asia,exports,2026-Q1,9.99
product,cameras,option1,East Asia,exports,2026-Q2,6.92
product,cameras,option1,Rest of world,exports,2016-Q1,16.0
product,cameras,option1,Rest of world,exports,2016-Q2,15.14
product,cameras,option1,Rest of world,exports,2016-Q3,26.84
product,cameras,option1,Rest of world,exports,2016-Q4,23.38
product,cameras,option1,Rest of world,exports,2017-Q1,13.26
product,cameras,option1,Rest of world,exports,2017-Q2,22.7
product,cameras,option1,Rest of world,exports,2017-Q3,13.35
product,cameras,option1,Rest of world,exports,2017-Q4,26.67
product,cameras,option1,Rest of world,exports,2018-Q1,15.72
product,cameras,option1,Rest of world,exports,2018-Q2,17.61
product,cameras,option1,Rest of world,exports,2018-Q3,23.12
product,cameras,option1,Rest of world,exports,2018-Q4,19.39
product,cameras,option1,Rest of world,exports,2019-Q1,15.48
product,cameras,option1,Rest of world,exports,2019-Q2,18.58
product,cameras,option1,Rest of world,exports,2019-Q3,17.75
product,cameras,option1,Rest of world,exports,2019-Q4,21.5
product,cameras,option1,Rest of world,exports,2020-Q1,16.85
product,cameras,option1,Rest of world,exports,2020-Q2,21.5
product,cameras,option1,Rest of world,exports,2020-Q3,24.36
product,cameras,option1,Rest of world,exports,2020-Q4,25.79
product,cameras,option1,Rest of world,exports,2021-Q1,16.03
product,cameras,option1,Rest of world,exports,2021-Q2,22.79
product,cameras,option1,Rest of world,exports,2021-Q3,20.54
product,cameras,option1,Rest of world,exports,2021-Q4,23.56
product,cameras,option1,Rest of world,exports,2022-Q1,12.72
product,cameras,option1,Rest of world,exports,2022-Q2,11.14
product,cameras,option1,Rest of world,exports,2022-Q3,14.93
product,cameras,option1,Rest of world,exports,2022-Q4,19.45
product,cameras,option1,Rest of world,exports,2023-Q1,19.55
product,cameras,option1,Rest of world,exports,2023-Q2,18.03
product,cameras,option1,Rest of world,exports,2023-Q3,15.7
product,cameras,option1,Rest of world,exports,2023-Q4,30.87
product,cameras,option1,Rest of world,exports,2024-Q1,18.06
product,cameras,option1,Rest of world,exports,2024-Q2,21.89
product,cameras,option1,Rest of world,exports,2024-Q3,20.14
product,cameras,option1,Rest of world,exports,2024-Q4,24.86
product,cameras,option1,Rest of world,exports,2025-Q1,24.79
product,cameras,option1,Rest of world,exports,2025-Q2,18.63
product,cameras,option1,Rest of world,exports,2025-Q3,22.72
product,cameras,option1,Rest of world,exports,2025-Q4,20.12
product,cameras,option1,Rest of world,exports,2026-Q1,25.0
product,cameras,option1,Rest of world,exports,2026-Q2,25.96
product,cameras,option2,China incl. Hong Kong,exports,2016-Q1,3.51
product,cameras,option2,China incl. Hong Kong,exports,2016-Q2,3.74
product,cameras,option2,China incl. Hong Kong,exports,2016-Q3,3.23
product,cameras,option2,China incl. Hong Kong,exports,2016-Q4,5.22
product,cameras,option2,China incl. Hong Kong,exports,2017-Q1,4.09
product,cameras,option2,China incl. Hong Kong,exports,2017-Q2,4.45
product,cameras,option2,China incl. Hong Kong,exports,2017-Q3,6.71
product,cameras,option2,China incl. Hong Kong,exports,2017-Q4,5.81
product,cameras,option2,China incl. Hong Kong,exports,2018-Q1,3.41
product,cameras,option2,China incl. Hong Kong,exports,2018-Q2,4.57
product,cameras,option2,China incl. Hong Kong,exports,2018-Q3,2.82
product,cameras,option2,China incl. Hong Kong,exports,2018-Q4,3.79
product,cameras,option2,China incl. Hong Kong,exports,2019-Q1,2.56
product,cameras,option2,China incl. Hong Kong,exports,2019-Q2,2.46
product,cameras,option2,China incl. Hong Kong,exports,2019-Q3,3.07
product,cameras,option2,China incl. Hong Kong,exports,2019-Q4,2.83
product,cameras,option2,China incl. Hong Kong,exports,2020-Q1,2.45
product,cameras,option2,China incl. Hong Kong,exports,2020-Q2,2.46
product,cameras,option2,China incl. Hong Kong,exports,2020-Q3,3.05
product,cameras,option2,China incl. Hong Kong,exports,2020-Q4,4.19
product,cameras,option2,China incl. Hong Kong,exports,2021-Q1,2.94
product,cameras,option2,China incl. Hong Kong,exports,2021-Q2,3.93
product,cameras,option2,China incl. Hong Kong,exports,2021-Q3,6.57
product,cameras,option2,China incl. Hong Kong,exports,2021-Q4,6.6
product,cameras,option2,China incl. Hong Kong,exports,2022-Q1,1.8
product,cameras,option2,China incl. Hong Kong,exports,2022-Q2,2.46
product,cameras,option2,China incl. Hong Kong,exports,2022-Q3,5.36
product,cameras,option2,China incl. Hong Kong,exports,2022-Q4,5.58
product,cameras,option2,China incl. Hong Kong,exports,2023-Q1,2.78
product,cameras,option2,China incl. Hong Kong,exports,2023-Q2,2.97
product,cameras,option2,China incl. Hong Kong,exports,2023-Q3,2.56
product,cameras,option2,China incl. Hong Kong,exports,2023-Q4,3.18
product,cameras,option2,China incl. Hong Kong,exports,2024-Q1,3.5
product,cameras,option2,China incl. Hong Kong,exports,2024-Q2,4.02
product,cameras,option2,China incl. Hong Kong,exports,2024-Q3,4.29
product,cameras,option2,China incl. Hong Kong,exports,2024-Q4,2.62
product,cameras,option2,China incl. Hong Kong,exports,2025-Q1,3.99
product,cameras,option2,China incl. Hong Kong,exports,2025-Q2,4.9
product,cameras,option2,China incl. Hong Kong,exports,2025-Q3,3.32
product,cameras,option2,China incl. Hong Kong,exports,2025-Q4,5.83
product,cameras,option2,China incl. Hong Kong,exports,2026-Q1,6.24
product,cameras,option2,China incl. Hong Kong,exports,2026-Q2,4.43
product,cameras,option2,Japan,exports,2016-Q1,0.58
product,cameras,option2,Japan,exports,2016-Q2,0.49
product,cameras,option2,Japan,exports,2016-Q3,4.95
product,cameras,option2,Japan,exports,2016-Q4,4.15
product,cameras,option2,Japan,exports,2017-Q1,3.28
product,cameras,option2,Japan,exports,2017-Q2,0.48
product,cameras,option2,Japan,exports,2017-Q3,0.86
product,cameras,option2,Japan,exports,2017-Q4,0.56
product,cameras,option2,Japan,exports,2018-Q1,0.48
product,cameras,option2,Japan,exports,2018-Q2,0.33
product,cameras,option2,Japan,exports,2018-Q3,0.43
product,cameras,option2,Japan,exports,2018-Q4,0.6
product,cameras,option2,Japan,exports,2019-Q1,0.47
product,cameras,option2,Japan,exports,2019-Q2,0.51
product,cameras,option2,Japan,exports,2019-Q3,0.84
product,cameras,option2,Japan,exports,2019-Q4,0.96
product,cameras,option2,Japan,exports,2020-Q1,1.22
product,cameras,option2,Japan,exports,2020-Q2,0.64
product,cameras,option2,Japan,exports,2020-Q3,0.61
product,cameras,option2,Japan,exports,2020-Q4,0.78
product,cameras,option2,Japan,exports,2021-Q1,3.61
product,cameras,option2,Japan,exports,2021-Q2,1.02
product,cameras,option2,Japan,exports,2021-Q3,3.07
product,cameras,option2,Japan,exports,2021-Q4,1.59
product,cameras,option2,Japan,exports,2022-Q1,0.5
product,cameras,option2,Japan,exports,2022-Q2,0.88
product,cameras,option2,Japan,exports,2022-Q3,1.11
product,cameras,option2,Japan,exports,2022-Q4,1.37
product,cameras,option2,Japan,exports,2023-Q1,0.87
product,cameras,option2,Japan,exports,2023-Q2,0.98
product,cameras,option2,Japan,exports,2023-Q3,1.24
product,cameras,option2,Japan,exports,2023-Q4,0.4
product,cameras,option2,Japan,exports,2024-Q1,0.69
product,cameras,option2,Japan,exports,2024-Q2,1.24
product,cameras,option2,Japan,exports,2024-Q3,1.13
product,cameras,option2,Japan,exports,2024-Q4,1.7
product,cameras,option2,Japan,exports,2025-Q1,2.17
product,cameras,option2,Japan,exports,2025-Q2,1.66
product,cameras,option2,Japan,exports,2025-Q3,1.21
product,cameras,option2,Japan,exports,2025-Q4,1.74
product,cameras,option2,Japan,exports,2026-Q1,2.76
product,cameras,option2,Japan,exports,2026-Q2,1.36
product,cameras,option2,South Korea,exports,2016-Q1,0.38
product,cameras,option2,South Korea,exports,2016-Q2,0.52
product,cameras,option2,South Korea,exports,2016-Q3,0.42
product,cameras,option2,South Korea,exports,2016-Q4,0.28
product,cameras,option2,South Korea,exports,2017-Q1,0.42
product,cameras,option2,South Korea,exports,2017-Q2,1.45
product,cameras,option2,South Korea,exports,2017-Q3,1.37
product,cameras,option2,South Korea,exports,2017-Q4,0.55
product,cameras,option2,South Korea,exports,2018-Q1,0.3
product,cameras,option2,South Korea,exports,2018-Q2,0.32
product,cameras,option2,South Korea,exports,2018-Q3,0.48
product,cameras,option2,South Korea,exports,2018-Q4,0.82
product,cameras,option2,South Korea,exports,2019-Q1,0.96
product,cameras,option2,South Korea,exports,2019-Q2,0.62
product,cameras,option2,South Korea,exports,2019-Q3,0.94
product,cameras,option2,South Korea,exports,2019-Q4,0.63
product,cameras,option2,South Korea,exports,2020-Q1,0.36
product,cameras,option2,South Korea,exports,2020-Q2,0.33
product,cameras,option2,South Korea,exports,2020-Q3,0.2
product,cameras,option2,South Korea,exports,2020-Q4,0.68
product,cameras,option2,South Korea,exports,2021-Q1,0.32
product,cameras,option2,South Korea,exports,2021-Q2,0.65
product,cameras,option2,South Korea,exports,2021-Q3,0.62
product,cameras,option2,South Korea,exports,2021-Q4,0.77
product,cameras,option2,South Korea,exports,2022-Q1,0.34
product,cameras,option2,South Korea,exports,2022-Q2,1.67
product,cameras,option2,South Korea,exports,2022-Q3,0.21
product,cameras,option2,South Korea,exports,2022-Q4,0.62
product,cameras,option2,South Korea,exports,2023-Q1,0.78
product,cameras,option2,South Korea,exports,2023-Q2,0.81
product,cameras,option2,South Korea,exports,2023-Q3,0.58
product,cameras,option2,South Korea,exports,2023-Q4,0.73
product,cameras,option2,South Korea,exports,2024-Q1,0.56
product,cameras,option2,South Korea,exports,2024-Q2,0.52
product,cameras,option2,South Korea,exports,2024-Q3,0.96
product,cameras,option2,South Korea,exports,2024-Q4,0.64
product,cameras,option2,South Korea,exports,2025-Q1,0.51
product,cameras,option2,South Korea,exports,2025-Q2,1.28
product,cameras,option2,South Korea,exports,2025-Q3,0.79
product,cameras,option2,South Korea,exports,2025-Q4,0.79
product,cameras,option2,South Korea,exports,2026-Q1,0.52
product,cameras,option2,South Korea,exports,2026-Q2,0.59
product,cameras,option2,Taiwan,exports,2016-Q1,0.1
product,cameras,option2,Taiwan,exports,2016-Q2,0.17
product,cameras,option2,Taiwan,exports,2016-Q3,0.28
product,cameras,option2,Taiwan,exports,2016-Q4,0.37
product,cameras,option2,Taiwan,exports,2017-Q1,0.2
product,cameras,option2,Taiwan,exports,2017-Q2,0.18
product,cameras,option2,Taiwan,exports,2017-Q3,0.1
product,cameras,option2,Taiwan,exports,2017-Q4,0.12
product,cameras,option2,Taiwan,exports,2018-Q1,0.19
product,cameras,option2,Taiwan,exports,2018-Q2,0.08
product,cameras,option2,Taiwan,exports,2018-Q3,0.32
product,cameras,option2,Taiwan,exports,2018-Q4,0.23
product,cameras,option2,Taiwan,exports,2019-Q1,0.13
product,cameras,option2,Taiwan,exports,2019-Q2,0.16
product,cameras,option2,Taiwan,exports,2019-Q3,0.13
product,cameras,option2,Taiwan,exports,2019-Q4,0.14
product,cameras,option2,Taiwan,exports,2020-Q1,0.22
product,cameras,option2,Taiwan,exports,2020-Q2,0.21
product,cameras,option2,Taiwan,exports,2020-Q3,0.27
product,cameras,option2,Taiwan,exports,2020-Q4,0.32
product,cameras,option2,Taiwan,exports,2021-Q1,0.21
product,cameras,option2,Taiwan,exports,2021-Q2,0.32
product,cameras,option2,Taiwan,exports,2021-Q3,1.12
product,cameras,option2,Taiwan,exports,2021-Q4,0.52
product,cameras,option2,Taiwan,exports,2022-Q1,0.02
product,cameras,option2,Taiwan,exports,2022-Q2,0.24
product,cameras,option2,Taiwan,exports,2022-Q3,0.29
product,cameras,option2,Taiwan,exports,2022-Q4,0.18
product,cameras,option2,Taiwan,exports,2023-Q1,0.22
product,cameras,option2,Taiwan,exports,2023-Q2,0.15
product,cameras,option2,Taiwan,exports,2023-Q3,0.13
product,cameras,option2,Taiwan,exports,2023-Q4,0.3
product,cameras,option2,Taiwan,exports,2024-Q1,0.15
product,cameras,option2,Taiwan,exports,2024-Q2,1.35
product,cameras,option2,Taiwan,exports,2024-Q3,0.66
product,cameras,option2,Taiwan,exports,2024-Q4,0.34
product,cameras,option2,Taiwan,exports,2025-Q1,0.35
product,cameras,option2,Taiwan,exports,2025-Q2,0.44
product,cameras,option2,Taiwan,exports,2025-Q3,0.21
product,cameras,option2,Taiwan,exports,2025-Q4,0.6
product,cameras,option2,Taiwan,exports,2026-Q1,0.47
product,cameras,option2,Taiwan,exports,2026-Q2,0.54
product,cameras,option1,EU,imports,2016-Q1,80.56
product,cameras,option1,EU,imports,2016-Q2,82.52
product,cameras,option1,EU,imports,2016-Q3,88.0
product,cameras,option1,EU,imports,2016-Q4,113.16
product,cameras,option1,EU,imports,2017-Q1,88.86
product,cameras,option1,EU,imports,2017-Q2,88.46
product,cameras,option1,EU,imports,2017-Q3,91.79
product,cameras,option1,EU,imports,2017-Q4,113.19
product,cameras,option1,EU,imports,2018-Q1,87.17
product,cameras,option1,EU,imports,2018-Q2,92.21
product,cameras,option1,EU,imports,2018-Q3,82.84
product,cameras,option1,EU,imports,2018-Q4,105.0
product,cameras,option1,EU,imports,2019-Q1,91.76
product,cameras,option1,EU,imports,2019-Q2,81.11
product,cameras,option1,EU,imports,2019-Q3,91.62
product,cameras,option1,EU,imports,2019-Q4,110.93
product,cameras,option1,EU,imports,2020-Q1,80.01
product,cameras,option1,EU,imports,2020-Q2,53.75
product,cameras,option1,EU,imports,2020-Q3,92.99
product,cameras,option1,EU,imports,2020-Q4,124.96
product,cameras,option1,EU,imports,2021-Q1,108.54
product,cameras,option1,EU,imports,2021-Q2,84.45
product,cameras,option1,EU,imports,2021-Q3,86.08
product,cameras,option1,EU,imports,2021-Q4,94.47
product,cameras,option1,EU,imports,2022-Q1,126.38
product,cameras,option1,EU,imports,2022-Q2,144.37
product,cameras,option1,EU,imports,2022-Q3,149.32
product,cameras,option1,EU,imports,2022-Q4,182.75
product,cameras,option1,EU,imports,2023-Q1,157.37
product,cameras,option1,EU,imports,2023-Q2,158.19
product,cameras,option1,EU,imports,2023-Q3,144.17
product,cameras,option1,EU,imports,2023-Q4,175.12
product,cameras,option1,EU,imports,2024-Q1,139.47
product,cameras,option1,EU,imports,2024-Q2,155.86
product,cameras,option1,EU,imports,2024-Q3,158.57
product,cameras,option1,EU,imports,2024-Q4,162.12
product,cameras,option1,EU,imports,2025-Q1,151.6
product,cameras,option1,EU,imports,2025-Q2,142.97
product,cameras,option1,EU,imports,2025-Q3,150.06
product,cameras,option1,EU,imports,2025-Q4,161.49
product,cameras,option1,EU,imports,2026-Q1,158.79
product,cameras,option1,EU,imports,2026-Q2,154.31
product,cameras,option1,US,imports,2016-Q1,18.1
product,cameras,option1,US,imports,2016-Q2,11.3
product,cameras,option1,US,imports,2016-Q3,10.64
product,cameras,option1,US,imports,2016-Q4,18.58
product,cameras,option1,US,imports,2017-Q1,14.82
product,cameras,option1,US,imports,2017-Q2,17.1
product,cameras,option1,US,imports,2017-Q3,14.58
product,cameras,option1,US,imports,2017-Q4,15.4
product,cameras,option1,US,imports,2018-Q1,12.47
product,cameras,option1,US,imports,2018-Q2,13.53
product,cameras,option1,US,imports,2018-Q3,11.45
product,cameras,option1,US,imports,2018-Q4,11.42
product,cameras,option1,US,imports,2019-Q1,11.89
product,cameras,option1,US,imports,2019-Q2,10.95
product,cameras,option1,US,imports,2019-Q3,15.64
product,cameras,option1,US,imports,2019-Q4,14.02
product,cameras,option1,US,imports,2020-Q1,11.69
product,cameras,option1,US,imports,2020-Q2,8.12
product,cameras,option1,US,imports,2020-Q3,24.6
product,cameras,option1,US,imports,2020-Q4,11.84
product,cameras,option1,US,imports,2021-Q1,19.18
product,cameras,option1,US,imports,2021-Q2,17.84
product,cameras,option1,US,imports,2021-Q3,12.13
product,cameras,option1,US,imports,2021-Q4,11.55
product,cameras,option1,US,imports,2022-Q1,15.25
product,cameras,option1,US,imports,2022-Q2,17.61
product,cameras,option1,US,imports,2022-Q3,24.5
product,cameras,option1,US,imports,2022-Q4,13.13
product,cameras,option1,US,imports,2023-Q1,15.68
product,cameras,option1,US,imports,2023-Q2,14.07
product,cameras,option1,US,imports,2023-Q3,11.44
product,cameras,option1,US,imports,2023-Q4,12.79
product,cameras,option1,US,imports,2024-Q1,17.76
product,cameras,option1,US,imports,2024-Q2,13.38
product,cameras,option1,US,imports,2024-Q3,10.12
product,cameras,option1,US,imports,2024-Q4,9.53
product,cameras,option1,US,imports,2025-Q1,9.62
product,cameras,option1,US,imports,2025-Q2,15.44
product,cameras,option1,US,imports,2025-Q3,16.46
product,cameras,option1,US,imports,2025-Q4,23.99
product,cameras,option1,US,imports,2026-Q1,23.39
product,cameras,option1,US,imports,2026-Q2,23.63
product,cameras,option1,East Asia,imports,2016-Q1,44.22
product,cameras,option1,East Asia,imports,2016-Q2,46.84
product,cameras,option1,East Asia,imports,2016-Q3,52.38
product,cameras,option1,East Asia,imports,2016-Q4,74.46
product,cameras,option1,East Asia,imports,2017-Q1,60.85
product,cameras,option1,East Asia,imports,2017-Q2,63.52
product,cameras,option1,East Asia,imports,2017-Q3,74.51
product,cameras,option1,East Asia,imports,2017-Q4,84.12
product,cameras,option1,East Asia,imports,2018-Q1,58.92
product,cameras,option1,East Asia,imports,2018-Q2,62.28
product,cameras,option1,East Asia,imports,2018-Q3,91.21
product,cameras,option1,East Asia,imports,2018-Q4,106.62
product,cameras,option1,East Asia,imports,2019-Q1,72.28
product,cameras,option1,East Asia,imports,2019-Q2,76.36
product,cameras,option1,East Asia,imports,2019-Q3,79.77
product,cameras,option1,East Asia,imports,2019-Q4,94.79
product,cameras,option1,East Asia,imports,2020-Q1,70.7
product,cameras,option1,East Asia,imports,2020-Q2,89.86
product,cameras,option1,East Asia,imports,2020-Q3,98.19
product,cameras,option1,East Asia,imports,2020-Q4,124.65
product,cameras,option1,East Asia,imports,2021-Q1,85.64
product,cameras,option1,East Asia,imports,2021-Q2,104.1
product,cameras,option1,East Asia,imports,2021-Q3,96.98
product,cameras,option1,East Asia,imports,2021-Q4,101.86
product,cameras,option1,East Asia,imports,2022-Q1,53.09
product,cameras,option1,East Asia,imports,2022-Q2,76.3
product,cameras,option1,East Asia,imports,2022-Q3,75.79
product,cameras,option1,East Asia,imports,2022-Q4,90.81
product,cameras,option1,East Asia,imports,2023-Q1,61.15
product,cameras,option1,East Asia,imports,2023-Q2,70.59
product,cameras,option1,East Asia,imports,2023-Q3,78.31
product,cameras,option1,East Asia,imports,2023-Q4,81.93
product,cameras,option1,East Asia,imports,2024-Q1,68.26
product,cameras,option1,East Asia,imports,2024-Q2,76.19
product,cameras,option1,East Asia,imports,2024-Q3,85.67
product,cameras,option1,East Asia,imports,2024-Q4,96.06
product,cameras,option1,East Asia,imports,2025-Q1,73.26
product,cameras,option1,East Asia,imports,2025-Q2,81.53
product,cameras,option1,East Asia,imports,2025-Q3,99.97
product,cameras,option1,East Asia,imports,2025-Q4,114.14
product,cameras,option1,East Asia,imports,2026-Q1,101.25
product,cameras,option1,East Asia,imports,2026-Q2,116.43
product,cameras,option1,Rest of world,imports,2016-Q1,12.04
product,cameras,option1,Rest of world,imports,2016-Q2,9.16
product,cameras,option1,Rest of world,imports,2016-Q3,9.93
product,cameras,option1,Rest of world,imports,2016-Q4,20.99
product,cameras,option1,Rest of world,imports,2017-Q1,22.92
product,cameras,option1,Rest of world,imports,2017-Q2,14.95
product,cameras,option1,Rest of world,imports,2017-Q3,15.96
product,cameras,option1,Rest of world,imports,2017-Q4,20.58
product,cameras,option1,Rest of world,imports,2018-Q1,12.93
product,cameras,option1,Rest of world,imports,2018-Q2,15.43
product,cameras,option1,Rest of world,imports,2018-Q3,19.22
product,cameras,option1,Rest of world,imports,2018-Q4,20.39
product,cameras,option1,Rest of world,imports,2019-Q1,20.51
product,cameras,option1,Rest of world,imports,2019-Q2,16.14
product,cameras,option1,Rest of world,imports,2019-Q3,20.18
product,cameras,option1,Rest of world,imports,2019-Q4,13.72
product,cameras,option1,Rest of world,imports,2020-Q1,12.83
product,cameras,option1,Rest of world,imports,2020-Q2,13.65
product,cameras,option1,Rest of world,imports,2020-Q3,19.39
product,cameras,option1,Rest of world,imports,2020-Q4,25.17
product,cameras,option1,Rest of world,imports,2021-Q1,14.93
product,cameras,option1,Rest of world,imports,2021-Q2,15.02
product,cameras,option1,Rest of world,imports,2021-Q3,20.45
product,cameras,option1,Rest of world,imports,2021-Q4,14.46
product,cameras,option1,Rest of world,imports,2022-Q1,11.45
product,cameras,option1,Rest of world,imports,2022-Q2,16.24
product,cameras,option1,Rest of world,imports,2022-Q3,18.49
product,cameras,option1,Rest of world,imports,2022-Q4,21.05
product,cameras,option1,Rest of world,imports,2023-Q1,25.35
product,cameras,option1,Rest of world,imports,2023-Q2,37.43
product,cameras,option1,Rest of world,imports,2023-Q3,21.24
product,cameras,option1,Rest of world,imports,2023-Q4,36.1
product,cameras,option1,Rest of world,imports,2024-Q1,22.57
product,cameras,option1,Rest of world,imports,2024-Q2,30.38
product,cameras,option1,Rest of world,imports,2024-Q3,20.91
product,cameras,option1,Rest of world,imports,2024-Q4,32.69
product,cameras,option1,Rest of world,imports,2025-Q1,31.0
product,cameras,option1,Rest of world,imports,2025-Q2,29.73
product,cameras,option1,Rest of world,imports,2025-Q3,60.99
product,cameras,option1,Rest of world,imports,2025-Q4,46.48
product,cameras,option1,Rest of world,imports,2026-Q1,34.2
product,cameras,option1,Rest of world,imports,2026-Q2,53.92
product,cameras,option2,China incl. Hong Kong,imports,2016-Q1,32.37
product,cameras,option2,China incl. Hong Kong,imports,2016-Q2,35.65
product,cameras,option2,China incl. Hong Kong,imports,2016-Q3,41.76
product,cameras,option2,China incl. Hong Kong,imports,2016-Q4,58.72
product,cameras,option2,China incl. Hong Kong,imports,2017-Q1,49.04
product,cameras,option2,China incl. Hong Kong,imports,2017-Q2,50.77
product,cameras,option2,China incl. Hong Kong,imports,2017-Q3,62.46
product,cameras,option2,China incl. Hong Kong,imports,2017-Q4,69.68
product,cameras,option2,China incl. Hong Kong,imports,2018-Q1,48.12
product,cameras,option2,China incl. Hong Kong,imports,2018-Q2,51.59
product,cameras,option2,China incl. Hong Kong,imports,2018-Q3,80.37
product,cameras,option2,China incl. Hong Kong,imports,2018-Q4,93.88
product,cameras,option2,China incl. Hong Kong,imports,2019-Q1,60.84
product,cameras,option2,China incl. Hong Kong,imports,2019-Q2,63.97
product,cameras,option2,China incl. Hong Kong,imports,2019-Q3,68.49
product,cameras,option2,China incl. Hong Kong,imports,2019-Q4,84.2
product,cameras,option2,China incl. Hong Kong,imports,2020-Q1,61.6
product,cameras,option2,China incl. Hong Kong,imports,2020-Q2,83.76
product,cameras,option2,China incl. Hong Kong,imports,2020-Q3,89.53
product,cameras,option2,China incl. Hong Kong,imports,2020-Q4,114.69
product,cameras,option2,China incl. Hong Kong,imports,2021-Q1,78.24
product,cameras,option2,China incl. Hong Kong,imports,2021-Q2,91.83
product,cameras,option2,China incl. Hong Kong,imports,2021-Q3,84.51
product,cameras,option2,China incl. Hong Kong,imports,2021-Q4,89.71
product,cameras,option2,China incl. Hong Kong,imports,2022-Q1,43.16
product,cameras,option2,China incl. Hong Kong,imports,2022-Q2,63.3
product,cameras,option2,China incl. Hong Kong,imports,2022-Q3,67.89
product,cameras,option2,China incl. Hong Kong,imports,2022-Q4,76.0
product,cameras,option2,China incl. Hong Kong,imports,2023-Q1,51.08
product,cameras,option2,China incl. Hong Kong,imports,2023-Q2,57.7
product,cameras,option2,China incl. Hong Kong,imports,2023-Q3,65.75
product,cameras,option2,China incl. Hong Kong,imports,2023-Q4,68.86
product,cameras,option2,China incl. Hong Kong,imports,2024-Q1,57.07
product,cameras,option2,China incl. Hong Kong,imports,2024-Q2,65.95
product,cameras,option2,China incl. Hong Kong,imports,2024-Q3,75.59
product,cameras,option2,China incl. Hong Kong,imports,2024-Q4,85.08
product,cameras,option2,China incl. Hong Kong,imports,2025-Q1,63.82
product,cameras,option2,China incl. Hong Kong,imports,2025-Q2,71.05
product,cameras,option2,China incl. Hong Kong,imports,2025-Q3,88.99
product,cameras,option2,China incl. Hong Kong,imports,2025-Q4,102.51
product,cameras,option2,China incl. Hong Kong,imports,2026-Q1,90.74
product,cameras,option2,China incl. Hong Kong,imports,2026-Q2,104.11
product,cameras,option2,Japan,imports,2016-Q1,4.67
product,cameras,option2,Japan,imports,2016-Q2,3.69
product,cameras,option2,Japan,imports,2016-Q3,3.81
product,cameras,option2,Japan,imports,2016-Q4,6.68
product,cameras,option2,Japan,imports,2017-Q1,4.26
product,cameras,option2,Japan,imports,2017-Q2,5.05
product,cameras,option2,Japan,imports,2017-Q3,4.38
product,cameras,option2,Japan,imports,2017-Q4,5.68
product,cameras,option2,Japan,imports,2018-Q1,3.73
product,cameras,option2,Japan,imports,2018-Q2,3.2
product,cameras,option2,Japan,imports,2018-Q3,3.56
product,cameras,option2,Japan,imports,2018-Q4,5.24
product,cameras,option2,Japan,imports,2019-Q1,4.94
product,cameras,option2,Japan,imports,2019-Q2,5.39
product,cameras,option2,Japan,imports,2019-Q3,4.05
product,cameras,option2,Japan,imports,2019-Q4,4.0
product,cameras,option2,Japan,imports,2020-Q1,2.87
product,cameras,option2,Japan,imports,2020-Q2,1.8
product,cameras,option2,Japan,imports,2020-Q3,2.63
product,cameras,option2,Japan,imports,2020-Q4,3.35
product,cameras,option2,Japan,imports,2021-Q1,2.14
product,cameras,option2,Japan,imports,2021-Q2,4.92
product,cameras,option2,Japan,imports,2021-Q3,5.29
product,cameras,option2,Japan,imports,2021-Q4,5.01
product,cameras,option2,Japan,imports,2022-Q1,4.5
product,cameras,option2,Japan,imports,2022-Q2,7.98
product,cameras,option2,Japan,imports,2022-Q3,3.23
product,cameras,option2,Japan,imports,2022-Q4,6.62
product,cameras,option2,Japan,imports,2023-Q1,5.05
product,cameras,option2,Japan,imports,2023-Q2,6.94
product,cameras,option2,Japan,imports,2023-Q3,6.88
product,cameras,option2,Japan,imports,2023-Q4,6.9
product,cameras,option2,Japan,imports,2024-Q1,5.54
product,cameras,option2,Japan,imports,2024-Q2,4.83
product,cameras,option2,Japan,imports,2024-Q3,4.61
product,cameras,option2,Japan,imports,2024-Q4,5.03
product,cameras,option2,Japan,imports,2025-Q1,4.98
product,cameras,option2,Japan,imports,2025-Q2,4.79
product,cameras,option2,Japan,imports,2025-Q3,5.56
product,cameras,option2,Japan,imports,2025-Q4,5.93
product,cameras,option2,Japan,imports,2026-Q1,5.04
product,cameras,option2,Japan,imports,2026-Q2,4.57
product,cameras,option2,South Korea,imports,2016-Q1,4.59
product,cameras,option2,South Korea,imports,2016-Q2,4.38
product,cameras,option2,South Korea,imports,2016-Q3,3.76
product,cameras,option2,South Korea,imports,2016-Q4,5.26
product,cameras,option2,South Korea,imports,2017-Q1,4.69
product,cameras,option2,South Korea,imports,2017-Q2,3.86
product,cameras,option2,South Korea,imports,2017-Q3,3.56
product,cameras,option2,South Korea,imports,2017-Q4,4.11
product,cameras,option2,South Korea,imports,2018-Q1,3.53
product,cameras,option2,South Korea,imports,2018-Q2,3.47
product,cameras,option2,South Korea,imports,2018-Q3,3.57
product,cameras,option2,South Korea,imports,2018-Q4,3.27
product,cameras,option2,South Korea,imports,2019-Q1,3.28
product,cameras,option2,South Korea,imports,2019-Q2,3.48
product,cameras,option2,South Korea,imports,2019-Q3,3.97
product,cameras,option2,South Korea,imports,2019-Q4,3.22
product,cameras,option2,South Korea,imports,2020-Q1,4.04
product,cameras,option2,South Korea,imports,2020-Q2,2.13
product,cameras,option2,South Korea,imports,2020-Q3,3.11
product,cameras,option2,South Korea,imports,2020-Q4,3.97
product,cameras,option2,South Korea,imports,2021-Q1,3.02
product,cameras,option2,South Korea,imports,2021-Q2,4.39
product,cameras,option2,South Korea,imports,2021-Q3,3.21
product,cameras,option2,South Korea,imports,2021-Q4,3.55
product,cameras,option2,South Korea,imports,2022-Q1,3.27
product,cameras,option2,South Korea,imports,2022-Q2,2.99
product,cameras,option2,South Korea,imports,2022-Q3,1.94
product,cameras,option2,South Korea,imports,2022-Q4,3.9
product,cameras,option2,South Korea,imports,2023-Q1,2.8
product,cameras,option2,South Korea,imports,2023-Q2,4.4
product,cameras,option2,South Korea,imports,2023-Q3,2.97
product,cameras,option2,South Korea,imports,2023-Q4,4.65
product,cameras,option2,South Korea,imports,2024-Q1,3.76
product,cameras,option2,South Korea,imports,2024-Q2,3.37
product,cameras,option2,South Korea,imports,2024-Q3,3.87
product,cameras,option2,South Korea,imports,2024-Q4,4.87
product,cameras,option2,South Korea,imports,2025-Q1,3.06
product,cameras,option2,South Korea,imports,2025-Q2,4.2
product,cameras,option2,South Korea,imports,2025-Q3,4.1
product,cameras,option2,South Korea,imports,2025-Q4,3.95
product,cameras,option2,South Korea,imports,2026-Q1,3.54
product,cameras,option2,South Korea,imports,2026-Q2,5.74
product,cameras,option2,Taiwan,imports,2016-Q1,2.6
product,cameras,option2,Taiwan,imports,2016-Q2,3.12
product,cameras,option2,Taiwan,imports,2016-Q3,3.06
product,cameras,option2,Taiwan,imports,2016-Q4,3.8
product,cameras,option2,Taiwan,imports,2017-Q1,2.86
product,cameras,option2,Taiwan,imports,2017-Q2,3.84
product,cameras,option2,Taiwan,imports,2017-Q3,4.1
product,cameras,option2,Taiwan,imports,2017-Q4,4.64
product,cameras,option2,Taiwan,imports,2018-Q1,3.54
product,cameras,option2,Taiwan,imports,2018-Q2,4.02
product,cameras,option2,Taiwan,imports,2018-Q3,3.71
product,cameras,option2,Taiwan,imports,2018-Q4,4.22
product,cameras,option2,Taiwan,imports,2019-Q1,3.23
product,cameras,option2,Taiwan,imports,2019-Q2,3.52
product,cameras,option2,Taiwan,imports,2019-Q3,3.26
product,cameras,option2,Taiwan,imports,2019-Q4,3.37
product,cameras,option2,Taiwan,imports,2020-Q1,2.19
product,cameras,option2,Taiwan,imports,2020-Q2,2.17
product,cameras,option2,Taiwan,imports,2020-Q3,2.93
product,cameras,option2,Taiwan,imports,2020-Q4,2.63
product,cameras,option2,Taiwan,imports,2021-Q1,2.24
product,cameras,option2,Taiwan,imports,2021-Q2,2.96
product,cameras,option2,Taiwan,imports,2021-Q3,3.98
product,cameras,option2,Taiwan,imports,2021-Q4,3.59
product,cameras,option2,Taiwan,imports,2022-Q1,2.16
product,cameras,option2,Taiwan,imports,2022-Q2,2.02
product,cameras,option2,Taiwan,imports,2022-Q3,2.73
product,cameras,option2,Taiwan,imports,2022-Q4,4.29
product,cameras,option2,Taiwan,imports,2023-Q1,2.21
product,cameras,option2,Taiwan,imports,2023-Q2,1.55
product,cameras,option2,Taiwan,imports,2023-Q3,2.71
product,cameras,option2,Taiwan,imports,2023-Q4,1.52
product,cameras,option2,Taiwan,imports,2024-Q1,1.88
product,cameras,option2,Taiwan,imports,2024-Q2,2.05
product,cameras,option2,Taiwan,imports,2024-Q3,1.6
product,cameras,option2,Taiwan,imports,2024-Q4,1.09
product,cameras,option2,Taiwan,imports,2025-Q1,1.41
product,cameras,option2,Taiwan,imports,2025-Q2,1.48
product,cameras,option2,Taiwan,imports,2025-Q3,1.32
product,cameras,option2,Taiwan,imports,2025-Q4,1.76
product,cameras,option2,Taiwan,imports,2026-Q1,1.93
product,cameras,option2,Taiwan,imports,2026-Q2,2.01
product,mri_ultrasound,option1,EU,exports,2016-Q1,45.8
product,mri_ultrasound,option1,EU,exports,2016-Q2,50.08
product,mri_ultrasound,option1,EU,exports,2016-Q3,54.75
product,mri_ultrasound,option1,EU,exports,2016-Q4,47.99
product,mri_ultrasound,option1,EU,exports,2017-Q1,59.61
product,mri_ultrasound,option1,EU,exports,2017-Q2,46.29
product,mri_ultrasound,option1,EU,exports,2017-Q3,59.04
product,mri_ultrasound,option1,EU,exports,2017-Q4,48.55
product,mri_ultrasound,option1,EU,exports,2018-Q1,47.35
product,mri_ultrasound,option1,EU,exports,2018-Q2,50.34
product,mri_ultrasound,option1,EU,exports,2018-Q3,55.79
product,mri_ultrasound,option1,EU,exports,2018-Q4,50.19
product,mri_ultrasound,option1,EU,exports,2019-Q1,51.43
product,mri_ultrasound,option1,EU,exports,2019-Q2,54.34
product,mri_ultrasound,option1,EU,exports,2019-Q3,65.78
product,mri_ultrasound,option1,EU,exports,2019-Q4,56.91
product,mri_ultrasound,option1,EU,exports,2020-Q1,56.27
product,mri_ultrasound,option1,EU,exports,2020-Q2,46.86
product,mri_ultrasound,option1,EU,exports,2020-Q3,65.95
product,mri_ultrasound,option1,EU,exports,2020-Q4,64.65
product,mri_ultrasound,option1,EU,exports,2021-Q1,63.96
product,mri_ultrasound,option1,EU,exports,2021-Q2,68.41
product,mri_ultrasound,option1,EU,exports,2021-Q3,75.62
product,mri_ultrasound,option1,EU,exports,2021-Q4,82.07
product,mri_ultrasound,option1,EU,exports,2022-Q1,74.73
product,mri_ultrasound,option1,EU,exports,2022-Q2,81.54
product,mri_ultrasound,option1,EU,exports,2022-Q3,92.05
product,mri_ultrasound,option1,EU,exports,2022-Q4,98.13
product,mri_ultrasound,option1,EU,exports,2023-Q1,104.57
product,mri_ultrasound,option1,EU,exports,2023-Q2,101.22
product,mri_ultrasound,option1,EU,exports,2023-Q3,103.9
product,mri_ultrasound,option1,EU,exports,2023-Q4,109.26
product,mri_ultrasound,option1,EU,exports,2024-Q1,96.86
product,mri_ultrasound,option1,EU,exports,2024-Q2,102.61
product,mri_ultrasound,option1,EU,exports,2024-Q3,110.21
product,mri_ultrasound,option1,EU,exports,2024-Q4,92.9
product,mri_ultrasound,option1,EU,exports,2025-Q1,91.38
product,mri_ultrasound,option1,EU,exports,2025-Q2,100.15
product,mri_ultrasound,option1,EU,exports,2025-Q3,110.93
product,mri_ultrasound,option1,EU,exports,2025-Q4,93.88
product,mri_ultrasound,option1,EU,exports,2026-Q1,97.23
product,mri_ultrasound,option1,EU,exports,2026-Q2,99.91
product,mri_ultrasound,option1,US,exports,2016-Q1,3.06
product,mri_ultrasound,option1,US,exports,2016-Q2,3.66
product,mri_ultrasound,option1,US,exports,2016-Q3,4.44
product,mri_ultrasound,option1,US,exports,2016-Q4,2.47
product,mri_ultrasound,option1,US,exports,2017-Q1,5.7
product,mri_ultrasound,option1,US,exports,2017-Q2,4.85
product,mri_ultrasound,option1,US,exports,2017-Q3,3.67
product,mri_ultrasound,option1,US,exports,2017-Q4,2.38
product,mri_ultrasound,option1,US,exports,2018-Q1,3.42
product,mri_ultrasound,option1,US,exports,2018-Q2,2.35
product,mri_ultrasound,option1,US,exports,2018-Q3,5.83
product,mri_ultrasound,option1,US,exports,2018-Q4,5.51
product,mri_ultrasound,option1,US,exports,2019-Q1,4.3
product,mri_ultrasound,option1,US,exports,2019-Q2,7.0
product,mri_ultrasound,option1,US,exports,2019-Q3,5.19
product,mri_ultrasound,option1,US,exports,2019-Q4,3.41
product,mri_ultrasound,option1,US,exports,2020-Q1,6.42
product,mri_ultrasound,option1,US,exports,2020-Q2,6.31
product,mri_ultrasound,option1,US,exports,2020-Q3,5.7
product,mri_ultrasound,option1,US,exports,2020-Q4,7.8
product,mri_ultrasound,option1,US,exports,2021-Q1,5.88
product,mri_ultrasound,option1,US,exports,2021-Q2,7.37
product,mri_ultrasound,option1,US,exports,2021-Q3,7.72
product,mri_ultrasound,option1,US,exports,2021-Q4,4.68
product,mri_ultrasound,option1,US,exports,2022-Q1,7.84
product,mri_ultrasound,option1,US,exports,2022-Q2,5.88
product,mri_ultrasound,option1,US,exports,2022-Q3,5.05
product,mri_ultrasound,option1,US,exports,2022-Q4,6.49
product,mri_ultrasound,option1,US,exports,2023-Q1,5.16
product,mri_ultrasound,option1,US,exports,2023-Q2,7.17
product,mri_ultrasound,option1,US,exports,2023-Q3,5.77
product,mri_ultrasound,option1,US,exports,2023-Q4,4.46
product,mri_ultrasound,option1,US,exports,2024-Q1,3.7
product,mri_ultrasound,option1,US,exports,2024-Q2,5.84
product,mri_ultrasound,option1,US,exports,2024-Q3,4.01
product,mri_ultrasound,option1,US,exports,2024-Q4,7.7
product,mri_ultrasound,option1,US,exports,2025-Q1,2.68
product,mri_ultrasound,option1,US,exports,2025-Q2,8.77
product,mri_ultrasound,option1,US,exports,2025-Q3,5.26
product,mri_ultrasound,option1,US,exports,2025-Q4,7.87
product,mri_ultrasound,option1,US,exports,2026-Q1,8.6
product,mri_ultrasound,option1,US,exports,2026-Q2,4.91
product,mri_ultrasound,option1,East Asia,exports,2016-Q1,3.28
product,mri_ultrasound,option1,East Asia,exports,2016-Q2,2.29
product,mri_ultrasound,option1,East Asia,exports,2016-Q3,3.13
product,mri_ultrasound,option1,East Asia,exports,2016-Q4,2.98
product,mri_ultrasound,option1,East Asia,exports,2017-Q1,6.09
product,mri_ultrasound,option1,East Asia,exports,2017-Q2,1.41
product,mri_ultrasound,option1,East Asia,exports,2017-Q3,2.46
product,mri_ultrasound,option1,East Asia,exports,2017-Q4,2.07
product,mri_ultrasound,option1,East Asia,exports,2018-Q1,1.65
product,mri_ultrasound,option1,East Asia,exports,2018-Q2,4.33
product,mri_ultrasound,option1,East Asia,exports,2018-Q3,2.22
product,mri_ultrasound,option1,East Asia,exports,2018-Q4,3.25
product,mri_ultrasound,option1,East Asia,exports,2019-Q1,3.9
product,mri_ultrasound,option1,East Asia,exports,2019-Q2,4.73
product,mri_ultrasound,option1,East Asia,exports,2019-Q3,4.26
product,mri_ultrasound,option1,East Asia,exports,2019-Q4,5.29
product,mri_ultrasound,option1,East Asia,exports,2020-Q1,5.68
product,mri_ultrasound,option1,East Asia,exports,2020-Q2,6.11
product,mri_ultrasound,option1,East Asia,exports,2020-Q3,3.08
product,mri_ultrasound,option1,East Asia,exports,2020-Q4,7.94
product,mri_ultrasound,option1,East Asia,exports,2021-Q1,4.04
product,mri_ultrasound,option1,East Asia,exports,2021-Q2,3.06
product,mri_ultrasound,option1,East Asia,exports,2021-Q3,4.64
product,mri_ultrasound,option1,East Asia,exports,2021-Q4,3.53
product,mri_ultrasound,option1,East Asia,exports,2022-Q1,4.03
product,mri_ultrasound,option1,East Asia,exports,2022-Q2,4.49
product,mri_ultrasound,option1,East Asia,exports,2022-Q3,3.88
product,mri_ultrasound,option1,East Asia,exports,2022-Q4,6.47
product,mri_ultrasound,option1,East Asia,exports,2023-Q1,4.15
product,mri_ultrasound,option1,East Asia,exports,2023-Q2,5.36
product,mri_ultrasound,option1,East Asia,exports,2023-Q3,4.13
product,mri_ultrasound,option1,East Asia,exports,2023-Q4,6.47
product,mri_ultrasound,option1,East Asia,exports,2024-Q1,5.17
product,mri_ultrasound,option1,East Asia,exports,2024-Q2,4.48
product,mri_ultrasound,option1,East Asia,exports,2024-Q3,5.92
product,mri_ultrasound,option1,East Asia,exports,2024-Q4,5.01
product,mri_ultrasound,option1,East Asia,exports,2025-Q1,3.01
product,mri_ultrasound,option1,East Asia,exports,2025-Q2,3.93
product,mri_ultrasound,option1,East Asia,exports,2025-Q3,4.61
product,mri_ultrasound,option1,East Asia,exports,2025-Q4,3.56
product,mri_ultrasound,option1,East Asia,exports,2026-Q1,2.3
product,mri_ultrasound,option1,East Asia,exports,2026-Q2,3.91
product,mri_ultrasound,option1,Rest of world,exports,2016-Q1,1.7
product,mri_ultrasound,option1,Rest of world,exports,2016-Q2,2.1
product,mri_ultrasound,option1,Rest of world,exports,2016-Q3,1.94
product,mri_ultrasound,option1,Rest of world,exports,2016-Q4,1.74
product,mri_ultrasound,option1,Rest of world,exports,2017-Q1,1.68
product,mri_ultrasound,option1,Rest of world,exports,2017-Q2,1.49
product,mri_ultrasound,option1,Rest of world,exports,2017-Q3,1.81
product,mri_ultrasound,option1,Rest of world,exports,2017-Q4,1.8
product,mri_ultrasound,option1,Rest of world,exports,2018-Q1,1.57
product,mri_ultrasound,option1,Rest of world,exports,2018-Q2,2.94
product,mri_ultrasound,option1,Rest of world,exports,2018-Q3,2.52
product,mri_ultrasound,option1,Rest of world,exports,2018-Q4,1.6
product,mri_ultrasound,option1,Rest of world,exports,2019-Q1,3.34
product,mri_ultrasound,option1,Rest of world,exports,2019-Q2,3.52
product,mri_ultrasound,option1,Rest of world,exports,2019-Q3,3.73
product,mri_ultrasound,option1,Rest of world,exports,2019-Q4,3.61
product,mri_ultrasound,option1,Rest of world,exports,2020-Q1,1.19
product,mri_ultrasound,option1,Rest of world,exports,2020-Q2,2.1
product,mri_ultrasound,option1,Rest of world,exports,2020-Q3,1.54
product,mri_ultrasound,option1,Rest of world,exports,2020-Q4,3.92
product,mri_ultrasound,option1,Rest of world,exports,2021-Q1,3.5
product,mri_ultrasound,option1,Rest of world,exports,2021-Q2,2.03
product,mri_ultrasound,option1,Rest of world,exports,2021-Q3,2.47
product,mri_ultrasound,option1,Rest of world,exports,2021-Q4,2.61
product,mri_ultrasound,option1,Rest of world,exports,2022-Q1,1.91
product,mri_ultrasound,option1,Rest of world,exports,2022-Q2,3.18
product,mri_ultrasound,option1,Rest of world,exports,2022-Q3,2.31
product,mri_ultrasound,option1,Rest of world,exports,2022-Q4,2.27
product,mri_ultrasound,option1,Rest of world,exports,2023-Q1,2.06
product,mri_ultrasound,option1,Rest of world,exports,2023-Q2,2.03
product,mri_ultrasound,option1,Rest of world,exports,2023-Q3,2.13
product,mri_ultrasound,option1,Rest of world,exports,2023-Q4,2.83
product,mri_ultrasound,option1,Rest of world,exports,2024-Q1,2.74
product,mri_ultrasound,option1,Rest of world,exports,2024-Q2,1.7
product,mri_ultrasound,option1,Rest of world,exports,2024-Q3,1.75
product,mri_ultrasound,option1,Rest of world,exports,2024-Q4,3.63
product,mri_ultrasound,option1,Rest of world,exports,2025-Q1,1.27
product,mri_ultrasound,option1,Rest of world,exports,2025-Q2,3.56
product,mri_ultrasound,option1,Rest of world,exports,2025-Q3,2.61
product,mri_ultrasound,option1,Rest of world,exports,2025-Q4,1.81
product,mri_ultrasound,option1,Rest of world,exports,2026-Q1,2.45
product,mri_ultrasound,option1,Rest of world,exports,2026-Q2,1.68
product,mri_ultrasound,option2,China incl. Hong Kong,exports,2016-Q1,2.05
product,mri_ultrasound,option2,China incl. Hong Kong,exports,2016-Q2,1.34
product,mri_ultrasound,option2,China incl. Hong Kong,exports,2016-Q3,1.77
product,mri_ultrasound,option2,China incl. Hong Kong,exports,2016-Q4,1.35
product,mri_ultrasound,option2,China incl. Hong Kong,exports,2017-Q1,0.94
product,mri_ultrasound,option2,China incl. Hong Kong,exports,2017-Q2,0.88
product,mri_ultrasound,option2,China incl. Hong Kong,exports,2017-Q3,1.2
product,mri_ultrasound,option2,China incl. Hong Kong,exports,2017-Q4,1.18
product,mri_ultrasound,option2,China incl. Hong Kong,exports,2018-Q1,0.92
product,mri_ultrasound,option2,China incl. Hong Kong,exports,2018-Q2,1.56
product,mri_ultrasound,option2,China incl. Hong Kong,exports,2018-Q3,1.02
product,mri_ultrasound,option2,China incl. Hong Kong,exports,2018-Q4,1.42
product,mri_ultrasound,option2,China incl. Hong Kong,exports,2019-Q1,1.19
product,mri_ultrasound,option2,China incl. Hong Kong,exports,2019-Q2,1.54
product,mri_ultrasound,option2,China incl. Hong Kong,exports,2019-Q3,1.76
product,mri_ultrasound,option2,China incl. Hong Kong,exports,2019-Q4,3.44
product,mri_ultrasound,option2,China incl. Hong Kong,exports,2020-Q1,2.23
product,mri_ultrasound,option2,China incl. Hong Kong,exports,2020-Q2,3.63
product,mri_ultrasound,option2,China incl. Hong Kong,exports,2020-Q3,1.86
product,mri_ultrasound,option2,China incl. Hong Kong,exports,2020-Q4,4.98
product,mri_ultrasound,option2,China incl. Hong Kong,exports,2021-Q1,1.85
product,mri_ultrasound,option2,China incl. Hong Kong,exports,2021-Q2,1.46
product,mri_ultrasound,option2,China incl. Hong Kong,exports,2021-Q3,1.08
product,mri_ultrasound,option2,China incl. Hong Kong,exports,2021-Q4,1.56
product,mri_ultrasound,option2,China incl. Hong Kong,exports,2022-Q1,1.37
product,mri_ultrasound,option2,China incl. Hong Kong,exports,2022-Q2,1.21
product,mri_ultrasound,option2,China incl. Hong Kong,exports,2022-Q3,2.27
product,mri_ultrasound,option2,China incl. Hong Kong,exports,2022-Q4,2.1
product,mri_ultrasound,option2,China incl. Hong Kong,exports,2023-Q1,2.5
product,mri_ultrasound,option2,China incl. Hong Kong,exports,2023-Q2,2.54
product,mri_ultrasound,option2,China incl. Hong Kong,exports,2023-Q3,2.31
product,mri_ultrasound,option2,China incl. Hong Kong,exports,2023-Q4,2.85
product,mri_ultrasound,option2,China incl. Hong Kong,exports,2024-Q1,2.04
product,mri_ultrasound,option2,China incl. Hong Kong,exports,2024-Q2,1.51
product,mri_ultrasound,option2,China incl. Hong Kong,exports,2024-Q3,3.82
product,mri_ultrasound,option2,China incl. Hong Kong,exports,2024-Q4,3.21
product,mri_ultrasound,option2,China incl. Hong Kong,exports,2025-Q1,1.42
product,mri_ultrasound,option2,China incl. Hong Kong,exports,2025-Q2,2.35
product,mri_ultrasound,option2,China incl. Hong Kong,exports,2025-Q3,3.09
product,mri_ultrasound,option2,China incl. Hong Kong,exports,2025-Q4,1.51
product,mri_ultrasound,option2,China incl. Hong Kong,exports,2026-Q1,0.73
product,mri_ultrasound,option2,China incl. Hong Kong,exports,2026-Q2,2.43
product,mri_ultrasound,option2,Japan,exports,2016-Q1,1.0
product,mri_ultrasound,option2,Japan,exports,2016-Q2,0.71
product,mri_ultrasound,option2,Japan,exports,2016-Q3,1.11
product,mri_ultrasound,option2,Japan,exports,2016-Q4,1.4
product,mri_ultrasound,option2,Japan,exports,2017-Q1,5.09
product,mri_ultrasound,option2,Japan,exports,2017-Q2,0.49
product,mri_ultrasound,option2,Japan,exports,2017-Q3,1.16
product,mri_ultrasound,option2,Japan,exports,2017-Q4,0.21
product,mri_ultrasound,option2,Japan,exports,2018-Q1,0.42
product,mri_ultrasound,option2,Japan,exports,2018-Q2,1.49
product,mri_ultrasound,option2,Japan,exports,2018-Q3,1.16
product,mri_ultrasound,option2,Japan,exports,2018-Q4,1.8
product,mri_ultrasound,option2,Japan,exports,2019-Q1,1.95
product,mri_ultrasound,option2,Japan,exports,2019-Q2,2.15
product,mri_ultrasound,option2,Japan,exports,2019-Q3,2.49
product,mri_ultrasound,option2,Japan,exports,2019-Q4,1.26
product,mri_ultrasound,option2,Japan,exports,2020-Q1,2.72
product,mri_ultrasound,option2,Japan,exports,2020-Q2,1.77
product,mri_ultrasound,option2,Japan,exports,2020-Q3,0.85
product,mri_ultrasound,option2,Japan,exports,2020-Q4,1.62
product,mri_ultrasound,option2,Japan,exports,2021-Q1,1.14
product,mri_ultrasound,option2,Japan,exports,2021-Q2,1.48
product,mri_ultrasound,option2,Japan,exports,2021-Q3,3.46
product,mri_ultrasound,option2,Japan,exports,2021-Q4,1.55
product,mri_ultrasound,option2,Japan,exports,2022-Q1,2.58
product,mri_ultrasound,option2,Japan,exports,2022-Q2,3.21
product,mri_ultrasound,option2,Japan,exports,2022-Q3,1.48
product,mri_ultrasound,option2,Japan,exports,2022-Q4,4.31
product,mri_ultrasound,option2,Japan,exports,2023-Q1,1.54
product,mri_ultrasound,option2,Japan,exports,2023-Q2,2.29
product,mri_ultrasound,option2,Japan,exports,2023-Q3,1.52
product,mri_ultrasound,option2,Japan,exports,2023-Q4,3.27
product,mri_ultrasound,option2,Japan,exports,2024-Q1,3.05
product,mri_ultrasound,option2,Japan,exports,2024-Q2,2.89
product,mri_ultrasound,option2,Japan,exports,2024-Q3,2.05
product,mri_ultrasound,option2,Japan,exports,2024-Q4,1.73
product,mri_ultrasound,option2,Japan,exports,2025-Q1,1.46
product,mri_ultrasound,option2,Japan,exports,2025-Q2,1.54
product,mri_ultrasound,option2,Japan,exports,2025-Q3,1.42
product,mri_ultrasound,option2,Japan,exports,2025-Q4,1.97
product,mri_ultrasound,option2,Japan,exports,2026-Q1,1.5
product,mri_ultrasound,option2,Japan,exports,2026-Q2,1.44
product,mri_ultrasound,option2,South Korea,exports,2016-Q1,0.22
product,mri_ultrasound,option2,South Korea,exports,2016-Q2,0.24
product,mri_ultrasound,option2,South Korea,exports,2016-Q3,0.2
product,mri_ultrasound,option2,South Korea,exports,2016-Q4,0.02
product,mri_ultrasound,option2,South Korea,exports,2017-Q1,0.04
product,mri_ultrasound,option2,South Korea,exports,2017-Q2,0.02
product,mri_ultrasound,option2,South Korea,exports,2017-Q3,0.09
product,mri_ultrasound,option2,South Korea,exports,2017-Q4,0.67
product,mri_ultrasound,option2,South Korea,exports,2018-Q1,0.3
product,mri_ultrasound,option2,South Korea,exports,2018-Q2,1.27
product,mri_ultrasound,option2,South Korea,exports,2018-Q3,0.04
product,mri_ultrasound,option2,South Korea,exports,2018-Q4,0.03
product,mri_ultrasound,option2,South Korea,exports,2019-Q1,0.77
product,mri_ultrasound,option2,South Korea,exports,2019-Q2,1.05
product,mri_ultrasound,option2,South Korea,exports,2019-Q3,0.02
product,mri_ultrasound,option2,South Korea,exports,2019-Q4,0.02
product,mri_ultrasound,option2,South Korea,exports,2020-Q1,0.53
product,mri_ultrasound,option2,South Korea,exports,2020-Q2,0.51
product,mri_ultrasound,option2,South Korea,exports,2020-Q3,0.37
product,mri_ultrasound,option2,South Korea,exports,2020-Q4,1.26
product,mri_ultrasound,option2,South Korea,exports,2021-Q1,1.04
product,mri_ultrasound,option2,South Korea,exports,2021-Q2,0.09
product,mri_ultrasound,option2,South Korea,exports,2021-Q3,0.1
product,mri_ultrasound,option2,South Korea,exports,2021-Q4,0.41
product,mri_ultrasound,option2,South Korea,exports,2022-Q1,0.07
product,mri_ultrasound,option2,South Korea,exports,2022-Q2,0.05
product,mri_ultrasound,option2,South Korea,exports,2022-Q3,0.12
product,mri_ultrasound,option2,South Korea,exports,2022-Q4,0.03
product,mri_ultrasound,option2,South Korea,exports,2023-Q1,0.11
product,mri_ultrasound,option2,South Korea,exports,2023-Q2,0.5
product,mri_ultrasound,option2,South Korea,exports,2023-Q3,0.28
product,mri_ultrasound,option2,South Korea,exports,2023-Q4,0.35
product,mri_ultrasound,option2,South Korea,exports,2024-Q1,0.09
product,mri_ultrasound,option2,South Korea,exports,2024-Q2,0.07
product,mri_ultrasound,option2,South Korea,exports,2024-Q3,0.05
product,mri_ultrasound,option2,South Korea,exports,2024-Q4,0.07
product,mri_ultrasound,option2,South Korea,exports,2025-Q1,0.13
product,mri_ultrasound,option2,South Korea,exports,2025-Q2,0.04
product,mri_ultrasound,option2,South Korea,exports,2025-Q3,0.06
product,mri_ultrasound,option2,South Korea,exports,2025-Q4,0.07
product,mri_ultrasound,option2,South Korea,exports,2026-Q1,0.06
product,mri_ultrasound,option2,South Korea,exports,2026-Q2,0.04
product,mri_ultrasound,option2,Taiwan,exports,2016-Q1,0.02
product,mri_ultrasound,option2,Taiwan,exports,2016-Q2,0.0
product,mri_ultrasound,option2,Taiwan,exports,2016-Q3,0.05
product,mri_ultrasound,option2,Taiwan,exports,2016-Q4,0.22
product,mri_ultrasound,option2,Taiwan,exports,2017-Q1,0.01
product,mri_ultrasound,option2,Taiwan,exports,2017-Q2,0.01
product,mri_ultrasound,option2,Taiwan,exports,2017-Q3,0.01
product,mri_ultrasound,option2,Taiwan,exports,2017-Q4,0.02
product,mri_ultrasound,option2,Taiwan,exports,2018-Q1,0.01
product,mri_ultrasound,option2,Taiwan,exports,2018-Q2,0.01
product,mri_ultrasound,option2,Taiwan,exports,2018-Q3,0.01
product,mri_ultrasound,option2,Taiwan,exports,2018-Q4,0.0
product,mri_ultrasound,option2,Taiwan,exports,2019-Q1,0.0
product,mri_ultrasound,option2,Taiwan,exports,2019-Q2,0.0
product,mri_ultrasound,option2,Taiwan,exports,2019-Q3,0.0
product,mri_ultrasound,option2,Taiwan,exports,2019-Q4,0.58
product,mri_ultrasound,option2,Taiwan,exports,2020-Q1,0.2
product,mri_ultrasound,option2,Taiwan,exports,2020-Q2,0.2
product,mri_ultrasound,option2,Taiwan,exports,2020-Q3,0.0
product,mri_ultrasound,option2,Taiwan,exports,2020-Q4,0.08
product,mri_ultrasound,option2,Taiwan,exports,2021-Q1,0.0
product,mri_ultrasound,option2,Taiwan,exports,2021-Q2,0.02
product,mri_ultrasound,option2,Taiwan,exports,2021-Q3,0.0
product,mri_ultrasound,option2,Taiwan,exports,2021-Q4,0.0
product,mri_ultrasound,option2,Taiwan,exports,2022-Q1,0.01
product,mri_ultrasound,option2,Taiwan,exports,2022-Q2,0.01
product,mri_ultrasound,option2,Taiwan,exports,2022-Q3,0.02
product,mri_ultrasound,option2,Taiwan,exports,2022-Q4,0.03
product,mri_ultrasound,option2,Taiwan,exports,2023-Q1,0.0
product,mri_ultrasound,option2,Taiwan,exports,2023-Q2,0.04
product,mri_ultrasound,option2,Taiwan,exports,2023-Q3,0.02
product,mri_ultrasound,option2,Taiwan,exports,2023-Q4,0.01
product,mri_ultrasound,option2,Taiwan,exports,2024-Q1,0.0
product,mri_ultrasound,option2,Taiwan,exports,2024-Q2,0.01
product,mri_ultrasound,option2,Taiwan,exports,2024-Q3,0.0
product,mri_ultrasound,option2,Taiwan,exports,2024-Q4,0.0
product,mri_ultrasound,option2,Taiwan,exports,2025-Q1,0.0
product,mri_ultrasound,option2,Taiwan,exports,2025-Q2,0.0
product,mri_ultrasound,option2,Taiwan,exports,2025-Q3,0.03
product,mri_ultrasound,option2,Taiwan,exports,2025-Q4,0.01
product,mri_ultrasound,option2,Taiwan,exports,2026-Q1,0.01
product,mri_ultrasound,option2,Taiwan,exports,2026-Q2,0.0
product,mri_ultrasound,option1,EU,imports,2016-Q1,38.61
product,mri_ultrasound,option1,EU,imports,2016-Q2,31.37
product,mri_ultrasound,option1,EU,imports,2016-Q3,32.63
product,mri_ultrasound,option1,EU,imports,2016-Q4,22.82
product,mri_ultrasound,option1,EU,imports,2017-Q1,41.05
product,mri_ultrasound,option1,EU,imports,2017-Q2,26.47
product,mri_ultrasound,option1,EU,imports,2017-Q3,17.73
product,mri_ultrasound,option1,EU,imports,2017-Q4,24.77
product,mri_ultrasound,option1,EU,imports,2018-Q1,29.57
product,mri_ultrasound,option1,EU,imports,2018-Q2,24.51
product,mri_ultrasound,option1,EU,imports,2018-Q3,20.54
product,mri_ultrasound,option1,EU,imports,2018-Q4,20.56
product,mri_ultrasound,option1,EU,imports,2019-Q1,36.29
product,mri_ultrasound,option1,EU,imports,2019-Q2,31.05
product,mri_ultrasound,option1,EU,imports,2019-Q3,27.14
product,mri_ultrasound,option1,EU,imports,2019-Q4,21.28
product,mri_ultrasound,option1,EU,imports,2020-Q1,45.75
product,mri_ultrasound,option1,EU,imports,2020-Q2,18.25
product,mri_ultrasound,option1,EU,imports,2020-Q3,16.55
product,mri_ultrasound,option1,EU,imports,2020-Q4,31.12
product,mri_ultrasound,option1,EU,imports,2021-Q1,52.44
product,mri_ultrasound,option1,EU,imports,2021-Q2,29.64
product,mri_ultrasound,option1,EU,imports,2021-Q3,25.81
product,mri_ultrasound,option1,EU,imports,2021-Q4,17.23
product,mri_ultrasound,option1,EU,imports,2022-Q1,55.98
product,mri_ultrasound,option1,EU,imports,2022-Q2,52.45
product,mri_ultrasound,option1,EU,imports,2022-Q3,49.81
product,mri_ultrasound,option1,EU,imports,2022-Q4,42.67
product,mri_ultrasound,option1,EU,imports,2023-Q1,66.97
product,mri_ultrasound,option1,EU,imports,2023-Q2,51.5
product,mri_ultrasound,option1,EU,imports,2023-Q3,44.03
product,mri_ultrasound,option1,EU,imports,2023-Q4,39.92
product,mri_ultrasound,option1,EU,imports,2024-Q1,67.4
product,mri_ultrasound,option1,EU,imports,2024-Q2,50.51
product,mri_ultrasound,option1,EU,imports,2024-Q3,41.91
product,mri_ultrasound,option1,EU,imports,2024-Q4,53.9
product,mri_ultrasound,option1,EU,imports,2025-Q1,75.51
product,mri_ultrasound,option1,EU,imports,2025-Q2,34.59
product,mri_ultrasound,option1,EU,imports,2025-Q3,42.77
product,mri_ultrasound,option1,EU,imports,2025-Q4,40.39
product,mri_ultrasound,option1,EU,imports,2026-Q1,85.46
product,mri_ultrasound,option1,EU,imports,2026-Q2,35.67
product,mri_ultrasound,option1,US,imports,2016-Q1,13.65
product,mri_ultrasound,option1,US,imports,2016-Q2,9.13
product,mri_ultrasound,option1,US,imports,2016-Q3,7.01
product,mri_ultrasound,option1,US,imports,2016-Q4,9.95
product,mri_ultrasound,option1,US,imports,2017-Q1,10.37
product,mri_ultrasound,option1,US,imports,2017-Q2,8.47
product,mri_ultrasound,option1,US,imports,2017-Q3,7.11
product,mri_ultrasound,option1,US,imports,2017-Q4,8.0
product,mri_ultrasound,option1,US,imports,2018-Q1,11.44
product,mri_ultrasound,option1,US,imports,2018-Q2,9.07
product,mri_ultrasound,option1,US,imports,2018-Q3,7.96
product,mri_ultrasound,option1,US,imports,2018-Q4,10.38
product,mri_ultrasound,option1,US,imports,2019-Q1,13.05
product,mri_ultrasound,option1,US,imports,2019-Q2,9.79
product,mri_ultrasound,option1,US,imports,2019-Q3,8.49
product,mri_ultrasound,option1,US,imports,2019-Q4,8.79
product,mri_ultrasound,option1,US,imports,2020-Q1,22.66
product,mri_ultrasound,option1,US,imports,2020-Q2,22.38
product,mri_ultrasound,option1,US,imports,2020-Q3,9.23
product,mri_ultrasound,option1,US,imports,2020-Q4,10.26
product,mri_ultrasound,option1,US,imports,2021-Q1,12.16
product,mri_ultrasound,option1,US,imports,2021-Q2,5.44
product,mri_ultrasound,option1,US,imports,2021-Q3,5.19
product,mri_ultrasound,option1,US,imports,2021-Q4,5.56
product,mri_ultrasound,option1,US,imports,2022-Q1,12.95
product,mri_ultrasound,option1,US,imports,2022-Q2,10.4
product,mri_ultrasound,option1,US,imports,2022-Q3,11.58
product,mri_ultrasound,option1,US,imports,2022-Q4,11.51
product,mri_ultrasound,option1,US,imports,2023-Q1,17.91
product,mri_ultrasound,option1,US,imports,2023-Q2,6.85
product,mri_ultrasound,option1,US,imports,2023-Q3,6.5
product,mri_ultrasound,option1,US,imports,2023-Q4,6.12
product,mri_ultrasound,option1,US,imports,2024-Q1,12.95
product,mri_ultrasound,option1,US,imports,2024-Q2,5.34
product,mri_ultrasound,option1,US,imports,2024-Q3,4.52
product,mri_ultrasound,option1,US,imports,2024-Q4,6.15
product,mri_ultrasound,option1,US,imports,2025-Q1,10.37
product,mri_ultrasound,option1,US,imports,2025-Q2,3.92
product,mri_ultrasound,option1,US,imports,2025-Q3,4.65
product,mri_ultrasound,option1,US,imports,2025-Q4,6.56
product,mri_ultrasound,option1,US,imports,2026-Q1,16.33
product,mri_ultrasound,option1,US,imports,2026-Q2,6.52
product,mri_ultrasound,option1,East Asia,imports,2016-Q1,3.39
product,mri_ultrasound,option1,East Asia,imports,2016-Q2,3.47
product,mri_ultrasound,option1,East Asia,imports,2016-Q3,3.84
product,mri_ultrasound,option1,East Asia,imports,2016-Q4,2.52
product,mri_ultrasound,option1,East Asia,imports,2017-Q1,2.0
product,mri_ultrasound,option1,East Asia,imports,2017-Q2,1.91
product,mri_ultrasound,option1,East Asia,imports,2017-Q3,3.32
product,mri_ultrasound,option1,East Asia,imports,2017-Q4,1.62
product,mri_ultrasound,option1,East Asia,imports,2018-Q1,3.13
product,mri_ultrasound,option1,East Asia,imports,2018-Q2,2.97
product,mri_ultrasound,option1,East Asia,imports,2018-Q3,1.99
product,mri_ultrasound,option1,East Asia,imports,2018-Q4,5.45
product,mri_ultrasound,option1,East Asia,imports,2019-Q1,5.81
product,mri_ultrasound,option1,East Asia,imports,2019-Q2,4.97
product,mri_ultrasound,option1,East Asia,imports,2019-Q3,2.68
product,mri_ultrasound,option1,East Asia,imports,2019-Q4,3.4
product,mri_ultrasound,option1,East Asia,imports,2020-Q1,9.86
product,mri_ultrasound,option1,East Asia,imports,2020-Q2,16.11
product,mri_ultrasound,option1,East Asia,imports,2020-Q3,9.41
product,mri_ultrasound,option1,East Asia,imports,2020-Q4,6.08
product,mri_ultrasound,option1,East Asia,imports,2021-Q1,12.01
product,mri_ultrasound,option1,East Asia,imports,2021-Q2,8.38
product,mri_ultrasound,option1,East Asia,imports,2021-Q3,8.22
product,mri_ultrasound,option1,East Asia,imports,2021-Q4,6.37
product,mri_ultrasound,option1,East Asia,imports,2022-Q1,13.96
product,mri_ultrasound,option1,East Asia,imports,2022-Q2,8.28
product,mri_ultrasound,option1,East Asia,imports,2022-Q3,5.02
product,mri_ultrasound,option1,East Asia,imports,2022-Q4,7.62
product,mri_ultrasound,option1,East Asia,imports,2023-Q1,7.81
product,mri_ultrasound,option1,East Asia,imports,2023-Q2,4.21
product,mri_ultrasound,option1,East Asia,imports,2023-Q3,4.46
product,mri_ultrasound,option1,East Asia,imports,2023-Q4,5.72
product,mri_ultrasound,option1,East Asia,imports,2024-Q1,9.44
product,mri_ultrasound,option1,East Asia,imports,2024-Q2,5.8
product,mri_ultrasound,option1,East Asia,imports,2024-Q3,5.2
product,mri_ultrasound,option1,East Asia,imports,2024-Q4,6.78
product,mri_ultrasound,option1,East Asia,imports,2025-Q1,8.94
product,mri_ultrasound,option1,East Asia,imports,2025-Q2,4.94
product,mri_ultrasound,option1,East Asia,imports,2025-Q3,6.13
product,mri_ultrasound,option1,East Asia,imports,2025-Q4,8.2
product,mri_ultrasound,option1,East Asia,imports,2026-Q1,18.11
product,mri_ultrasound,option1,East Asia,imports,2026-Q2,7.22
product,mri_ultrasound,option1,Rest of world,imports,2016-Q1,1.56
product,mri_ultrasound,option1,Rest of world,imports,2016-Q2,0.73
product,mri_ultrasound,option1,Rest of world,imports,2016-Q3,1.08
product,mri_ultrasound,option1,Rest of world,imports,2016-Q4,2.01
product,mri_ultrasound,option1,Rest of world,imports,2017-Q1,1.8
product,mri_ultrasound,option1,Rest of world,imports,2017-Q2,0.88
product,mri_ultrasound,option1,Rest of world,imports,2017-Q3,0.81
product,mri_ultrasound,option1,Rest of world,imports,2017-Q4,1.16
product,mri_ultrasound,option1,Rest of world,imports,2018-Q1,1.5
product,mri_ultrasound,option1,Rest of world,imports,2018-Q2,1.17
product,mri_ultrasound,option1,Rest of world,imports,2018-Q3,1.16
product,mri_ultrasound,option1,Rest of world,imports,2018-Q4,1.95
product,mri_ultrasound,option1,Rest of world,imports,2019-Q1,1.3
product,mri_ultrasound,option1,Rest of world,imports,2019-Q2,1.55
product,mri_ultrasound,option1,Rest of world,imports,2019-Q3,0.69
product,mri_ultrasound,option1,Rest of world,imports,2019-Q4,1.54
product,mri_ultrasound,option1,Rest of world,imports,2020-Q1,2.63
product,mri_ultrasound,option1,Rest of world,imports,2020-Q2,0.92
product,mri_ultrasound,option1,Rest of world,imports,2020-Q3,1.49
product,mri_ultrasound,option1,Rest of world,imports,2020-Q4,1.68
product,mri_ultrasound,option1,Rest of world,imports,2021-Q1,2.5
product,mri_ultrasound,option1,Rest of world,imports,2021-Q2,1.75
product,mri_ultrasound,option1,Rest of world,imports,2021-Q3,2.59
product,mri_ultrasound,option1,Rest of world,imports,2021-Q4,1.47
product,mri_ultrasound,option1,Rest of world,imports,2022-Q1,3.74
product,mri_ultrasound,option1,Rest of world,imports,2022-Q2,2.86
product,mri_ultrasound,option1,Rest of world,imports,2022-Q3,2.15
product,mri_ultrasound,option1,Rest of world,imports,2022-Q4,2.19
product,mri_ultrasound,option1,Rest of world,imports,2023-Q1,6.01
product,mri_ultrasound,option1,Rest of world,imports,2023-Q2,1.88
product,mri_ultrasound,option1,Rest of world,imports,2023-Q3,2.2
product,mri_ultrasound,option1,Rest of world,imports,2023-Q4,2.62
product,mri_ultrasound,option1,Rest of world,imports,2024-Q1,3.47
product,mri_ultrasound,option1,Rest of world,imports,2024-Q2,3.4
product,mri_ultrasound,option1,Rest of world,imports,2024-Q3,1.93
product,mri_ultrasound,option1,Rest of world,imports,2024-Q4,2.87
product,mri_ultrasound,option1,Rest of world,imports,2025-Q1,5.05
product,mri_ultrasound,option1,Rest of world,imports,2025-Q2,2.21
product,mri_ultrasound,option1,Rest of world,imports,2025-Q3,1.29
product,mri_ultrasound,option1,Rest of world,imports,2025-Q4,2.12
product,mri_ultrasound,option1,Rest of world,imports,2026-Q1,2.22
product,mri_ultrasound,option1,Rest of world,imports,2026-Q2,2.19
product,mri_ultrasound,option2,China incl. Hong Kong,imports,2016-Q1,2.08
product,mri_ultrasound,option2,China incl. Hong Kong,imports,2016-Q2,2.75
product,mri_ultrasound,option2,China incl. Hong Kong,imports,2016-Q3,2.9
product,mri_ultrasound,option2,China incl. Hong Kong,imports,2016-Q4,1.73
product,mri_ultrasound,option2,China incl. Hong Kong,imports,2017-Q1,0.61
product,mri_ultrasound,option2,China incl. Hong Kong,imports,2017-Q2,1.22
product,mri_ultrasound,option2,China incl. Hong Kong,imports,2017-Q3,2.29
product,mri_ultrasound,option2,China incl. Hong Kong,imports,2017-Q4,0.48
product,mri_ultrasound,option2,China incl. Hong Kong,imports,2018-Q1,0.87
product,mri_ultrasound,option2,China incl. Hong Kong,imports,2018-Q2,0.77
product,mri_ultrasound,option2,China incl. Hong Kong,imports,2018-Q3,0.51
product,mri_ultrasound,option2,China incl. Hong Kong,imports,2018-Q4,2.58
product,mri_ultrasound,option2,China incl. Hong Kong,imports,2019-Q1,2.06
product,mri_ultrasound,option2,China incl. Hong Kong,imports,2019-Q2,2.87
product,mri_ultrasound,option2,China incl. Hong Kong,imports,2019-Q3,1.33
product,mri_ultrasound,option2,China incl. Hong Kong,imports,2019-Q4,1.71
product,mri_ultrasound,option2,China incl. Hong Kong,imports,2020-Q1,5.68
product,mri_ultrasound,option2,China incl. Hong Kong,imports,2020-Q2,3.84
product,mri_ultrasound,option2,China incl. Hong Kong,imports,2020-Q3,4.0
product,mri_ultrasound,option2,China incl. Hong Kong,imports,2020-Q4,3.62
product,mri_ultrasound,option2,China incl. Hong Kong,imports,2021-Q1,5.31
product,mri_ultrasound,option2,China incl. Hong Kong,imports,2021-Q2,5.97
product,mri_ultrasound,option2,China incl. Hong Kong,imports,2021-Q3,6.27
product,mri_ultrasound,option2,China incl. Hong Kong,imports,2021-Q4,4.35
product,mri_ultrasound,option2,China incl. Hong Kong,imports,2022-Q1,4.63
product,mri_ultrasound,option2,China incl. Hong Kong,imports,2022-Q2,6.11
product,mri_ultrasound,option2,China incl. Hong Kong,imports,2022-Q3,3.71
product,mri_ultrasound,option2,China incl. Hong Kong,imports,2022-Q4,6.23
product,mri_ultrasound,option2,China incl. Hong Kong,imports,2023-Q1,4.76
product,mri_ultrasound,option2,China incl. Hong Kong,imports,2023-Q2,3.9
product,mri_ultrasound,option2,China incl. Hong Kong,imports,2023-Q3,3.95
product,mri_ultrasound,option2,China incl. Hong Kong,imports,2023-Q4,3.85
product,mri_ultrasound,option2,China incl. Hong Kong,imports,2024-Q1,4.69
product,mri_ultrasound,option2,China incl. Hong Kong,imports,2024-Q2,3.72
product,mri_ultrasound,option2,China incl. Hong Kong,imports,2024-Q3,4.02
product,mri_ultrasound,option2,China incl. Hong Kong,imports,2024-Q4,4.44
product,mri_ultrasound,option2,China incl. Hong Kong,imports,2025-Q1,6.43
product,mri_ultrasound,option2,China incl. Hong Kong,imports,2025-Q2,3.37
product,mri_ultrasound,option2,China incl. Hong Kong,imports,2025-Q3,4.71
product,mri_ultrasound,option2,China incl. Hong Kong,imports,2025-Q4,6.46
product,mri_ultrasound,option2,China incl. Hong Kong,imports,2026-Q1,8.5
product,mri_ultrasound,option2,China incl. Hong Kong,imports,2026-Q2,6.04
product,mri_ultrasound,option2,Japan,imports,2016-Q1,0.47
product,mri_ultrasound,option2,Japan,imports,2016-Q2,0.21
product,mri_ultrasound,option2,Japan,imports,2016-Q3,0.47
product,mri_ultrasound,option2,Japan,imports,2016-Q4,0.36
product,mri_ultrasound,option2,Japan,imports,2017-Q1,0.94
product,mri_ultrasound,option2,Japan,imports,2017-Q2,0.38
product,mri_ultrasound,option2,Japan,imports,2017-Q3,0.79
product,mri_ultrasound,option2,Japan,imports,2017-Q4,0.21
product,mri_ultrasound,option2,Japan,imports,2018-Q1,0.77
product,mri_ultrasound,option2,Japan,imports,2018-Q2,0.82
product,mri_ultrasound,option2,Japan,imports,2018-Q3,0.53
product,mri_ultrasound,option2,Japan,imports,2018-Q4,1.01
product,mri_ultrasound,option2,Japan,imports,2019-Q1,1.07
product,mri_ultrasound,option2,Japan,imports,2019-Q2,0.76
product,mri_ultrasound,option2,Japan,imports,2019-Q3,0.14
product,mri_ultrasound,option2,Japan,imports,2019-Q4,0.25
product,mri_ultrasound,option2,Japan,imports,2020-Q1,0.26
product,mri_ultrasound,option2,Japan,imports,2020-Q2,0.14
product,mri_ultrasound,option2,Japan,imports,2020-Q3,0.11
product,mri_ultrasound,option2,Japan,imports,2020-Q4,0.69
product,mri_ultrasound,option2,Japan,imports,2021-Q1,0.34
product,mri_ultrasound,option2,Japan,imports,2021-Q2,0.13
product,mri_ultrasound,option2,Japan,imports,2021-Q3,0.16
product,mri_ultrasound,option2,Japan,imports,2021-Q4,0.16
product,mri_ultrasound,option2,Japan,imports,2022-Q1,0.11
product,mri_ultrasound,option2,Japan,imports,2022-Q2,0.1
product,mri_ultrasound,option2,Japan,imports,2022-Q3,0.06
product,mri_ultrasound,option2,Japan,imports,2022-Q4,0.08
product,mri_ultrasound,option2,Japan,imports,2023-Q1,0.06
product,mri_ultrasound,option2,Japan,imports,2023-Q2,0.01
product,mri_ultrasound,option2,Japan,imports,2023-Q3,0.12
product,mri_ultrasound,option2,Japan,imports,2023-Q4,0.11
product,mri_ultrasound,option2,Japan,imports,2024-Q1,0.05
product,mri_ultrasound,option2,Japan,imports,2024-Q2,0.13
product,mri_ultrasound,option2,Japan,imports,2024-Q3,0.15
product,mri_ultrasound,option2,Japan,imports,2024-Q4,0.06
product,mri_ultrasound,option2,Japan,imports,2025-Q1,0.15
product,mri_ultrasound,option2,Japan,imports,2025-Q2,0.18
product,mri_ultrasound,option2,Japan,imports,2025-Q3,0.11
product,mri_ultrasound,option2,Japan,imports,2025-Q4,0.17
product,mri_ultrasound,option2,Japan,imports,2026-Q1,0.07
product,mri_ultrasound,option2,Japan,imports,2026-Q2,0.38
product,mri_ultrasound,option2,South Korea,imports,2016-Q1,0.72
product,mri_ultrasound,option2,South Korea,imports,2016-Q2,0.25
product,mri_ultrasound,option2,South Korea,imports,2016-Q3,0.41
product,mri_ultrasound,option2,South Korea,imports,2016-Q4,0.29
product,mri_ultrasound,option2,South Korea,imports,2017-Q1,0.44
product,mri_ultrasound,option2,South Korea,imports,2017-Q2,0.18
product,mri_ultrasound,option2,South Korea,imports,2017-Q3,0.21
product,mri_ultrasound,option2,South Korea,imports,2017-Q4,0.94
product,mri_ultrasound,option2,South Korea,imports,2018-Q1,1.3
product,mri_ultrasound,option2,South Korea,imports,2018-Q2,1.36
product,mri_ultrasound,option2,South Korea,imports,2018-Q3,0.87
product,mri_ultrasound,option2,South Korea,imports,2018-Q4,1.86
product,mri_ultrasound,option2,South Korea,imports,2019-Q1,2.67
product,mri_ultrasound,option2,South Korea,imports,2019-Q2,1.21
product,mri_ultrasound,option2,South Korea,imports,2019-Q3,1.09
product,mri_ultrasound,option2,South Korea,imports,2019-Q4,1.2
product,mri_ultrasound,option2,South Korea,imports,2020-Q1,3.42
product,mri_ultrasound,option2,South Korea,imports,2020-Q2,12.08
product,mri_ultrasound,option2,South Korea,imports,2020-Q3,5.3
product,mri_ultrasound,option2,South Korea,imports,2020-Q4,1.6
product,mri_ultrasound,option2,South Korea,imports,2021-Q1,6.34
product,mri_ultrasound,option2,South Korea,imports,2021-Q2,2.2
product,mri_ultrasound,option2,South Korea,imports,2021-Q3,1.73
product,mri_ultrasound,option2,South Korea,imports,2021-Q4,1.78
product,mri_ultrasound,option2,South Korea,imports,2022-Q1,9.09
product,mri_ultrasound,option2,South Korea,imports,2022-Q2,2.02
product,mri_ultrasound,option2,South Korea,imports,2022-Q3,1.24
product,mri_ultrasound,option2,South Korea,imports,2022-Q4,1.3
product,mri_ultrasound,option2,South Korea,imports,2023-Q1,2.91
product,mri_ultrasound,option2,South Korea,imports,2023-Q2,0.29
product,mri_ultrasound,option2,South Korea,imports,2023-Q3,0.38
product,mri_ultrasound,option2,South Korea,imports,2023-Q4,1.74
product,mri_ultrasound,option2,South Korea,imports,2024-Q1,4.7
product,mri_ultrasound,option2,South Korea,imports,2024-Q2,1.93
product,mri_ultrasound,option2,South Korea,imports,2024-Q3,1.01
product,mri_ultrasound,option2,South Korea,imports,2024-Q4,2.2
product,mri_ultrasound,option2,South Korea,imports,2025-Q1,2.3
product,mri_ultrasound,option2,South Korea,imports,2025-Q2,1.1
product,mri_ultrasound,option2,South Korea,imports,2025-Q3,1.3
product,mri_ultrasound,option2,South Korea,imports,2025-Q4,1.45
product,mri_ultrasound,option2,South Korea,imports,2026-Q1,9.16
product,mri_ultrasound,option2,South Korea,imports,2026-Q2,0.69
product,mri_ultrasound,option2,Taiwan,imports,2016-Q1,0.11
product,mri_ultrasound,option2,Taiwan,imports,2016-Q2,0.25
product,mri_ultrasound,option2,Taiwan,imports,2016-Q3,0.05
product,mri_ultrasound,option2,Taiwan,imports,2016-Q4,0.13
product,mri_ultrasound,option2,Taiwan,imports,2017-Q1,0.0
product,mri_ultrasound,option2,Taiwan,imports,2017-Q2,0.13
product,mri_ultrasound,option2,Taiwan,imports,2017-Q3,0.03
product,mri_ultrasound,option2,Taiwan,imports,2017-Q4,0.0
product,mri_ultrasound,option2,Taiwan,imports,2018-Q1,0.19
product,mri_ultrasound,option2,Taiwan,imports,2018-Q2,0.03
product,mri_ultrasound,option2,Taiwan,imports,2018-Q3,0.07
product,mri_ultrasound,option2,Taiwan,imports,2018-Q4,0.0
product,mri_ultrasound,option2,Taiwan,imports,2019-Q1,0.0
product,mri_ultrasound,option2,Taiwan,imports,2019-Q2,0.13
product,mri_ultrasound,option2,Taiwan,imports,2019-Q3,0.12
product,mri_ultrasound,option2,Taiwan,imports,2019-Q4,0.24
product,mri_ultrasound,option2,Taiwan,imports,2020-Q1,0.5
product,mri_ultrasound,option2,Taiwan,imports,2020-Q2,0.06
product,mri_ultrasound,option2,Taiwan,imports,2020-Q3,0.0
product,mri_ultrasound,option2,Taiwan,imports,2020-Q4,0.16
product,mri_ultrasound,option2,Taiwan,imports,2021-Q1,0.02
product,mri_ultrasound,option2,Taiwan,imports,2021-Q2,0.08
product,mri_ultrasound,option2,Taiwan,imports,2021-Q3,0.05
product,mri_ultrasound,option2,Taiwan,imports,2021-Q4,0.09
product,mri_ultrasound,option2,Taiwan,imports,2022-Q1,0.12
product,mri_ultrasound,option2,Taiwan,imports,2022-Q2,0.05
product,mri_ultrasound,option2,Taiwan,imports,2022-Q3,0.01
product,mri_ultrasound,option2,Taiwan,imports,2022-Q4,0.02
product,mri_ultrasound,option2,Taiwan,imports,2023-Q1,0.07
product,mri_ultrasound,option2,Taiwan,imports,2023-Q2,0.02
product,mri_ultrasound,option2,Taiwan,imports,2023-Q3,0.0
product,mri_ultrasound,option2,Taiwan,imports,2023-Q4,0.02
product,mri_ultrasound,option2,Taiwan,imports,2024-Q1,0.01
product,mri_ultrasound,option2,Taiwan,imports,2024-Q2,0.02
product,mri_ultrasound,option2,Taiwan,imports,2024-Q3,0.02
product,mri_ultrasound,option2,Taiwan,imports,2024-Q4,0.07
product,mri_ultrasound,option2,Taiwan,imports,2025-Q1,0.06
product,mri_ultrasound,option2,Taiwan,imports,2025-Q2,0.29
product,mri_ultrasound,option2,Taiwan,imports,2025-Q3,0.02
product,mri_ultrasound,option2,Taiwan,imports,2025-Q4,0.13
product,mri_ultrasound,option2,Taiwan,imports,2026-Q1,0.38
product,mri_ultrasound,option2,Taiwan,imports,2026-Q2,0.11
product,ct_scanners,option1,EU,exports,2016-Q1,3.7
product,ct_scanners,option1,EU,exports,2016-Q2,8.97
product,ct_scanners,option1,EU,exports,2016-Q3,5.17
product,ct_scanners,option1,EU,exports,2016-Q4,6.63
product,ct_scanners,option1,EU,exports,2017-Q1,0.71
product,ct_scanners,option1,EU,exports,2017-Q2,7.13
product,ct_scanners,option1,EU,exports,2017-Q3,1.26
product,ct_scanners,option1,EU,exports,2017-Q4,2.12
product,ct_scanners,option1,EU,exports,2018-Q1,3.17
product,ct_scanners,option1,EU,exports,2018-Q2,2.75
product,ct_scanners,option1,EU,exports,2018-Q3,2.69
product,ct_scanners,option1,EU,exports,2018-Q4,9.37
product,ct_scanners,option1,EU,exports,2019-Q1,5.09
product,ct_scanners,option1,EU,exports,2019-Q2,8.01
product,ct_scanners,option1,EU,exports,2019-Q3,6.14
product,ct_scanners,option1,EU,exports,2019-Q4,4.16
product,ct_scanners,option1,EU,exports,2020-Q1,4.66
product,ct_scanners,option1,EU,exports,2020-Q2,4.53
product,ct_scanners,option1,EU,exports,2020-Q3,0.38
product,ct_scanners,option1,EU,exports,2020-Q4,4.36
product,ct_scanners,option1,EU,exports,2021-Q1,7.14
product,ct_scanners,option1,EU,exports,2021-Q2,4.15
product,ct_scanners,option1,EU,exports,2021-Q3,3.09
product,ct_scanners,option1,EU,exports,2021-Q4,7.65
product,ct_scanners,option1,EU,exports,2022-Q1,6.68
product,ct_scanners,option1,EU,exports,2022-Q2,10.15
product,ct_scanners,option1,EU,exports,2022-Q3,11.92
product,ct_scanners,option1,EU,exports,2022-Q4,6.8
product,ct_scanners,option1,EU,exports,2023-Q1,10.53
product,ct_scanners,option1,EU,exports,2023-Q2,9.61
product,ct_scanners,option1,EU,exports,2023-Q3,10.57
product,ct_scanners,option1,EU,exports,2023-Q4,9.44
product,ct_scanners,option1,EU,exports,2024-Q1,2.91
product,ct_scanners,option1,EU,exports,2024-Q2,6.39
product,ct_scanners,option1,EU,exports,2024-Q3,7.52
product,ct_scanners,option1,EU,exports,2024-Q4,4.72
product,ct_scanners,option1,EU,exports,2025-Q1,4.34
product,ct_scanners,option1,EU,exports,2025-Q2,3.48
product,ct_scanners,option1,EU,exports,2025-Q3,6.72
product,ct_scanners,option1,EU,exports,2025-Q4,8.84
product,ct_scanners,option1,EU,exports,2026-Q1,3.86
product,ct_scanners,option1,EU,exports,2026-Q2,5.66
product,ct_scanners,option1,US,exports,2016-Q1,0.19
product,ct_scanners,option1,US,exports,2016-Q2,0.36
product,ct_scanners,option1,US,exports,2016-Q3,0.03
product,ct_scanners,option1,US,exports,2016-Q4,0.23
product,ct_scanners,option1,US,exports,2017-Q1,0.23
product,ct_scanners,option1,US,exports,2017-Q2,0.04
product,ct_scanners,option1,US,exports,2017-Q3,0.02
product,ct_scanners,option1,US,exports,2017-Q4,0.35
product,ct_scanners,option1,US,exports,2018-Q1,0.61
product,ct_scanners,option1,US,exports,2018-Q2,0.14
product,ct_scanners,option1,US,exports,2018-Q3,0.67
product,ct_scanners,option1,US,exports,2018-Q4,0.1
product,ct_scanners,option1,US,exports,2019-Q1,0.27
product,ct_scanners,option1,US,exports,2019-Q2,0.34
product,ct_scanners,option1,US,exports,2019-Q3,0.25
product,ct_scanners,option1,US,exports,2019-Q4,1.08
product,ct_scanners,option1,US,exports,2020-Q1,1.12
product,ct_scanners,option1,US,exports,2020-Q2,1.15
product,ct_scanners,option1,US,exports,2020-Q3,4.95
product,ct_scanners,option1,US,exports,2020-Q4,3.07
product,ct_scanners,option1,US,exports,2021-Q1,1.29
product,ct_scanners,option1,US,exports,2021-Q2,1.7
product,ct_scanners,option1,US,exports,2021-Q3,1.63
product,ct_scanners,option1,US,exports,2021-Q4,0.92
product,ct_scanners,option1,US,exports,2022-Q1,1.96
product,ct_scanners,option1,US,exports,2022-Q2,1.17
product,ct_scanners,option1,US,exports,2022-Q3,3.36
product,ct_scanners,option1,US,exports,2022-Q4,3.58
product,ct_scanners,option1,US,exports,2023-Q1,1.31
product,ct_scanners,option1,US,exports,2023-Q2,0.69
product,ct_scanners,option1,US,exports,2023-Q3,1.11
product,ct_scanners,option1,US,exports,2023-Q4,0.33
product,ct_scanners,option1,US,exports,2024-Q1,0.79
product,ct_scanners,option1,US,exports,2024-Q2,0.83
product,ct_scanners,option1,US,exports,2024-Q3,1.95
product,ct_scanners,option1,US,exports,2024-Q4,2.17
product,ct_scanners,option1,US,exports,2025-Q1,1.63
product,ct_scanners,option1,US,exports,2025-Q2,1.38
product,ct_scanners,option1,US,exports,2025-Q3,1.66
product,ct_scanners,option1,US,exports,2025-Q4,1.78
product,ct_scanners,option1,US,exports,2026-Q1,2.9
product,ct_scanners,option1,US,exports,2026-Q2,2.06
product,ct_scanners,option1,East Asia,exports,2016-Q1,0.03
product,ct_scanners,option1,East Asia,exports,2016-Q2,0.0
product,ct_scanners,option1,East Asia,exports,2016-Q3,0.08
product,ct_scanners,option1,East Asia,exports,2016-Q4,0.0
product,ct_scanners,option1,East Asia,exports,2017-Q1,0.0
product,ct_scanners,option1,East Asia,exports,2017-Q2,0.01
product,ct_scanners,option1,East Asia,exports,2017-Q3,0.01
product,ct_scanners,option1,East Asia,exports,2017-Q4,0.8
product,ct_scanners,option1,East Asia,exports,2018-Q1,0.1
product,ct_scanners,option1,East Asia,exports,2018-Q2,0.02
product,ct_scanners,option1,East Asia,exports,2018-Q3,0.77
product,ct_scanners,option1,East Asia,exports,2018-Q4,0.06
product,ct_scanners,option1,East Asia,exports,2019-Q1,1.26
product,ct_scanners,option1,East Asia,exports,2019-Q2,1.04
product,ct_scanners,option1,East Asia,exports,2019-Q3,0.03
product,ct_scanners,option1,East Asia,exports,2019-Q4,1.43
product,ct_scanners,option1,East Asia,exports,2020-Q1,3.04
product,ct_scanners,option1,East Asia,exports,2020-Q2,1.87
product,ct_scanners,option1,East Asia,exports,2020-Q3,0.56
product,ct_scanners,option1,East Asia,exports,2020-Q4,0.69
product,ct_scanners,option1,East Asia,exports,2021-Q1,1.53
product,ct_scanners,option1,East Asia,exports,2021-Q2,0.72
product,ct_scanners,option1,East Asia,exports,2021-Q3,0.31
product,ct_scanners,option1,East Asia,exports,2021-Q4,0.27
product,ct_scanners,option1,East Asia,exports,2022-Q1,1.34
product,ct_scanners,option1,East Asia,exports,2022-Q2,0.08
product,ct_scanners,option1,East Asia,exports,2022-Q3,0.87
product,ct_scanners,option1,East Asia,exports,2022-Q4,0.55
product,ct_scanners,option1,East Asia,exports,2023-Q1,0.23
product,ct_scanners,option1,East Asia,exports,2023-Q2,0.6
product,ct_scanners,option1,East Asia,exports,2023-Q3,0.3
product,ct_scanners,option1,East Asia,exports,2023-Q4,0.39
product,ct_scanners,option1,East Asia,exports,2024-Q1,0.05
product,ct_scanners,option1,East Asia,exports,2024-Q2,0.32
product,ct_scanners,option1,East Asia,exports,2024-Q3,0.33
product,ct_scanners,option1,East Asia,exports,2024-Q4,0.4
product,ct_scanners,option1,East Asia,exports,2025-Q1,0.01
product,ct_scanners,option1,East Asia,exports,2025-Q2,1.18
product,ct_scanners,option1,East Asia,exports,2025-Q3,2.55
product,ct_scanners,option1,East Asia,exports,2025-Q4,2.88
product,ct_scanners,option1,East Asia,exports,2026-Q1,9.02
product,ct_scanners,option1,East Asia,exports,2026-Q2,0.35
product,ct_scanners,option1,Rest of world,exports,2016-Q1,0.61
product,ct_scanners,option1,Rest of world,exports,2016-Q2,0.1
product,ct_scanners,option1,Rest of world,exports,2016-Q3,1.22
product,ct_scanners,option1,Rest of world,exports,2016-Q4,1.43
product,ct_scanners,option1,Rest of world,exports,2017-Q1,3.44
product,ct_scanners,option1,Rest of world,exports,2017-Q2,1.99
product,ct_scanners,option1,Rest of world,exports,2017-Q3,5.24
product,ct_scanners,option1,Rest of world,exports,2017-Q4,5.17
product,ct_scanners,option1,Rest of world,exports,2018-Q1,3.54
product,ct_scanners,option1,Rest of world,exports,2018-Q2,1.47
product,ct_scanners,option1,Rest of world,exports,2018-Q3,1.9
product,ct_scanners,option1,Rest of world,exports,2018-Q4,1.62
product,ct_scanners,option1,Rest of world,exports,2019-Q1,2.05
product,ct_scanners,option1,Rest of world,exports,2019-Q2,0.28
product,ct_scanners,option1,Rest of world,exports,2019-Q3,1.97
product,ct_scanners,option1,Rest of world,exports,2019-Q4,4.47
product,ct_scanners,option1,Rest of world,exports,2020-Q1,1.95
product,ct_scanners,option1,Rest of world,exports,2020-Q2,1.29
product,ct_scanners,option1,Rest of world,exports,2020-Q3,11.18
product,ct_scanners,option1,Rest of world,exports,2020-Q4,12.0
product,ct_scanners,option1,Rest of world,exports,2021-Q1,5.61
product,ct_scanners,option1,Rest of world,exports,2021-Q2,4.15
product,ct_scanners,option1,Rest of world,exports,2021-Q3,2.88
product,ct_scanners,option1,Rest of world,exports,2021-Q4,0.54
product,ct_scanners,option1,Rest of world,exports,2022-Q1,1.0
product,ct_scanners,option1,Rest of world,exports,2022-Q2,5.17
product,ct_scanners,option1,Rest of world,exports,2022-Q3,4.12
product,ct_scanners,option1,Rest of world,exports,2022-Q4,3.83
product,ct_scanners,option1,Rest of world,exports,2023-Q1,2.66
product,ct_scanners,option1,Rest of world,exports,2023-Q2,5.85
product,ct_scanners,option1,Rest of world,exports,2023-Q3,1.17
product,ct_scanners,option1,Rest of world,exports,2023-Q4,9.64
product,ct_scanners,option1,Rest of world,exports,2024-Q1,5.7
product,ct_scanners,option1,Rest of world,exports,2024-Q2,10.96
product,ct_scanners,option1,Rest of world,exports,2024-Q3,8.91
product,ct_scanners,option1,Rest of world,exports,2024-Q4,2.75
product,ct_scanners,option1,Rest of world,exports,2025-Q1,4.94
product,ct_scanners,option1,Rest of world,exports,2025-Q2,14.18
product,ct_scanners,option1,Rest of world,exports,2025-Q3,8.25
product,ct_scanners,option1,Rest of world,exports,2025-Q4,9.29
product,ct_scanners,option1,Rest of world,exports,2026-Q1,7.12
product,ct_scanners,option1,Rest of world,exports,2026-Q2,4.98
product,ct_scanners,option2,China incl. Hong Kong,exports,2016-Q1,0.0
product,ct_scanners,option2,China incl. Hong Kong,exports,2016-Q2,0.0
product,ct_scanners,option2,China incl. Hong Kong,exports,2016-Q3,0.08
product,ct_scanners,option2,China incl. Hong Kong,exports,2016-Q4,0.0
product,ct_scanners,option2,China incl. Hong Kong,exports,2017-Q1,0.0
product,ct_scanners,option2,China incl. Hong Kong,exports,2017-Q2,0.0
product,ct_scanners,option2,China incl. Hong Kong,exports,2017-Q3,0.0
product,ct_scanners,option2,China incl. Hong Kong,exports,2017-Q4,0.0
product,ct_scanners,option2,China incl. Hong Kong,exports,2018-Q1,0.05
product,ct_scanners,option2,China incl. Hong Kong,exports,2018-Q2,0.0
product,ct_scanners,option2,China incl. Hong Kong,exports,2018-Q3,0.0
product,ct_scanners,option2,China incl. Hong Kong,exports,2018-Q4,0.06
product,ct_scanners,option2,China incl. Hong Kong,exports,2019-Q1,0.14
product,ct_scanners,option2,China incl. Hong Kong,exports,2019-Q2,0.0
product,ct_scanners,option2,China incl. Hong Kong,exports,2019-Q3,0.0
product,ct_scanners,option2,China incl. Hong Kong,exports,2019-Q4,0.0
product,ct_scanners,option2,China incl. Hong Kong,exports,2020-Q1,0.46
product,ct_scanners,option2,China incl. Hong Kong,exports,2020-Q2,0.0
product,ct_scanners,option2,China incl. Hong Kong,exports,2020-Q3,0.08
product,ct_scanners,option2,China incl. Hong Kong,exports,2020-Q4,0.22
product,ct_scanners,option2,China incl. Hong Kong,exports,2021-Q1,0.64
product,ct_scanners,option2,China incl. Hong Kong,exports,2021-Q2,0.07
product,ct_scanners,option2,China incl. Hong Kong,exports,2021-Q3,0.23
product,ct_scanners,option2,China incl. Hong Kong,exports,2021-Q4,0.15
product,ct_scanners,option2,China incl. Hong Kong,exports,2022-Q1,0.97
product,ct_scanners,option2,China incl. Hong Kong,exports,2022-Q2,0.01
product,ct_scanners,option2,China incl. Hong Kong,exports,2022-Q3,0.79
product,ct_scanners,option2,China incl. Hong Kong,exports,2022-Q4,0.2
product,ct_scanners,option2,China incl. Hong Kong,exports,2023-Q1,0.2
product,ct_scanners,option2,China incl. Hong Kong,exports,2023-Q2,0.57
product,ct_scanners,option2,China incl. Hong Kong,exports,2023-Q3,0.03
product,ct_scanners,option2,China incl. Hong Kong,exports,2023-Q4,0.02
product,ct_scanners,option2,China incl. Hong Kong,exports,2024-Q1,0.0
product,ct_scanners,option2,China incl. Hong Kong,exports,2024-Q2,0.0
product,ct_scanners,option2,China incl. Hong Kong,exports,2024-Q3,0.18
product,ct_scanners,option2,China incl. Hong Kong,exports,2024-Q4,0.0
product,ct_scanners,option2,China incl. Hong Kong,exports,2025-Q1,0.01
product,ct_scanners,option2,China incl. Hong Kong,exports,2025-Q2,0.5
product,ct_scanners,option2,China incl. Hong Kong,exports,2025-Q3,0.69
product,ct_scanners,option2,China incl. Hong Kong,exports,2025-Q4,0.33
product,ct_scanners,option2,China incl. Hong Kong,exports,2026-Q1,0.09
product,ct_scanners,option2,China incl. Hong Kong,exports,2026-Q2,0.35
product,ct_scanners,option2,Japan,exports,2016-Q1,0.01
product,ct_scanners,option2,Japan,exports,2016-Q2,0.0
product,ct_scanners,option2,Japan,exports,2016-Q3,0.0
product,ct_scanners,option2,Japan,exports,2016-Q4,0.0
product,ct_scanners,option2,Japan,exports,2017-Q1,0.0
product,ct_scanners,option2,Japan,exports,2017-Q2,0.01
product,ct_scanners,option2,Japan,exports,2017-Q3,0.01
product,ct_scanners,option2,Japan,exports,2017-Q4,0.8
product,ct_scanners,option2,Japan,exports,2018-Q1,0.05
product,ct_scanners,option2,Japan,exports,2018-Q2,0.01
product,ct_scanners,option2,Japan,exports,2018-Q3,0.77
product,ct_scanners,option2,Japan,exports,2018-Q4,0.0
product,ct_scanners,option2,Japan,exports,2019-Q1,1.04
product,ct_scanners,option2,Japan,exports,2019-Q2,1.04
product,ct_scanners,option2,Japan,exports,2019-Q3,0.0
product,ct_scanners,option2,Japan,exports,2019-Q4,1.42
product,ct_scanners,option2,Japan,exports,2020-Q1,2.06
product,ct_scanners,option2,Japan,exports,2020-Q2,1.28
product,ct_scanners,option2,Japan,exports,2020-Q3,0.0
product,ct_scanners,option2,Japan,exports,2020-Q4,0.0
product,ct_scanners,option2,Japan,exports,2021-Q1,0.46
product,ct_scanners,option2,Japan,exports,2021-Q2,0.22
product,ct_scanners,option2,Japan,exports,2021-Q3,0.07
product,ct_scanners,option2,Japan,exports,2021-Q4,0.12
product,ct_scanners,option2,Japan,exports,2022-Q1,0.0
product,ct_scanners,option2,Japan,exports,2022-Q2,0.07
product,ct_scanners,option2,Japan,exports,2022-Q3,0.08
product,ct_scanners,option2,Japan,exports,2022-Q4,0.15
product,ct_scanners,option2,Japan,exports,2023-Q1,0.03
product,ct_scanners,option2,Japan,exports,2023-Q2,0.0
product,ct_scanners,option2,Japan,exports,2023-Q3,0.21
product,ct_scanners,option2,Japan,exports,2023-Q4,0.37
product,ct_scanners,option2,Japan,exports,2024-Q1,0.05
product,ct_scanners,option2,Japan,exports,2024-Q2,0.13
product,ct_scanners,option2,Japan,exports,2024-Q3,0.0
product,ct_scanners,option2,Japan,exports,2024-Q4,0.35
product,ct_scanners,option2,Japan,exports,2025-Q1,0.0
product,ct_scanners,option2,Japan,exports,2025-Q2,0.68
product,ct_scanners,option2,Japan,exports,2025-Q3,0.58
product,ct_scanners,option2,Japan,exports,2025-Q4,2.5
product,ct_scanners,option2,Japan,exports,2026-Q1,3.58
product,ct_scanners,option2,Japan,exports,2026-Q2,0.0
product,ct_scanners,option2,South Korea,exports,2016-Q1,0.02
product,ct_scanners,option2,South Korea,exports,2016-Q2,0.0
product,ct_scanners,option2,South Korea,exports,2016-Q3,0.0
product,ct_scanners,option2,South Korea,exports,2016-Q4,0.0
product,ct_scanners,option2,South Korea,exports,2017-Q1,0.0
product,ct_scanners,option2,South Korea,exports,2017-Q2,0.0
product,ct_scanners,option2,South Korea,exports,2017-Q3,0.0
product,ct_scanners,option2,South Korea,exports,2017-Q4,0.0
product,ct_scanners,option2,South Korea,exports,2018-Q1,0.0
product,ct_scanners,option2,South Korea,exports,2018-Q2,0.0
product,ct_scanners,option2,South Korea,exports,2018-Q3,0.0
product,ct_scanners,option2,South Korea,exports,2018-Q4,0.0
product,ct_scanners,option2,South Korea,exports,2019-Q1,0.08
product,ct_scanners,option2,South Korea,exports,2019-Q2,0.0
product,ct_scanners,option2,South Korea,exports,2019-Q3,0.03
product,ct_scanners,option2,South Korea,exports,2019-Q4,0.0
product,ct_scanners,option2,South Korea,exports,2020-Q1,0.0
product,ct_scanners,option2,South Korea,exports,2020-Q2,0.0
product,ct_scanners,option2,South Korea,exports,2020-Q3,0.0
product,ct_scanners,option2,South Korea,exports,2020-Q4,0.0
product,ct_scanners,option2,South Korea,exports,2021-Q1,0.0
product,ct_scanners,option2,South Korea,exports,2021-Q2,0.0
product,ct_scanners,option2,South Korea,exports,2021-Q3,0.0
product,ct_scanners,option2,South Korea,exports,2021-Q4,0.0
product,ct_scanners,option2,South Korea,exports,2022-Q1,0.36
product,ct_scanners,option2,South Korea,exports,2022-Q2,0.0
product,ct_scanners,option2,South Korea,exports,2022-Q3,0.0
product,ct_scanners,option2,South Korea,exports,2022-Q4,0.2
product,ct_scanners,option2,South Korea,exports,2023-Q1,0.0
product,ct_scanners,option2,South Korea,exports,2023-Q2,0.0
product,ct_scanners,option2,South Korea,exports,2023-Q3,0.05
product,ct_scanners,option2,South Korea,exports,2023-Q4,0.0
product,ct_scanners,option2,South Korea,exports,2024-Q1,0.0
product,ct_scanners,option2,South Korea,exports,2024-Q2,0.19
product,ct_scanners,option2,South Korea,exports,2024-Q3,0.04
product,ct_scanners,option2,South Korea,exports,2024-Q4,0.05
product,ct_scanners,option2,South Korea,exports,2025-Q1,0.0
product,ct_scanners,option2,South Korea,exports,2025-Q2,0.0
product,ct_scanners,option2,South Korea,exports,2025-Q3,0.0
product,ct_scanners,option2,South Korea,exports,2025-Q4,0.05
product,ct_scanners,option2,South Korea,exports,2026-Q1,0.0
product,ct_scanners,option2,South Korea,exports,2026-Q2,0.0
product,ct_scanners,option2,Taiwan,exports,2016-Q1,0.0
product,ct_scanners,option2,Taiwan,exports,2016-Q2,0.0
product,ct_scanners,option2,Taiwan,exports,2016-Q3,0.0
product,ct_scanners,option2,Taiwan,exports,2016-Q4,0.0
product,ct_scanners,option2,Taiwan,exports,2017-Q1,0.0
product,ct_scanners,option2,Taiwan,exports,2017-Q2,0.0
product,ct_scanners,option2,Taiwan,exports,2017-Q3,0.0
product,ct_scanners,option2,Taiwan,exports,2017-Q4,0.0
product,ct_scanners,option2,Taiwan,exports,2018-Q1,0.0
product,ct_scanners,option2,Taiwan,exports,2018-Q2,0.0
product,ct_scanners,option2,Taiwan,exports,2018-Q3,0.0
product,ct_scanners,option2,Taiwan,exports,2018-Q4,0.0
product,ct_scanners,option2,Taiwan,exports,2019-Q1,0.0
product,ct_scanners,option2,Taiwan,exports,2019-Q2,0.0
product,ct_scanners,option2,Taiwan,exports,2019-Q3,0.0
product,ct_scanners,option2,Taiwan,exports,2019-Q4,0.0
product,ct_scanners,option2,Taiwan,exports,2020-Q1,0.52
product,ct_scanners,option2,Taiwan,exports,2020-Q2,0.59
product,ct_scanners,option2,Taiwan,exports,2020-Q3,0.47
product,ct_scanners,option2,Taiwan,exports,2020-Q4,0.47
product,ct_scanners,option2,Taiwan,exports,2021-Q1,0.43
product,ct_scanners,option2,Taiwan,exports,2021-Q2,0.43
product,ct_scanners,option2,Taiwan,exports,2021-Q3,0.0
product,ct_scanners,option2,Taiwan,exports,2021-Q4,0.0
product,ct_scanners,option2,Taiwan,exports,2022-Q1,0.0
product,ct_scanners,option2,Taiwan,exports,2022-Q2,0.0
product,ct_scanners,option2,Taiwan,exports,2022-Q3,0.0
product,ct_scanners,option2,Taiwan,exports,2022-Q4,0.0
product,ct_scanners,option2,Taiwan,exports,2023-Q1,0.0
product,ct_scanners,option2,Taiwan,exports,2023-Q2,0.03
product,ct_scanners,option2,Taiwan,exports,2023-Q3,0.0
product,ct_scanners,option2,Taiwan,exports,2023-Q4,0.0
product,ct_scanners,option2,Taiwan,exports,2024-Q1,0.0
product,ct_scanners,option2,Taiwan,exports,2024-Q2,0.0
product,ct_scanners,option2,Taiwan,exports,2024-Q3,0.11
product,ct_scanners,option2,Taiwan,exports,2024-Q4,0.0
product,ct_scanners,option2,Taiwan,exports,2025-Q1,0.0
product,ct_scanners,option2,Taiwan,exports,2025-Q2,0.0
product,ct_scanners,option2,Taiwan,exports,2025-Q3,1.28
product,ct_scanners,option2,Taiwan,exports,2025-Q4,0.0
product,ct_scanners,option2,Taiwan,exports,2026-Q1,5.35
product,ct_scanners,option2,Taiwan,exports,2026-Q2,0.0
product,ct_scanners,option1,EU,imports,2016-Q1,9.21
product,ct_scanners,option1,EU,imports,2016-Q2,9.18
product,ct_scanners,option1,EU,imports,2016-Q3,4.6
product,ct_scanners,option1,EU,imports,2016-Q4,4.6
product,ct_scanners,option1,EU,imports,2017-Q1,9.63
product,ct_scanners,option1,EU,imports,2017-Q2,4.18
product,ct_scanners,option1,EU,imports,2017-Q3,5.14
product,ct_scanners,option1,EU,imports,2017-Q4,7.02
product,ct_scanners,option1,EU,imports,2018-Q1,9.35
product,ct_scanners,option1,EU,imports,2018-Q2,7.93
product,ct_scanners,option1,EU,imports,2018-Q3,3.57
product,ct_scanners,option1,EU,imports,2018-Q4,8.33
product,ct_scanners,option1,EU,imports,2019-Q1,12.5
product,ct_scanners,option1,EU,imports,2019-Q2,5.03
product,ct_scanners,option1,EU,imports,2019-Q3,9.06
product,ct_scanners,option1,EU,imports,2019-Q4,7.47
product,ct_scanners,option1,EU,imports,2020-Q1,26.32
product,ct_scanners,option1,EU,imports,2020-Q2,10.24
product,ct_scanners,option1,EU,imports,2020-Q3,6.06
product,ct_scanners,option1,EU,imports,2020-Q4,9.03
product,ct_scanners,option1,EU,imports,2021-Q1,24.35
product,ct_scanners,option1,EU,imports,2021-Q2,8.38
product,ct_scanners,option1,EU,imports,2021-Q3,8.14
product,ct_scanners,option1,EU,imports,2021-Q4,9.58
product,ct_scanners,option1,EU,imports,2022-Q1,32.37
product,ct_scanners,option1,EU,imports,2022-Q2,25.03
product,ct_scanners,option1,EU,imports,2022-Q3,18.62
product,ct_scanners,option1,EU,imports,2022-Q4,13.9
product,ct_scanners,option1,EU,imports,2023-Q1,36.68
product,ct_scanners,option1,EU,imports,2023-Q2,25.84
product,ct_scanners,option1,EU,imports,2023-Q3,16.41
product,ct_scanners,option1,EU,imports,2023-Q4,18.53
product,ct_scanners,option1,EU,imports,2024-Q1,30.5
product,ct_scanners,option1,EU,imports,2024-Q2,28.92
product,ct_scanners,option1,EU,imports,2024-Q3,21.5
product,ct_scanners,option1,EU,imports,2024-Q4,12.62
product,ct_scanners,option1,EU,imports,2025-Q1,43.67
product,ct_scanners,option1,EU,imports,2025-Q2,21.13
product,ct_scanners,option1,EU,imports,2025-Q3,17.27
product,ct_scanners,option1,EU,imports,2025-Q4,17.89
product,ct_scanners,option1,EU,imports,2026-Q1,51.1
product,ct_scanners,option1,EU,imports,2026-Q2,11.17
product,ct_scanners,option1,US,imports,2016-Q1,4.03
product,ct_scanners,option1,US,imports,2016-Q2,9.99
product,ct_scanners,option1,US,imports,2016-Q3,4.72
product,ct_scanners,option1,US,imports,2016-Q4,6.73
product,ct_scanners,option1,US,imports,2017-Q1,19.01
product,ct_scanners,option1,US,imports,2017-Q2,6.24
product,ct_scanners,option1,US,imports,2017-Q3,7.81
product,ct_scanners,option1,US,imports,2017-Q4,9.41
product,ct_scanners,option1,US,imports,2018-Q1,10.49
product,ct_scanners,option1,US,imports,2018-Q2,9.46
product,ct_scanners,option1,US,imports,2018-Q3,5.69
product,ct_scanners,option1,US,imports,2018-Q4,3.55
product,ct_scanners,option1,US,imports,2019-Q1,2.01
product,ct_scanners,option1,US,imports,2019-Q2,0.65
product,ct_scanners,option1,US,imports,2019-Q3,2.46
product,ct_scanners,option1,US,imports,2019-Q4,1.25
product,ct_scanners,option1,US,imports,2020-Q1,2.24
product,ct_scanners,option1,US,imports,2020-Q2,1.92
product,ct_scanners,option1,US,imports,2020-Q3,0.17
product,ct_scanners,option1,US,imports,2020-Q4,1.33
product,ct_scanners,option1,US,imports,2021-Q1,9.17
product,ct_scanners,option1,US,imports,2021-Q2,3.06
product,ct_scanners,option1,US,imports,2021-Q3,1.69
product,ct_scanners,option1,US,imports,2021-Q4,2.74
product,ct_scanners,option1,US,imports,2022-Q1,8.39
product,ct_scanners,option1,US,imports,2022-Q2,8.18
product,ct_scanners,option1,US,imports,2022-Q3,4.62
product,ct_scanners,option1,US,imports,2022-Q4,2.43
product,ct_scanners,option1,US,imports,2023-Q1,11.62
product,ct_scanners,option1,US,imports,2023-Q2,2.96
product,ct_scanners,option1,US,imports,2023-Q3,5.83
product,ct_scanners,option1,US,imports,2023-Q4,3.84
product,ct_scanners,option1,US,imports,2024-Q1,11.63
product,ct_scanners,option1,US,imports,2024-Q2,6.49
product,ct_scanners,option1,US,imports,2024-Q3,9.77
product,ct_scanners,option1,US,imports,2024-Q4,2.4
product,ct_scanners,option1,US,imports,2025-Q1,15.71
product,ct_scanners,option1,US,imports,2025-Q2,2.96
product,ct_scanners,option1,US,imports,2025-Q3,3.18
product,ct_scanners,option1,US,imports,2025-Q4,3.45
product,ct_scanners,option1,US,imports,2026-Q1,10.78
product,ct_scanners,option1,US,imports,2026-Q2,0.92
product,ct_scanners,option1,East Asia,imports,2016-Q1,0.62
product,ct_scanners,option1,East Asia,imports,2016-Q2,0.53
product,ct_scanners,option1,East Asia,imports,2016-Q3,2.07
product,ct_scanners,option1,East Asia,imports,2016-Q4,1.02
product,ct_scanners,option1,East Asia,imports,2017-Q1,1.06
product,ct_scanners,option1,East Asia,imports,2017-Q2,0.5
product,ct_scanners,option1,East Asia,imports,2017-Q3,0.26
product,ct_scanners,option1,East Asia,imports,2017-Q4,0.98
product,ct_scanners,option1,East Asia,imports,2018-Q1,1.45
product,ct_scanners,option1,East Asia,imports,2018-Q2,2.7
product,ct_scanners,option1,East Asia,imports,2018-Q3,1.22
product,ct_scanners,option1,East Asia,imports,2018-Q4,0.43
product,ct_scanners,option1,East Asia,imports,2019-Q1,2.1
product,ct_scanners,option1,East Asia,imports,2019-Q2,1.34
product,ct_scanners,option1,East Asia,imports,2019-Q3,2.39
product,ct_scanners,option1,East Asia,imports,2019-Q4,1.07
product,ct_scanners,option1,East Asia,imports,2020-Q1,1.76
product,ct_scanners,option1,East Asia,imports,2020-Q2,1.8
product,ct_scanners,option1,East Asia,imports,2020-Q3,1.55
product,ct_scanners,option1,East Asia,imports,2020-Q4,0.85
product,ct_scanners,option1,East Asia,imports,2021-Q1,2.59
product,ct_scanners,option1,East Asia,imports,2021-Q2,1.12
product,ct_scanners,option1,East Asia,imports,2021-Q3,0.35
product,ct_scanners,option1,East Asia,imports,2021-Q4,0.82
product,ct_scanners,option1,East Asia,imports,2022-Q1,1.77
product,ct_scanners,option1,East Asia,imports,2022-Q2,1.15
product,ct_scanners,option1,East Asia,imports,2022-Q3,1.65
product,ct_scanners,option1,East Asia,imports,2022-Q4,0.46
product,ct_scanners,option1,East Asia,imports,2023-Q1,1.69
product,ct_scanners,option1,East Asia,imports,2023-Q2,2.86
product,ct_scanners,option1,East Asia,imports,2023-Q3,0.75
product,ct_scanners,option1,East Asia,imports,2023-Q4,1.33
product,ct_scanners,option1,East Asia,imports,2024-Q1,0.95
product,ct_scanners,option1,East Asia,imports,2024-Q2,0.35
product,ct_scanners,option1,East Asia,imports,2024-Q3,0.43
product,ct_scanners,option1,East Asia,imports,2024-Q4,0.39
product,ct_scanners,option1,East Asia,imports,2025-Q1,0.94
product,ct_scanners,option1,East Asia,imports,2025-Q2,0.3
product,ct_scanners,option1,East Asia,imports,2025-Q3,0.7
product,ct_scanners,option1,East Asia,imports,2025-Q4,0.47
product,ct_scanners,option1,East Asia,imports,2026-Q1,2.39
product,ct_scanners,option1,East Asia,imports,2026-Q2,1.58
product,ct_scanners,option1,Rest of world,imports,2016-Q1,0.25
product,ct_scanners,option1,Rest of world,imports,2016-Q2,0.09
product,ct_scanners,option1,Rest of world,imports,2016-Q3,0.4
product,ct_scanners,option1,Rest of world,imports,2016-Q4,0.4
product,ct_scanners,option1,Rest of world,imports,2017-Q1,0.38
product,ct_scanners,option1,Rest of world,imports,2017-Q2,0.68
product,ct_scanners,option1,Rest of world,imports,2017-Q3,0.08
product,ct_scanners,option1,Rest of world,imports,2017-Q4,0.41
product,ct_scanners,option1,Rest of world,imports,2018-Q1,1.57
product,ct_scanners,option1,Rest of world,imports,2018-Q2,0.09
product,ct_scanners,option1,Rest of world,imports,2018-Q3,0.11
product,ct_scanners,option1,Rest of world,imports,2018-Q4,0.0
product,ct_scanners,option1,Rest of world,imports,2019-Q1,0.3
product,ct_scanners,option1,Rest of world,imports,2019-Q2,0.12
product,ct_scanners,option1,Rest of world,imports,2019-Q3,0.36
product,ct_scanners,option1,Rest of world,imports,2019-Q4,0.26
product,ct_scanners,option1,Rest of world,imports,2020-Q1,0.59
product,ct_scanners,option1,Rest of world,imports,2020-Q2,0.05
product,ct_scanners,option1,Rest of world,imports,2020-Q3,0.05
product,ct_scanners,option1,Rest of world,imports,2020-Q4,0.46
product,ct_scanners,option1,Rest of world,imports,2021-Q1,0.2
product,ct_scanners,option1,Rest of world,imports,2021-Q2,0.21
product,ct_scanners,option1,Rest of world,imports,2021-Q3,0.08
product,ct_scanners,option1,Rest of world,imports,2021-Q4,0.39
product,ct_scanners,option1,Rest of world,imports,2022-Q1,0.32
product,ct_scanners,option1,Rest of world,imports,2022-Q2,0.63
product,ct_scanners,option1,Rest of world,imports,2022-Q3,3.19
product,ct_scanners,option1,Rest of world,imports,2022-Q4,0.59
product,ct_scanners,option1,Rest of world,imports,2023-Q1,0.34
product,ct_scanners,option1,Rest of world,imports,2023-Q2,0.94
product,ct_scanners,option1,Rest of world,imports,2023-Q3,1.21
product,ct_scanners,option1,Rest of world,imports,2023-Q4,1.3
product,ct_scanners,option1,Rest of world,imports,2024-Q1,1.51
product,ct_scanners,option1,Rest of world,imports,2024-Q2,2.83
product,ct_scanners,option1,Rest of world,imports,2024-Q3,1.04
product,ct_scanners,option1,Rest of world,imports,2024-Q4,0.66
product,ct_scanners,option1,Rest of world,imports,2025-Q1,0.73
product,ct_scanners,option1,Rest of world,imports,2025-Q2,1.39
product,ct_scanners,option1,Rest of world,imports,2025-Q3,0.46
product,ct_scanners,option1,Rest of world,imports,2025-Q4,1.2
product,ct_scanners,option1,Rest of world,imports,2026-Q1,0.73
product,ct_scanners,option1,Rest of world,imports,2026-Q2,1.88
product,ct_scanners,option2,China incl. Hong Kong,imports,2016-Q1,0.3
product,ct_scanners,option2,China incl. Hong Kong,imports,2016-Q2,0.5
product,ct_scanners,option2,China incl. Hong Kong,imports,2016-Q3,1.92
product,ct_scanners,option2,China incl. Hong Kong,imports,2016-Q4,0.74
product,ct_scanners,option2,China incl. Hong Kong,imports,2017-Q1,0.86
product,ct_scanners,option2,China incl. Hong Kong,imports,2017-Q2,0.31
product,ct_scanners,option2,China incl. Hong Kong,imports,2017-Q3,0.07
product,ct_scanners,option2,China incl. Hong Kong,imports,2017-Q4,0.41
product,ct_scanners,option2,China incl. Hong Kong,imports,2018-Q1,0.64
product,ct_scanners,option2,China incl. Hong Kong,imports,2018-Q2,1.71
product,ct_scanners,option2,China incl. Hong Kong,imports,2018-Q3,1.02
product,ct_scanners,option2,China incl. Hong Kong,imports,2018-Q4,0.43
product,ct_scanners,option2,China incl. Hong Kong,imports,2019-Q1,2.1
product,ct_scanners,option2,China incl. Hong Kong,imports,2019-Q2,1.34
product,ct_scanners,option2,China incl. Hong Kong,imports,2019-Q3,2.39
product,ct_scanners,option2,China incl. Hong Kong,imports,2019-Q4,1.04
product,ct_scanners,option2,China incl. Hong Kong,imports,2020-Q1,1.75
product,ct_scanners,option2,China incl. Hong Kong,imports,2020-Q2,1.8
product,ct_scanners,option2,China incl. Hong Kong,imports,2020-Q3,1.55
product,ct_scanners,option2,China incl. Hong Kong,imports,2020-Q4,0.57
product,ct_scanners,option2,China incl. Hong Kong,imports,2021-Q1,2.58
product,ct_scanners,option2,China incl. Hong Kong,imports,2021-Q2,1.12
product,ct_scanners,option2,China incl. Hong Kong,imports,2021-Q3,0.28
product,ct_scanners,option2,China incl. Hong Kong,imports,2021-Q4,0.67
product,ct_scanners,option2,China incl. Hong Kong,imports,2022-Q1,1.77
product,ct_scanners,option2,China incl. Hong Kong,imports,2022-Q2,1.1
product,ct_scanners,option2,China incl. Hong Kong,imports,2022-Q3,1.16
product,ct_scanners,option2,China incl. Hong Kong,imports,2022-Q4,0.46
product,ct_scanners,option2,China incl. Hong Kong,imports,2023-Q1,1.65
product,ct_scanners,option2,China incl. Hong Kong,imports,2023-Q2,2.23
product,ct_scanners,option2,China incl. Hong Kong,imports,2023-Q3,0.47
product,ct_scanners,option2,China incl. Hong Kong,imports,2023-Q4,1.19
product,ct_scanners,option2,China incl. Hong Kong,imports,2024-Q1,0.82
product,ct_scanners,option2,China incl. Hong Kong,imports,2024-Q2,0.21
product,ct_scanners,option2,China incl. Hong Kong,imports,2024-Q3,0.29
product,ct_scanners,option2,China incl. Hong Kong,imports,2024-Q4,0.39
product,ct_scanners,option2,China incl. Hong Kong,imports,2025-Q1,0.94
product,ct_scanners,option2,China incl. Hong Kong,imports,2025-Q2,0.3
product,ct_scanners,option2,China incl. Hong Kong,imports,2025-Q3,0.7
product,ct_scanners,option2,China incl. Hong Kong,imports,2025-Q4,0.41
product,ct_scanners,option2,China incl. Hong Kong,imports,2026-Q1,2.39
product,ct_scanners,option2,China incl. Hong Kong,imports,2026-Q2,1.51
product,ct_scanners,option2,Japan,imports,2016-Q1,0.31
product,ct_scanners,option2,Japan,imports,2016-Q2,0.0
product,ct_scanners,option2,Japan,imports,2016-Q3,0.15
product,ct_scanners,option2,Japan,imports,2016-Q4,0.0
product,ct_scanners,option2,Japan,imports,2017-Q1,0.19
product,ct_scanners,option2,Japan,imports,2017-Q2,0.19
product,ct_scanners,option2,Japan,imports,2017-Q3,0.19
product,ct_scanners,option2,Japan,imports,2017-Q4,0.57
product,ct_scanners,option2,Japan,imports,2018-Q1,0.81
product,ct_scanners,option2,Japan,imports,2018-Q2,0.99
product,ct_scanners,option2,Japan,imports,2018-Q3,0.2
product,ct_scanners,option2,Japan,imports,2018-Q4,0.0
product,ct_scanners,option2,Japan,imports,2019-Q1,0.0
product,ct_scanners,option2,Japan,imports,2019-Q2,0.0
product,ct_scanners,option2,Japan,imports,2019-Q3,0.0
product,ct_scanners,option2,Japan,imports,2019-Q4,0.03
product,ct_scanners,option2,Japan,imports,2020-Q1,0.0
product,ct_scanners,option2,Japan,imports,2020-Q2,0.0
product,ct_scanners,option2,Japan,imports,2020-Q3,0.0
product,ct_scanners,option2,Japan,imports,2020-Q4,0.28
product,ct_scanners,option2,Japan,imports,2021-Q1,0.0
product,ct_scanners,option2,Japan,imports,2021-Q2,0.0
product,ct_scanners,option2,Japan,imports,2021-Q3,0.07
product,ct_scanners,option2,Japan,imports,2021-Q4,0.14
product,ct_scanners,option2,Japan,imports,2022-Q1,0.0
product,ct_scanners,option2,Japan,imports,2022-Q2,0.02
product,ct_scanners,option2,Japan,imports,2022-Q3,0.49
product,ct_scanners,option2,Japan,imports,2022-Q4,0.0
product,ct_scanners,option2,Japan,imports,2023-Q1,0.04
product,ct_scanners,option2,Japan,imports,2023-Q2,0.59
product,ct_scanners,option2,Japan,imports,2023-Q3,0.28
product,ct_scanners,option2,Japan,imports,2023-Q4,0.14
product,ct_scanners,option2,Japan,imports,2024-Q1,0.14
product,ct_scanners,option2,Japan,imports,2024-Q2,0.14
product,ct_scanners,option2,Japan,imports,2024-Q3,0.0
product,ct_scanners,option2,Japan,imports,2024-Q4,0.0
product,ct_scanners,option2,Japan,imports,2025-Q1,0.0
product,ct_scanners,option2,Japan,imports,2025-Q2,0.0
product,ct_scanners,option2,Japan,imports,2025-Q3,0.0
product,ct_scanners,option2,Japan,imports,2025-Q4,0.06
product,ct_scanners,option2,Japan,imports,2026-Q1,0.0
product,ct_scanners,option2,Japan,imports,2026-Q2,0.06
product,ct_scanners,option2,South Korea,imports,2016-Q1,0.0
product,ct_scanners,option2,South Korea,imports,2016-Q2,0.02
product,ct_scanners,option2,South Korea,imports,2016-Q3,0.0
product,ct_scanners,option2,South Korea,imports,2016-Q4,0.28
product,ct_scanners,option2,South Korea,imports,2017-Q1,0.0
product,ct_scanners,option2,South Korea,imports,2017-Q2,0.0
product,ct_scanners,option2,South Korea,imports,2017-Q3,0.0
product,ct_scanners,option2,South Korea,imports,2017-Q4,0.0
product,ct_scanners,option2,South Korea,imports,2018-Q1,0.0
product,ct_scanners,option2,South Korea,imports,2018-Q2,0.0
product,ct_scanners,option2,South Korea,imports,2018-Q3,0.0
product,ct_scanners,option2,South Korea,imports,2018-Q4,0.0
product,ct_scanners,option2,South Korea,imports,2019-Q1,0.0
product,ct_scanners,option2,South Korea,imports,2019-Q2,0.0
product,ct_scanners,option2,South Korea,imports,2019-Q3,0.0
product,ct_scanners,option2,South Korea,imports,2019-Q4,0.0
product,ct_scanners,option2,South Korea,imports,2020-Q1,0.0
product,ct_scanners,option2,South Korea,imports,2020-Q2,0.0
product,ct_scanners,option2,South Korea,imports,2020-Q3,0.0
product,ct_scanners,option2,South Korea,imports,2020-Q4,0.0
product,ct_scanners,option2,South Korea,imports,2021-Q1,0.0
product,ct_scanners,option2,South Korea,imports,2021-Q2,0.0
product,ct_scanners,option2,South Korea,imports,2021-Q3,0.0
product,ct_scanners,option2,South Korea,imports,2021-Q4,0.0
product,ct_scanners,option2,South Korea,imports,2022-Q1,0.0
product,ct_scanners,option2,South Korea,imports,2022-Q2,0.03
product,ct_scanners,option2,South Korea,imports,2022-Q3,0.0
product,ct_scanners,option2,South Korea,imports,2022-Q4,0.0
product,ct_scanners,option2,South Korea,imports,2023-Q1,0.0
product,ct_scanners,option2,South Korea,imports,2023-Q2,0.03
product,ct_scanners,option2,South Korea,imports,2023-Q3,0.0
product,ct_scanners,option2,South Korea,imports,2023-Q4,0.0
product,ct_scanners,option2,South Korea,imports,2024-Q1,0.0
product,ct_scanners,option2,South Korea,imports,2024-Q2,0.0
product,ct_scanners,option2,South Korea,imports,2024-Q3,0.14
product,ct_scanners,option2,South Korea,imports,2024-Q4,0.0
product,ct_scanners,option2,South Korea,imports,2025-Q1,0.0
product,ct_scanners,option2,South Korea,imports,2025-Q2,0.0
product,ct_scanners,option2,South Korea,imports,2025-Q3,0.0
product,ct_scanners,option2,South Korea,imports,2025-Q4,0.0
product,ct_scanners,option2,South Korea,imports,2026-Q1,0.0
product,ct_scanners,option2,South Korea,imports,2026-Q2,0.0
product,ct_scanners,option2,Taiwan,imports,2016-Q1,0.0
product,ct_scanners,option2,Taiwan,imports,2016-Q2,0.01
product,ct_scanners,option2,Taiwan,imports,2016-Q3,0.0
product,ct_scanners,option2,Taiwan,imports,2016-Q4,0.0
product,ct_scanners,option2,Taiwan,imports,2017-Q1,0.0
product,ct_scanners,option2,Taiwan,imports,2017-Q2,0.0
product,ct_scanners,option2,Taiwan,imports,2017-Q3,0.0
product,ct_scanners,option2,Taiwan,imports,2017-Q4,0.0
product,ct_scanners,option2,Taiwan,imports,2018-Q1,0.0
product,ct_scanners,option2,Taiwan,imports,2018-Q2,0.0
product,ct_scanners,option2,Taiwan,imports,2018-Q3,0.0
product,ct_scanners,option2,Taiwan,imports,2018-Q4,0.0
product,ct_scanners,option2,Taiwan,imports,2019-Q1,0.0
product,ct_scanners,option2,Taiwan,imports,2019-Q2,0.0
product,ct_scanners,option2,Taiwan,imports,2019-Q3,0.0
product,ct_scanners,option2,Taiwan,imports,2019-Q4,0.0
product,ct_scanners,option2,Taiwan,imports,2020-Q1,0.0
product,ct_scanners,option2,Taiwan,imports,2020-Q2,0.0
product,ct_scanners,option2,Taiwan,imports,2020-Q3,0.0
product,ct_scanners,option2,Taiwan,imports,2020-Q4,0.0
product,ct_scanners,option2,Taiwan,imports,2021-Q1,0.0
product,ct_scanners,option2,Taiwan,imports,2021-Q2,0.0
product,ct_scanners,option2,Taiwan,imports,2021-Q3,0.0
product,ct_scanners,option2,Taiwan,imports,2021-Q4,0.01
product,ct_scanners,option2,Taiwan,imports,2022-Q1,0.0
product,ct_scanners,option2,Taiwan,imports,2022-Q2,0.0
product,ct_scanners,option2,Taiwan,imports,2022-Q3,0.0
product,ct_scanners,option2,Taiwan,imports,2022-Q4,0.0
product,ct_scanners,option2,Taiwan,imports,2023-Q1,0.0
product,ct_scanners,option2,Taiwan,imports,2023-Q2,0.0
product,ct_scanners,option2,Taiwan,imports,2023-Q3,0.0
product,ct_scanners,option2,Taiwan,imports,2023-Q4,0.0
product,ct_scanners,option2,Taiwan,imports,2024-Q1,0.0
product,ct_scanners,option2,Taiwan,imports,2024-Q2,0.0
product,ct_scanners,option2,Taiwan,imports,2024-Q3,0.0
product,ct_scanners,option2,Taiwan,imports,2024-Q4,0.0
product,ct_scanners,option2,Taiwan,imports,2025-Q1,0.0
product,ct_scanners,option2,Taiwan,imports,2025-Q2,0.0
product,ct_scanners,option2,Taiwan,imports,2025-Q3,0.0
product,ct_scanners,option2,Taiwan,imports,2025-Q4,0.0
product,ct_scanners,option2,Taiwan,imports,2026-Q1,0.0
product,ct_scanners,option2,Taiwan,imports,2026-Q2,0.0
product,robots,option1,EU,exports,2016-Q1,2.88
product,robots,option1,EU,exports,2016-Q2,4.55
product,robots,option1,EU,exports,2016-Q3,2.94
product,robots,option1,EU,exports,2016-Q4,2.98
product,robots,option1,EU,exports,2017-Q1,3.63
product,robots,option1,EU,exports,2017-Q2,2.61
product,robots,option1,EU,exports,2017-Q3,4.76
product,robots,option1,EU,exports,2017-Q4,3.97
product,robots,option1,EU,exports,2018-Q1,4.56
product,robots,option1,EU,exports,2018-Q2,4.21
product,robots,option1,EU,exports,2018-Q3,2.71
product,robots,option1,EU,exports,2018-Q4,7.91
product,robots,option1,EU,exports,2019-Q1,3.28
product,robots,option1,EU,exports,2019-Q2,5.15
product,robots,option1,EU,exports,2019-Q3,6.61
product,robots,option1,EU,exports,2019-Q4,4.66
product,robots,option1,EU,exports,2020-Q1,3.78
product,robots,option1,EU,exports,2020-Q2,7.85
product,robots,option1,EU,exports,2020-Q3,8.42
product,robots,option1,EU,exports,2020-Q4,6.22
product,robots,option1,EU,exports,2021-Q1,5.86
product,robots,option1,EU,exports,2021-Q2,4.93
product,robots,option1,EU,exports,2021-Q3,18.94
product,robots,option1,EU,exports,2021-Q4,6.7
product,robots,option1,EU,exports,2022-Q1,4.52
product,robots,option1,EU,exports,2022-Q2,10.5
product,robots,option1,EU,exports,2022-Q3,9.78
product,robots,option1,EU,exports,2022-Q4,11.76
product,robots,option1,EU,exports,2023-Q1,10.36
product,robots,option1,EU,exports,2023-Q2,9.0
product,robots,option1,EU,exports,2023-Q3,11.51
product,robots,option1,EU,exports,2023-Q4,8.89
product,robots,option1,EU,exports,2024-Q1,8.95
product,robots,option1,EU,exports,2024-Q2,9.94
product,robots,option1,EU,exports,2024-Q3,11.63
product,robots,option1,EU,exports,2024-Q4,8.09
product,robots,option1,EU,exports,2025-Q1,6.65
product,robots,option1,EU,exports,2025-Q2,9.14
product,robots,option1,EU,exports,2025-Q3,6.04
product,robots,option1,EU,exports,2025-Q4,9.65
product,robots,option1,EU,exports,2026-Q1,4.4
product,robots,option1,EU,exports,2026-Q2,10.82
product,robots,option1,US,exports,2016-Q1,2.88
product,robots,option1,US,exports,2016-Q2,3.98
product,robots,option1,US,exports,2016-Q3,4.7
product,robots,option1,US,exports,2016-Q4,8.13
product,robots,option1,US,exports,2017-Q1,6.6
product,robots,option1,US,exports,2017-Q2,4.14
product,robots,option1,US,exports,2017-Q3,5.54
product,robots,option1,US,exports,2017-Q4,9.07
product,robots,option1,US,exports,2018-Q1,5.35
product,robots,option1,US,exports,2018-Q2,5.05
product,robots,option1,US,exports,2018-Q3,6.45
product,robots,option1,US,exports,2018-Q4,7.52
product,robots,option1,US,exports,2019-Q1,6.26
product,robots,option1,US,exports,2019-Q2,5.99
product,robots,option1,US,exports,2019-Q3,5.04
product,robots,option1,US,exports,2019-Q4,24.79
product,robots,option1,US,exports,2020-Q1,9.7
product,robots,option1,US,exports,2020-Q2,6.97
product,robots,option1,US,exports,2020-Q3,11.51
product,robots,option1,US,exports,2020-Q4,11.31
product,robots,option1,US,exports,2021-Q1,9.2
product,robots,option1,US,exports,2021-Q2,6.84
product,robots,option1,US,exports,2021-Q3,11.14
product,robots,option1,US,exports,2021-Q4,12.48
product,robots,option1,US,exports,2022-Q1,9.48
product,robots,option1,US,exports,2022-Q2,14.54
product,robots,option1,US,exports,2022-Q3,18.48
product,robots,option1,US,exports,2022-Q4,17.81
product,robots,option1,US,exports,2023-Q1,14.87
product,robots,option1,US,exports,2023-Q2,12.67
product,robots,option1,US,exports,2023-Q3,8.85
product,robots,option1,US,exports,2023-Q4,13.19
product,robots,option1,US,exports,2024-Q1,11.69
product,robots,option1,US,exports,2024-Q2,9.9
product,robots,option1,US,exports,2024-Q3,14.16
product,robots,option1,US,exports,2024-Q4,12.02
product,robots,option1,US,exports,2025-Q1,15.5
product,robots,option1,US,exports,2025-Q2,8.66
product,robots,option1,US,exports,2025-Q3,11.68
product,robots,option1,US,exports,2025-Q4,6.87
product,robots,option1,US,exports,2026-Q1,7.58
product,robots,option1,US,exports,2026-Q2,7.41
product,robots,option1,East Asia,exports,2016-Q1,1.44
product,robots,option1,East Asia,exports,2016-Q2,1.28
product,robots,option1,East Asia,exports,2016-Q3,0.23
product,robots,option1,East Asia,exports,2016-Q4,0.9
product,robots,option1,East Asia,exports,2017-Q1,0.71
product,robots,option1,East Asia,exports,2017-Q2,1.04
product,robots,option1,East Asia,exports,2017-Q3,1.44
product,robots,option1,East Asia,exports,2017-Q4,1.26
product,robots,option1,East Asia,exports,2018-Q1,1.16
product,robots,option1,East Asia,exports,2018-Q2,0.48
product,robots,option1,East Asia,exports,2018-Q3,1.28
product,robots,option1,East Asia,exports,2018-Q4,1.85
product,robots,option1,East Asia,exports,2019-Q1,0.87
product,robots,option1,East Asia,exports,2019-Q2,2.61
product,robots,option1,East Asia,exports,2019-Q3,2.87
product,robots,option1,East Asia,exports,2019-Q4,0.82
product,robots,option1,East Asia,exports,2020-Q1,1.16
product,robots,option1,East Asia,exports,2020-Q2,1.55
product,robots,option1,East Asia,exports,2020-Q3,1.6
product,robots,option1,East Asia,exports,2020-Q4,2.07
product,robots,option1,East Asia,exports,2021-Q1,1.48
product,robots,option1,East Asia,exports,2021-Q2,2.31
product,robots,option1,East Asia,exports,2021-Q3,5.26
product,robots,option1,East Asia,exports,2021-Q4,2.69
product,robots,option1,East Asia,exports,2022-Q1,2.42
product,robots,option1,East Asia,exports,2022-Q2,5.0
product,robots,option1,East Asia,exports,2022-Q3,3.38
product,robots,option1,East Asia,exports,2022-Q4,12.53
product,robots,option1,East Asia,exports,2023-Q1,7.25
product,robots,option1,East Asia,exports,2023-Q2,4.82
product,robots,option1,East Asia,exports,2023-Q3,3.44
product,robots,option1,East Asia,exports,2023-Q4,2.83
product,robots,option1,East Asia,exports,2024-Q1,1.46
product,robots,option1,East Asia,exports,2024-Q2,0.27
product,robots,option1,East Asia,exports,2024-Q3,1.8
product,robots,option1,East Asia,exports,2024-Q4,6.46
product,robots,option1,East Asia,exports,2025-Q1,2.0
product,robots,option1,East Asia,exports,2025-Q2,3.76
product,robots,option1,East Asia,exports,2025-Q3,2.7
product,robots,option1,East Asia,exports,2025-Q4,2.22
product,robots,option1,East Asia,exports,2026-Q1,1.87
product,robots,option1,East Asia,exports,2026-Q2,3.97
product,robots,option1,Rest of world,exports,2016-Q1,2.07
product,robots,option1,Rest of world,exports,2016-Q2,1.85
product,robots,option1,Rest of world,exports,2016-Q3,1.35
product,robots,option1,Rest of world,exports,2016-Q4,2.4
product,robots,option1,Rest of world,exports,2017-Q1,2.15
product,robots,option1,Rest of world,exports,2017-Q2,3.67
product,robots,option1,Rest of world,exports,2017-Q3,2.99
product,robots,option1,Rest of world,exports,2017-Q4,1.96
product,robots,option1,Rest of world,exports,2018-Q1,4.8
product,robots,option1,Rest of world,exports,2018-Q2,2.45
product,robots,option1,Rest of world,exports,2018-Q3,4.4
product,robots,option1,Rest of world,exports,2018-Q4,2.3
product,robots,option1,Rest of world,exports,2019-Q1,1.7
product,robots,option1,Rest of world,exports,2019-Q2,4.36
product,robots,option1,Rest of world,exports,2019-Q3,4.5
product,robots,option1,Rest of world,exports,2019-Q4,4.04
product,robots,option1,Rest of world,exports,2020-Q1,2.31
product,robots,option1,Rest of world,exports,2020-Q2,1.57
product,robots,option1,Rest of world,exports,2020-Q3,5.09
product,robots,option1,Rest of world,exports,2020-Q4,2.63
product,robots,option1,Rest of world,exports,2021-Q1,2.08
product,robots,option1,Rest of world,exports,2021-Q2,2.52
product,robots,option1,Rest of world,exports,2021-Q3,1.31
product,robots,option1,Rest of world,exports,2021-Q4,2.87
product,robots,option1,Rest of world,exports,2022-Q1,3.49
product,robots,option1,Rest of world,exports,2022-Q2,1.94
product,robots,option1,Rest of world,exports,2022-Q3,1.24
product,robots,option1,Rest of world,exports,2022-Q4,3.45
product,robots,option1,Rest of world,exports,2023-Q1,2.71
product,robots,option1,Rest of world,exports,2023-Q2,6.18
product,robots,option1,Rest of world,exports,2023-Q3,2.93
product,robots,option1,Rest of world,exports,2023-Q4,6.12
product,robots,option1,Rest of world,exports,2024-Q1,2.97
product,robots,option1,Rest of world,exports,2024-Q2,2.37
product,robots,option1,Rest of world,exports,2024-Q3,1.95
product,robots,option1,Rest of world,exports,2024-Q4,2.23
product,robots,option1,Rest of world,exports,2025-Q1,1.63
product,robots,option1,Rest of world,exports,2025-Q2,1.26
product,robots,option1,Rest of world,exports,2025-Q3,6.87
product,robots,option1,Rest of world,exports,2025-Q4,3.46
product,robots,option1,Rest of world,exports,2026-Q1,1.24
product,robots,option1,Rest of world,exports,2026-Q2,4.41
product,robots,option2,China incl. Hong Kong,exports,2016-Q1,0.59
product,robots,option2,China incl. Hong Kong,exports,2016-Q2,0.19
product,robots,option2,China incl. Hong Kong,exports,2016-Q3,0.06
product,robots,option2,China incl. Hong Kong,exports,2016-Q4,0.41
product,robots,option2,China incl. Hong Kong,exports,2017-Q1,0.12
product,robots,option2,China incl. Hong Kong,exports,2017-Q2,0.68
product,robots,option2,China incl. Hong Kong,exports,2017-Q3,0.36
product,robots,option2,China incl. Hong Kong,exports,2017-Q4,1.18
product,robots,option2,China incl. Hong Kong,exports,2018-Q1,0.94
product,robots,option2,China incl. Hong Kong,exports,2018-Q2,0.14
product,robots,option2,China incl. Hong Kong,exports,2018-Q3,0.05
product,robots,option2,China incl. Hong Kong,exports,2018-Q4,0.72
product,robots,option2,China incl. Hong Kong,exports,2019-Q1,0.38
product,robots,option2,China incl. Hong Kong,exports,2019-Q2,1.48
product,robots,option2,China incl. Hong Kong,exports,2019-Q3,1.24
product,robots,option2,China incl. Hong Kong,exports,2019-Q4,0.5
product,robots,option2,China incl. Hong Kong,exports,2020-Q1,0.29
product,robots,option2,China incl. Hong Kong,exports,2020-Q2,0.98
product,robots,option2,China incl. Hong Kong,exports,2020-Q3,0.65
product,robots,option2,China incl. Hong Kong,exports,2020-Q4,1.15
product,robots,option2,China incl. Hong Kong,exports,2021-Q1,0.87
product,robots,option2,China incl. Hong Kong,exports,2021-Q2,1.07
product,robots,option2,China incl. Hong Kong,exports,2021-Q3,3.08
product,robots,option2,China incl. Hong Kong,exports,2021-Q4,0.8
product,robots,option2,China incl. Hong Kong,exports,2022-Q1,1.62
product,robots,option2,China incl. Hong Kong,exports,2022-Q2,2.75
product,robots,option2,China incl. Hong Kong,exports,2022-Q3,2.03
product,robots,option2,China incl. Hong Kong,exports,2022-Q4,9.94
product,robots,option2,China incl. Hong Kong,exports,2023-Q1,5.74
product,robots,option2,China incl. Hong Kong,exports,2023-Q2,4.73
product,robots,option2,China incl. Hong Kong,exports,2023-Q3,0.95
product,robots,option2,China incl. Hong Kong,exports,2023-Q4,1.19
product,robots,option2,China incl. Hong Kong,exports,2024-Q1,0.26
product,robots,option2,China incl. Hong Kong,exports,2024-Q2,0.01
product,robots,option2,China incl. Hong Kong,exports,2024-Q3,0.14
product,robots,option2,China incl. Hong Kong,exports,2024-Q4,1.28
product,robots,option2,China incl. Hong Kong,exports,2025-Q1,0.94
product,robots,option2,China incl. Hong Kong,exports,2025-Q2,0.21
product,robots,option2,China incl. Hong Kong,exports,2025-Q3,0.28
product,robots,option2,China incl. Hong Kong,exports,2025-Q4,0.23
product,robots,option2,China incl. Hong Kong,exports,2026-Q1,0.59
product,robots,option2,China incl. Hong Kong,exports,2026-Q2,0.07
product,robots,option2,Japan,exports,2016-Q1,0.28
product,robots,option2,Japan,exports,2016-Q2,0.58
product,robots,option2,Japan,exports,2016-Q3,0.17
product,robots,option2,Japan,exports,2016-Q4,0.0
product,robots,option2,Japan,exports,2017-Q1,0.4
product,robots,option2,Japan,exports,2017-Q2,0.35
product,robots,option2,Japan,exports,2017-Q3,0.88
product,robots,option2,Japan,exports,2017-Q4,0.01
product,robots,option2,Japan,exports,2018-Q1,0.0
product,robots,option2,Japan,exports,2018-Q2,0.23
product,robots,option2,Japan,exports,2018-Q3,0.66
product,robots,option2,Japan,exports,2018-Q4,0.9
product,robots,option2,Japan,exports,2019-Q1,0.15
product,robots,option2,Japan,exports,2019-Q2,1.04
product,robots,option2,Japan,exports,2019-Q3,1.27
product,robots,option2,Japan,exports,2019-Q4,0.0
product,robots,option2,Japan,exports,2020-Q1,0.41
product,robots,option2,Japan,exports,2020-Q2,0.41
product,robots,option2,Japan,exports,2020-Q3,0.0
product,robots,option2,Japan,exports,2020-Q4,0.02
product,robots,option2,Japan,exports,2021-Q1,0.61
product,robots,option2,Japan,exports,2021-Q2,1.08
product,robots,option2,Japan,exports,2021-Q3,0.72
product,robots,option2,Japan,exports,2021-Q4,0.53
product,robots,option2,Japan,exports,2022-Q1,0.48
product,robots,option2,Japan,exports,2022-Q2,1.67
product,robots,option2,Japan,exports,2022-Q3,0.81
product,robots,option2,Japan,exports,2022-Q4,1.49
product,robots,option2,Japan,exports,2023-Q1,0.73
product,robots,option2,Japan,exports,2023-Q2,0.0
product,robots,option2,Japan,exports,2023-Q3,1.77
product,robots,option2,Japan,exports,2023-Q4,0.84
product,robots,option2,Japan,exports,2024-Q1,0.92
product,robots,option2,Japan,exports,2024-Q2,0.07
product,robots,option2,Japan,exports,2024-Q3,1.66
product,robots,option2,Japan,exports,2024-Q4,5.09
product,robots,option2,Japan,exports,2025-Q1,1.06
product,robots,option2,Japan,exports,2025-Q2,0.1
product,robots,option2,Japan,exports,2025-Q3,1.51
product,robots,option2,Japan,exports,2025-Q4,0.43
product,robots,option2,Japan,exports,2026-Q1,0.03
product,robots,option2,Japan,exports,2026-Q2,2.02
product,robots,option2,South Korea,exports,2016-Q1,0.0
product,robots,option2,South Korea,exports,2016-Q2,0.17
product,robots,option2,South Korea,exports,2016-Q3,0.0
product,robots,option2,South Korea,exports,2016-Q4,0.49
product,robots,option2,South Korea,exports,2017-Q1,0.18
product,robots,option2,South Korea,exports,2017-Q2,0.0
product,robots,option2,South Korea,exports,2017-Q3,0.0
product,robots,option2,South Korea,exports,2017-Q4,0.0
product,robots,option2,South Korea,exports,2018-Q1,0.22
product,robots,option2,South Korea,exports,2018-Q2,0.0
product,robots,option2,South Korea,exports,2018-Q3,0.23
product,robots,option2,South Korea,exports,2018-Q4,0.0
product,robots,option2,South Korea,exports,2019-Q1,0.28
product,robots,option2,South Korea,exports,2019-Q2,0.09
product,robots,option2,South Korea,exports,2019-Q3,0.35
product,robots,option2,South Korea,exports,2019-Q4,0.15
product,robots,option2,South Korea,exports,2020-Q1,0.43
product,robots,option2,South Korea,exports,2020-Q2,0.15
product,robots,option2,South Korea,exports,2020-Q3,0.95
product,robots,option2,South Korea,exports,2020-Q4,0.9
product,robots,option2,South Korea,exports,2021-Q1,0.0
product,robots,option2,South Korea,exports,2021-Q2,0.16
product,robots,option2,South Korea,exports,2021-Q3,1.46
product,robots,option2,South Korea,exports,2021-Q4,1.35
product,robots,option2,South Korea,exports,2022-Q1,0.16
product,robots,option2,South Korea,exports,2022-Q2,0.51
product,robots,option2,South Korea,exports,2022-Q3,0.55
product,robots,option2,South Korea,exports,2022-Q4,1.02
product,robots,option2,South Korea,exports,2023-Q1,0.78
product,robots,option2,South Korea,exports,2023-Q2,0.07
product,robots,option2,South Korea,exports,2023-Q3,0.62
product,robots,option2,South Korea,exports,2023-Q4,0.65
product,robots,option2,South Korea,exports,2024-Q1,0.28
product,robots,option2,South Korea,exports,2024-Q2,0.19
product,robots,option2,South Korea,exports,2024-Q3,0.0
product,robots,option2,South Korea,exports,2024-Q4,0.09
product,robots,option2,South Korea,exports,2025-Q1,0.0
product,robots,option2,South Korea,exports,2025-Q2,3.46
product,robots,option2,South Korea,exports,2025-Q3,0.91
product,robots,option2,South Korea,exports,2025-Q4,1.55
product,robots,option2,South Korea,exports,2026-Q1,1.22
product,robots,option2,South Korea,exports,2026-Q2,1.87
product,robots,option2,Taiwan,exports,2016-Q1,0.57
product,robots,option2,Taiwan,exports,2016-Q2,0.33
product,robots,option2,Taiwan,exports,2016-Q3,0.0
product,robots,option2,Taiwan,exports,2016-Q4,0.0
product,robots,option2,Taiwan,exports,2017-Q1,0.02
product,robots,option2,Taiwan,exports,2017-Q2,0.01
product,robots,option2,Taiwan,exports,2017-Q3,0.2
product,robots,option2,Taiwan,exports,2017-Q4,0.07
product,robots,option2,Taiwan,exports,2018-Q1,0.0
product,robots,option2,Taiwan,exports,2018-Q2,0.09
product,robots,option2,Taiwan,exports,2018-Q3,0.35
product,robots,option2,Taiwan,exports,2018-Q4,0.24
product,robots,option2,Taiwan,exports,2019-Q1,0.07
product,robots,option2,Taiwan,exports,2019-Q2,0.0
product,robots,option2,Taiwan,exports,2019-Q3,0.01
product,robots,option2,Taiwan,exports,2019-Q4,0.17
product,robots,option2,Taiwan,exports,2020-Q1,0.02
product,robots,option2,Taiwan,exports,2020-Q2,0.01
product,robots,option2,Taiwan,exports,2020-Q3,0.0
product,robots,option2,Taiwan,exports,2020-Q4,0.0
product,robots,option2,Taiwan,exports,2021-Q1,0.0
product,robots,option2,Taiwan,exports,2021-Q2,0.0
product,robots,option2,Taiwan,exports,2021-Q3,0.01
product,robots,option2,Taiwan,exports,2021-Q4,0.0
product,robots,option2,Taiwan,exports,2022-Q1,0.17
product,robots,option2,Taiwan,exports,2022-Q2,0.06
product,robots,option2,Taiwan,exports,2022-Q3,0.0
product,robots,option2,Taiwan,exports,2022-Q4,0.09
product,robots,option2,Taiwan,exports,2023-Q1,0.0
product,robots,option2,Taiwan,exports,2023-Q2,0.02
product,robots,option2,Taiwan,exports,2023-Q3,0.1
product,robots,option2,Taiwan,exports,2023-Q4,0.15
product,robots,option2,Taiwan,exports,2024-Q1,0.0
product,robots,option2,Taiwan,exports,2024-Q2,0.0
product,robots,option2,Taiwan,exports,2024-Q3,0.0
product,robots,option2,Taiwan,exports,2024-Q4,0.0
product,robots,option2,Taiwan,exports,2025-Q1,0.0
product,robots,option2,Taiwan,exports,2025-Q2,0.0
product,robots,option2,Taiwan,exports,2025-Q3,0.0
product,robots,option2,Taiwan,exports,2025-Q4,0.0
product,robots,option2,Taiwan,exports,2026-Q1,0.03
product,robots,option2,Taiwan,exports,2026-Q2,0.01
product,robots,option1,EU,imports,2016-Q1,6.61
product,robots,option1,EU,imports,2016-Q2,7.53
product,robots,option1,EU,imports,2016-Q3,8.01
product,robots,option1,EU,imports,2016-Q4,8.61
product,robots,option1,EU,imports,2017-Q1,8.76
product,robots,option1,EU,imports,2017-Q2,8.12
product,robots,option1,EU,imports,2017-Q3,9.26
product,robots,option1,EU,imports,2017-Q4,15.83
product,robots,option1,EU,imports,2018-Q1,11.95
product,robots,option1,EU,imports,2018-Q2,13.01
product,robots,option1,EU,imports,2018-Q3,9.37
product,robots,option1,EU,imports,2018-Q4,10.59
product,robots,option1,EU,imports,2019-Q1,11.3
product,robots,option1,EU,imports,2019-Q2,12.31
product,robots,option1,EU,imports,2019-Q3,11.56
product,robots,option1,EU,imports,2019-Q4,9.9
product,robots,option1,EU,imports,2020-Q1,13.16
product,robots,option1,EU,imports,2020-Q2,9.84
product,robots,option1,EU,imports,2020-Q3,14.21
product,robots,option1,EU,imports,2020-Q4,11.22
product,robots,option1,EU,imports,2021-Q1,9.66
product,robots,option1,EU,imports,2021-Q2,8.94
product,robots,option1,EU,imports,2021-Q3,9.85
product,robots,option1,EU,imports,2021-Q4,8.61
product,robots,option1,EU,imports,2022-Q1,15.81
product,robots,option1,EU,imports,2022-Q2,17.79
product,robots,option1,EU,imports,2022-Q3,17.05
product,robots,option1,EU,imports,2022-Q4,24.76
product,robots,option1,EU,imports,2023-Q1,21.08
product,robots,option1,EU,imports,2023-Q2,24.11
product,robots,option1,EU,imports,2023-Q3,32.78
product,robots,option1,EU,imports,2023-Q4,30.5
product,robots,option1,EU,imports,2024-Q1,22.0
product,robots,option1,EU,imports,2024-Q2,19.61
product,robots,option1,EU,imports,2024-Q3,26.48
product,robots,option1,EU,imports,2024-Q4,26.35
product,robots,option1,EU,imports,2025-Q1,25.93
product,robots,option1,EU,imports,2025-Q2,24.12
product,robots,option1,EU,imports,2025-Q3,25.71
product,robots,option1,EU,imports,2025-Q4,15.6
product,robots,option1,EU,imports,2026-Q1,22.36
product,robots,option1,EU,imports,2026-Q2,18.62
product,robots,option1,US,imports,2016-Q1,2.23
product,robots,option1,US,imports,2016-Q2,0.52
product,robots,option1,US,imports,2016-Q3,1.61
product,robots,option1,US,imports,2016-Q4,0.92
product,robots,option1,US,imports,2017-Q1,0.92
product,robots,option1,US,imports,2017-Q2,2.09
product,robots,option1,US,imports,2017-Q3,7.98
product,robots,option1,US,imports,2017-Q4,1.69
product,robots,option1,US,imports,2018-Q1,2.96
product,robots,option1,US,imports,2018-Q2,2.26
product,robots,option1,US,imports,2018-Q3,1.61
product,robots,option1,US,imports,2018-Q4,0.98
product,robots,option1,US,imports,2019-Q1,1.05
product,robots,option1,US,imports,2019-Q2,1.02
product,robots,option1,US,imports,2019-Q3,2.01
product,robots,option1,US,imports,2019-Q4,1.58
product,robots,option1,US,imports,2020-Q1,1.07
product,robots,option1,US,imports,2020-Q2,0.78
product,robots,option1,US,imports,2020-Q3,1.17
product,robots,option1,US,imports,2020-Q4,0.7
product,robots,option1,US,imports,2021-Q1,4.02
product,robots,option1,US,imports,2021-Q2,1.95
product,robots,option1,US,imports,2021-Q3,1.74
product,robots,option1,US,imports,2021-Q4,1.54
product,robots,option1,US,imports,2022-Q1,2.44
product,robots,option1,US,imports,2022-Q2,1.36
product,robots,option1,US,imports,2022-Q3,3.54
product,robots,option1,US,imports,2022-Q4,2.38
product,robots,option1,US,imports,2023-Q1,2.15
product,robots,option1,US,imports,2023-Q2,2.78
product,robots,option1,US,imports,2023-Q3,1.36
product,robots,option1,US,imports,2023-Q4,0.73
product,robots,option1,US,imports,2024-Q1,1.45
product,robots,option1,US,imports,2024-Q2,1.98
product,robots,option1,US,imports,2024-Q3,0.81
product,robots,option1,US,imports,2024-Q4,1.76
product,robots,option1,US,imports,2025-Q1,2.06
product,robots,option1,US,imports,2025-Q2,1.0
product,robots,option1,US,imports,2025-Q3,1.46
product,robots,option1,US,imports,2025-Q4,2.6
product,robots,option1,US,imports,2026-Q1,4.58
product,robots,option1,US,imports,2026-Q2,1.66
product,robots,option1,East Asia,imports,2016-Q1,0.88
product,robots,option1,East Asia,imports,2016-Q2,1.3
product,robots,option1,East Asia,imports,2016-Q3,1.95
product,robots,option1,East Asia,imports,2016-Q4,0.86
product,robots,option1,East Asia,imports,2017-Q1,1.06
product,robots,option1,East Asia,imports,2017-Q2,2.04
product,robots,option1,East Asia,imports,2017-Q3,5.52
product,robots,option1,East Asia,imports,2017-Q4,1.72
product,robots,option1,East Asia,imports,2018-Q1,3.79
product,robots,option1,East Asia,imports,2018-Q2,1.59
product,robots,option1,East Asia,imports,2018-Q3,1.55
product,robots,option1,East Asia,imports,2018-Q4,1.22
product,robots,option1,East Asia,imports,2019-Q1,1.85
product,robots,option1,East Asia,imports,2019-Q2,2.41
product,robots,option1,East Asia,imports,2019-Q3,1.89
product,robots,option1,East Asia,imports,2019-Q4,1.31
product,robots,option1,East Asia,imports,2020-Q1,2.05
product,robots,option1,East Asia,imports,2020-Q2,3.55
product,robots,option1,East Asia,imports,2020-Q3,1.14
product,robots,option1,East Asia,imports,2020-Q4,0.89
product,robots,option1,East Asia,imports,2021-Q1,1.92
product,robots,option1,East Asia,imports,2021-Q2,2.05
product,robots,option1,East Asia,imports,2021-Q3,2.48
product,robots,option1,East Asia,imports,2021-Q4,1.64
product,robots,option1,East Asia,imports,2022-Q1,1.23
product,robots,option1,East Asia,imports,2022-Q2,1.27
product,robots,option1,East Asia,imports,2022-Q3,3.67
product,robots,option1,East Asia,imports,2022-Q4,1.77
product,robots,option1,East Asia,imports,2023-Q1,1.31
product,robots,option1,East Asia,imports,2023-Q2,1.93
product,robots,option1,East Asia,imports,2023-Q3,1.99
product,robots,option1,East Asia,imports,2023-Q4,2.92
product,robots,option1,East Asia,imports,2024-Q1,1.34
product,robots,option1,East Asia,imports,2024-Q2,2.06
product,robots,option1,East Asia,imports,2024-Q3,1.25
product,robots,option1,East Asia,imports,2024-Q4,2.38
product,robots,option1,East Asia,imports,2025-Q1,3.94
product,robots,option1,East Asia,imports,2025-Q2,4.4
product,robots,option1,East Asia,imports,2025-Q3,2.89
product,robots,option1,East Asia,imports,2025-Q4,2.86
product,robots,option1,East Asia,imports,2026-Q1,2.61
product,robots,option1,East Asia,imports,2026-Q2,2.27
product,robots,option1,Rest of world,imports,2016-Q1,0.89
product,robots,option1,Rest of world,imports,2016-Q2,0.41
product,robots,option1,Rest of world,imports,2016-Q3,0.59
product,robots,option1,Rest of world,imports,2016-Q4,0.52
product,robots,option1,Rest of world,imports,2017-Q1,0.71
product,robots,option1,Rest of world,imports,2017-Q2,0.47
product,robots,option1,Rest of world,imports,2017-Q3,1.83
product,robots,option1,Rest of world,imports,2017-Q4,1.75
product,robots,option1,Rest of world,imports,2018-Q1,0.73
product,robots,option1,Rest of world,imports,2018-Q2,0.87
product,robots,option1,Rest of world,imports,2018-Q3,1.34
product,robots,option1,Rest of world,imports,2018-Q4,1.2
product,robots,option1,Rest of world,imports,2019-Q1,2.69
product,robots,option1,Rest of world,imports,2019-Q2,1.56
product,robots,option1,Rest of world,imports,2019-Q3,1.61
product,robots,option1,Rest of world,imports,2019-Q4,1.52
product,robots,option1,Rest of world,imports,2020-Q1,1.4
product,robots,option1,Rest of world,imports,2020-Q2,2.82
product,robots,option1,Rest of world,imports,2020-Q3,8.05
product,robots,option1,Rest of world,imports,2020-Q4,1.86
product,robots,option1,Rest of world,imports,2021-Q1,1.1
product,robots,option1,Rest of world,imports,2021-Q2,3.02
product,robots,option1,Rest of world,imports,2021-Q3,2.94
product,robots,option1,Rest of world,imports,2021-Q4,2.34
product,robots,option1,Rest of world,imports,2022-Q1,1.5
product,robots,option1,Rest of world,imports,2022-Q2,1.54
product,robots,option1,Rest of world,imports,2022-Q3,1.91
product,robots,option1,Rest of world,imports,2022-Q4,3.22
product,robots,option1,Rest of world,imports,2023-Q1,6.1
product,robots,option1,Rest of world,imports,2023-Q2,2.13
product,robots,option1,Rest of world,imports,2023-Q3,1.91
product,robots,option1,Rest of world,imports,2023-Q4,2.39
product,robots,option1,Rest of world,imports,2024-Q1,2.91
product,robots,option1,Rest of world,imports,2024-Q2,4.25
product,robots,option1,Rest of world,imports,2024-Q3,1.25
product,robots,option1,Rest of world,imports,2024-Q4,1.26
product,robots,option1,Rest of world,imports,2025-Q1,2.11
product,robots,option1,Rest of world,imports,2025-Q2,1.7
product,robots,option1,Rest of world,imports,2025-Q3,5.86
product,robots,option1,Rest of world,imports,2025-Q4,4.43
product,robots,option1,Rest of world,imports,2026-Q1,2.11
product,robots,option1,Rest of world,imports,2026-Q2,3.38
product,robots,option2,China incl. Hong Kong,imports,2016-Q1,0.27
product,robots,option2,China incl. Hong Kong,imports,2016-Q2,0.61
product,robots,option2,China incl. Hong Kong,imports,2016-Q3,0.25
product,robots,option2,China incl. Hong Kong,imports,2016-Q4,0.31
product,robots,option2,China incl. Hong Kong,imports,2017-Q1,0.62
product,robots,option2,China incl. Hong Kong,imports,2017-Q2,0.55
product,robots,option2,China incl. Hong Kong,imports,2017-Q3,0.63
product,robots,option2,China incl. Hong Kong,imports,2017-Q4,0.16
product,robots,option2,China incl. Hong Kong,imports,2018-Q1,0.27
product,robots,option2,China incl. Hong Kong,imports,2018-Q2,0.34
product,robots,option2,China incl. Hong Kong,imports,2018-Q3,0.71
product,robots,option2,China incl. Hong Kong,imports,2018-Q4,0.23
product,robots,option2,China incl. Hong Kong,imports,2019-Q1,0.78
product,robots,option2,China incl. Hong Kong,imports,2019-Q2,0.47
product,robots,option2,China incl. Hong Kong,imports,2019-Q3,0.25
product,robots,option2,China incl. Hong Kong,imports,2019-Q4,0.42
product,robots,option2,China incl. Hong Kong,imports,2020-Q1,0.24
product,robots,option2,China incl. Hong Kong,imports,2020-Q2,0.47
product,robots,option2,China incl. Hong Kong,imports,2020-Q3,0.3
product,robots,option2,China incl. Hong Kong,imports,2020-Q4,0.34
product,robots,option2,China incl. Hong Kong,imports,2021-Q1,0.68
product,robots,option2,China incl. Hong Kong,imports,2021-Q2,1.12
product,robots,option2,China incl. Hong Kong,imports,2021-Q3,1.43
product,robots,option2,China incl. Hong Kong,imports,2021-Q4,0.98
product,robots,option2,China incl. Hong Kong,imports,2022-Q1,0.84
product,robots,option2,China incl. Hong Kong,imports,2022-Q2,0.75
product,robots,option2,China incl. Hong Kong,imports,2022-Q3,1.05
product,robots,option2,China incl. Hong Kong,imports,2022-Q4,0.67
product,robots,option2,China incl. Hong Kong,imports,2023-Q1,0.64
product,robots,option2,China incl. Hong Kong,imports,2023-Q2,1.32
product,robots,option2,China incl. Hong Kong,imports,2023-Q3,0.59
product,robots,option2,China incl. Hong Kong,imports,2023-Q4,0.78
product,robots,option2,China incl. Hong Kong,imports,2024-Q1,0.74
product,robots,option2,China incl. Hong Kong,imports,2024-Q2,0.82
product,robots,option2,China incl. Hong Kong,imports,2024-Q3,0.83
product,robots,option2,China incl. Hong Kong,imports,2024-Q4,1.72
product,robots,option2,China incl. Hong Kong,imports,2025-Q1,2.61
product,robots,option2,China incl. Hong Kong,imports,2025-Q2,3.12
product,robots,option2,China incl. Hong Kong,imports,2025-Q3,2.25
product,robots,option2,China incl. Hong Kong,imports,2025-Q4,2.53
product,robots,option2,China incl. Hong Kong,imports,2026-Q1,2.38
product,robots,option2,China incl. Hong Kong,imports,2026-Q2,1.66
product,robots,option2,Japan,imports,2016-Q1,0.57
product,robots,option2,Japan,imports,2016-Q2,0.59
product,robots,option2,Japan,imports,2016-Q3,1.62
product,robots,option2,Japan,imports,2016-Q4,0.38
product,robots,option2,Japan,imports,2017-Q1,0.31
product,robots,option2,Japan,imports,2017-Q2,1.29
product,robots,option2,Japan,imports,2017-Q3,4.73
product,robots,option2,Japan,imports,2017-Q4,1.28
product,robots,option2,Japan,imports,2018-Q1,2.86
product,robots,option2,Japan,imports,2018-Q2,0.9
product,robots,option2,Japan,imports,2018-Q3,0.6
product,robots,option2,Japan,imports,2018-Q4,0.54
product,robots,option2,Japan,imports,2019-Q1,0.67
product,robots,option2,Japan,imports,2019-Q2,1.41
product,robots,option2,Japan,imports,2019-Q3,1.07
product,robots,option2,Japan,imports,2019-Q4,0.7
product,robots,option2,Japan,imports,2020-Q1,1.44
product,robots,option2,Japan,imports,2020-Q2,2.74
product,robots,option2,Japan,imports,2020-Q3,0.68
product,robots,option2,Japan,imports,2020-Q4,0.37
product,robots,option2,Japan,imports,2021-Q1,1.04
product,robots,option2,Japan,imports,2021-Q2,0.52
product,robots,option2,Japan,imports,2021-Q3,0.76
product,robots,option2,Japan,imports,2021-Q4,0.2
product,robots,option2,Japan,imports,2022-Q1,0.22
product,robots,option2,Japan,imports,2022-Q2,0.2
product,robots,option2,Japan,imports,2022-Q3,2.39
product,robots,option2,Japan,imports,2022-Q4,0.47
product,robots,option2,Japan,imports,2023-Q1,0.6
product,robots,option2,Japan,imports,2023-Q2,0.49
product,robots,option2,Japan,imports,2023-Q3,1.34
product,robots,option2,Japan,imports,2023-Q4,2.12
product,robots,option2,Japan,imports,2024-Q1,0.45
product,robots,option2,Japan,imports,2024-Q2,0.98
product,robots,option2,Japan,imports,2024-Q3,0.21
product,robots,option2,Japan,imports,2024-Q4,0.3
product,robots,option2,Japan,imports,2025-Q1,0.8
product,robots,option2,Japan,imports,2025-Q2,1.01
product,robots,option2,Japan,imports,2025-Q3,0.26
product,robots,option2,Japan,imports,2025-Q4,0.12
product,robots,option2,Japan,imports,2026-Q1,0.11
product,robots,option2,Japan,imports,2026-Q2,0.37
product,robots,option2,South Korea,imports,2016-Q1,0.0
product,robots,option2,South Korea,imports,2016-Q2,0.02
product,robots,option2,South Korea,imports,2016-Q3,0.01
product,robots,option2,South Korea,imports,2016-Q4,0.03
product,robots,option2,South Korea,imports,2017-Q1,0.04
product,robots,option2,South Korea,imports,2017-Q2,0.05
product,robots,option2,South Korea,imports,2017-Q3,0.0
product,robots,option2,South Korea,imports,2017-Q4,0.0
product,robots,option2,South Korea,imports,2018-Q1,0.25
product,robots,option2,South Korea,imports,2018-Q2,0.0
product,robots,option2,South Korea,imports,2018-Q3,0.05
product,robots,option2,South Korea,imports,2018-Q4,0.05
product,robots,option2,South Korea,imports,2019-Q1,0.11
product,robots,option2,South Korea,imports,2019-Q2,0.25
product,robots,option2,South Korea,imports,2019-Q3,0.02
product,robots,option2,South Korea,imports,2019-Q4,0.06
product,robots,option2,South Korea,imports,2020-Q1,0.23
product,robots,option2,South Korea,imports,2020-Q2,0.26
product,robots,option2,South Korea,imports,2020-Q3,0.02
product,robots,option2,South Korea,imports,2020-Q4,0.07
product,robots,option2,South Korea,imports,2021-Q1,0.03
product,robots,option2,South Korea,imports,2021-Q2,0.23
product,robots,option2,South Korea,imports,2021-Q3,0.1
product,robots,option2,South Korea,imports,2021-Q4,0.24
product,robots,option2,South Korea,imports,2022-Q1,0.06
product,robots,option2,South Korea,imports,2022-Q2,0.14
product,robots,option2,South Korea,imports,2022-Q3,0.13
product,robots,option2,South Korea,imports,2022-Q4,0.0
product,robots,option2,South Korea,imports,2023-Q1,0.0
product,robots,option2,South Korea,imports,2023-Q2,0.02
product,robots,option2,South Korea,imports,2023-Q3,0.04
product,robots,option2,South Korea,imports,2023-Q4,0.0
product,robots,option2,South Korea,imports,2024-Q1,0.0
product,robots,option2,South Korea,imports,2024-Q2,0.09
product,robots,option2,South Korea,imports,2024-Q3,0.16
product,robots,option2,South Korea,imports,2024-Q4,0.2
product,robots,option2,South Korea,imports,2025-Q1,0.14
product,robots,option2,South Korea,imports,2025-Q2,0.08
product,robots,option2,South Korea,imports,2025-Q3,0.21
product,robots,option2,South Korea,imports,2025-Q4,0.14
product,robots,option2,South Korea,imports,2026-Q1,0.03
product,robots,option2,South Korea,imports,2026-Q2,0.0
product,robots,option2,Taiwan,imports,2016-Q1,0.03
product,robots,option2,Taiwan,imports,2016-Q2,0.08
product,robots,option2,Taiwan,imports,2016-Q3,0.08
product,robots,option2,Taiwan,imports,2016-Q4,0.13
product,robots,option2,Taiwan,imports,2017-Q1,0.1
product,robots,option2,Taiwan,imports,2017-Q2,0.14
product,robots,option2,Taiwan,imports,2017-Q3,0.16
product,robots,option2,Taiwan,imports,2017-Q4,0.28
product,robots,option2,Taiwan,imports,2018-Q1,0.41
product,robots,option2,Taiwan,imports,2018-Q2,0.35
product,robots,option2,Taiwan,imports,2018-Q3,0.18
product,robots,option2,Taiwan,imports,2018-Q4,0.39
product,robots,option2,Taiwan,imports,2019-Q1,0.3
product,robots,option2,Taiwan,imports,2019-Q2,0.28
product,robots,option2,Taiwan,imports,2019-Q3,0.54
product,robots,option2,Taiwan,imports,2019-Q4,0.12
product,robots,option2,Taiwan,imports,2020-Q1,0.14
product,robots,option2,Taiwan,imports,2020-Q2,0.08
product,robots,option2,Taiwan,imports,2020-Q3,0.13
product,robots,option2,Taiwan,imports,2020-Q4,0.1
product,robots,option2,Taiwan,imports,2021-Q1,0.17
product,robots,option2,Taiwan,imports,2021-Q2,0.18
product,robots,option2,Taiwan,imports,2021-Q3,0.19
product,robots,option2,Taiwan,imports,2021-Q4,0.23
product,robots,option2,Taiwan,imports,2022-Q1,0.11
product,robots,option2,Taiwan,imports,2022-Q2,0.18
product,robots,option2,Taiwan,imports,2022-Q3,0.1
product,robots,option2,Taiwan,imports,2022-Q4,0.62
product,robots,option2,Taiwan,imports,2023-Q1,0.06
product,robots,option2,Taiwan,imports,2023-Q2,0.1
product,robots,option2,Taiwan,imports,2023-Q3,0.03
product,robots,option2,Taiwan,imports,2023-Q4,0.02
product,robots,option2,Taiwan,imports,2024-Q1,0.14
product,robots,option2,Taiwan,imports,2024-Q2,0.18
product,robots,option2,Taiwan,imports,2024-Q3,0.06
product,robots,option2,Taiwan,imports,2024-Q4,0.17
product,robots,option2,Taiwan,imports,2025-Q1,0.39
product,robots,option2,Taiwan,imports,2025-Q2,0.19
product,robots,option2,Taiwan,imports,2025-Q3,0.17
product,robots,option2,Taiwan,imports,2025-Q4,0.08
product,robots,option2,Taiwan,imports,2026-Q1,0.1
product,robots,option2,Taiwan,imports,2026-Q2,0.24
product,handling_robots,option1,EU,exports,2022-Q1,0.08
product,handling_robots,option1,EU,exports,2022-Q2,0.26
product,handling_robots,option1,EU,exports,2022-Q3,0.37
product,handling_robots,option1,EU,exports,2022-Q4,0.74
product,handling_robots,option1,EU,exports,2023-Q1,1.81
product,handling_robots,option1,EU,exports,2023-Q2,1.78
product,handling_robots,option1,EU,exports,2023-Q3,0.88
product,handling_robots,option1,EU,exports,2023-Q4,0.97
product,handling_robots,option1,EU,exports,2024-Q1,6.0
product,handling_robots,option1,EU,exports,2024-Q2,0.64
product,handling_robots,option1,EU,exports,2024-Q3,3.23
product,handling_robots,option1,EU,exports,2024-Q4,7.68
product,handling_robots,option1,EU,exports,2025-Q1,1.59
product,handling_robots,option1,EU,exports,2025-Q2,1.16
product,handling_robots,option1,EU,exports,2025-Q3,1.07
product,handling_robots,option1,EU,exports,2025-Q4,5.99
product,handling_robots,option1,EU,exports,2026-Q1,1.76
product,handling_robots,option1,EU,exports,2026-Q2,0.75
product,handling_robots,option1,US,exports,2022-Q1,0.95
product,handling_robots,option1,US,exports,2022-Q2,0.04
product,handling_robots,option1,US,exports,2022-Q3,0.19
product,handling_robots,option1,US,exports,2022-Q4,0.0
product,handling_robots,option1,US,exports,2023-Q1,0.14
product,handling_robots,option1,US,exports,2023-Q2,0.15
product,handling_robots,option1,US,exports,2023-Q3,0.16
product,handling_robots,option1,US,exports,2023-Q4,0.25
product,handling_robots,option1,US,exports,2024-Q1,0.45
product,handling_robots,option1,US,exports,2024-Q2,3.5
product,handling_robots,option1,US,exports,2024-Q3,0.59
product,handling_robots,option1,US,exports,2024-Q4,1.91
product,handling_robots,option1,US,exports,2025-Q1,0.61
product,handling_robots,option1,US,exports,2025-Q2,0.57
product,handling_robots,option1,US,exports,2025-Q3,0.92
product,handling_robots,option1,US,exports,2025-Q4,0.64
product,handling_robots,option1,US,exports,2026-Q1,1.3
product,handling_robots,option1,US,exports,2026-Q2,1.16
product,handling_robots,option1,East Asia,exports,2022-Q1,0.0
product,handling_robots,option1,East Asia,exports,2022-Q2,0.0
product,handling_robots,option1,East Asia,exports,2022-Q3,0.0
product,handling_robots,option1,East Asia,exports,2022-Q4,0.0
product,handling_robots,option1,East Asia,exports,2023-Q1,0.0
product,handling_robots,option1,East Asia,exports,2023-Q2,0.01
product,handling_robots,option1,East Asia,exports,2023-Q3,0.0
product,handling_robots,option1,East Asia,exports,2023-Q4,0.0
product,handling_robots,option1,East Asia,exports,2024-Q1,0.01
product,handling_robots,option1,East Asia,exports,2024-Q2,0.22
product,handling_robots,option1,East Asia,exports,2024-Q3,0.0
product,handling_robots,option1,East Asia,exports,2024-Q4,0.07
product,handling_robots,option1,East Asia,exports,2025-Q1,0.06
product,handling_robots,option1,East Asia,exports,2025-Q2,0.04
product,handling_robots,option1,East Asia,exports,2025-Q3,0.0
product,handling_robots,option1,East Asia,exports,2025-Q4,0.0
product,handling_robots,option1,East Asia,exports,2026-Q1,0.38
product,handling_robots,option1,East Asia,exports,2026-Q2,0.0
product,handling_robots,option1,Rest of world,exports,2022-Q1,1.59
product,handling_robots,option1,Rest of world,exports,2022-Q2,0.23
product,handling_robots,option1,Rest of world,exports,2022-Q3,0.02
product,handling_robots,option1,Rest of world,exports,2022-Q4,0.04
product,handling_robots,option1,Rest of world,exports,2023-Q1,2.14
product,handling_robots,option1,Rest of world,exports,2023-Q2,2.94
product,handling_robots,option1,Rest of world,exports,2023-Q3,0.81
product,handling_robots,option1,Rest of world,exports,2023-Q4,0.45
product,handling_robots,option1,Rest of world,exports,2024-Q1,0.36
product,handling_robots,option1,Rest of world,exports,2024-Q2,0.2
product,handling_robots,option1,Rest of world,exports,2024-Q3,0.34
product,handling_robots,option1,Rest of world,exports,2024-Q4,0.62
product,handling_robots,option1,Rest of world,exports,2025-Q1,0.12
product,handling_robots,option1,Rest of world,exports,2025-Q2,1.44
product,handling_robots,option1,Rest of world,exports,2025-Q3,0.11
product,handling_robots,option1,Rest of world,exports,2025-Q4,1.34
product,handling_robots,option1,Rest of world,exports,2026-Q1,0.64
product,handling_robots,option1,Rest of world,exports,2026-Q2,0.0
product,handling_robots,option2,China incl. Hong Kong,exports,2022-Q1,0.0
product,handling_robots,option2,China incl. Hong Kong,exports,2022-Q2,0.0
product,handling_robots,option2,China incl. Hong Kong,exports,2022-Q3,0.0
product,handling_robots,option2,China incl. Hong Kong,exports,2022-Q4,0.0
product,handling_robots,option2,China incl. Hong Kong,exports,2023-Q1,0.0
product,handling_robots,option2,China incl. Hong Kong,exports,2023-Q2,0.01
product,handling_robots,option2,China incl. Hong Kong,exports,2023-Q3,0.0
product,handling_robots,option2,China incl. Hong Kong,exports,2023-Q4,0.0
product,handling_robots,option2,China incl. Hong Kong,exports,2024-Q1,0.0
product,handling_robots,option2,China incl. Hong Kong,exports,2024-Q2,0.16
product,handling_robots,option2,China incl. Hong Kong,exports,2024-Q3,0.0
product,handling_robots,option2,China incl. Hong Kong,exports,2024-Q4,0.07
product,handling_robots,option2,China incl. Hong Kong,exports,2025-Q1,0.04
product,handling_robots,option2,China incl. Hong Kong,exports,2025-Q2,0.0
product,handling_robots,option2,China incl. Hong Kong,exports,2025-Q3,0.0
product,handling_robots,option2,China incl. Hong Kong,exports,2025-Q4,0.0
product,handling_robots,option2,China incl. Hong Kong,exports,2026-Q1,0.0
product,handling_robots,option2,China incl. Hong Kong,exports,2026-Q2,0.0
product,handling_robots,option2,Japan,exports,2022-Q1,0.0
product,handling_robots,option2,Japan,exports,2022-Q2,0.0
product,handling_robots,option2,Japan,exports,2022-Q3,0.0
product,handling_robots,option2,Japan,exports,2022-Q4,0.0
product,handling_robots,option2,Japan,exports,2023-Q1,0.0
product,handling_robots,option2,Japan,exports,2023-Q2,0.01
product,handling_robots,option2,Japan,exports,2023-Q3,0.0
product,handling_robots,option2,Japan,exports,2023-Q4,0.0
product,handling_robots,option2,Japan,exports,2024-Q1,0.0
product,handling_robots,option2,Japan,exports,2024-Q2,0.06
product,handling_robots,option2,Japan,exports,2024-Q3,0.0
product,handling_robots,option2,Japan,exports,2024-Q4,0.0
product,handling_robots,option2,Japan,exports,2025-Q1,0.0
product,handling_robots,option2,Japan,exports,2025-Q2,0.04
product,handling_robots,option2,Japan,exports,2025-Q3,0.0
product,handling_robots,option2,Japan,exports,2025-Q4,0.0
product,handling_robots,option2,Japan,exports,2026-Q1,0.38
product,handling_robots,option2,Japan,exports,2026-Q2,0.0
product,handling_robots,option2,South Korea,exports,2022-Q1,0.0
product,handling_robots,option2,South Korea,exports,2022-Q2,0.0
product,handling_robots,option2,South Korea,exports,2022-Q3,0.0
product,handling_robots,option2,South Korea,exports,2022-Q4,0.0
product,handling_robots,option2,South Korea,exports,2023-Q1,0.0
product,handling_robots,option2,South Korea,exports,2023-Q2,0.0
product,handling_robots,option2,South Korea,exports,2023-Q3,0.0
product,handling_robots,option2,South Korea,exports,2023-Q4,0.0
product,handling_robots,option2,South Korea,exports,2024-Q1,0.0
product,handling_robots,option2,South Korea,exports,2024-Q2,0.0
product,handling_robots,option2,South Korea,exports,2024-Q3,0.0
product,handling_robots,option2,South Korea,exports,2024-Q4,0.0
product,handling_robots,option2,South Korea,exports,2025-Q1,0.0
product,handling_robots,option2,South Korea,exports,2025-Q2,0.0
product,handling_robots,option2,South Korea,exports,2025-Q3,0.0
product,handling_robots,option2,South Korea,exports,2025-Q4,0.0
product,handling_robots,option2,South Korea,exports,2026-Q1,0.0
product,handling_robots,option2,South Korea,exports,2026-Q2,0.0
product,handling_robots,option2,Taiwan,exports,2022-Q1,0.0
product,handling_robots,option2,Taiwan,exports,2022-Q2,0.0
product,handling_robots,option2,Taiwan,exports,2022-Q3,0.0
product,handling_robots,option2,Taiwan,exports,2022-Q4,0.0
product,handling_robots,option2,Taiwan,exports,2023-Q1,0.0
product,handling_robots,option2,Taiwan,exports,2023-Q2,0.0
product,handling_robots,option2,Taiwan,exports,2023-Q3,0.0
product,handling_robots,option2,Taiwan,exports,2023-Q4,0.0
product,handling_robots,option2,Taiwan,exports,2024-Q1,0.01
product,handling_robots,option2,Taiwan,exports,2024-Q2,0.0
product,handling_robots,option2,Taiwan,exports,2024-Q3,0.0
product,handling_robots,option2,Taiwan,exports,2024-Q4,0.0
product,handling_robots,option2,Taiwan,exports,2025-Q1,0.02
product,handling_robots,option2,Taiwan,exports,2025-Q2,0.0
product,handling_robots,option2,Taiwan,exports,2025-Q3,0.0
product,handling_robots,option2,Taiwan,exports,2025-Q4,0.0
product,handling_robots,option2,Taiwan,exports,2026-Q1,0.0
product,handling_robots,option2,Taiwan,exports,2026-Q2,0.0
product,handling_robots,option1,EU,imports,2022-Q1,0.91
product,handling_robots,option1,EU,imports,2022-Q2,0.55
product,handling_robots,option1,EU,imports,2022-Q3,5.22
product,handling_robots,option1,EU,imports,2022-Q4,3.27
product,handling_robots,option1,EU,imports,2023-Q1,7.35
product,handling_robots,option1,EU,imports,2023-Q2,12.41
product,handling_robots,option1,EU,imports,2023-Q3,3.67
product,handling_robots,option1,EU,imports,2023-Q4,11.27
product,handling_robots,option1,EU,imports,2024-Q1,9.31
product,handling_robots,option1,EU,imports,2024-Q2,9.62
product,handling_robots,option1,EU,imports,2024-Q3,3.45
product,handling_robots,option1,EU,imports,2024-Q4,14.64
product,handling_robots,option1,EU,imports,2025-Q1,3.17
product,handling_robots,option1,EU,imports,2025-Q2,7.64
product,handling_robots,option1,EU,imports,2025-Q3,4.46
product,handling_robots,option1,EU,imports,2025-Q4,4.39
product,handling_robots,option1,EU,imports,2026-Q1,3.14
product,handling_robots,option1,EU,imports,2026-Q2,14.84
product,handling_robots,option1,US,imports,2022-Q1,0.01
product,handling_robots,option1,US,imports,2022-Q2,0.16
product,handling_robots,option1,US,imports,2022-Q3,0.23
product,handling_robots,option1,US,imports,2022-Q4,0.43
product,handling_robots,option1,US,imports,2023-Q1,1.26
product,handling_robots,option1,US,imports,2023-Q2,0.42
product,handling_robots,option1,US,imports,2023-Q3,0.22
product,handling_robots,option1,US,imports,2023-Q4,5.63
product,handling_robots,option1,US,imports,2024-Q1,0.76
product,handling_robots,option1,US,imports,2024-Q2,0.54
product,handling_robots,option1,US,imports,2024-Q3,6.87
product,handling_robots,option1,US,imports,2024-Q4,4.56
product,handling_robots,option1,US,imports,2025-Q1,0.87
product,handling_robots,option1,US,imports,2025-Q2,1.59
product,handling_robots,option1,US,imports,2025-Q3,1.41
product,handling_robots,option1,US,imports,2025-Q4,6.57
product,handling_robots,option1,US,imports,2026-Q1,0.15
product,handling_robots,option1,US,imports,2026-Q2,1.81
product,handling_robots,option1,East Asia,imports,2022-Q1,0.0
product,handling_robots,option1,East Asia,imports,2022-Q2,0.02
product,handling_robots,option1,East Asia,imports,2022-Q3,0.03
product,handling_robots,option1,East Asia,imports,2022-Q4,0.24
product,handling_robots,option1,East Asia,imports,2023-Q1,0.26
product,handling_robots,option1,East Asia,imports,2023-Q2,0.14
product,handling_robots,option1,East Asia,imports,2023-Q3,0.91
product,handling_robots,option1,East Asia,imports,2023-Q4,1.69
product,handling_robots,option1,East Asia,imports,2024-Q1,0.08
product,handling_robots,option1,East Asia,imports,2024-Q2,1.45
product,handling_robots,option1,East Asia,imports,2024-Q3,1.82
product,handling_robots,option1,East Asia,imports,2024-Q4,0.38
product,handling_robots,option1,East Asia,imports,2025-Q1,1.17
product,handling_robots,option1,East Asia,imports,2025-Q2,4.93
product,handling_robots,option1,East Asia,imports,2025-Q3,4.18
product,handling_robots,option1,East Asia,imports,2025-Q4,1.32
product,handling_robots,option1,East Asia,imports,2026-Q1,1.53
product,handling_robots,option1,East Asia,imports,2026-Q2,0.66
product,handling_robots,option1,Rest of world,imports,2022-Q1,0.29
product,handling_robots,option1,Rest of world,imports,2022-Q2,0.01
product,handling_robots,option1,Rest of world,imports,2022-Q3,2.82
product,handling_robots,option1,Rest of world,imports,2022-Q4,1.08
product,handling_robots,option1,Rest of world,imports,2023-Q1,2.29
product,handling_robots,option1,Rest of world,imports,2023-Q2,2.25
product,handling_robots,option1,Rest of world,imports,2023-Q3,0.69
product,handling_robots,option1,Rest of world,imports,2023-Q4,0.1
product,handling_robots,option1,Rest of world,imports,2024-Q1,0.31
product,handling_robots,option1,Rest of world,imports,2024-Q2,0.92
product,handling_robots,option1,Rest of world,imports,2024-Q3,0.99
product,handling_robots,option1,Rest of world,imports,2024-Q4,5.69
product,handling_robots,option1,Rest of world,imports,2025-Q1,0.01
product,handling_robots,option1,Rest of world,imports,2025-Q2,0.78
product,handling_robots,option1,Rest of world,imports,2025-Q3,0.76
product,handling_robots,option1,Rest of world,imports,2025-Q4,0.52
product,handling_robots,option1,Rest of world,imports,2026-Q1,0.18
product,handling_robots,option1,Rest of world,imports,2026-Q2,1.98
product,handling_robots,option2,China incl. Hong Kong,imports,2022-Q1,0.0
product,handling_robots,option2,China incl. Hong Kong,imports,2022-Q2,0.02
product,handling_robots,option2,China incl. Hong Kong,imports,2022-Q3,0.03
product,handling_robots,option2,China incl. Hong Kong,imports,2022-Q4,0.22
product,handling_robots,option2,China incl. Hong Kong,imports,2023-Q1,0.16
product,handling_robots,option2,China incl. Hong Kong,imports,2023-Q2,0.04
product,handling_robots,option2,China incl. Hong Kong,imports,2023-Q3,0.91
product,handling_robots,option2,China incl. Hong Kong,imports,2023-Q4,1.61
product,handling_robots,option2,China incl. Hong Kong,imports,2024-Q1,0.06
product,handling_robots,option2,China incl. Hong Kong,imports,2024-Q2,0.08
product,handling_robots,option2,China incl. Hong Kong,imports,2024-Q3,1.82
product,handling_robots,option2,China incl. Hong Kong,imports,2024-Q4,0.38
product,handling_robots,option2,China incl. Hong Kong,imports,2025-Q1,1.02
product,handling_robots,option2,China incl. Hong Kong,imports,2025-Q2,4.57
product,handling_robots,option2,China incl. Hong Kong,imports,2025-Q3,4.18
product,handling_robots,option2,China incl. Hong Kong,imports,2025-Q4,1.32
product,handling_robots,option2,China incl. Hong Kong,imports,2026-Q1,1.53
product,handling_robots,option2,China incl. Hong Kong,imports,2026-Q2,0.66
product,handling_robots,option2,Japan,imports,2022-Q1,0.0
product,handling_robots,option2,Japan,imports,2022-Q2,0.0
product,handling_robots,option2,Japan,imports,2022-Q3,0.0
product,handling_robots,option2,Japan,imports,2022-Q4,0.01
product,handling_robots,option2,Japan,imports,2023-Q1,0.11
product,handling_robots,option2,Japan,imports,2023-Q2,0.05
product,handling_robots,option2,Japan,imports,2023-Q3,0.0
product,handling_robots,option2,Japan,imports,2023-Q4,0.08
product,handling_robots,option2,Japan,imports,2024-Q1,0.02
product,handling_robots,option2,Japan,imports,2024-Q2,1.37
product,handling_robots,option2,Japan,imports,2024-Q3,0.0
product,handling_robots,option2,Japan,imports,2024-Q4,0.0
product,handling_robots,option2,Japan,imports,2025-Q1,0.0
product,handling_robots,option2,Japan,imports,2025-Q2,0.0
product,handling_robots,option2,Japan,imports,2025-Q3,0.0
product,handling_robots,option2,Japan,imports,2025-Q4,0.0
product,handling_robots,option2,Japan,imports,2026-Q1,0.0
product,handling_robots,option2,Japan,imports,2026-Q2,0.0
product,handling_robots,option2,South Korea,imports,2022-Q1,0.0
product,handling_robots,option2,South Korea,imports,2022-Q2,0.0
product,handling_robots,option2,South Korea,imports,2022-Q3,0.0
product,handling_robots,option2,South Korea,imports,2022-Q4,0.0
product,handling_robots,option2,South Korea,imports,2023-Q1,0.0
product,handling_robots,option2,South Korea,imports,2023-Q2,0.05
product,handling_robots,option2,South Korea,imports,2023-Q3,0.0
product,handling_robots,option2,South Korea,imports,2023-Q4,0.0
product,handling_robots,option2,South Korea,imports,2024-Q1,0.0
product,handling_robots,option2,South Korea,imports,2024-Q2,0.0
product,handling_robots,option2,South Korea,imports,2024-Q3,0.0
product,handling_robots,option2,South Korea,imports,2024-Q4,0.0
product,handling_robots,option2,South Korea,imports,2025-Q1,0.15
product,handling_robots,option2,South Korea,imports,2025-Q2,0.37
product,handling_robots,option2,South Korea,imports,2025-Q3,0.0
product,handling_robots,option2,South Korea,imports,2025-Q4,0.0
product,handling_robots,option2,South Korea,imports,2026-Q1,0.0
product,handling_robots,option2,South Korea,imports,2026-Q2,0.0
product,handling_robots,option2,Taiwan,imports,2022-Q1,0.0
product,handling_robots,option2,Taiwan,imports,2022-Q2,0.0
product,handling_robots,option2,Taiwan,imports,2022-Q3,0.0
product,handling_robots,option2,Taiwan,imports,2022-Q4,0.0
product,handling_robots,option2,Taiwan,imports,2023-Q1,0.0
product,handling_robots,option2,Taiwan,imports,2023-Q2,0.0
product,handling_robots,option2,Taiwan,imports,2023-Q3,0.0
product,handling_robots,option2,Taiwan,imports,2023-Q4,0.0
product,handling_robots,option2,Taiwan,imports,2024-Q1,0.0
product,handling_robots,option2,Taiwan,imports,2024-Q2,0.0
product,handling_robots,option2,Taiwan,imports,2024-Q3,0.0
product,handling_robots,option2,Taiwan,imports,2024-Q4,0.0
product,handling_robots,option2,Taiwan,imports,2025-Q1,0.0
product,handling_robots,option2,Taiwan,imports,2025-Q2,0.0
product,handling_robots,option2,Taiwan,imports,2025-Q3,0.0
product,handling_robots,option2,Taiwan,imports,2025-Q4,0.0
product,handling_robots,option2,Taiwan,imports,2026-Q1,0.0
product,handling_robots,option2,Taiwan,imports,2026-Q2,0.0
product,drones,option1,EU,exports,2022-Q1,1.69
product,drones,option1,EU,exports,2022-Q2,1.05
product,drones,option1,EU,exports,2022-Q3,1.88
product,drones,option1,EU,exports,2022-Q4,0.52
product,drones,option1,EU,exports,2023-Q1,1.91
product,drones,option1,EU,exports,2023-Q2,0.97
product,drones,option1,EU,exports,2023-Q3,4.35
product,drones,option1,EU,exports,2023-Q4,9.76
product,drones,option1,EU,exports,2024-Q1,2.71
product,drones,option1,EU,exports,2024-Q2,5.04
product,drones,option1,EU,exports,2024-Q3,3.06
product,drones,option1,EU,exports,2024-Q4,6.08
product,drones,option1,EU,exports,2025-Q1,8.63
product,drones,option1,EU,exports,2025-Q2,13.69
product,drones,option1,EU,exports,2025-Q3,12.78
product,drones,option1,EU,exports,2025-Q4,13.41
product,drones,option1,EU,exports,2026-Q1,13.71
product,drones,option1,EU,exports,2026-Q2,18.12
product,drones,option1,US,exports,2022-Q1,0.25
product,drones,option1,US,exports,2022-Q2,0.01
product,drones,option1,US,exports,2022-Q3,0.0
product,drones,option1,US,exports,2022-Q4,0.07
product,drones,option1,US,exports,2023-Q1,0.12
product,drones,option1,US,exports,2023-Q2,0.07
product,drones,option1,US,exports,2023-Q3,0.24
product,drones,option1,US,exports,2023-Q4,1.6
product,drones,option1,US,exports,2024-Q1,0.7
product,drones,option1,US,exports,2024-Q2,0.03
product,drones,option1,US,exports,2024-Q3,0.06
product,drones,option1,US,exports,2024-Q4,2.0
product,drones,option1,US,exports,2025-Q1,0.5
product,drones,option1,US,exports,2025-Q2,0.21
product,drones,option1,US,exports,2025-Q3,1.58
product,drones,option1,US,exports,2025-Q4,0.36
product,drones,option1,US,exports,2026-Q1,0.06
product,drones,option1,US,exports,2026-Q2,1.6
product,drones,option1,East Asia,exports,2022-Q1,0.01
product,drones,option1,East Asia,exports,2022-Q2,0.0
product,drones,option1,East Asia,exports,2022-Q3,0.11
product,drones,option1,East Asia,exports,2022-Q4,0.0
product,drones,option1,East Asia,exports,2023-Q1,0.0
product,drones,option1,East Asia,exports,2023-Q2,0.87
product,drones,option1,East Asia,exports,2023-Q3,0.8
product,drones,option1,East Asia,exports,2023-Q4,0.0
product,drones,option1,East Asia,exports,2024-Q1,0.42
product,drones,option1,East Asia,exports,2024-Q2,0.03
product,drones,option1,East Asia,exports,2024-Q3,0.04
product,drones,option1,East Asia,exports,2024-Q4,0.08
product,drones,option1,East Asia,exports,2025-Q1,1.67
product,drones,option1,East Asia,exports,2025-Q2,0.04
product,drones,option1,East Asia,exports,2025-Q3,0.44
product,drones,option1,East Asia,exports,2025-Q4,0.92
product,drones,option1,East Asia,exports,2026-Q1,0.31
product,drones,option1,East Asia,exports,2026-Q2,0.38
product,drones,option1,Rest of world,exports,2022-Q1,2.8
product,drones,option1,Rest of world,exports,2022-Q2,1.1
product,drones,option1,Rest of world,exports,2022-Q3,1.64
product,drones,option1,Rest of world,exports,2022-Q4,5.45
product,drones,option1,Rest of world,exports,2023-Q1,3.2
product,drones,option1,Rest of world,exports,2023-Q2,5.0
product,drones,option1,Rest of world,exports,2023-Q3,8.35
product,drones,option1,Rest of world,exports,2023-Q4,6.94
product,drones,option1,Rest of world,exports,2024-Q1,29.0
product,drones,option1,Rest of world,exports,2024-Q2,31.73
product,drones,option1,Rest of world,exports,2024-Q3,5.4
product,drones,option1,Rest of world,exports,2024-Q4,36.43
product,drones,option1,Rest of world,exports,2025-Q1,74.54
product,drones,option1,Rest of world,exports,2025-Q2,56.98
product,drones,option1,Rest of world,exports,2025-Q3,39.4
product,drones,option1,Rest of world,exports,2025-Q4,74.83
product,drones,option1,Rest of world,exports,2026-Q1,84.39
product,drones,option1,Rest of world,exports,2026-Q2,53.6
product,drones,option2,China incl. Hong Kong,exports,2022-Q1,0.0
product,drones,option2,China incl. Hong Kong,exports,2022-Q2,0.0
product,drones,option2,China incl. Hong Kong,exports,2022-Q3,0.11
product,drones,option2,China incl. Hong Kong,exports,2022-Q4,0.0
product,drones,option2,China incl. Hong Kong,exports,2023-Q1,0.0
product,drones,option2,China incl. Hong Kong,exports,2023-Q2,0.87
product,drones,option2,China incl. Hong Kong,exports,2023-Q3,0.8
product,drones,option2,China incl. Hong Kong,exports,2023-Q4,0.0
product,drones,option2,China incl. Hong Kong,exports,2024-Q1,0.42
product,drones,option2,China incl. Hong Kong,exports,2024-Q2,0.02
product,drones,option2,China incl. Hong Kong,exports,2024-Q3,0.0
product,drones,option2,China incl. Hong Kong,exports,2024-Q4,0.08
product,drones,option2,China incl. Hong Kong,exports,2025-Q1,1.67
product,drones,option2,China incl. Hong Kong,exports,2025-Q2,0.02
product,drones,option2,China incl. Hong Kong,exports,2025-Q3,0.4
product,drones,option2,China incl. Hong Kong,exports,2025-Q4,0.92
product,drones,option2,China incl. Hong Kong,exports,2026-Q1,0.07
product,drones,option2,China incl. Hong Kong,exports,2026-Q2,0.38
product,drones,option2,Japan,exports,2022-Q1,0.01
product,drones,option2,Japan,exports,2022-Q2,0.0
product,drones,option2,Japan,exports,2022-Q3,0.0
product,drones,option2,Japan,exports,2022-Q4,0.0
product,drones,option2,Japan,exports,2023-Q1,0.0
product,drones,option2,Japan,exports,2023-Q2,0.0
product,drones,option2,Japan,exports,2023-Q3,0.0
product,drones,option2,Japan,exports,2023-Q4,0.0
product,drones,option2,Japan,exports,2024-Q1,0.0
product,drones,option2,Japan,exports,2024-Q2,0.0
product,drones,option2,Japan,exports,2024-Q3,0.0
product,drones,option2,Japan,exports,2024-Q4,0.0
product,drones,option2,Japan,exports,2025-Q1,0.0
product,drones,option2,Japan,exports,2025-Q2,0.02
product,drones,option2,Japan,exports,2025-Q3,0.02
product,drones,option2,Japan,exports,2025-Q4,0.0
product,drones,option2,Japan,exports,2026-Q1,0.24
product,drones,option2,Japan,exports,2026-Q2,0.0
product,drones,option2,South Korea,exports,2022-Q1,0.0
product,drones,option2,South Korea,exports,2022-Q2,0.0
product,drones,option2,South Korea,exports,2022-Q3,0.0
product,drones,option2,South Korea,exports,2022-Q4,0.0
product,drones,option2,South Korea,exports,2023-Q1,0.0
product,drones,option2,South Korea,exports,2023-Q2,0.0
product,drones,option2,South Korea,exports,2023-Q3,0.0
product,drones,option2,South Korea,exports,2023-Q4,0.0
product,drones,option2,South Korea,exports,2024-Q1,0.0
product,drones,option2,South Korea,exports,2024-Q2,0.0
product,drones,option2,South Korea,exports,2024-Q3,0.04
product,drones,option2,South Korea,exports,2024-Q4,0.0
product,drones,option2,South Korea,exports,2025-Q1,0.0
product,drones,option2,South Korea,exports,2025-Q2,0.0
product,drones,option2,South Korea,exports,2025-Q3,0.01
product,drones,option2,South Korea,exports,2025-Q4,0.0
product,drones,option2,South Korea,exports,2026-Q1,0.0
product,drones,option2,South Korea,exports,2026-Q2,0.0
product,drones,option2,Taiwan,exports,2022-Q1,0.0
product,drones,option2,Taiwan,exports,2022-Q2,0.0
product,drones,option2,Taiwan,exports,2022-Q3,0.0
product,drones,option2,Taiwan,exports,2022-Q4,0.0
product,drones,option2,Taiwan,exports,2023-Q1,0.0
product,drones,option2,Taiwan,exports,2023-Q2,0.0
product,drones,option2,Taiwan,exports,2023-Q3,0.0
product,drones,option2,Taiwan,exports,2023-Q4,0.0
product,drones,option2,Taiwan,exports,2024-Q1,0.0
product,drones,option2,Taiwan,exports,2024-Q2,0.01
product,drones,option2,Taiwan,exports,2024-Q3,0.0
product,drones,option2,Taiwan,exports,2024-Q4,0.0
product,drones,option2,Taiwan,exports,2025-Q1,0.0
product,drones,option2,Taiwan,exports,2025-Q2,0.0
product,drones,option2,Taiwan,exports,2025-Q3,0.0
product,drones,option2,Taiwan,exports,2025-Q4,0.0
product,drones,option2,Taiwan,exports,2026-Q1,0.0
product,drones,option2,Taiwan,exports,2026-Q2,0.0
product,drones,option1,EU,imports,2022-Q1,1.46
product,drones,option1,EU,imports,2022-Q2,3.38
product,drones,option1,EU,imports,2022-Q3,6.84
product,drones,option1,EU,imports,2022-Q4,5.54
product,drones,option1,EU,imports,2023-Q1,5.92
product,drones,option1,EU,imports,2023-Q2,6.21
product,drones,option1,EU,imports,2023-Q3,11.03
product,drones,option1,EU,imports,2023-Q4,3.47
product,drones,option1,EU,imports,2024-Q1,4.25
product,drones,option1,EU,imports,2024-Q2,4.44
product,drones,option1,EU,imports,2024-Q3,2.65
product,drones,option1,EU,imports,2024-Q4,3.99
product,drones,option1,EU,imports,2025-Q1,5.2
product,drones,option1,EU,imports,2025-Q2,6.7
product,drones,option1,EU,imports,2025-Q3,7.44
product,drones,option1,EU,imports,2025-Q4,8.66
product,drones,option1,EU,imports,2026-Q1,10.72
product,drones,option1,EU,imports,2026-Q2,9.67
product,drones,option1,US,imports,2022-Q1,0.29
product,drones,option1,US,imports,2022-Q2,0.2
product,drones,option1,US,imports,2022-Q3,0.53
product,drones,option1,US,imports,2022-Q4,1.81
product,drones,option1,US,imports,2023-Q1,1.79
product,drones,option1,US,imports,2023-Q2,0.13
product,drones,option1,US,imports,2023-Q3,0.3
product,drones,option1,US,imports,2023-Q4,16.24
product,drones,option1,US,imports,2024-Q1,3.59
product,drones,option1,US,imports,2024-Q2,13.73
product,drones,option1,US,imports,2024-Q3,20.08
product,drones,option1,US,imports,2024-Q4,0.13
product,drones,option1,US,imports,2025-Q1,7.06
product,drones,option1,US,imports,2025-Q2,29.58
product,drones,option1,US,imports,2025-Q3,13.2
product,drones,option1,US,imports,2025-Q4,4.88
product,drones,option1,US,imports,2026-Q1,18.2
product,drones,option1,US,imports,2026-Q2,3.0
product,drones,option1,East Asia,imports,2022-Q1,3.28
product,drones,option1,East Asia,imports,2022-Q2,14.13
product,drones,option1,East Asia,imports,2022-Q3,12.19
product,drones,option1,East Asia,imports,2022-Q4,10.64
product,drones,option1,East Asia,imports,2023-Q1,9.55
product,drones,option1,East Asia,imports,2023-Q2,13.77
product,drones,option1,East Asia,imports,2023-Q3,14.92
product,drones,option1,East Asia,imports,2023-Q4,14.22
product,drones,option1,East Asia,imports,2024-Q1,14.8
product,drones,option1,East Asia,imports,2024-Q2,17.71
product,drones,option1,East Asia,imports,2024-Q3,18.39
product,drones,option1,East Asia,imports,2024-Q4,26.01
product,drones,option1,East Asia,imports,2025-Q1,14.95
product,drones,option1,East Asia,imports,2025-Q2,27.74
product,drones,option1,East Asia,imports,2025-Q3,24.89
product,drones,option1,East Asia,imports,2025-Q4,28.34
product,drones,option1,East Asia,imports,2026-Q1,12.73
product,drones,option1,East Asia,imports,2026-Q2,15.4
product,drones,option1,Rest of world,imports,2022-Q1,0.54
product,drones,option1,Rest of world,imports,2022-Q2,1.1
product,drones,option1,Rest of world,imports,2022-Q3,1.78
product,drones,option1,Rest of world,imports,2022-Q4,8.88
product,drones,option1,Rest of world,imports,2023-Q1,3.12
product,drones,option1,Rest of world,imports,2023-Q2,9.21
product,drones,option1,Rest of world,imports,2023-Q3,1.96
product,drones,option1,Rest of world,imports,2023-Q4,4.03
product,drones,option1,Rest of world,imports,2024-Q1,6.37
product,drones,option1,Rest of world,imports,2024-Q2,2.76
product,drones,option1,Rest of world,imports,2024-Q3,2.26
product,drones,option1,Rest of world,imports,2024-Q4,2.93
product,drones,option1,Rest of world,imports,2025-Q1,1.31
product,drones,option1,Rest of world,imports,2025-Q2,3.71
product,drones,option1,Rest of world,imports,2025-Q3,1.79
product,drones,option1,Rest of world,imports,2025-Q4,3.52
product,drones,option1,Rest of world,imports,2026-Q1,7.76
product,drones,option1,Rest of world,imports,2026-Q2,1.89
product,drones,option2,China incl. Hong Kong,imports,2022-Q1,3.28
product,drones,option2,China incl. Hong Kong,imports,2022-Q2,14.13
product,drones,option2,China incl. Hong Kong,imports,2022-Q3,12.19
product,drones,option2,China incl. Hong Kong,imports,2022-Q4,10.64
product,drones,option2,China incl. Hong Kong,imports,2023-Q1,9.24
product,drones,option2,China incl. Hong Kong,imports,2023-Q2,13.75
product,drones,option2,China incl. Hong Kong,imports,2023-Q3,14.91
product,drones,option2,China incl. Hong Kong,imports,2023-Q4,14.22
product,drones,option2,China incl. Hong Kong,imports,2024-Q1,14.8
product,drones,option2,China incl. Hong Kong,imports,2024-Q2,17.7
product,drones,option2,China incl. Hong Kong,imports,2024-Q3,18.39
product,drones,option2,China incl. Hong Kong,imports,2024-Q4,26.0
product,drones,option2,China incl. Hong Kong,imports,2025-Q1,14.94
product,drones,option2,China incl. Hong Kong,imports,2025-Q2,27.72
product,drones,option2,China incl. Hong Kong,imports,2025-Q3,24.89
product,drones,option2,China incl. Hong Kong,imports,2025-Q4,28.33
product,drones,option2,China incl. Hong Kong,imports,2026-Q1,12.73
product,drones,option2,China incl. Hong Kong,imports,2026-Q2,15.4
product,drones,option2,Japan,imports,2022-Q1,0.0
product,drones,option2,Japan,imports,2022-Q2,0.0
product,drones,option2,Japan,imports,2022-Q3,0.0
product,drones,option2,Japan,imports,2022-Q4,0.0
product,drones,option2,Japan,imports,2023-Q1,0.0
product,drones,option2,Japan,imports,2023-Q2,0.01
product,drones,option2,Japan,imports,2023-Q3,0.0
product,drones,option2,Japan,imports,2023-Q4,0.0
product,drones,option2,Japan,imports,2024-Q1,0.0
product,drones,option2,Japan,imports,2024-Q2,0.0
product,drones,option2,Japan,imports,2024-Q3,0.0
product,drones,option2,Japan,imports,2024-Q4,0.0
product,drones,option2,Japan,imports,2025-Q1,0.0
product,drones,option2,Japan,imports,2025-Q2,0.0
product,drones,option2,Japan,imports,2025-Q3,0.0
product,drones,option2,Japan,imports,2025-Q4,0.0
product,drones,option2,Japan,imports,2026-Q1,0.0
product,drones,option2,Japan,imports,2026-Q2,0.0
product,drones,option2,South Korea,imports,2022-Q1,0.01
product,drones,option2,South Korea,imports,2022-Q2,0.0
product,drones,option2,South Korea,imports,2022-Q3,0.0
product,drones,option2,South Korea,imports,2022-Q4,0.0
product,drones,option2,South Korea,imports,2023-Q1,0.0
product,drones,option2,South Korea,imports,2023-Q2,0.0
product,drones,option2,South Korea,imports,2023-Q3,0.01
product,drones,option2,South Korea,imports,2023-Q4,0.0
product,drones,option2,South Korea,imports,2024-Q1,0.0
product,drones,option2,South Korea,imports,2024-Q2,0.0
product,drones,option2,South Korea,imports,2024-Q3,0.0
product,drones,option2,South Korea,imports,2024-Q4,0.01
product,drones,option2,South Korea,imports,2025-Q1,0.02
product,drones,option2,South Korea,imports,2025-Q2,0.02
product,drones,option2,South Korea,imports,2025-Q3,0.0
product,drones,option2,South Korea,imports,2025-Q4,0.01
product,drones,option2,South Korea,imports,2026-Q1,0.0
product,drones,option2,South Korea,imports,2026-Q2,0.0
product,drones,option2,Taiwan,imports,2022-Q1,0.0
product,drones,option2,Taiwan,imports,2022-Q2,0.0
product,drones,option2,Taiwan,imports,2022-Q3,0.0
product,drones,option2,Taiwan,imports,2022-Q4,0.0
product,drones,option2,Taiwan,imports,2023-Q1,0.31
product,drones,option2,Taiwan,imports,2023-Q2,0.0
product,drones,option2,Taiwan,imports,2023-Q3,0.0
product,drones,option2,Taiwan,imports,2023-Q4,0.0
product,drones,option2,Taiwan,imports,2024-Q1,0.0
product,drones,option2,Taiwan,imports,2024-Q2,0.01
product,drones,option2,Taiwan,imports,2024-Q3,0.0
product,drones,option2,Taiwan,imports,2024-Q4,0.0
product,drones,option2,Taiwan,imports,2025-Q1,0.0
product,drones,option2,Taiwan,imports,2025-Q2,0.0
product,drones,option2,Taiwan,imports,2025-Q3,0.0
product,drones,option2,Taiwan,imports,2025-Q4,0.0
product,drones,option2,Taiwan,imports,2026-Q1,0.0
product,drones,option2,Taiwan,imports,2026-Q2,0.0
