product,label,cpa,hs6,partner,flow,quarter,value_gbp_m,units,net_mass_kg,value_per_unit_gbp
chips_processors,Processors and controllers (chips),26.1,854231,EU,exports,2016-Q1,105.95,0.0,476885.0,
chips_processors,Processors and controllers (chips),26.1,854231,EU,exports,2016-Q2,108.64,0.0,505664.0,
chips_processors,Processors and controllers (chips),26.1,854231,EU,exports,2016-Q3,115.3,0.0,570886.0,
chips_processors,Processors and controllers (chips),26.1,854231,EU,exports,2016-Q4,113.24,0.0,626741.0,
chips_processors,Processors and controllers (chips),26.1,854231,EU,exports,2017-Q1,135.98,0.0,567021.0,
chips_processors,Processors and controllers (chips),26.1,854231,EU,exports,2017-Q2,79.48,0.0,510053.0,
chips_processors,Processors and controllers (chips),26.1,854231,EU,exports,2017-Q3,81.98,0.0,1253789.0,
chips_processors,Processors and controllers (chips),26.1,854231,EU,exports,2017-Q4,92.52,0.0,599665.0,
chips_processors,Processors and controllers (chips),26.1,854231,EU,exports,2018-Q1,89.73,0.0,545808.0,
chips_processors,Processors and controllers (chips),26.1,854231,EU,exports,2018-Q2,93.74,0.0,628522.0,
chips_processors,Processors and controllers (chips),26.1,854231,EU,exports,2018-Q3,89.36,0.0,468318.0,
chips_processors,Processors and controllers (chips),26.1,854231,EU,exports,2018-Q4,90.99,0.0,552075.0,
chips_processors,Processors and controllers (chips),26.1,854231,EU,exports,2019-Q1,98.68,0.0,569030.0,
chips_processors,Processors and controllers (chips),26.1,854231,EU,exports,2019-Q2,86.78,0.0,451121.0,
chips_processors,Processors and controllers (chips),26.1,854231,EU,exports,2019-Q3,69.45,0.0,284056.0,
chips_processors,Processors and controllers (chips),26.1,854231,EU,exports,2019-Q4,73.12,0.0,375970.0,
chips_processors,Processors and controllers (chips),26.1,854231,EU,exports,2020-Q1,74.34,0.0,338325.0,
chips_processors,Processors and controllers (chips),26.1,854231,EU,exports,2020-Q2,59.61,0.0,224501.0,
chips_processors,Processors and controllers (chips),26.1,854231,EU,exports,2020-Q3,65.61,0.0,244386.0,
chips_processors,Processors and controllers (chips),26.1,854231,EU,exports,2020-Q4,70.09,0.0,316077.0,
chips_processors,Processors and controllers (chips),26.1,854231,EU,exports,2021-Q1,44.5,0.0,162455.0,
chips_processors,Processors and controllers (chips),26.1,854231,EU,exports,2021-Q2,67.75,0.0,174947.0,
chips_processors,Processors and controllers (chips),26.1,854231,EU,exports,2021-Q3,56.94,0.0,81631.0,
chips_processors,Processors and controllers (chips),26.1,854231,EU,exports,2021-Q4,55.5,0.0,68727.0,
chips_processors,Processors and controllers (chips),26.1,854231,EU,exports,2022-Q1,65.14,0.0,87298.0,
chips_processors,Processors and controllers (chips),26.1,854231,EU,exports,2022-Q2,62.13,0.0,72992.0,
chips_processors,Processors and controllers (chips),26.1,854231,EU,exports,2022-Q3,58.59,0.0,70709.0,
chips_processors,Processors and controllers (chips),26.1,854231,EU,exports,2022-Q4,52.51,0.0,85354.0,
chips_processors,Processors and controllers (chips),26.1,854231,EU,exports,2023-Q1,61.74,0.0,99578.0,
chips_processors,Processors and controllers (chips),26.1,854231,EU,exports,2023-Q2,39.33,0.0,79002.0,
chips_processors,Processors and controllers (chips),26.1,854231,EU,exports,2023-Q3,29.17,0.0,71950.0,
chips_processors,Processors and controllers (chips),26.1,854231,EU,exports,2023-Q4,49.4,0.0,80184.0,
chips_processors,Processors and controllers (chips),26.1,854231,EU,exports,2024-Q1,25.81,0.0,53396.0,
chips_processors,Processors and controllers (chips),26.1,854231,EU,exports,2024-Q2,19.42,0.0,86479.0,
chips_processors,Processors and controllers (chips),26.1,854231,EU,exports,2024-Q3,19.51,0.0,65038.0,
chips_processors,Processors and controllers (chips),26.1,854231,EU,exports,2024-Q4,23.02,0.0,124447.0,
chips_processors,Processors and controllers (chips),26.1,854231,EU,exports,2025-Q1,18.15,0.0,75962.0,
chips_processors,Processors and controllers (chips),26.1,854231,EU,exports,2025-Q2,18.62,0.0,47966.0,
chips_processors,Processors and controllers (chips),26.1,854231,EU,exports,2025-Q3,21.24,0.0,41593.0,
chips_processors,Processors and controllers (chips),26.1,854231,EU,exports,2025-Q4,25.41,0.0,48893.0,
chips_processors,Processors and controllers (chips),26.1,854231,EU,exports,2026-Q1,25.05,0.0,46038.0,
chips_processors,Processors and controllers (chips),26.1,854231,EU,exports,2026-Q2,34.23,0.0,39657.0,
chips_processors,Processors and controllers (chips),26.1,854231,EU,imports,2016-Q1,83.72,0.0,800041.0,
chips_processors,Processors and controllers (chips),26.1,854231,EU,imports,2016-Q2,85.8,0.0,911325.0,
chips_processors,Processors and controllers (chips),26.1,854231,EU,imports,2016-Q3,93.85,0.0,804905.0,
chips_processors,Processors and controllers (chips),26.1,854231,EU,imports,2016-Q4,84.9,0.0,743888.0,
chips_processors,Processors and controllers (chips),26.1,854231,EU,imports,2017-Q1,74.33,0.0,1688853.0,
chips_processors,Processors and controllers (chips),26.1,854231,EU,imports,2017-Q2,61.63,0.0,621741.0,
chips_processors,Processors and controllers (chips),26.1,854231,EU,imports,2017-Q3,63.02,0.0,500762.0,
chips_processors,Processors and controllers (chips),26.1,854231,EU,imports,2017-Q4,71.13,0.0,963986.0,
chips_processors,Processors and controllers (chips),26.1,854231,EU,imports,2018-Q1,73.64,0.0,651152.0,
chips_processors,Processors and controllers (chips),26.1,854231,EU,imports,2018-Q2,71.12,0.0,618370.0,
chips_processors,Processors and controllers (chips),26.1,854231,EU,imports,2018-Q3,84.7,0.0,682627.0,
chips_processors,Processors and controllers (chips),26.1,854231,EU,imports,2018-Q4,92.04,0.0,737431.0,
chips_processors,Processors and controllers (chips),26.1,854231,EU,imports,2019-Q1,102.52,0.0,800940.0,
chips_processors,Processors and controllers (chips),26.1,854231,EU,imports,2019-Q2,89.01,0.0,687536.0,
chips_processors,Processors and controllers (chips),26.1,854231,EU,imports,2019-Q3,68.68,0.0,368405.0,
chips_processors,Processors and controllers (chips),26.1,854231,EU,imports,2019-Q4,88.05,0.0,701415.0,
chips_processors,Processors and controllers (chips),26.1,854231,EU,imports,2020-Q1,101.11,0.0,410976.0,
chips_processors,Processors and controllers (chips),26.1,854231,EU,imports,2020-Q2,74.36,0.0,371381.0,
chips_processors,Processors and controllers (chips),26.1,854231,EU,imports,2020-Q3,83.08,0.0,335245.0,
chips_processors,Processors and controllers (chips),26.1,854231,EU,imports,2020-Q4,131.47,0.0,912374.0,
chips_processors,Processors and controllers (chips),26.1,854231,EU,imports,2021-Q1,168.62,0.0,1156036.0,
chips_processors,Processors and controllers (chips),26.1,854231,EU,imports,2021-Q2,150.68,0.0,651431.0,
chips_processors,Processors and controllers (chips),26.1,854231,EU,imports,2021-Q3,122.95,0.0,452148.0,
chips_processors,Processors and controllers (chips),26.1,854231,EU,imports,2021-Q4,145.58,0.0,396737.0,
chips_processors,Processors and controllers (chips),26.1,854231,EU,imports,2022-Q1,185.73,0.0,326795.0,
chips_processors,Processors and controllers (chips),26.1,854231,EU,imports,2022-Q2,174.1,0.0,742207.0,
chips_processors,Processors and controllers (chips),26.1,854231,EU,imports,2022-Q3,201.51,0.0,251935.0,
chips_processors,Processors and controllers (chips),26.1,854231,EU,imports,2022-Q4,185.05,0.0,274400.0,
chips_processors,Processors and controllers (chips),26.1,854231,EU,imports,2023-Q1,157.72,0.0,263247.0,
chips_processors,Processors and controllers (chips),26.1,854231,EU,imports,2023-Q2,156.04,0.0,315341.0,
chips_processors,Processors and controllers (chips),26.1,854231,EU,imports,2023-Q3,161.66,0.0,242858.0,
chips_processors,Processors and controllers (chips),26.1,854231,EU,imports,2023-Q4,170.01,0.0,331268.0,
chips_processors,Processors and controllers (chips),26.1,854231,EU,imports,2024-Q1,136.73,0.0,220208.0,
chips_processors,Processors and controllers (chips),26.1,854231,EU,imports,2024-Q2,150.24,0.0,252961.0,
chips_processors,Processors and controllers (chips),26.1,854231,EU,imports,2024-Q3,133.1,0.0,180620.0,
chips_processors,Processors and controllers (chips),26.1,854231,EU,imports,2024-Q4,133.89,0.0,216318.0,
chips_processors,Processors and controllers (chips),26.1,854231,EU,imports,2025-Q1,124.88,0.0,215846.0,
chips_processors,Processors and controllers (chips),26.1,854231,EU,imports,2025-Q2,124.36,0.0,260378.0,
chips_processors,Processors and controllers (chips),26.1,854231,EU,imports,2025-Q3,133.64,0.0,253843.0,
chips_processors,Processors and controllers (chips),26.1,854231,EU,imports,2025-Q4,114.25,0.0,180236.0,
chips_processors,Processors and controllers (chips),26.1,854231,EU,imports,2026-Q1,116.14,0.0,166252.0,
chips_processors,Processors and controllers (chips),26.1,854231,EU,imports,2026-Q2,127.71,0.0,139025.0,
chips_processors,Processors and controllers (chips),26.1,854231,NonEU,exports,2016-Q1,33.1,0.0,74798.0,
chips_processors,Processors and controllers (chips),26.1,854231,NonEU,exports,2016-Q2,31.59,0.0,72003.0,
chips_processors,Processors and controllers (chips),26.1,854231,NonEU,exports,2016-Q3,32.7,0.0,74895.0,
chips_processors,Processors and controllers (chips),26.1,854231,NonEU,exports,2016-Q4,36.6,0.0,58370.0,
chips_processors,Processors and controllers (chips),26.1,854231,NonEU,exports,2017-Q1,37.33,0.0,85572.0,
chips_processors,Processors and controllers (chips),26.1,854231,NonEU,exports,2017-Q2,37.34,0.0,63891.0,
chips_processors,Processors and controllers (chips),26.1,854231,NonEU,exports,2017-Q3,37.95,0.0,87141.0,
chips_processors,Processors and controllers (chips),26.1,854231,NonEU,exports,2017-Q4,41.54,0.0,91695.0,
chips_processors,Processors and controllers (chips),26.1,854231,NonEU,exports,2018-Q1,46.21,0.0,97136.0,
chips_processors,Processors and controllers (chips),26.1,854231,NonEU,exports,2018-Q2,48.7,0.0,93140.0,
chips_processors,Processors and controllers (chips),26.1,854231,NonEU,exports,2018-Q3,46.18,0.0,114182.0,
chips_processors,Processors and controllers (chips),26.1,854231,NonEU,exports,2018-Q4,42.51,0.0,98280.0,
chips_processors,Processors and controllers (chips),26.1,854231,NonEU,exports,2019-Q1,46.39,0.0,96972.0,
chips_processors,Processors and controllers (chips),26.1,854231,NonEU,exports,2019-Q2,48.94,0.0,97168.0,
chips_processors,Processors and controllers (chips),26.1,854231,NonEU,exports,2019-Q3,48.68,0.0,89075.0,
chips_processors,Processors and controllers (chips),26.1,854231,NonEU,exports,2019-Q4,50.79,0.0,100606.0,
chips_processors,Processors and controllers (chips),26.1,854231,NonEU,exports,2020-Q1,41.88,0.0,99329.0,
chips_processors,Processors and controllers (chips),26.1,854231,NonEU,exports,2020-Q2,42.05,0.0,86398.0,
chips_processors,Processors and controllers (chips),26.1,854231,NonEU,exports,2020-Q3,41.09,0.0,107466.0,
chips_processors,Processors and controllers (chips),26.1,854231,NonEU,exports,2020-Q4,47.07,0.0,131540.0,
chips_processors,Processors and controllers (chips),26.1,854231,NonEU,exports,2021-Q1,34.15,0.0,73012.0,
chips_processors,Processors and controllers (chips),26.1,854231,NonEU,exports,2021-Q2,43.45,0.0,72645.0,
chips_processors,Processors and controllers (chips),26.1,854231,NonEU,exports,2021-Q3,52.55,0.0,494981.0,
chips_processors,Processors and controllers (chips),26.1,854231,NonEU,exports,2021-Q4,50.96,0.0,591571.0,
chips_processors,Processors and controllers (chips),26.1,854231,NonEU,exports,2022-Q1,49.36,0.0,682155.0,
chips_processors,Processors and controllers (chips),26.1,854231,NonEU,exports,2022-Q2,58.12,0.0,459846.0,
chips_processors,Processors and controllers (chips),26.1,854231,NonEU,exports,2022-Q3,63.87,0.0,553702.0,
chips_processors,Processors and controllers (chips),26.1,854231,NonEU,exports,2022-Q4,59.28,0.0,472337.0,
chips_processors,Processors and controllers (chips),26.1,854231,NonEU,exports,2023-Q1,58.91,0.0,428385.0,
chips_processors,Processors and controllers (chips),26.1,854231,NonEU,exports,2023-Q2,47.85,0.0,411678.0,
chips_processors,Processors and controllers (chips),26.1,854231,NonEU,exports,2023-Q3,44.49,0.0,439515.0,
chips_processors,Processors and controllers (chips),26.1,854231,NonEU,exports,2023-Q4,36.98,0.0,369645.0,
chips_processors,Processors and controllers (chips),26.1,854231,NonEU,exports,2024-Q1,39.85,0.0,442847.0,
chips_processors,Processors and controllers (chips),26.1,854231,NonEU,exports,2024-Q2,33.7,0.0,391119.0,
chips_processors,Processors and controllers (chips),26.1,854231,NonEU,exports,2024-Q3,32.64,0.0,248826.0,
chips_processors,Processors and controllers (chips),26.1,854231,NonEU,exports,2024-Q4,26.75,0.0,154553.0,
chips_processors,Processors and controllers (chips),26.1,854231,NonEU,exports,2025-Q1,27.2,0.0,138215.0,
chips_processors,Processors and controllers (chips),26.1,854231,NonEU,exports,2025-Q2,34.39,0.0,159540.0,
chips_processors,Processors and controllers (chips),26.1,854231,NonEU,exports,2025-Q3,29.37,0.0,153194.0,
chips_processors,Processors and controllers (chips),26.1,854231,NonEU,exports,2025-Q4,38.47,0.0,165941.0,
chips_processors,Processors and controllers (chips),26.1,854231,NonEU,exports,2026-Q1,31.52,0.0,136908.0,
chips_processors,Processors and controllers (chips),26.1,854231,NonEU,exports,2026-Q2,41.01,0.0,161955.0,
chips_processors,Processors and controllers (chips),26.1,854231,NonEU,imports,2016-Q1,70.33,0.0,178722.0,
chips_processors,Processors and controllers (chips),26.1,854231,NonEU,imports,2016-Q2,81.28,0.0,136932.0,
chips_processors,Processors and controllers (chips),26.1,854231,NonEU,imports,2016-Q3,82.5,0.0,127073.0,
chips_processors,Processors and controllers (chips),26.1,854231,NonEU,imports,2016-Q4,86.16,0.0,123671.0,
chips_processors,Processors and controllers (chips),26.1,854231,NonEU,imports,2017-Q1,96.97,0.0,127620.0,
chips_processors,Processors and controllers (chips),26.1,854231,NonEU,imports,2017-Q2,78.33,0.0,125338.0,
chips_processors,Processors and controllers (chips),26.1,854231,NonEU,imports,2017-Q3,108.16,0.0,179047.0,
chips_processors,Processors and controllers (chips),26.1,854231,NonEU,imports,2017-Q4,100.82,0.0,146065.0,
chips_processors,Processors and controllers (chips),26.1,854231,NonEU,imports,2018-Q1,97.49,0.0,158656.0,
chips_processors,Processors and controllers (chips),26.1,854231,NonEU,imports,2018-Q2,88.35,0.0,176038.0,
chips_processors,Processors and controllers (chips),26.1,854231,NonEU,imports,2018-Q3,90.44,0.0,171664.0,
chips_processors,Processors and controllers (chips),26.1,854231,NonEU,imports,2018-Q4,104.03,0.0,118398.0,
chips_processors,Processors and controllers (chips),26.1,854231,NonEU,imports,2019-Q1,83.43,0.0,132738.0,
chips_processors,Processors and controllers (chips),26.1,854231,NonEU,imports,2019-Q2,66.98,0.0,135894.0,
chips_processors,Processors and controllers (chips),26.1,854231,NonEU,imports,2019-Q3,62.54,0.0,97251.0,
chips_processors,Processors and controllers (chips),26.1,854231,NonEU,imports,2019-Q4,61.86,0.0,97195.0,
chips_processors,Processors and controllers (chips),26.1,854231,NonEU,imports,2020-Q1,75.59,0.0,135520.0,
chips_processors,Processors and controllers (chips),26.1,854231,NonEU,imports,2020-Q2,72.63,0.0,85183.0,
chips_processors,Processors and controllers (chips),26.1,854231,NonEU,imports,2020-Q3,57.94,0.0,108767.0,
chips_processors,Processors and controllers (chips),26.1,854231,NonEU,imports,2020-Q4,75.43,0.0,343003.0,
chips_processors,Processors and controllers (chips),26.1,854231,NonEU,imports,2021-Q1,56.71,0.0,124830.0,
chips_processors,Processors and controllers (chips),26.1,854231,NonEU,imports,2021-Q2,67.51,0.0,97559.0,
chips_processors,Processors and controllers (chips),26.1,854231,NonEU,imports,2021-Q3,71.09,0.0,142247.0,
chips_processors,Processors and controllers (chips),26.1,854231,NonEU,imports,2021-Q4,71.5,0.0,133117.0,
chips_processors,Processors and controllers (chips),26.1,854231,NonEU,imports,2022-Q1,73.8,0.0,135121.0,
chips_processors,Processors and controllers (chips),26.1,854231,NonEU,imports,2022-Q2,96.73,0.0,184236.0,
chips_processors,Processors and controllers (chips),26.1,854231,NonEU,imports,2022-Q3,99.54,0.0,158820.0,
chips_processors,Processors and controllers (chips),26.1,854231,NonEU,imports,2022-Q4,72.12,0.0,114154.0,
chips_processors,Processors and controllers (chips),26.1,854231,NonEU,imports,2023-Q1,92.71,0.0,148256.0,
chips_processors,Processors and controllers (chips),26.1,854231,NonEU,imports,2023-Q2,76.78,0.0,142481.0,
chips_processors,Processors and controllers (chips),26.1,854231,NonEU,imports,2023-Q3,59.18,0.0,148804.0,
chips_processors,Processors and controllers (chips),26.1,854231,NonEU,imports,2023-Q4,59.41,0.0,132175.0,
chips_processors,Processors and controllers (chips),26.1,854231,NonEU,imports,2024-Q1,51.19,0.0,65917.0,
chips_processors,Processors and controllers (chips),26.1,854231,NonEU,imports,2024-Q2,53.3,0.0,100351.0,
chips_processors,Processors and controllers (chips),26.1,854231,NonEU,imports,2024-Q3,46.24,0.0,96255.0,
chips_processors,Processors and controllers (chips),26.1,854231,NonEU,imports,2024-Q4,51.89,0.0,96174.0,
chips_processors,Processors and controllers (chips),26.1,854231,NonEU,imports,2025-Q1,55.06,0.0,104271.0,
chips_processors,Processors and controllers (chips),26.1,854231,NonEU,imports,2025-Q2,63.25,0.0,116373.0,
chips_processors,Processors and controllers (chips),26.1,854231,NonEU,imports,2025-Q3,57.38,0.0,118991.0,
chips_processors,Processors and controllers (chips),26.1,854231,NonEU,imports,2025-Q4,56.58,0.0,108460.0,
chips_processors,Processors and controllers (chips),26.1,854231,NonEU,imports,2026-Q1,82.16,0.0,85136.0,
chips_processors,Processors and controllers (chips),26.1,854231,NonEU,imports,2026-Q2,67.58,0.0,105947.0,
chips_memory,Memory chips,26.1,854232,EU,exports,2016-Q1,11.89,36027338.0,55717.0,0.33
chips_memory,Memory chips,26.1,854232,EU,exports,2016-Q2,10.87,33474960.0,55030.0,0.32
chips_memory,Memory chips,26.1,854232,EU,exports,2016-Q3,11.64,31074335.0,44054.0,0.37
chips_memory,Memory chips,26.1,854232,EU,exports,2016-Q4,12.45,31981749.0,46900.0,0.39
chips_memory,Memory chips,26.1,854232,EU,exports,2017-Q1,14.04,39652002.0,51487.0,0.35
chips_memory,Memory chips,26.1,854232,EU,exports,2017-Q2,8.35,23022867.0,47855.0,0.36
chips_memory,Memory chips,26.1,854232,EU,exports,2017-Q3,8.28,23938143.0,37100.0,0.35
chips_memory,Memory chips,26.1,854232,EU,exports,2017-Q4,9.59,23050512.0,44390.0,0.42
chips_memory,Memory chips,26.1,854232,EU,exports,2018-Q1,11.23,26731398.0,35992.0,0.42
chips_memory,Memory chips,26.1,854232,EU,exports,2018-Q2,10.13,27323382.0,30045.0,0.37
chips_memory,Memory chips,26.1,854232,EU,exports,2018-Q3,8.65,22199030.0,32246.0,0.39
chips_memory,Memory chips,26.1,854232,EU,exports,2018-Q4,7.81,20120556.0,43074.0,0.39
chips_memory,Memory chips,26.1,854232,EU,exports,2019-Q1,10.42,23460974.0,54485.0,0.44
chips_memory,Memory chips,26.1,854232,EU,exports,2019-Q2,6.73,18029127.0,29899.0,0.37
chips_memory,Memory chips,26.1,854232,EU,exports,2019-Q3,7.85,19418924.0,30253.0,0.4
chips_memory,Memory chips,26.1,854232,EU,exports,2019-Q4,9.42,16638115.0,56094.0,0.57
chips_memory,Memory chips,26.1,854232,EU,exports,2020-Q1,12.18,20765208.0,34670.0,0.59
chips_memory,Memory chips,26.1,854232,EU,exports,2020-Q2,36.32,25879427.0,37482.0,1.4
chips_memory,Memory chips,26.1,854232,EU,exports,2020-Q3,33.2,24214692.0,34136.0,1.37
chips_memory,Memory chips,26.1,854232,EU,exports,2020-Q4,30.83,23399792.0,35785.0,1.32
chips_memory,Memory chips,26.1,854232,EU,exports,2021-Q1,5.2,10590491.0,11326.0,0.49
chips_memory,Memory chips,26.1,854232,EU,exports,2021-Q2,7.88,9979859.0,16558.0,0.79
chips_memory,Memory chips,26.1,854232,EU,exports,2021-Q3,8.2,2375497.0,14646.0,3.45
chips_memory,Memory chips,26.1,854232,EU,exports,2021-Q4,16.94,1099618.0,18146.0,15.4
chips_memory,Memory chips,26.1,854232,EU,exports,2022-Q1,17.55,1264025.0,17200.0,13.88
chips_memory,Memory chips,26.1,854232,EU,exports,2022-Q2,15.88,717876.0,18068.0,22.12
chips_memory,Memory chips,26.1,854232,EU,exports,2022-Q3,12.54,912688.0,29326.0,13.74
chips_memory,Memory chips,26.1,854232,EU,exports,2022-Q4,7.75,672813.0,17346.0,11.52
chips_memory,Memory chips,26.1,854232,EU,exports,2023-Q1,7.87,894547.0,21489.0,8.8
chips_memory,Memory chips,26.1,854232,EU,exports,2023-Q2,5.66,499111.0,12168.0,11.33
chips_memory,Memory chips,26.1,854232,EU,exports,2023-Q3,5.64,391541.0,10454.0,14.42
chips_memory,Memory chips,26.1,854232,EU,exports,2023-Q4,5.05,306990.0,8972.0,16.45
chips_memory,Memory chips,26.1,854232,EU,exports,2024-Q1,5.91,398158.0,8925.0,14.85
chips_memory,Memory chips,26.1,854232,EU,exports,2024-Q2,5.42,281331.0,9695.0,19.28
chips_memory,Memory chips,26.1,854232,EU,exports,2024-Q3,3.82,244131.0,7920.0,15.66
chips_memory,Memory chips,26.1,854232,EU,exports,2024-Q4,3.88,304488.0,17951.0,12.74
chips_memory,Memory chips,26.1,854232,EU,exports,2025-Q1,5.52,397766.0,10194.0,13.88
chips_memory,Memory chips,26.1,854232,EU,exports,2025-Q2,5.28,403526.0,9806.0,13.08
chips_memory,Memory chips,26.1,854232,EU,exports,2025-Q3,7.58,360023.0,12038.0,21.07
chips_memory,Memory chips,26.1,854232,EU,exports,2025-Q4,11.18,396905.0,12056.0,28.16
chips_memory,Memory chips,26.1,854232,EU,exports,2026-Q1,27.72,823498.0,15072.0,33.66
chips_memory,Memory chips,26.1,854232,EU,exports,2026-Q2,46.25,987608.0,19470.0,46.84
chips_memory,Memory chips,26.1,854232,EU,imports,2016-Q1,15.21,5324926.0,233981.0,2.86
chips_memory,Memory chips,26.1,854232,EU,imports,2016-Q2,13.58,5577307.0,216162.0,2.43
chips_memory,Memory chips,26.1,854232,EU,imports,2016-Q3,13.22,6470253.0,193575.0,2.04
chips_memory,Memory chips,26.1,854232,EU,imports,2016-Q4,15.7,7413599.0,183441.0,2.12
chips_memory,Memory chips,26.1,854232,EU,imports,2017-Q1,16.22,7711006.0,67657.0,2.1
chips_memory,Memory chips,26.1,854232,EU,imports,2017-Q2,15.64,6674917.0,64662.0,2.34
chips_memory,Memory chips,26.1,854232,EU,imports,2017-Q3,17.56,6272339.0,107546.0,2.8
chips_memory,Memory chips,26.1,854232,EU,imports,2017-Q4,13.72,5852353.0,65242.0,2.34
chips_memory,Memory chips,26.1,854232,EU,imports,2018-Q1,12.48,6256988.0,53171.0,1.99
chips_memory,Memory chips,26.1,854232,EU,imports,2018-Q2,13.99,7707444.0,118940.0,1.82
chips_memory,Memory chips,26.1,854232,EU,imports,2018-Q3,19.55,7997785.0,192266.0,2.44
chips_memory,Memory chips,26.1,854232,EU,imports,2018-Q4,13.83,5453399.0,68797.0,2.54
chips_memory,Memory chips,26.1,854232,EU,imports,2019-Q1,12.43,5811268.0,73587.0,2.14
chips_memory,Memory chips,26.1,854232,EU,imports,2019-Q2,18.33,5320345.0,68760.0,3.45
chips_memory,Memory chips,26.1,854232,EU,imports,2019-Q3,33.03,6444460.0,81347.0,5.13
chips_memory,Memory chips,26.1,854232,EU,imports,2019-Q4,28.28,6704209.0,74967.0,4.22
chips_memory,Memory chips,26.1,854232,EU,imports,2020-Q1,24.94,4916614.0,60309.0,5.07
chips_memory,Memory chips,26.1,854232,EU,imports,2020-Q2,20.45,4363098.0,37118.0,4.69
chips_memory,Memory chips,26.1,854232,EU,imports,2020-Q3,27.52,5039991.0,47710.0,5.46
chips_memory,Memory chips,26.1,854232,EU,imports,2020-Q4,30.48,6439976.0,55295.0,4.73
chips_memory,Memory chips,26.1,854232,EU,imports,2021-Q1,32.54,10522955.0,97328.0,3.09
chips_memory,Memory chips,26.1,854232,EU,imports,2021-Q2,34.84,10223593.0,64152.0,3.41
chips_memory,Memory chips,26.1,854232,EU,imports,2021-Q3,24.96,9239473.0,46494.0,2.7
chips_memory,Memory chips,26.1,854232,EU,imports,2021-Q4,28.46,8531122.0,37132.0,3.34
chips_memory,Memory chips,26.1,854232,EU,imports,2022-Q1,25.17,3901306.0,43361.0,6.45
chips_memory,Memory chips,26.1,854232,EU,imports,2022-Q2,19.13,3608571.0,48944.0,5.3
chips_memory,Memory chips,26.1,854232,EU,imports,2022-Q3,25.62,3481641.0,95842.0,7.36
chips_memory,Memory chips,26.1,854232,EU,imports,2022-Q4,25.26,3842776.0,57367.0,6.57
chips_memory,Memory chips,26.1,854232,EU,imports,2023-Q1,22.32,4174918.0,81466.0,5.35
chips_memory,Memory chips,26.1,854232,EU,imports,2023-Q2,24.32,4656109.0,128680.0,5.22
chips_memory,Memory chips,26.1,854232,EU,imports,2023-Q3,27.14,6603688.0,73213.0,4.11
chips_memory,Memory chips,26.1,854232,EU,imports,2023-Q4,35.98,11395852.0,45169.0,3.16
chips_memory,Memory chips,26.1,854232,EU,imports,2024-Q1,24.53,5072140.0,218112.0,4.84
chips_memory,Memory chips,26.1,854232,EU,imports,2024-Q2,21.79,4236447.0,41622.0,5.14
chips_memory,Memory chips,26.1,854232,EU,imports,2024-Q3,15.37,2360818.0,56528.0,6.51
chips_memory,Memory chips,26.1,854232,EU,imports,2024-Q4,15.33,2228565.0,69005.0,6.88
chips_memory,Memory chips,26.1,854232,EU,imports,2025-Q1,12.61,3453082.0,25885.0,3.65
chips_memory,Memory chips,26.1,854232,EU,imports,2025-Q2,15.11,3074785.0,37671.0,4.91
chips_memory,Memory chips,26.1,854232,EU,imports,2025-Q3,18.31,3603761.0,38814.0,5.08
chips_memory,Memory chips,26.1,854232,EU,imports,2025-Q4,23.09,2650447.0,35559.0,8.71
chips_memory,Memory chips,26.1,854232,EU,imports,2026-Q1,42.69,4712369.0,32772.0,9.06
chips_memory,Memory chips,26.1,854232,EU,imports,2026-Q2,50.96,4431578.0,39751.0,11.5
chips_memory,Memory chips,26.1,854232,NonEU,exports,2016-Q1,2.62,1038009.0,11614.0,2.52
chips_memory,Memory chips,26.1,854232,NonEU,exports,2016-Q2,3.02,1724288.0,10609.0,1.75
chips_memory,Memory chips,26.1,854232,NonEU,exports,2016-Q3,3.22,649921.0,11053.0,4.95
chips_memory,Memory chips,26.1,854232,NonEU,exports,2016-Q4,2.66,2638851.0,10321.0,1.01
chips_memory,Memory chips,26.1,854232,NonEU,exports,2017-Q1,2.1,626049.0,23170.0,3.35
chips_memory,Memory chips,26.1,854232,NonEU,exports,2017-Q2,2.33,509885.0,6150.0,4.58
chips_memory,Memory chips,26.1,854232,NonEU,exports,2017-Q3,2.81,506002.0,15978.0,5.55
chips_memory,Memory chips,26.1,854232,NonEU,exports,2017-Q4,4.24,833150.0,17644.0,5.09
chips_memory,Memory chips,26.1,854232,NonEU,exports,2018-Q1,3.12,677120.0,4268.0,4.61
chips_memory,Memory chips,26.1,854232,NonEU,exports,2018-Q2,4.22,737593.0,9712.0,5.72
chips_memory,Memory chips,26.1,854232,NonEU,exports,2018-Q3,4.28,990105.0,5281.0,4.33
chips_memory,Memory chips,26.1,854232,NonEU,exports,2018-Q4,3.49,518620.0,5531.0,6.73
chips_memory,Memory chips,26.1,854232,NonEU,exports,2019-Q1,5.85,470915.0,6121.0,12.43
chips_memory,Memory chips,26.1,854232,NonEU,exports,2019-Q2,11.52,613957.0,7138.0,18.77
chips_memory,Memory chips,26.1,854232,NonEU,exports,2019-Q3,4.71,355474.0,6036.0,13.26
chips_memory,Memory chips,26.1,854232,NonEU,exports,2019-Q4,12.4,541283.0,8679.0,22.91
chips_memory,Memory chips,26.1,854232,NonEU,exports,2020-Q1,3.26,593003.0,10405.0,5.49
chips_memory,Memory chips,26.1,854232,NonEU,exports,2020-Q2,4.9,354377.0,6277.0,13.82
chips_memory,Memory chips,26.1,854232,NonEU,exports,2020-Q3,2.88,491618.0,5028.0,5.87
chips_memory,Memory chips,26.1,854232,NonEU,exports,2020-Q4,5.57,247295.0,5209.0,22.53
chips_memory,Memory chips,26.1,854232,NonEU,exports,2021-Q1,3.63,288086.0,4399.0,12.61
chips_memory,Memory chips,26.1,854232,NonEU,exports,2021-Q2,8.37,608639.0,8282.0,13.76
chips_memory,Memory chips,26.1,854232,NonEU,exports,2021-Q3,5.61,508320.0,9792.0,11.03
chips_memory,Memory chips,26.1,854232,NonEU,exports,2021-Q4,17.69,629312.0,11607.0,28.12
chips_memory,Memory chips,26.1,854232,NonEU,exports,2022-Q1,17.52,701052.0,13566.0,24.99
chips_memory,Memory chips,26.1,854232,NonEU,exports,2022-Q2,11.18,1043221.0,6698.0,10.72
chips_memory,Memory chips,26.1,854232,NonEU,exports,2022-Q3,9.48,695644.0,16720.0,13.63
chips_memory,Memory chips,26.1,854232,NonEU,exports,2022-Q4,10.81,1072491.0,12087.0,10.08
chips_memory,Memory chips,26.1,854232,NonEU,exports,2023-Q1,6.45,497301.0,11022.0,12.97
chips_memory,Memory chips,26.1,854232,NonEU,exports,2023-Q2,7.79,613158.0,12575.0,12.71
chips_memory,Memory chips,26.1,854232,NonEU,exports,2023-Q3,6.78,553830.0,15214.0,12.25
chips_memory,Memory chips,26.1,854232,NonEU,exports,2023-Q4,7.86,428352.0,20804.0,18.34
chips_memory,Memory chips,26.1,854232,NonEU,exports,2024-Q1,5.42,472225.0,35709.0,11.49
chips_memory,Memory chips,26.1,854232,NonEU,exports,2024-Q2,8.15,443771.0,10269.0,18.37
chips_memory,Memory chips,26.1,854232,NonEU,exports,2024-Q3,8.15,547618.0,10507.0,14.88
chips_memory,Memory chips,26.1,854232,NonEU,exports,2024-Q4,6.3,348223.0,9424.0,18.08
chips_memory,Memory chips,26.1,854232,NonEU,exports,2025-Q1,6.08,1018334.0,7723.0,5.97
chips_memory,Memory chips,26.1,854232,NonEU,exports,2025-Q2,11.73,497184.0,10366.0,23.6
chips_memory,Memory chips,26.1,854232,NonEU,exports,2025-Q3,11.81,753561.0,11812.0,15.67
chips_memory,Memory chips,26.1,854232,NonEU,exports,2025-Q4,25.99,636468.0,13766.0,40.84
chips_memory,Memory chips,26.1,854232,NonEU,exports,2026-Q1,68.4,886986.0,21425.0,77.11
chips_memory,Memory chips,26.1,854232,NonEU,exports,2026-Q2,82.43,886754.0,16042.0,92.96
chips_memory,Memory chips,26.1,854232,NonEU,imports,2016-Q1,16.26,31319025.0,32063.0,0.52
chips_memory,Memory chips,26.1,854232,NonEU,imports,2016-Q2,14.06,29242950.0,30814.0,0.48
chips_memory,Memory chips,26.1,854232,NonEU,imports,2016-Q3,13.15,21768090.0,31799.0,0.6
chips_memory,Memory chips,26.1,854232,NonEU,imports,2016-Q4,18.89,24629697.0,37149.0,0.77
chips_memory,Memory chips,26.1,854232,NonEU,imports,2017-Q1,22.01,28194931.0,29779.0,0.78
chips_memory,Memory chips,26.1,854232,NonEU,imports,2017-Q2,22.7,17259231.0,31355.0,1.32
chips_memory,Memory chips,26.1,854232,NonEU,imports,2017-Q3,36.78,18462098.0,38382.0,1.99
chips_memory,Memory chips,26.1,854232,NonEU,imports,2017-Q4,37.14,16242701.0,42484.0,2.29
chips_memory,Memory chips,26.1,854232,NonEU,imports,2018-Q1,20.89,18765605.0,30932.0,1.11
chips_memory,Memory chips,26.1,854232,NonEU,imports,2018-Q2,25.62,18080951.0,39254.0,1.42
chips_memory,Memory chips,26.1,854232,NonEU,imports,2018-Q3,17.89,17070275.0,27106.0,1.05
chips_memory,Memory chips,26.1,854232,NonEU,imports,2018-Q4,30.79,14854868.0,27332.0,2.07
chips_memory,Memory chips,26.1,854232,NonEU,imports,2019-Q1,21.95,17000726.0,32188.0,1.29
chips_memory,Memory chips,26.1,854232,NonEU,imports,2019-Q2,10.86,12173588.0,41038.0,0.89
chips_memory,Memory chips,26.1,854232,NonEU,imports,2019-Q3,14.16,13648274.0,37602.0,1.04
chips_memory,Memory chips,26.1,854232,NonEU,imports,2019-Q4,13.48,10476681.0,37664.0,1.29
chips_memory,Memory chips,26.1,854232,NonEU,imports,2020-Q1,14.48,13274123.0,36543.0,1.09
chips_memory,Memory chips,26.1,854232,NonEU,imports,2020-Q2,22.98,16133171.0,31658.0,1.42
chips_memory,Memory chips,26.1,854232,NonEU,imports,2020-Q3,28.87,15999541.0,44669.0,1.8
chips_memory,Memory chips,26.1,854232,NonEU,imports,2020-Q4,33.2,13802807.0,35206.0,2.41
chips_memory,Memory chips,26.1,854232,NonEU,imports,2021-Q1,12.39,1741331.0,36116.0,7.11
chips_memory,Memory chips,26.1,854232,NonEU,imports,2021-Q2,21.54,2368842.0,55256.0,9.09
chips_memory,Memory chips,26.1,854232,NonEU,imports,2021-Q3,25.97,2902663.0,72353.0,8.95
chips_memory,Memory chips,26.1,854232,NonEU,imports,2021-Q4,49.21,2580933.0,70570.0,19.07
chips_memory,Memory chips,26.1,854232,NonEU,imports,2022-Q1,38.06,3952385.0,99770.0,9.63
chips_memory,Memory chips,26.1,854232,NonEU,imports,2022-Q2,29.35,3128255.0,69462.0,9.38
chips_memory,Memory chips,26.1,854232,NonEU,imports,2022-Q3,32.52,5175917.0,57943.0,6.28
chips_memory,Memory chips,26.1,854232,NonEU,imports,2022-Q4,24.32,2196400.0,75033.0,11.07
chips_memory,Memory chips,26.1,854232,NonEU,imports,2023-Q1,20.97,1839098.0,68080.0,11.41
chips_memory,Memory chips,26.1,854232,NonEU,imports,2023-Q2,20.84,3296641.0,87520.0,6.32
chips_memory,Memory chips,26.1,854232,NonEU,imports,2023-Q3,23.92,4358643.0,77803.0,5.49
chips_memory,Memory chips,26.1,854232,NonEU,imports,2023-Q4,26.68,3429576.0,51255.0,7.78
chips_memory,Memory chips,26.1,854232,NonEU,imports,2024-Q1,17.2,2181667.0,36317.0,7.88
chips_memory,Memory chips,26.1,854232,NonEU,imports,2024-Q2,21.49,2878803.0,39497.0,7.46
chips_memory,Memory chips,26.1,854232,NonEU,imports,2024-Q3,14.11,1283169.0,30603.0,11.0
chips_memory,Memory chips,26.1,854232,NonEU,imports,2024-Q4,14.86,759665.0,32274.0,19.56
chips_memory,Memory chips,26.1,854232,NonEU,imports,2025-Q1,15.48,1660091.0,30220.0,9.33
chips_memory,Memory chips,26.1,854232,NonEU,imports,2025-Q2,13.61,1523445.0,46388.0,8.93
chips_memory,Memory chips,26.1,854232,NonEU,imports,2025-Q3,19.57,1520918.0,39805.0,12.86
chips_memory,Memory chips,26.1,854232,NonEU,imports,2025-Q4,27.02,2180138.0,28802.0,12.4
chips_memory,Memory chips,26.1,854232,NonEU,imports,2026-Q1,52.96,1647547.0,31510.0,32.15
chips_memory,Memory chips,26.1,854232,NonEU,imports,2026-Q2,97.72,1310670.0,38075.0,74.56
servers,Processing units (incl. servers),26.2,847150,EU,exports,2016-Q1,74.35,415208.0,1506168.0,179.06
servers,Processing units (incl. servers),26.2,847150,EU,exports,2016-Q2,87.07,256683.0,3350006.0,339.19
servers,Processing units (incl. servers),26.2,847150,EU,exports,2016-Q3,97.77,275233.0,17390635.0,355.22
servers,Processing units (incl. servers),26.2,847150,EU,exports,2016-Q4,129.61,362347.0,2168805.0,357.7
servers,Processing units (incl. servers),26.2,847150,EU,exports,2017-Q1,76.18,397032.0,2268212.0,191.87
servers,Processing units (incl. servers),26.2,847150,EU,exports,2017-Q2,71.24,355000.0,1150750.0,200.68
servers,Processing units (incl. servers),26.2,847150,EU,exports,2017-Q3,70.42,477362.0,1540019.0,147.52
servers,Processing units (incl. servers),26.2,847150,EU,exports,2017-Q4,117.96,481375.0,1543929.0,245.04
servers,Processing units (incl. servers),26.2,847150,EU,exports,2018-Q1,115.6,522886.0,2054232.0,221.09
servers,Processing units (incl. servers),26.2,847150,EU,exports,2018-Q2,104.63,397245.0,2301148.0,263.4
servers,Processing units (incl. servers),26.2,847150,EU,exports,2018-Q3,71.26,509148.0,1843117.0,139.97
servers,Processing units (incl. servers),26.2,847150,EU,exports,2018-Q4,88.42,663510.0,1800368.0,133.26
servers,Processing units (incl. servers),26.2,847150,EU,exports,2019-Q1,124.41,721895.0,3247389.0,172.33
servers,Processing units (incl. servers),26.2,847150,EU,exports,2019-Q2,184.8,490697.0,1597743.0,376.61
servers,Processing units (incl. servers),26.2,847150,EU,exports,2019-Q3,184.8,821207.0,1773880.0,225.04
servers,Processing units (incl. servers),26.2,847150,EU,exports,2019-Q4,166.35,689295.0,2804362.0,241.33
servers,Processing units (incl. servers),26.2,847150,EU,exports,2020-Q1,122.37,455433.0,2106902.0,268.69
servers,Processing units (incl. servers),26.2,847150,EU,exports,2020-Q2,130.8,488859.0,2527392.0,267.55
servers,Processing units (incl. servers),26.2,847150,EU,exports,2020-Q3,152.35,434113.0,2271784.0,350.95
servers,Processing units (incl. servers),26.2,847150,EU,exports,2020-Q4,157.08,387760.0,2161343.0,405.11
servers,Processing units (incl. servers),26.2,847150,EU,exports,2021-Q1,129.41,526999.0,862988.0,245.57
servers,Processing units (incl. servers),26.2,847150,EU,exports,2021-Q2,170.73,443722.0,1005574.0,384.78
servers,Processing units (incl. servers),26.2,847150,EU,exports,2021-Q3,152.52,470810.0,843041.0,323.95
servers,Processing units (incl. servers),26.2,847150,EU,exports,2021-Q4,203.72,546921.0,1748337.0,372.48
servers,Processing units (incl. servers),26.2,847150,EU,exports,2022-Q1,181.17,655434.0,1067950.0,276.41
servers,Processing units (incl. servers),26.2,847150,EU,exports,2022-Q2,149.19,559232.0,1024267.0,266.78
servers,Processing units (incl. servers),26.2,847150,EU,exports,2022-Q3,208.86,626559.0,1131997.0,333.34
servers,Processing units (incl. servers),26.2,847150,EU,exports,2022-Q4,242.99,756930.0,1108154.0,321.02
servers,Processing units (incl. servers),26.2,847150,EU,exports,2023-Q1,178.02,449090.0,1043476.0,396.39
servers,Processing units (incl. servers),26.2,847150,EU,exports,2023-Q2,141.58,580454.0,1209523.0,243.92
servers,Processing units (incl. servers),26.2,847150,EU,exports,2023-Q3,122.92,646962.0,1015216.0,190.0
servers,Processing units (incl. servers),26.2,847150,EU,exports,2023-Q4,143.91,839647.0,960582.0,171.4
servers,Processing units (incl. servers),26.2,847150,EU,exports,2024-Q1,112.62,662733.0,694620.0,169.93
servers,Processing units (incl. servers),26.2,847150,EU,exports,2024-Q2,96.67,1057677.0,606160.0,91.39
servers,Processing units (incl. servers),26.2,847150,EU,exports,2024-Q3,120.03,436076.0,874324.0,275.25
servers,Processing units (incl. servers),26.2,847150,EU,exports,2024-Q4,129.45,663803.0,711231.0,195.01
servers,Processing units (incl. servers),26.2,847150,EU,exports,2025-Q1,138.93,574684.0,690275.0,241.74
servers,Processing units (incl. servers),26.2,847150,EU,exports,2025-Q2,147.28,563925.0,680457.0,261.18
servers,Processing units (incl. servers),26.2,847150,EU,exports,2025-Q3,161.36,545768.0,833997.0,295.66
servers,Processing units (incl. servers),26.2,847150,EU,exports,2025-Q4,340.03,737186.0,948978.0,461.26
servers,Processing units (incl. servers),26.2,847150,EU,exports,2026-Q1,1199.95,796678.0,1131779.0,1506.19
servers,Processing units (incl. servers),26.2,847150,EU,exports,2026-Q2,568.1,891545.0,935979.0,637.21
servers,Processing units (incl. servers),26.2,847150,EU,imports,2016-Q1,173.51,494833.0,2643517.0,350.64
servers,Processing units (incl. servers),26.2,847150,EU,imports,2016-Q2,156.73,393245.0,2083064.0,398.55
servers,Processing units (incl. servers),26.2,847150,EU,imports,2016-Q3,219.53,478493.0,2521764.0,458.8
servers,Processing units (incl. servers),26.2,847150,EU,imports,2016-Q4,203.41,455855.0,2971823.0,446.21
servers,Processing units (incl. servers),26.2,847150,EU,imports,2017-Q1,186.62,344171.0,2269448.0,542.22
servers,Processing units (incl. servers),26.2,847150,EU,imports,2017-Q2,263.57,333045.0,2467333.0,791.4
servers,Processing units (incl. servers),26.2,847150,EU,imports,2017-Q3,284.67,398522.0,2845982.0,714.31
servers,Processing units (incl. servers),26.2,847150,EU,imports,2017-Q4,277.3,444043.0,2808857.0,624.48
servers,Processing units (incl. servers),26.2,847150,EU,imports,2018-Q1,305.39,440595.0,2649432.0,693.12
servers,Processing units (incl. servers),26.2,847150,EU,imports,2018-Q2,353.17,442838.0,3084172.0,797.52
servers,Processing units (incl. servers),26.2,847150,EU,imports,2018-Q3,301.57,359682.0,2478558.0,838.44
servers,Processing units (incl. servers),26.2,847150,EU,imports,2018-Q4,290.12,389672.0,2446780.0,744.54
servers,Processing units (incl. servers),26.2,847150,EU,imports,2019-Q1,328.81,543034.0,2687859.0,605.51
servers,Processing units (incl. servers),26.2,847150,EU,imports,2019-Q2,250.2,346755.0,2055667.0,721.55
servers,Processing units (incl. servers),26.2,847150,EU,imports,2019-Q3,250.37,356913.0,2087766.0,701.49
servers,Processing units (incl. servers),26.2,847150,EU,imports,2019-Q4,227.19,364377.0,2128906.0,623.51
servers,Processing units (incl. servers),26.2,847150,EU,imports,2020-Q1,252.6,335060.0,1858006.0,753.9
servers,Processing units (incl. servers),26.2,847150,EU,imports,2020-Q2,217.2,448989.0,1647997.0,483.75
servers,Processing units (incl. servers),26.2,847150,EU,imports,2020-Q3,215.22,346308.0,1397314.0,621.46
servers,Processing units (incl. servers),26.2,847150,EU,imports,2020-Q4,207.65,419410.0,1585279.0,495.09
servers,Processing units (incl. servers),26.2,847150,EU,imports,2021-Q1,90.44,246163.0,822112.0,367.39
servers,Processing units (incl. servers),26.2,847150,EU,imports,2021-Q2,113.46,347730.0,927358.0,326.29
servers,Processing units (incl. servers),26.2,847150,EU,imports,2021-Q3,93.58,194025.0,912086.0,482.29
servers,Processing units (incl. servers),26.2,847150,EU,imports,2021-Q4,98.04,186854.0,767830.0,524.69
servers,Processing units (incl. servers),26.2,847150,EU,imports,2022-Q1,282.5,276288.0,1858324.0,1022.49
servers,Processing units (incl. servers),26.2,847150,EU,imports,2022-Q2,369.6,346512.0,2853368.0,1066.64
servers,Processing units (incl. servers),26.2,847150,EU,imports,2022-Q3,545.2,319522.0,4635247.0,1706.3
servers,Processing units (incl. servers),26.2,847150,EU,imports,2022-Q4,521.76,295407.0,2483910.0,1766.23
servers,Processing units (incl. servers),26.2,847150,EU,imports,2023-Q1,530.89,427776.0,3048741.0,1241.04
servers,Processing units (incl. servers),26.2,847150,EU,imports,2023-Q2,473.82,894186.0,2747607.0,529.9
servers,Processing units (incl. servers),26.2,847150,EU,imports,2023-Q3,438.75,327052.0,2633123.0,1341.54
servers,Processing units (incl. servers),26.2,847150,EU,imports,2023-Q4,397.0,283621.0,2384664.0,1399.76
servers,Processing units (incl. servers),26.2,847150,EU,imports,2024-Q1,456.03,313426.0,2321891.0,1454.97
servers,Processing units (incl. servers),26.2,847150,EU,imports,2024-Q2,466.49,342216.0,2522066.0,1363.14
servers,Processing units (incl. servers),26.2,847150,EU,imports,2024-Q3,783.38,399350.0,3224173.0,1961.63
servers,Processing units (incl. servers),26.2,847150,EU,imports,2024-Q4,593.8,456783.0,2775838.0,1299.97
servers,Processing units (incl. servers),26.2,847150,EU,imports,2025-Q1,1036.36,385066.0,3872006.0,2691.38
servers,Processing units (incl. servers),26.2,847150,EU,imports,2025-Q2,718.54,322763.0,3019137.0,2226.2
servers,Processing units (incl. servers),26.2,847150,EU,imports,2025-Q3,807.82,318524.0,3807282.0,2536.13
servers,Processing units (incl. servers),26.2,847150,EU,imports,2025-Q4,621.47,320722.0,2808842.0,1937.73
servers,Processing units (incl. servers),26.2,847150,EU,imports,2026-Q1,1510.17,395797.0,3453061.0,3815.52
servers,Processing units (incl. servers),26.2,847150,EU,imports,2026-Q2,1732.29,363243.0,3217537.0,4768.95
servers,Processing units (incl. servers),26.2,847150,NonEU,exports,2016-Q1,58.04,315398.0,556492.0,184.02
servers,Processing units (incl. servers),26.2,847150,NonEU,exports,2016-Q2,60.95,233179.0,501132.0,261.4
servers,Processing units (incl. servers),26.2,847150,NonEU,exports,2016-Q3,51.86,214623.0,616485.0,241.65
servers,Processing units (incl. servers),26.2,847150,NonEU,exports,2016-Q4,47.49,195894.0,630731.0,242.44
servers,Processing units (incl. servers),26.2,847150,NonEU,exports,2017-Q1,52.37,243818.0,712050.0,214.78
servers,Processing units (incl. servers),26.2,847150,NonEU,exports,2017-Q2,52.52,460017.0,683510.0,114.17
servers,Processing units (incl. servers),26.2,847150,NonEU,exports,2017-Q3,56.72,469578.0,642052.0,120.79
servers,Processing units (incl. servers),26.2,847150,NonEU,exports,2017-Q4,70.46,527552.0,875916.0,133.55
servers,Processing units (incl. servers),26.2,847150,NonEU,exports,2018-Q1,45.64,362371.0,631740.0,125.96
servers,Processing units (incl. servers),26.2,847150,NonEU,exports,2018-Q2,56.33,504367.0,734712.0,111.69
servers,Processing units (incl. servers),26.2,847150,NonEU,exports,2018-Q3,62.65,399360.0,673484.0,156.87
servers,Processing units (incl. servers),26.2,847150,NonEU,exports,2018-Q4,69.27,738788.0,489084.0,93.76
servers,Processing units (incl. servers),26.2,847150,NonEU,exports,2019-Q1,84.98,567256.0,531777.0,149.81
servers,Processing units (incl. servers),26.2,847150,NonEU,exports,2019-Q2,67.52,686839.0,420448.0,98.3
servers,Processing units (incl. servers),26.2,847150,NonEU,exports,2019-Q3,92.07,867731.0,538378.0,106.11
servers,Processing units (incl. servers),26.2,847150,NonEU,exports,2019-Q4,103.7,788848.0,395173.0,131.45
servers,Processing units (incl. servers),26.2,847150,NonEU,exports,2020-Q1,77.18,846913.0,296307.0,91.13
servers,Processing units (incl. servers),26.2,847150,NonEU,exports,2020-Q2,87.72,789066.0,301444.0,111.17
servers,Processing units (incl. servers),26.2,847150,NonEU,exports,2020-Q3,91.47,1277372.0,452918.0,71.61
servers,Processing units (incl. servers),26.2,847150,NonEU,exports,2020-Q4,106.17,844408.0,541832.0,125.73
servers,Processing units (incl. servers),26.2,847150,NonEU,exports,2021-Q1,100.07,783185.0,457607.0,127.78
servers,Processing units (incl. servers),26.2,847150,NonEU,exports,2021-Q2,136.96,826569.0,577979.0,165.69
servers,Processing units (incl. servers),26.2,847150,NonEU,exports,2021-Q3,111.25,882974.0,502085.0,126.0
servers,Processing units (incl. servers),26.2,847150,NonEU,exports,2021-Q4,104.32,728179.0,433665.0,143.26
servers,Processing units (incl. servers),26.2,847150,NonEU,exports,2022-Q1,115.95,606896.0,544466.0,191.05
servers,Processing units (incl. servers),26.2,847150,NonEU,exports,2022-Q2,146.58,830922.0,791706.0,176.41
servers,Processing units (incl. servers),26.2,847150,NonEU,exports,2022-Q3,116.75,817026.0,745564.0,142.9
servers,Processing units (incl. servers),26.2,847150,NonEU,exports,2022-Q4,116.53,887416.0,628876.0,131.31
servers,Processing units (incl. servers),26.2,847150,NonEU,exports,2023-Q1,94.32,654712.0,450664.0,144.06
servers,Processing units (incl. servers),26.2,847150,NonEU,exports,2023-Q2,120.77,1671711.0,1095508.0,72.24
servers,Processing units (incl. servers),26.2,847150,NonEU,exports,2023-Q3,123.97,1787260.0,593798.0,69.37
servers,Processing units (incl. servers),26.2,847150,NonEU,exports,2023-Q4,142.76,1538689.0,410373.0,92.78
servers,Processing units (incl. servers),26.2,847150,NonEU,exports,2024-Q1,132.62,2236206.0,392815.0,59.31
servers,Processing units (incl. servers),26.2,847150,NonEU,exports,2024-Q2,95.96,736109.0,372314.0,130.36
servers,Processing units (incl. servers),26.2,847150,NonEU,exports,2024-Q3,114.67,935851.0,424905.0,122.53
servers,Processing units (incl. servers),26.2,847150,NonEU,exports,2024-Q4,143.61,2076673.0,440224.0,69.16
servers,Processing units (incl. servers),26.2,847150,NonEU,exports,2025-Q1,164.24,1075028.0,396438.0,152.78
servers,Processing units (incl. servers),26.2,847150,NonEU,exports,2025-Q2,132.22,1225118.0,398578.0,107.92
servers,Processing units (incl. servers),26.2,847150,NonEU,exports,2025-Q3,198.33,2171888.0,537169.0,91.32
servers,Processing units (incl. servers),26.2,847150,NonEU,exports,2025-Q4,292.94,1677480.0,554191.0,174.63
servers,Processing units (incl. servers),26.2,847150,NonEU,exports,2026-Q1,274.75,1411087.0,527061.0,194.71
servers,Processing units (incl. servers),26.2,847150,NonEU,exports,2026-Q2,387.15,1238498.0,601645.0,312.59
servers,Processing units (incl. servers),26.2,847150,NonEU,imports,2016-Q1,149.73,233771.0,1649422.0,640.49
servers,Processing units (incl. servers),26.2,847150,NonEU,imports,2016-Q2,130.72,301991.0,1611927.0,432.86
servers,Processing units (incl. servers),26.2,847150,NonEU,imports,2016-Q3,124.98,2417342.0,1294257.0,51.7
servers,Processing units (incl. servers),26.2,847150,NonEU,imports,2016-Q4,148.88,470307.0,1522787.0,316.56
servers,Processing units (incl. servers),26.2,847150,NonEU,imports,2017-Q1,130.5,564064.0,1446001.0,231.35
servers,Processing units (incl. servers),26.2,847150,NonEU,imports,2017-Q2,114.64,930271.0,1253905.0,123.23
servers,Processing units (incl. servers),26.2,847150,NonEU,imports,2017-Q3,125.72,1597251.0,1374862.0,78.71
servers,Processing units (incl. servers),26.2,847150,NonEU,imports,2017-Q4,157.29,4844602.0,1527649.0,32.47
servers,Processing units (incl. servers),26.2,847150,NonEU,imports,2018-Q1,158.53,2790966.0,1875239.0,56.8
servers,Processing units (incl. servers),26.2,847150,NonEU,imports,2018-Q2,156.61,4956154.0,1737806.0,31.6
servers,Processing units (incl. servers),26.2,847150,NonEU,imports,2018-Q3,165.18,2536759.0,1654246.0,65.11
servers,Processing units (incl. servers),26.2,847150,NonEU,imports,2018-Q4,157.83,1386739.0,1144187.0,113.81
servers,Processing units (incl. servers),26.2,847150,NonEU,imports,2019-Q1,156.92,1999718.0,1230210.0,78.47
servers,Processing units (incl. servers),26.2,847150,NonEU,imports,2019-Q2,167.72,794196.0,1489369.0,211.18
servers,Processing units (incl. servers),26.2,847150,NonEU,imports,2019-Q3,169.2,1387956.0,1517464.0,121.91
servers,Processing units (incl. servers),26.2,847150,NonEU,imports,2019-Q4,233.19,1424934.0,1627432.0,163.65
servers,Processing units (incl. servers),26.2,847150,NonEU,imports,2020-Q1,204.0,1225484.0,1746169.0,166.46
servers,Processing units (incl. servers),26.2,847150,NonEU,imports,2020-Q2,208.3,1275748.0,1465044.0,163.28
servers,Processing units (incl. servers),26.2,847150,NonEU,imports,2020-Q3,173.61,1255904.0,1862902.0,138.24
servers,Processing units (incl. servers),26.2,847150,NonEU,imports,2020-Q4,167.92,1438348.0,2408472.0,116.75
servers,Processing units (incl. servers),26.2,847150,NonEU,imports,2021-Q1,195.42,854206.0,969632.0,228.77
servers,Processing units (incl. servers),26.2,847150,NonEU,imports,2021-Q2,164.08,868110.0,1099047.0,189.01
servers,Processing units (incl. servers),26.2,847150,NonEU,imports,2021-Q3,181.64,908607.0,1288112.0,199.91
servers,Processing units (incl. servers),26.2,847150,NonEU,imports,2021-Q4,197.13,642523.0,1076461.0,306.8
servers,Processing units (incl. servers),26.2,847150,NonEU,imports,2022-Q1,179.81,955662.0,1191054.0,188.15
servers,Processing units (incl. servers),26.2,847150,NonEU,imports,2022-Q2,197.31,743909.0,1226685.0,265.23
servers,Processing units (incl. servers),26.2,847150,NonEU,imports,2022-Q3,203.6,962439.0,1111281.0,211.54
servers,Processing units (incl. servers),26.2,847150,NonEU,imports,2022-Q4,327.16,952480.0,1151731.0,343.49
servers,Processing units (incl. servers),26.2,847150,NonEU,imports,2023-Q1,195.74,873608.0,809285.0,224.06
servers,Processing units (incl. servers),26.2,847150,NonEU,imports,2023-Q2,157.24,975063.0,761122.0,161.27
servers,Processing units (incl. servers),26.2,847150,NonEU,imports,2023-Q3,221.11,1377582.0,927386.0,160.5
servers,Processing units (incl. servers),26.2,847150,NonEU,imports,2023-Q4,182.08,1775776.0,827972.0,102.53
servers,Processing units (incl. servers),26.2,847150,NonEU,imports,2024-Q1,172.24,1204713.0,739361.0,142.98
servers,Processing units (incl. servers),26.2,847150,NonEU,imports,2024-Q2,147.16,677688.0,690613.0,217.16
servers,Processing units (incl. servers),26.2,847150,NonEU,imports,2024-Q3,335.31,880240.0,965643.0,380.93
servers,Processing units (incl. servers),26.2,847150,NonEU,imports,2024-Q4,458.69,671994.0,1283703.0,682.58
servers,Processing units (incl. servers),26.2,847150,NonEU,imports,2025-Q1,234.51,445176.0,908985.0,526.79
servers,Processing units (incl. servers),26.2,847150,NonEU,imports,2025-Q2,419.34,663514.0,1311685.0,632.0
servers,Processing units (incl. servers),26.2,847150,NonEU,imports,2025-Q3,776.69,714250.0,1956563.0,1087.42
servers,Processing units (incl. servers),26.2,847150,NonEU,imports,2025-Q4,880.44,786266.0,1668813.0,1119.77
servers,Processing units (incl. servers),26.2,847150,NonEU,imports,2026-Q1,312.65,580495.0,1144308.0,538.6
servers,Processing units (incl. servers),26.2,847150,NonEU,imports,2026-Q2,580.96,843270.0,1420204.0,688.94
storage,Storage units,26.2,847170,EU,exports,2016-Q1,99.46,1619869.0,932709.0,61.4
storage,Storage units,26.2,847170,EU,exports,2016-Q2,88.7,1462819.0,716123.0,60.64
storage,Storage units,26.2,847170,EU,exports,2016-Q3,96.42,1551052.0,849694.0,62.17
storage,Storage units,26.2,847170,EU,exports,2016-Q4,124.41,2035778.0,1159405.0,61.11
storage,Storage units,26.2,847170,EU,exports,2017-Q1,99.29,1412744.0,779749.0,70.28
storage,Storage units,26.2,847170,EU,exports,2017-Q2,87.29,1025767.0,645267.0,85.09
storage,Storage units,26.2,847170,EU,exports,2017-Q3,94.36,1262675.0,713552.0,74.73
storage,Storage units,26.2,847170,EU,exports,2017-Q4,106.68,1429799.0,822173.0,74.61
storage,Storage units,26.2,847170,EU,exports,2018-Q1,88.25,1282482.0,618543.0,68.81
storage,Storage units,26.2,847170,EU,exports,2018-Q2,94.26,1379965.0,682109.0,68.31
storage,Storage units,26.2,847170,EU,exports,2018-Q3,96.05,1733134.0,887664.0,55.42
storage,Storage units,26.2,847170,EU,exports,2018-Q4,105.24,1938832.0,899196.0,54.28
storage,Storage units,26.2,847170,EU,exports,2019-Q1,84.46,1834156.0,647179.0,46.05
storage,Storage units,26.2,847170,EU,exports,2019-Q2,77.79,1608648.0,460308.0,48.36
storage,Storage units,26.2,847170,EU,exports,2019-Q3,86.29,1788939.0,551404.0,48.23
storage,Storage units,26.2,847170,EU,exports,2019-Q4,113.0,2236924.0,632927.0,50.51
storage,Storage units,26.2,847170,EU,exports,2020-Q1,105.32,1684479.0,762113.0,62.52
storage,Storage units,26.2,847170,EU,exports,2020-Q2,73.35,1251711.0,326742.0,58.6
storage,Storage units,26.2,847170,EU,exports,2020-Q3,92.83,1624668.0,407086.0,57.14
storage,Storage units,26.2,847170,EU,exports,2020-Q4,120.71,2225778.0,466003.0,54.23
storage,Storage units,26.2,847170,EU,exports,2021-Q1,66.62,1038153.0,434910.0,64.17
storage,Storage units,26.2,847170,EU,exports,2021-Q2,63.15,924847.0,330634.0,68.28
storage,Storage units,26.2,847170,EU,exports,2021-Q3,62.83,963403.0,453019.0,65.21
storage,Storage units,26.2,847170,EU,exports,2021-Q4,80.38,1082072.0,412186.0,74.28
storage,Storage units,26.2,847170,EU,exports,2022-Q1,63.29,865614.0,330635.0,73.11
storage,Storage units,26.2,847170,EU,exports,2022-Q2,66.39,733112.0,339365.0,90.56
storage,Storage units,26.2,847170,EU,exports,2022-Q3,90.27,941364.0,378563.0,95.9
storage,Storage units,26.2,847170,EU,exports,2022-Q4,92.81,1050526.0,350585.0,88.34
storage,Storage units,26.2,847170,EU,exports,2023-Q1,100.77,1317601.0,346672.0,76.48
storage,Storage units,26.2,847170,EU,exports,2023-Q2,75.89,954536.0,238012.0,79.5
storage,Storage units,26.2,847170,EU,exports,2023-Q3,63.14,1234449.0,227383.0,51.14
storage,Storage units,26.2,847170,EU,exports,2023-Q4,85.07,1239724.0,255420.0,68.62
storage,Storage units,26.2,847170,EU,exports,2024-Q1,65.98,829030.0,211587.0,79.59
storage,Storage units,26.2,847170,EU,exports,2024-Q2,52.1,725790.0,218125.0,71.79
storage,Storage units,26.2,847170,EU,exports,2024-Q3,63.22,898131.0,237115.0,70.39
storage,Storage units,26.2,847170,EU,exports,2024-Q4,79.58,1301328.0,372493.0,61.15
storage,Storage units,26.2,847170,EU,exports,2025-Q1,82.97,1126895.0,236534.0,73.63
storage,Storage units,26.2,847170,EU,exports,2025-Q2,63.54,788719.0,248394.0,80.56
storage,Storage units,26.2,847170,EU,exports,2025-Q3,93.8,1180253.0,228514.0,79.47
storage,Storage units,26.2,847170,EU,exports,2025-Q4,104.42,1072879.0,200032.0,97.33
storage,Storage units,26.2,847170,EU,exports,2026-Q1,133.45,626725.0,219801.0,212.93
storage,Storage units,26.2,847170,EU,exports,2026-Q2,74.85,436111.0,188553.0,171.63
storage,Storage units,26.2,847170,EU,imports,2016-Q1,192.89,1879160.0,1846110.0,102.65
storage,Storage units,26.2,847170,EU,imports,2016-Q2,179.5,1637164.0,1855079.0,109.64
storage,Storage units,26.2,847170,EU,imports,2016-Q3,199.58,1557887.0,6234899.0,128.11
storage,Storage units,26.2,847170,EU,imports,2016-Q4,239.54,2072146.0,1666785.0,115.6
storage,Storage units,26.2,847170,EU,imports,2017-Q1,208.6,1625321.0,1526964.0,128.34
storage,Storage units,26.2,847170,EU,imports,2017-Q2,214.61,1564245.0,1044927.0,137.19
storage,Storage units,26.2,847170,EU,imports,2017-Q3,183.65,1380687.0,1073462.0,133.01
storage,Storage units,26.2,847170,EU,imports,2017-Q4,191.45,1487125.0,1070308.0,128.74
storage,Storage units,26.2,847170,EU,imports,2018-Q1,255.3,1355948.0,1483675.0,188.28
storage,Storage units,26.2,847170,EU,imports,2018-Q2,244.24,1254129.0,6864366.0,194.75
storage,Storage units,26.2,847170,EU,imports,2018-Q3,225.95,2024491.0,5164986.0,111.61
storage,Storage units,26.2,847170,EU,imports,2018-Q4,261.92,1643384.0,21805345.0,159.38
storage,Storage units,26.2,847170,EU,imports,2019-Q1,242.54,1606269.0,7245324.0,151.0
storage,Storage units,26.2,847170,EU,imports,2019-Q2,190.7,1174602.0,891698.0,162.35
storage,Storage units,26.2,847170,EU,imports,2019-Q3,189.54,1439186.0,892799.0,131.7
storage,Storage units,26.2,847170,EU,imports,2019-Q4,218.18,1668120.0,1086696.0,130.79
storage,Storage units,26.2,847170,EU,imports,2020-Q1,207.92,1524149.0,3130941.0,136.42
storage,Storage units,26.2,847170,EU,imports,2020-Q2,190.17,1252399.0,706016.0,151.84
storage,Storage units,26.2,847170,EU,imports,2020-Q3,197.07,1244861.0,800118.0,158.3
storage,Storage units,26.2,847170,EU,imports,2020-Q4,255.95,1612627.0,1554756.0,158.72
storage,Storage units,26.2,847170,EU,imports,2021-Q1,224.4,1235161.0,1508280.0,181.68
storage,Storage units,26.2,847170,EU,imports,2021-Q2,144.89,951877.0,742057.0,152.21
storage,Storage units,26.2,847170,EU,imports,2021-Q3,142.86,794327.0,681392.0,179.85
storage,Storage units,26.2,847170,EU,imports,2021-Q4,181.95,1004491.0,1133860.0,181.13
storage,Storage units,26.2,847170,EU,imports,2022-Q1,149.53,1089773.0,530848.0,137.21
storage,Storage units,26.2,847170,EU,imports,2022-Q2,170.1,727706.0,684641.0,233.75
storage,Storage units,26.2,847170,EU,imports,2022-Q3,192.12,809485.0,1188932.0,237.34
storage,Storage units,26.2,847170,EU,imports,2022-Q4,216.42,1013532.0,749446.0,213.53
storage,Storage units,26.2,847170,EU,imports,2023-Q1,237.95,774634.0,706509.0,307.17
storage,Storage units,26.2,847170,EU,imports,2023-Q2,157.54,779759.0,559065.0,202.04
storage,Storage units,26.2,847170,EU,imports,2023-Q3,152.0,817326.0,534694.0,185.98
storage,Storage units,26.2,847170,EU,imports,2023-Q4,189.97,713838.0,591288.0,266.12
storage,Storage units,26.2,847170,EU,imports,2024-Q1,147.03,600577.0,487058.0,244.81
storage,Storage units,26.2,847170,EU,imports,2024-Q2,155.93,613575.0,577862.0,254.13
storage,Storage units,26.2,847170,EU,imports,2024-Q3,121.27,650405.0,416943.0,186.46
storage,Storage units,26.2,847170,EU,imports,2024-Q4,121.9,528480.0,379894.0,230.65
storage,Storage units,26.2,847170,EU,imports,2025-Q1,170.93,505193.0,450838.0,338.34
storage,Storage units,26.2,847170,EU,imports,2025-Q2,154.38,570545.0,524918.0,270.59
storage,Storage units,26.2,847170,EU,imports,2025-Q3,151.36,784000.0,603165.0,193.06
storage,Storage units,26.2,847170,EU,imports,2025-Q4,139.96,504231.0,365868.0,277.57
storage,Storage units,26.2,847170,EU,imports,2026-Q1,166.86,478366.0,338951.0,348.82
storage,Storage units,26.2,847170,EU,imports,2026-Q2,155.78,369463.0,270121.0,421.65
storage,Storage units,26.2,847170,NonEU,exports,2016-Q1,35.72,268408.0,279533.0,133.09
storage,Storage units,26.2,847170,NonEU,exports,2016-Q2,34.66,323712.0,209003.0,107.06
storage,Storage units,26.2,847170,NonEU,exports,2016-Q3,42.22,330835.0,224028.0,127.62
storage,Storage units,26.2,847170,NonEU,exports,2016-Q4,42.19,327768.0,226186.0,128.73
storage,Storage units,26.2,847170,NonEU,exports,2017-Q1,43.27,329623.0,195052.0,131.27
storage,Storage units,26.2,847170,NonEU,exports,2017-Q2,51.42,406311.0,204725.0,126.55
storage,Storage units,26.2,847170,NonEU,exports,2017-Q3,41.36,431209.0,182608.0,95.92
storage,Storage units,26.2,847170,NonEU,exports,2017-Q4,42.55,560542.0,228609.0,75.9
storage,Storage units,26.2,847170,NonEU,exports,2018-Q1,30.9,265218.0,164694.0,116.51
storage,Storage units,26.2,847170,NonEU,exports,2018-Q2,38.64,283428.0,200253.0,136.34
storage,Storage units,26.2,847170,NonEU,exports,2018-Q3,32.43,303701.0,158385.0,106.77
storage,Storage units,26.2,847170,NonEU,exports,2018-Q4,39.61,314776.0,194799.0,125.84
storage,Storage units,26.2,847170,NonEU,exports,2019-Q1,35.34,424792.0,167495.0,83.19
storage,Storage units,26.2,847170,NonEU,exports,2019-Q2,31.27,425967.0,159465.0,73.41
storage,Storage units,26.2,847170,NonEU,exports,2019-Q3,40.84,448240.0,200910.0,91.1
storage,Storage units,26.2,847170,NonEU,exports,2019-Q4,39.75,475517.0,168841.0,83.59
storage,Storage units,26.2,847170,NonEU,exports,2020-Q1,41.72,509875.0,201642.0,81.82
storage,Storage units,26.2,847170,NonEU,exports,2020-Q2,21.43,231555.0,129977.0,92.54
storage,Storage units,26.2,847170,NonEU,exports,2020-Q3,22.34,433272.0,223856.0,51.55
storage,Storage units,26.2,847170,NonEU,exports,2020-Q4,28.28,330505.0,144696.0,85.58
storage,Storage units,26.2,847170,NonEU,exports,2021-Q1,23.86,261577.0,182059.0,91.21
storage,Storage units,26.2,847170,NonEU,exports,2021-Q2,25.91,305857.0,137302.0,84.71
storage,Storage units,26.2,847170,NonEU,exports,2021-Q3,28.57,356104.0,196694.0,80.23
storage,Storage units,26.2,847170,NonEU,exports,2021-Q4,27.97,438992.0,185829.0,63.72
storage,Storage units,26.2,847170,NonEU,exports,2022-Q1,24.54,287144.0,176032.0,85.47
storage,Storage units,26.2,847170,NonEU,exports,2022-Q2,22.96,272622.0,209207.0,84.2
storage,Storage units,26.2,847170,NonEU,exports,2022-Q3,29.19,351921.0,132406.0,82.95
storage,Storage units,26.2,847170,NonEU,exports,2022-Q4,33.64,521456.0,189392.0,64.51
storage,Storage units,26.2,847170,NonEU,exports,2023-Q1,25.81,306739.0,128527.0,84.13
storage,Storage units,26.2,847170,NonEU,exports,2023-Q2,31.36,304312.0,218221.0,103.05
storage,Storage units,26.2,847170,NonEU,exports,2023-Q3,28.6,465630.0,170225.0,61.42
storage,Storage units,26.2,847170,NonEU,exports,2023-Q4,31.19,445058.0,218215.0,70.09
storage,Storage units,26.2,847170,NonEU,exports,2024-Q1,28.18,392575.0,175253.0,71.79
storage,Storage units,26.2,847170,NonEU,exports,2024-Q2,30.55,336824.0,839195.0,90.71
storage,Storage units,26.2,847170,NonEU,exports,2024-Q3,32.01,296192.0,675286.0,108.07
storage,Storage units,26.2,847170,NonEU,exports,2024-Q4,36.0,351844.0,658332.0,102.31
storage,Storage units,26.2,847170,NonEU,exports,2025-Q1,46.54,392642.0,588762.0,118.53
storage,Storage units,26.2,847170,NonEU,exports,2025-Q2,26.95,286819.0,748868.0,93.98
storage,Storage units,26.2,847170,NonEU,exports,2025-Q3,45.64,442621.0,958792.0,103.11
storage,Storage units,26.2,847170,NonEU,exports,2025-Q4,48.99,482889.0,1032511.0,101.44
storage,Storage units,26.2,847170,NonEU,exports,2026-Q1,41.65,268744.0,169937.0,154.98
storage,Storage units,26.2,847170,NonEU,exports,2026-Q2,91.75,229450.0,131811.0,399.88
storage,Storage units,26.2,847170,NonEU,imports,2016-Q1,103.27,1918790.0,590602.0,53.82
storage,Storage units,26.2,847170,NonEU,imports,2016-Q2,103.69,1943559.0,498516.0,53.35
storage,Storage units,26.2,847170,NonEU,imports,2016-Q3,107.06,2068297.0,466945.0,51.76
storage,Storage units,26.2,847170,NonEU,imports,2016-Q4,140.31,2486784.0,506071.0,56.42
storage,Storage units,26.2,847170,NonEU,imports,2017-Q1,108.81,1076330.0,414919.0,101.1
storage,Storage units,26.2,847170,NonEU,imports,2017-Q2,84.28,1578109.0,365593.0,53.4
storage,Storage units,26.2,847170,NonEU,imports,2017-Q3,98.31,1630171.0,398145.0,60.31
storage,Storage units,26.2,847170,NonEU,imports,2017-Q4,104.68,1735430.0,483744.0,60.32
storage,Storage units,26.2,847170,NonEU,imports,2018-Q1,93.23,1546038.0,427635.0,60.3
storage,Storage units,26.2,847170,NonEU,imports,2018-Q2,79.25,1562495.0,386645.0,50.72
storage,Storage units,26.2,847170,NonEU,imports,2018-Q3,86.86,2071825.0,436485.0,41.93
storage,Storage units,26.2,847170,NonEU,imports,2018-Q4,119.38,2640866.0,588243.0,45.2
storage,Storage units,26.2,847170,NonEU,imports,2019-Q1,119.36,2365638.0,562340.0,50.46
storage,Storage units,26.2,847170,NonEU,imports,2019-Q2,78.69,1701779.0,413642.0,46.24
storage,Storage units,26.2,847170,NonEU,imports,2019-Q3,103.81,2230551.0,495706.0,46.54
storage,Storage units,26.2,847170,NonEU,imports,2019-Q4,155.99,3008024.0,708460.0,51.86
storage,Storage units,26.2,847170,NonEU,imports,2020-Q1,136.96,2123004.0,551506.0,64.51
storage,Storage units,26.2,847170,NonEU,imports,2020-Q2,100.83,1542640.0,429432.0,65.36
storage,Storage units,26.2,847170,NonEU,imports,2020-Q3,142.97,2694402.0,644953.0,53.06
storage,Storage units,26.2,847170,NonEU,imports,2020-Q4,165.87,3254707.0,678594.0,50.96
storage,Storage units,26.2,847170,NonEU,imports,2021-Q1,140.98,2364171.0,682070.0,59.63
storage,Storage units,26.2,847170,NonEU,imports,2021-Q2,150.4,2271237.0,539786.0,66.22
storage,Storage units,26.2,847170,NonEU,imports,2021-Q3,141.87,1985658.0,480364.0,71.44
storage,Storage units,26.2,847170,NonEU,imports,2021-Q4,155.76,2529166.0,515865.0,61.58
storage,Storage units,26.2,847170,NonEU,imports,2022-Q1,111.6,1683060.0,404817.0,66.31
storage,Storage units,26.2,847170,NonEU,imports,2022-Q2,134.88,1631842.0,445185.0,82.66
storage,Storage units,26.2,847170,NonEU,imports,2022-Q3,137.1,2683698.0,371772.0,51.09
storage,Storage units,26.2,847170,NonEU,imports,2022-Q4,176.92,2026796.0,498806.0,87.29
storage,Storage units,26.2,847170,NonEU,imports,2023-Q1,101.85,1827548.0,311778.0,55.73
storage,Storage units,26.2,847170,NonEU,imports,2023-Q2,97.7,1536341.0,352443.0,63.59
storage,Storage units,26.2,847170,NonEU,imports,2023-Q3,92.15,2311169.0,378488.0,39.87
storage,Storage units,26.2,847170,NonEU,imports,2023-Q4,158.64,2001891.0,432974.0,79.24
storage,Storage units,26.2,847170,NonEU,imports,2024-Q1,125.65,1410739.0,301946.0,89.07
storage,Storage units,26.2,847170,NonEU,imports,2024-Q2,90.95,1072231.0,329349.0,84.82
storage,Storage units,26.2,847170,NonEU,imports,2024-Q3,113.22,1489682.0,352770.0,76.0
storage,Storage units,26.2,847170,NonEU,imports,2024-Q4,139.86,2140725.0,456331.0,65.33
storage,Storage units,26.2,847170,NonEU,imports,2025-Q1,157.04,1790751.0,402351.0,87.69
storage,Storage units,26.2,847170,NonEU,imports,2025-Q2,113.01,1279052.0,358069.0,88.35
storage,Storage units,26.2,847170,NonEU,imports,2025-Q3,143.56,1987965.0,330591.0,72.21
storage,Storage units,26.2,847170,NonEU,imports,2025-Q4,168.03,1629820.0,392071.0,103.1
storage,Storage units,26.2,847170,NonEU,imports,2026-Q1,166.69,1097436.0,332443.0,151.89
storage,Storage units,26.2,847170,NonEU,imports,2026-Q2,126.76,635955.0,287014.0,199.32
computer_assemblies,Computer electronic assemblies (incl. graphics cards),26.2,847330,EU,exports,2016-Q1,199.63,0.0,1210279.0,
computer_assemblies,Computer electronic assemblies (incl. graphics cards),26.2,847330,EU,exports,2016-Q2,182.71,0.0,1173995.0,
computer_assemblies,Computer electronic assemblies (incl. graphics cards),26.2,847330,EU,exports,2016-Q3,191.56,0.0,1065488.0,
computer_assemblies,Computer electronic assemblies (incl. graphics cards),26.2,847330,EU,exports,2016-Q4,241.02,0.0,1186437.0,
computer_assemblies,Computer electronic assemblies (incl. graphics cards),26.2,847330,EU,exports,2017-Q1,154.26,0.0,1165719.0,
computer_assemblies,Computer electronic assemblies (incl. graphics cards),26.2,847330,EU,exports,2017-Q2,154.28,0.0,1112716.0,
computer_assemblies,Computer electronic assemblies (incl. graphics cards),26.2,847330,EU,exports,2017-Q3,175.18,0.0,1086888.0,
computer_assemblies,Computer electronic assemblies (incl. graphics cards),26.2,847330,EU,exports,2017-Q4,204.32,0.0,1645755.0,
computer_assemblies,Computer electronic assemblies (incl. graphics cards),26.2,847330,EU,exports,2018-Q1,181.9,0.0,2128903.0,
computer_assemblies,Computer electronic assemblies (incl. graphics cards),26.2,847330,EU,exports,2018-Q2,166.01,0.0,1375368.0,
computer_assemblies,Computer electronic assemblies (incl. graphics cards),26.2,847330,EU,exports,2018-Q3,172.3,0.0,5423088.0,
computer_assemblies,Computer electronic assemblies (incl. graphics cards),26.2,847330,EU,exports,2018-Q4,176.67,0.0,1674179.0,
computer_assemblies,Computer electronic assemblies (incl. graphics cards),26.2,847330,EU,exports,2019-Q1,142.2,0.0,1301861.0,
computer_assemblies,Computer electronic assemblies (incl. graphics cards),26.2,847330,EU,exports,2019-Q2,134.55,0.0,2806557.0,
computer_assemblies,Computer electronic assemblies (incl. graphics cards),26.2,847330,EU,exports,2019-Q3,132.44,0.0,1880124.0,
computer_assemblies,Computer electronic assemblies (incl. graphics cards),26.2,847330,EU,exports,2019-Q4,116.1,0.0,1628084.0,
computer_assemblies,Computer electronic assemblies (incl. graphics cards),26.2,847330,EU,exports,2020-Q1,125.55,0.0,2058948.0,
computer_assemblies,Computer electronic assemblies (incl. graphics cards),26.2,847330,EU,exports,2020-Q2,122.81,0.0,951948.0,
computer_assemblies,Computer electronic assemblies (incl. graphics cards),26.2,847330,EU,exports,2020-Q3,131.16,0.0,2708855.0,
computer_assemblies,Computer electronic assemblies (incl. graphics cards),26.2,847330,EU,exports,2020-Q4,166.47,0.0,1900579.0,
computer_assemblies,Computer electronic assemblies (incl. graphics cards),26.2,847330,EU,exports,2021-Q1,94.06,0.0,497507.0,
computer_assemblies,Computer electronic assemblies (incl. graphics cards),26.2,847330,EU,exports,2021-Q2,127.07,0.0,535106.0,
computer_assemblies,Computer electronic assemblies (incl. graphics cards),26.2,847330,EU,exports,2021-Q3,102.13,0.0,470635.0,
computer_assemblies,Computer electronic assemblies (incl. graphics cards),26.2,847330,EU,exports,2021-Q4,104.3,0.0,496240.0,
computer_assemblies,Computer electronic assemblies (incl. graphics cards),26.2,847330,EU,exports,2022-Q1,86.09,0.0,431833.0,
computer_assemblies,Computer electronic assemblies (incl. graphics cards),26.2,847330,EU,exports,2022-Q2,84.88,0.0,400864.0,
computer_assemblies,Computer electronic assemblies (incl. graphics cards),26.2,847330,EU,exports,2022-Q3,90.47,0.0,415378.0,
computer_assemblies,Computer electronic assemblies (incl. graphics cards),26.2,847330,EU,exports,2022-Q4,111.39,0.0,511772.0,
computer_assemblies,Computer electronic assemblies (incl. graphics cards),26.2,847330,EU,exports,2023-Q1,106.07,0.0,563258.0,
computer_assemblies,Computer electronic assemblies (incl. graphics cards),26.2,847330,EU,exports,2023-Q2,83.44,0.0,417710.0,
computer_assemblies,Computer electronic assemblies (incl. graphics cards),26.2,847330,EU,exports,2023-Q3,86.54,0.0,376742.0,
computer_assemblies,Computer electronic assemblies (incl. graphics cards),26.2,847330,EU,exports,2023-Q4,102.5,0.0,459751.0,
computer_assemblies,Computer electronic assemblies (incl. graphics cards),26.2,847330,EU,exports,2024-Q1,87.03,0.0,374838.0,
computer_assemblies,Computer electronic assemblies (incl. graphics cards),26.2,847330,EU,exports,2024-Q2,74.91,0.0,300858.0,
computer_assemblies,Computer electronic assemblies (incl. graphics cards),26.2,847330,EU,exports,2024-Q3,78.5,0.0,306201.0,
computer_assemblies,Computer electronic assemblies (incl. graphics cards),26.2,847330,EU,exports,2024-Q4,97.44,0.0,398526.0,
computer_assemblies,Computer electronic assemblies (incl. graphics cards),26.2,847330,EU,exports,2025-Q1,96.15,0.0,357720.0,
computer_assemblies,Computer electronic assemblies (incl. graphics cards),26.2,847330,EU,exports,2025-Q2,108.91,0.0,376191.0,
computer_assemblies,Computer electronic assemblies (incl. graphics cards),26.2,847330,EU,exports,2025-Q3,108.68,0.0,329502.0,
computer_assemblies,Computer electronic assemblies (incl. graphics cards),26.2,847330,EU,exports,2025-Q4,153.18,0.0,377335.0,
computer_assemblies,Computer electronic assemblies (incl. graphics cards),26.2,847330,EU,exports,2026-Q1,172.71,0.0,311937.0,
computer_assemblies,Computer electronic assemblies (incl. graphics cards),26.2,847330,EU,exports,2026-Q2,141.76,0.0,270789.0,
computer_assemblies,Computer electronic assemblies (incl. graphics cards),26.2,847330,EU,imports,2016-Q1,161.99,0.0,1461869.0,
computer_assemblies,Computer electronic assemblies (incl. graphics cards),26.2,847330,EU,imports,2016-Q2,139.61,0.0,1389011.0,
computer_assemblies,Computer electronic assemblies (incl. graphics cards),26.2,847330,EU,imports,2016-Q3,170.65,0.0,2393683.0,
computer_assemblies,Computer electronic assemblies (incl. graphics cards),26.2,847330,EU,imports,2016-Q4,232.28,0.0,2064756.0,
computer_assemblies,Computer electronic assemblies (incl. graphics cards),26.2,847330,EU,imports,2017-Q1,171.41,0.0,1522802.0,
computer_assemblies,Computer electronic assemblies (incl. graphics cards),26.2,847330,EU,imports,2017-Q2,139.48,0.0,1524132.0,
computer_assemblies,Computer electronic assemblies (incl. graphics cards),26.2,847330,EU,imports,2017-Q3,151.88,0.0,1447914.0,
computer_assemblies,Computer electronic assemblies (incl. graphics cards),26.2,847330,EU,imports,2017-Q4,146.52,0.0,2233246.0,
computer_assemblies,Computer electronic assemblies (incl. graphics cards),26.2,847330,EU,imports,2018-Q1,153.5,0.0,1294983.0,
computer_assemblies,Computer electronic assemblies (incl. graphics cards),26.2,847330,EU,imports,2018-Q2,140.2,0.0,1217468.0,
computer_assemblies,Computer electronic assemblies (incl. graphics cards),26.2,847330,EU,imports,2018-Q3,156.13,0.0,1368851.0,
computer_assemblies,Computer electronic assemblies (incl. graphics cards),26.2,847330,EU,imports,2018-Q4,171.81,0.0,1871700.0,
computer_assemblies,Computer electronic assemblies (incl. graphics cards),26.2,847330,EU,imports,2019-Q1,176.0,0.0,1669682.0,
computer_assemblies,Computer electronic assemblies (incl. graphics cards),26.2,847330,EU,imports,2019-Q2,153.23,0.0,1527139.0,
computer_assemblies,Computer electronic assemblies (incl. graphics cards),26.2,847330,EU,imports,2019-Q3,203.45,0.0,2013587.0,
computer_assemblies,Computer electronic assemblies (incl. graphics cards),26.2,847330,EU,imports,2019-Q4,213.31,0.0,2501077.0,
computer_assemblies,Computer electronic assemblies (incl. graphics cards),26.2,847330,EU,imports,2020-Q1,190.05,0.0,1831525.0,
computer_assemblies,Computer electronic assemblies (incl. graphics cards),26.2,847330,EU,imports,2020-Q2,175.02,0.0,1981881.0,
computer_assemblies,Computer electronic assemblies (incl. graphics cards),26.2,847330,EU,imports,2020-Q3,180.52,0.0,2268270.0,
computer_assemblies,Computer electronic assemblies (incl. graphics cards),26.2,847330,EU,imports,2020-Q4,144.16,0.0,1710190.0,
computer_assemblies,Computer electronic assemblies (incl. graphics cards),26.2,847330,EU,imports,2021-Q1,104.01,0.0,1245397.0,
computer_assemblies,Computer electronic assemblies (incl. graphics cards),26.2,847330,EU,imports,2021-Q2,94.48,0.0,1162973.0,
computer_assemblies,Computer electronic assemblies (incl. graphics cards),26.2,847330,EU,imports,2021-Q3,75.98,0.0,919432.0,
computer_assemblies,Computer electronic assemblies (incl. graphics cards),26.2,847330,EU,imports,2021-Q4,70.66,0.0,867601.0,
computer_assemblies,Computer electronic assemblies (incl. graphics cards),26.2,847330,EU,imports,2022-Q1,113.67,0.0,1434962.0,
computer_assemblies,Computer electronic assemblies (incl. graphics cards),26.2,847330,EU,imports,2022-Q2,103.51,0.0,959270.0,
computer_assemblies,Computer electronic assemblies (incl. graphics cards),26.2,847330,EU,imports,2022-Q3,111.64,0.0,1230085.0,
computer_assemblies,Computer electronic assemblies (incl. graphics cards),26.2,847330,EU,imports,2022-Q4,157.86,0.0,1164508.0,
computer_assemblies,Computer electronic assemblies (incl. graphics cards),26.2,847330,EU,imports,2023-Q1,134.9,0.0,1082054.0,
computer_assemblies,Computer electronic assemblies (incl. graphics cards),26.2,847330,EU,imports,2023-Q2,116.94,0.0,990004.0,
computer_assemblies,Computer electronic assemblies (incl. graphics cards),26.2,847330,EU,imports,2023-Q3,116.34,0.0,928362.0,
computer_assemblies,Computer electronic assemblies (incl. graphics cards),26.2,847330,EU,imports,2023-Q4,115.96,0.0,1216664.0,
computer_assemblies,Computer electronic assemblies (incl. graphics cards),26.2,847330,EU,imports,2024-Q1,116.57,0.0,917047.0,
computer_assemblies,Computer electronic assemblies (incl. graphics cards),26.2,847330,EU,imports,2024-Q2,130.29,0.0,1075238.0,
computer_assemblies,Computer electronic assemblies (incl. graphics cards),26.2,847330,EU,imports,2024-Q3,122.77,0.0,912263.0,
computer_assemblies,Computer electronic assemblies (incl. graphics cards),26.2,847330,EU,imports,2024-Q4,127.48,0.0,1102194.0,
computer_assemblies,Computer electronic assemblies (incl. graphics cards),26.2,847330,EU,imports,2025-Q1,129.42,0.0,1101685.0,
computer_assemblies,Computer electronic assemblies (incl. graphics cards),26.2,847330,EU,imports,2025-Q2,119.85,0.0,1055748.0,
computer_assemblies,Computer electronic assemblies (incl. graphics cards),26.2,847330,EU,imports,2025-Q3,112.78,0.0,1130155.0,
computer_assemblies,Computer electronic assemblies (incl. graphics cards),26.2,847330,EU,imports,2025-Q4,122.17,0.0,1026137.0,
computer_assemblies,Computer electronic assemblies (incl. graphics cards),26.2,847330,EU,imports,2026-Q1,120.75,0.0,855027.0,
computer_assemblies,Computer electronic assemblies (incl. graphics cards),26.2,847330,EU,imports,2026-Q2,187.2,0.0,791718.0,
computer_assemblies,Computer electronic assemblies (incl. graphics cards),26.2,847330,NonEU,exports,2016-Q1,47.35,0.0,1034501.0,
computer_assemblies,Computer electronic assemblies (incl. graphics cards),26.2,847330,NonEU,exports,2016-Q2,50.35,0.0,884035.0,
computer_assemblies,Computer electronic assemblies (incl. graphics cards),26.2,847330,NonEU,exports,2016-Q3,66.31,0.0,690974.0,
computer_assemblies,Computer electronic assemblies (incl. graphics cards),26.2,847330,NonEU,exports,2016-Q4,79.34,0.0,862668.0,
computer_assemblies,Computer electronic assemblies (incl. graphics cards),26.2,847330,NonEU,exports,2017-Q1,65.57,0.0,556375.0,
computer_assemblies,Computer electronic assemblies (incl. graphics cards),26.2,847330,NonEU,exports,2017-Q2,65.96,0.0,1055983.0,
computer_assemblies,Computer electronic assemblies (incl. graphics cards),26.2,847330,NonEU,exports,2017-Q3,76.92,0.0,1279532.0,
computer_assemblies,Computer electronic assemblies (incl. graphics cards),26.2,847330,NonEU,exports,2017-Q4,92.52,0.0,1682646.0,
computer_assemblies,Computer electronic assemblies (incl. graphics cards),26.2,847330,NonEU,exports,2018-Q1,81.84,0.0,1504658.0,
computer_assemblies,Computer electronic assemblies (incl. graphics cards),26.2,847330,NonEU,exports,2018-Q2,73.84,0.0,1415956.0,
computer_assemblies,Computer electronic assemblies (incl. graphics cards),26.2,847330,NonEU,exports,2018-Q3,76.55,0.0,1411005.0,
computer_assemblies,Computer electronic assemblies (incl. graphics cards),26.2,847330,NonEU,exports,2018-Q4,81.6,0.0,923566.0,
computer_assemblies,Computer electronic assemblies (incl. graphics cards),26.2,847330,NonEU,exports,2019-Q1,73.78,0.0,755604.0,
computer_assemblies,Computer electronic assemblies (incl. graphics cards),26.2,847330,NonEU,exports,2019-Q2,61.75,0.0,1423747.0,
computer_assemblies,Computer electronic assemblies (incl. graphics cards),26.2,847330,NonEU,exports,2019-Q3,54.08,0.0,1115081.0,
computer_assemblies,Computer electronic assemblies (incl. graphics cards),26.2,847330,NonEU,exports,2019-Q4,38.28,0.0,1428568.0,
computer_assemblies,Computer electronic assemblies (incl. graphics cards),26.2,847330,NonEU,exports,2020-Q1,38.59,0.0,1635551.0,
computer_assemblies,Computer electronic assemblies (incl. graphics cards),26.2,847330,NonEU,exports,2020-Q2,28.23,0.0,814508.0,
computer_assemblies,Computer electronic assemblies (incl. graphics cards),26.2,847330,NonEU,exports,2020-Q3,35.58,0.0,925692.0,
computer_assemblies,Computer electronic assemblies (incl. graphics cards),26.2,847330,NonEU,exports,2020-Q4,41.3,0.0,638427.0,
computer_assemblies,Computer electronic assemblies (incl. graphics cards),26.2,847330,NonEU,exports,2021-Q1,42.2,0.0,278353.0,
computer_assemblies,Computer electronic assemblies (incl. graphics cards),26.2,847330,NonEU,exports,2021-Q2,42.48,0.0,799494.0,
computer_assemblies,Computer electronic assemblies (incl. graphics cards),26.2,847330,NonEU,exports,2021-Q3,45.29,0.0,672767.0,
computer_assemblies,Computer electronic assemblies (incl. graphics cards),26.2,847330,NonEU,exports,2021-Q4,50.34,0.0,586895.0,
computer_assemblies,Computer electronic assemblies (incl. graphics cards),26.2,847330,NonEU,exports,2022-Q1,40.31,0.0,254002.0,
computer_assemblies,Computer electronic assemblies (incl. graphics cards),26.2,847330,NonEU,exports,2022-Q2,49.97,0.0,292976.0,
computer_assemblies,Computer electronic assemblies (incl. graphics cards),26.2,847330,NonEU,exports,2022-Q3,54.36,0.0,334022.0,
computer_assemblies,Computer electronic assemblies (incl. graphics cards),26.2,847330,NonEU,exports,2022-Q4,57.16,0.0,300174.0,
computer_assemblies,Computer electronic assemblies (incl. graphics cards),26.2,847330,NonEU,exports,2023-Q1,37.45,0.0,367592.0,
computer_assemblies,Computer electronic assemblies (incl. graphics cards),26.2,847330,NonEU,exports,2023-Q2,36.24,0.0,405948.0,
computer_assemblies,Computer electronic assemblies (incl. graphics cards),26.2,847330,NonEU,exports,2023-Q3,40.8,0.0,205713.0,
computer_assemblies,Computer electronic assemblies (incl. graphics cards),26.2,847330,NonEU,exports,2023-Q4,41.22,0.0,159466.0,
computer_assemblies,Computer electronic assemblies (incl. graphics cards),26.2,847330,NonEU,exports,2024-Q1,41.12,0.0,487950.0,
computer_assemblies,Computer electronic assemblies (incl. graphics cards),26.2,847330,NonEU,exports,2024-Q2,40.91,0.0,537132.0,
computer_assemblies,Computer electronic assemblies (incl. graphics cards),26.2,847330,NonEU,exports,2024-Q3,47.15,0.0,293981.0,
computer_assemblies,Computer electronic assemblies (incl. graphics cards),26.2,847330,NonEU,exports,2024-Q4,45.11,0.0,296944.0,
computer_assemblies,Computer electronic assemblies (incl. graphics cards),26.2,847330,NonEU,exports,2025-Q1,45.36,0.0,154337.0,
computer_assemblies,Computer electronic assemblies (incl. graphics cards),26.2,847330,NonEU,exports,2025-Q2,79.25,0.0,539698.0,
computer_assemblies,Computer electronic assemblies (incl. graphics cards),26.2,847330,NonEU,exports,2025-Q3,84.92,0.0,484530.0,
computer_assemblies,Computer electronic assemblies (incl. graphics cards),26.2,847330,NonEU,exports,2025-Q4,108.16,0.0,362172.0,
computer_assemblies,Computer electronic assemblies (incl. graphics cards),26.2,847330,NonEU,exports,2026-Q1,153.18,0.0,223655.0,
computer_assemblies,Computer electronic assemblies (incl. graphics cards),26.2,847330,NonEU,exports,2026-Q2,145.59,0.0,418142.0,
computer_assemblies,Computer electronic assemblies (incl. graphics cards),26.2,847330,NonEU,imports,2016-Q1,254.0,0.0,2314152.0,
computer_assemblies,Computer electronic assemblies (incl. graphics cards),26.2,847330,NonEU,imports,2016-Q2,226.33,0.0,2245443.0,
computer_assemblies,Computer electronic assemblies (incl. graphics cards),26.2,847330,NonEU,imports,2016-Q3,247.73,0.0,2243701.0,
computer_assemblies,Computer electronic assemblies (incl. graphics cards),26.2,847330,NonEU,imports,2016-Q4,315.44,0.0,2432635.0,
computer_assemblies,Computer electronic assemblies (incl. graphics cards),26.2,847330,NonEU,imports,2017-Q1,199.7,0.0,2158437.0,
computer_assemblies,Computer electronic assemblies (incl. graphics cards),26.2,847330,NonEU,imports,2017-Q2,187.44,0.0,2304753.0,
computer_assemblies,Computer electronic assemblies (incl. graphics cards),26.2,847330,NonEU,imports,2017-Q3,229.37,0.0,2168522.0,
computer_assemblies,Computer electronic assemblies (incl. graphics cards),26.2,847330,NonEU,imports,2017-Q4,275.37,0.0,2082033.0,
computer_assemblies,Computer electronic assemblies (incl. graphics cards),26.2,847330,NonEU,imports,2018-Q1,241.22,0.0,2192138.0,
computer_assemblies,Computer electronic assemblies (incl. graphics cards),26.2,847330,NonEU,imports,2018-Q2,218.84,0.0,1853944.0,
computer_assemblies,Computer electronic assemblies (incl. graphics cards),26.2,847330,NonEU,imports,2018-Q3,239.52,0.0,1866769.0,
computer_assemblies,Computer electronic assemblies (incl. graphics cards),26.2,847330,NonEU,imports,2018-Q4,337.91,0.0,2523865.0,
computer_assemblies,Computer electronic assemblies (incl. graphics cards),26.2,847330,NonEU,imports,2019-Q1,288.46,0.0,2198430.0,
computer_assemblies,Computer electronic assemblies (incl. graphics cards),26.2,847330,NonEU,imports,2019-Q2,220.28,0.0,2129187.0,
computer_assemblies,Computer electronic assemblies (incl. graphics cards),26.2,847330,NonEU,imports,2019-Q3,190.94,0.0,2112125.0,
computer_assemblies,Computer electronic assemblies (incl. graphics cards),26.2,847330,NonEU,imports,2019-Q4,154.1,0.0,2538873.0,
computer_assemblies,Computer electronic assemblies (incl. graphics cards),26.2,847330,NonEU,imports,2020-Q1,154.16,0.0,2327312.0,
computer_assemblies,Computer electronic assemblies (incl. graphics cards),26.2,847330,NonEU,imports,2020-Q2,153.98,0.0,2422971.0,
computer_assemblies,Computer electronic assemblies (incl. graphics cards),26.2,847330,NonEU,imports,2020-Q3,176.62,0.0,3386810.0,
computer_assemblies,Computer electronic assemblies (incl. graphics cards),26.2,847330,NonEU,imports,2020-Q4,248.95,0.0,3159386.0,
computer_assemblies,Computer electronic assemblies (incl. graphics cards),26.2,847330,NonEU,imports,2021-Q1,152.79,0.0,3263963.0,
computer_assemblies,Computer electronic assemblies (incl. graphics cards),26.2,847330,NonEU,imports,2021-Q2,189.77,0.0,3790524.0,
computer_assemblies,Computer electronic assemblies (incl. graphics cards),26.2,847330,NonEU,imports,2021-Q3,190.08,0.0,2223685.0,
computer_assemblies,Computer electronic assemblies (incl. graphics cards),26.2,847330,NonEU,imports,2021-Q4,166.89,0.0,2386588.0,
computer_assemblies,Computer electronic assemblies (incl. graphics cards),26.2,847330,NonEU,imports,2022-Q1,175.23,0.0,2909272.0,
computer_assemblies,Computer electronic assemblies (incl. graphics cards),26.2,847330,NonEU,imports,2022-Q2,172.94,0.0,2248433.0,
computer_assemblies,Computer electronic assemblies (incl. graphics cards),26.2,847330,NonEU,imports,2022-Q3,149.3,0.0,1648366.0,
computer_assemblies,Computer electronic assemblies (incl. graphics cards),26.2,847330,NonEU,imports,2022-Q4,180.69,0.0,1791348.0,
computer_assemblies,Computer electronic assemblies (incl. graphics cards),26.2,847330,NonEU,imports,2023-Q1,153.91,0.0,1741860.0,
computer_assemblies,Computer electronic assemblies (incl. graphics cards),26.2,847330,NonEU,imports,2023-Q2,125.94,0.0,1896381.0,
computer_assemblies,Computer electronic assemblies (incl. graphics cards),26.2,847330,NonEU,imports,2023-Q3,128.14,0.0,2095143.0,
computer_assemblies,Computer electronic assemblies (incl. graphics cards),26.2,847330,NonEU,imports,2023-Q4,108.07,0.0,1857166.0,
computer_assemblies,Computer electronic assemblies (incl. graphics cards),26.2,847330,NonEU,imports,2024-Q1,103.68,0.0,1893962.0,
computer_assemblies,Computer electronic assemblies (incl. graphics cards),26.2,847330,NonEU,imports,2024-Q2,111.44,0.0,1624247.0,
computer_assemblies,Computer electronic assemblies (incl. graphics cards),26.2,847330,NonEU,imports,2024-Q3,117.39,0.0,1764242.0,
computer_assemblies,Computer electronic assemblies (incl. graphics cards),26.2,847330,NonEU,imports,2024-Q4,195.84,0.0,2506233.0,
computer_assemblies,Computer electronic assemblies (incl. graphics cards),26.2,847330,NonEU,imports,2025-Q1,138.46,0.0,1893044.0,
computer_assemblies,Computer electronic assemblies (incl. graphics cards),26.2,847330,NonEU,imports,2025-Q2,170.55,0.0,2531252.0,
computer_assemblies,Computer electronic assemblies (incl. graphics cards),26.2,847330,NonEU,imports,2025-Q3,161.31,0.0,2427265.0,
computer_assemblies,Computer electronic assemblies (incl. graphics cards),26.2,847330,NonEU,imports,2025-Q4,236.36,0.0,2616192.0,
computer_assemblies,Computer electronic assemblies (incl. graphics cards),26.2,847330,NonEU,imports,2026-Q1,250.44,0.0,2093444.0,
computer_assemblies,Computer electronic assemblies (incl. graphics cards),26.2,847330,NonEU,imports,2026-Q2,228.68,0.0,1397699.0,
mobile_phones,Mobile phones (incl. smartphones),26.3,851712 851713 851714,EU,exports,2016-Q1,142.12,938650.0,330454.0,151.41
mobile_phones,Mobile phones (incl. smartphones),26.3,851712 851713 851714,EU,exports,2016-Q2,133.61,801459.0,291540.0,166.7
mobile_phones,Mobile phones (incl. smartphones),26.3,851712 851713 851714,EU,exports,2016-Q3,156.03,854965.0,321363.0,182.5
mobile_phones,Mobile phones (incl. smartphones),26.3,851712 851713 851714,EU,exports,2016-Q4,205.21,1178080.0,498454.0,174.19
mobile_phones,Mobile phones (incl. smartphones),26.3,851712 851713 851714,EU,exports,2017-Q1,127.8,771884.0,234175.0,165.57
mobile_phones,Mobile phones (incl. smartphones),26.3,851712 851713 851714,EU,exports,2017-Q2,138.15,863422.0,248608.0,160.0
mobile_phones,Mobile phones (incl. smartphones),26.3,851712 851713 851714,EU,exports,2017-Q3,177.92,1298904.0,335273.0,136.98
mobile_phones,Mobile phones (incl. smartphones),26.3,851712 851713 851714,EU,exports,2017-Q4,186.33,1159017.0,318910.0,160.76
mobile_phones,Mobile phones (incl. smartphones),26.3,851712 851713 851714,EU,exports,2018-Q1,144.81,686639.0,212815.0,210.9
mobile_phones,Mobile phones (incl. smartphones),26.3,851712 851713 851714,EU,exports,2018-Q2,128.45,638322.0,208034.0,201.23
mobile_phones,Mobile phones (incl. smartphones),26.3,851712 851713 851714,EU,exports,2018-Q3,176.96,795935.0,245152.0,222.33
mobile_phones,Mobile phones (incl. smartphones),26.3,851712 851713 851714,EU,exports,2018-Q4,237.66,972902.0,824122.0,244.27
mobile_phones,Mobile phones (incl. smartphones),26.3,851712 851713 851714,EU,exports,2019-Q1,368.54,1294290.0,415490.0,284.74
mobile_phones,Mobile phones (incl. smartphones),26.3,851712 851713 851714,EU,exports,2019-Q2,177.45,787560.0,237242.0,225.32
mobile_phones,Mobile phones (incl. smartphones),26.3,851712 851713 851714,EU,exports,2019-Q3,176.68,822507.0,252332.0,214.8
mobile_phones,Mobile phones (incl. smartphones),26.3,851712 851713 851714,EU,exports,2019-Q4,185.6,869632.0,273733.0,213.43
mobile_phones,Mobile phones (incl. smartphones),26.3,851712 851713 851714,EU,exports,2020-Q1,144.43,909518.0,299695.0,158.8
mobile_phones,Mobile phones (incl. smartphones),26.3,851712 851713 851714,EU,exports,2020-Q2,157.82,1345727.0,447182.0,117.28
mobile_phones,Mobile phones (incl. smartphones),26.3,851712 851713 851714,EU,exports,2020-Q3,180.21,1250087.0,418295.0,144.16
mobile_phones,Mobile phones (incl. smartphones),26.3,851712 851713 851714,EU,exports,2020-Q4,233.84,1590489.0,635893.0,147.02
mobile_phones,Mobile phones (incl. smartphones),26.3,851712 851713 851714,EU,exports,2021-Q1,106.96,442754.0,401313.0,241.59
mobile_phones,Mobile phones (incl. smartphones),26.3,851712 851713 851714,EU,exports,2021-Q2,128.32,754001.0,226973.0,170.19
mobile_phones,Mobile phones (incl. smartphones),26.3,851712 851713 851714,EU,exports,2021-Q3,118.19,792335.0,218191.0,149.17
mobile_phones,Mobile phones (incl. smartphones),26.3,851712 851713 851714,EU,exports,2021-Q4,156.35,561582.0,242692.0,278.41
mobile_phones,Mobile phones (incl. smartphones),26.3,851712 851713 851714,EU,exports,2022-Q1,134.23,1381879.0,228026.0,97.14
mobile_phones,Mobile phones (incl. smartphones),26.3,851712 851713 851714,EU,exports,2022-Q2,144.47,466714.0,196417.0,309.56
mobile_phones,Mobile phones (incl. smartphones),26.3,851712 851713 851714,EU,exports,2022-Q3,206.16,1444903.0,261177.0,142.68
mobile_phones,Mobile phones (incl. smartphones),26.3,851712 851713 851714,EU,exports,2022-Q4,251.54,731149.0,286943.0,344.04
mobile_phones,Mobile phones (incl. smartphones),26.3,851712 851713 851714,EU,exports,2023-Q1,176.43,613740.0,248354.0,287.47
mobile_phones,Mobile phones (incl. smartphones),26.3,851712 851713 851714,EU,exports,2023-Q2,205.39,1631732.0,236646.0,125.87
mobile_phones,Mobile phones (incl. smartphones),26.3,851712 851713 851714,EU,exports,2023-Q3,204.02,608467.0,258786.0,335.31
mobile_phones,Mobile phones (incl. smartphones),26.3,851712 851713 851714,EU,exports,2023-Q4,280.4,647608.0,313768.0,432.97
mobile_phones,Mobile phones (incl. smartphones),26.3,851712 851713 851714,EU,exports,2024-Q1,181.26,485231.0,215431.0,373.56
mobile_phones,Mobile phones (incl. smartphones),26.3,851712 851713 851714,EU,exports,2024-Q2,176.35,531613.0,230686.0,331.72
mobile_phones,Mobile phones (incl. smartphones),26.3,851712 851713 851714,EU,exports,2024-Q3,169.98,522720.0,227266.0,325.18
mobile_phones,Mobile phones (incl. smartphones),26.3,851712 851713 851714,EU,exports,2024-Q4,212.9,610222.0,241140.0,348.89
mobile_phones,Mobile phones (incl. smartphones),26.3,851712 851713 851714,EU,exports,2025-Q1,145.3,474049.0,190714.0,306.51
mobile_phones,Mobile phones (incl. smartphones),26.3,851712 851713 851714,EU,exports,2025-Q2,193.7,551086.0,210118.0,351.48
mobile_phones,Mobile phones (incl. smartphones),26.3,851712 851713 851714,EU,exports,2025-Q3,218.76,590359.0,229390.0,370.55
mobile_phones,Mobile phones (incl. smartphones),26.3,851712 851713 851714,EU,exports,2025-Q4,252.95,606387.0,269059.0,417.14
mobile_phones,Mobile phones (incl. smartphones),26.3,851712 851713 851714,EU,exports,2026-Q1,181.63,470000.0,199963.0,386.45
mobile_phones,Mobile phones (incl. smartphones),26.3,851712 851713 851714,EU,exports,2026-Q2,197.57,513650.0,213065.0,384.63
mobile_phones,Mobile phones (incl. smartphones),26.3,851712 851713 851714,EU,imports,2016-Q1,541.18,2367269.0,4218078.0,228.61
mobile_phones,Mobile phones (incl. smartphones),26.3,851712 851713 851714,EU,imports,2016-Q2,496.27,2515787.0,989274.0,197.26
mobile_phones,Mobile phones (incl. smartphones),26.3,851712 851713 851714,EU,imports,2016-Q3,863.05,4099198.0,4553226.0,210.54
mobile_phones,Mobile phones (incl. smartphones),26.3,851712 851713 851714,EU,imports,2016-Q4,906.34,4213949.0,3578769.0,215.08
mobile_phones,Mobile phones (incl. smartphones),26.3,851712 851713 851714,EU,imports,2017-Q1,524.71,2747945.0,3242030.0,190.95
mobile_phones,Mobile phones (incl. smartphones),26.3,851712 851713 851714,EU,imports,2017-Q2,457.8,2289182.0,5788377.0,199.98
mobile_phones,Mobile phones (incl. smartphones),26.3,851712 851713 851714,EU,imports,2017-Q3,616.6,2403773.0,5179155.0,256.51
mobile_phones,Mobile phones (incl. smartphones),26.3,851712 851713 851714,EU,imports,2017-Q4,1097.29,3054759.0,5934100.0,359.21
mobile_phones,Mobile phones (incl. smartphones),26.3,851712 851713 851714,EU,imports,2018-Q1,546.82,1936841.0,2748053.0,282.33
mobile_phones,Mobile phones (incl. smartphones),26.3,851712 851713 851714,EU,imports,2018-Q2,452.94,1897805.0,3705249.0,238.67
mobile_phones,Mobile phones (incl. smartphones),26.3,851712 851713 851714,EU,imports,2018-Q3,404.81,1850900.0,2000607.0,218.71
mobile_phones,Mobile phones (incl. smartphones),26.3,851712 851713 851714,EU,imports,2018-Q4,717.47,2430594.0,1596347.0,295.18
mobile_phones,Mobile phones (incl. smartphones),26.3,851712 851713 851714,EU,imports,2019-Q1,375.54,1915468.0,751023.0,196.05
mobile_phones,Mobile phones (incl. smartphones),26.3,851712 851713 851714,EU,imports,2019-Q2,201.66,1143245.0,395418.0,176.39
mobile_phones,Mobile phones (incl. smartphones),26.3,851712 851713 851714,EU,imports,2019-Q3,355.96,1516737.0,541334.0,234.69
mobile_phones,Mobile phones (incl. smartphones),26.3,851712 851713 851714,EU,imports,2019-Q4,534.5,1908003.0,679224.0,280.14
mobile_phones,Mobile phones (incl. smartphones),26.3,851712 851713 851714,EU,imports,2020-Q1,329.34,1468164.0,516665.0,224.32
mobile_phones,Mobile phones (incl. smartphones),26.3,851712 851713 851714,EU,imports,2020-Q2,332.79,1627938.0,968079.0,204.42
mobile_phones,Mobile phones (incl. smartphones),26.3,851712 851713 851714,EU,imports,2020-Q3,350.66,2057090.0,1043411.0,170.46
mobile_phones,Mobile phones (incl. smartphones),26.3,851712 851713 851714,EU,imports,2020-Q4,433.0,2308569.0,926230.0,187.56
mobile_phones,Mobile phones (incl. smartphones),26.3,851712 851713 851714,EU,imports,2021-Q1,118.85,722883.0,299820.0,164.41
mobile_phones,Mobile phones (incl. smartphones),26.3,851712 851713 851714,EU,imports,2021-Q2,145.01,820028.0,300466.0,176.84
mobile_phones,Mobile phones (incl. smartphones),26.3,851712 851713 851714,EU,imports,2021-Q3,121.73,660275.0,254405.0,184.36
mobile_phones,Mobile phones (incl. smartphones),26.3,851712 851713 851714,EU,imports,2021-Q4,121.79,535202.0,892188.0,227.55
mobile_phones,Mobile phones (incl. smartphones),26.3,851712 851713 851714,EU,imports,2022-Q1,124.02,697939.0,320049.0,177.69
mobile_phones,Mobile phones (incl. smartphones),26.3,851712 851713 851714,EU,imports,2022-Q2,176.98,1166579.0,356994.0,151.71
mobile_phones,Mobile phones (incl. smartphones),26.3,851712 851713 851714,EU,imports,2022-Q3,148.28,547227.0,191091.0,270.97
mobile_phones,Mobile phones (incl. smartphones),26.3,851712 851713 851714,EU,imports,2022-Q4,245.68,632811.0,249961.0,388.23
mobile_phones,Mobile phones (incl. smartphones),26.3,851712 851713 851714,EU,imports,2023-Q1,112.78,504741.0,162263.0,223.44
mobile_phones,Mobile phones (incl. smartphones),26.3,851712 851713 851714,EU,imports,2023-Q2,117.45,464658.0,192012.0,252.76
mobile_phones,Mobile phones (incl. smartphones),26.3,851712 851713 851714,EU,imports,2023-Q3,111.98,487840.0,184171.0,229.55
mobile_phones,Mobile phones (incl. smartphones),26.3,851712 851713 851714,EU,imports,2023-Q4,124.85,740929.0,190601.0,168.51
mobile_phones,Mobile phones (incl. smartphones),26.3,851712 851713 851714,EU,imports,2024-Q1,94.37,436944.0,227684.0,215.98
mobile_phones,Mobile phones (incl. smartphones),26.3,851712 851713 851714,EU,imports,2024-Q2,124.76,615244.0,253995.0,202.78
mobile_phones,Mobile phones (incl. smartphones),26.3,851712 851713 851714,EU,imports,2024-Q3,172.41,756871.0,274444.0,227.8
mobile_phones,Mobile phones (incl. smartphones),26.3,851712 851713 851714,EU,imports,2024-Q4,189.3,697157.0,271274.0,271.54
mobile_phones,Mobile phones (incl. smartphones),26.3,851712 851713 851714,EU,imports,2025-Q1,163.51,619866.0,248592.0,263.79
mobile_phones,Mobile phones (incl. smartphones),26.3,851712 851713 851714,EU,imports,2025-Q2,159.4,765661.0,270738.0,208.18
mobile_phones,Mobile phones (incl. smartphones),26.3,851712 851713 851714,EU,imports,2025-Q3,115.72,566561.0,232569.0,204.25
mobile_phones,Mobile phones (incl. smartphones),26.3,851712 851713 851714,EU,imports,2025-Q4,129.29,662925.0,270044.0,195.04
mobile_phones,Mobile phones (incl. smartphones),26.3,851712 851713 851714,EU,imports,2026-Q1,125.19,575344.0,225423.0,217.6
mobile_phones,Mobile phones (incl. smartphones),26.3,851712 851713 851714,EU,imports,2026-Q2,137.26,634330.0,270057.0,216.38
mobile_phones,Mobile phones (incl. smartphones),26.3,851712 851713 851714,NonEU,exports,2016-Q1,157.35,1045624.0,234946.0,150.49
mobile_phones,Mobile phones (incl. smartphones),26.3,851712 851713 851714,NonEU,exports,2016-Q2,145.33,791168.0,232896.0,183.69
mobile_phones,Mobile phones (incl. smartphones),26.3,851712 851713 851714,NonEU,exports,2016-Q3,147.13,715495.0,241832.0,205.64
mobile_phones,Mobile phones (incl. smartphones),26.3,851712 851713 851714,NonEU,exports,2016-Q4,177.91,675879.0,265574.0,263.22
mobile_phones,Mobile phones (incl. smartphones),26.3,851712 851713 851714,NonEU,exports,2017-Q1,215.0,780937.0,290849.0,275.31
mobile_phones,Mobile phones (incl. smartphones),26.3,851712 851713 851714,NonEU,exports,2017-Q2,165.46,761472.0,259485.0,217.29
mobile_phones,Mobile phones (incl. smartphones),26.3,851712 851713 851714,NonEU,exports,2017-Q3,82.25,732296.0,197426.0,112.32
mobile_phones,Mobile phones (incl. smartphones),26.3,851712 851713 851714,NonEU,exports,2017-Q4,79.68,609831.0,191949.0,130.66
mobile_phones,Mobile phones (incl. smartphones),26.3,851712 851713 851714,NonEU,exports,2018-Q1,43.98,446753.0,119312.0,98.44
mobile_phones,Mobile phones (incl. smartphones),26.3,851712 851713 851714,NonEU,exports,2018-Q2,66.42,446344.0,108506.0,148.81
mobile_phones,Mobile phones (incl. smartphones),26.3,851712 851713 851714,NonEU,exports,2018-Q3,81.54,540925.0,117384.0,150.74
mobile_phones,Mobile phones (incl. smartphones),26.3,851712 851713 851714,NonEU,exports,2018-Q4,54.31,457751.0,111913.0,118.64
mobile_phones,Mobile phones (incl. smartphones),26.3,851712 851713 851714,NonEU,exports,2019-Q1,116.15,634760.0,192699.0,182.98
mobile_phones,Mobile phones (incl. smartphones),26.3,851712 851713 851714,NonEU,exports,2019-Q2,50.6,453437.0,122281.0,111.59
mobile_phones,Mobile phones (incl. smartphones),26.3,851712 851713 851714,NonEU,exports,2019-Q3,56.75,469809.0,126441.0,120.79
mobile_phones,Mobile phones (incl. smartphones),26.3,851712 851713 851714,NonEU,exports,2019-Q4,51.38,578111.0,141938.0,88.88
mobile_phones,Mobile phones (incl. smartphones),26.3,851712 851713 851714,NonEU,exports,2020-Q1,38.11,277906.0,93082.0,137.13
mobile_phones,Mobile phones (incl. smartphones),26.3,851712 851713 851714,NonEU,exports,2020-Q2,38.5,239907.0,87529.0,160.46
mobile_phones,Mobile phones (incl. smartphones),26.3,851712 851713 851714,NonEU,exports,2020-Q3,55.31,528336.0,118848.0,104.7
mobile_phones,Mobile phones (incl. smartphones),26.3,851712 851713 851714,NonEU,exports,2020-Q4,50.98,312240.0,116741.0,163.28
mobile_phones,Mobile phones (incl. smartphones),26.3,851712 851713 851714,NonEU,exports,2021-Q1,48.52,245692.0,92451.0,197.47
mobile_phones,Mobile phones (incl. smartphones),26.3,851712 851713 851714,NonEU,exports,2021-Q2,40.86,287915.0,84311.0,141.93
mobile_phones,Mobile phones (incl. smartphones),26.3,851712 851713 851714,NonEU,exports,2021-Q3,35.57,267988.0,84200.0,132.74
mobile_phones,Mobile phones (incl. smartphones),26.3,851712 851713 851714,NonEU,exports,2021-Q4,59.5,296957.0,117651.0,200.38
mobile_phones,Mobile phones (incl. smartphones),26.3,851712 851713 851714,NonEU,exports,2022-Q1,32.88,203931.0,66426.0,161.25
mobile_phones,Mobile phones (incl. smartphones),26.3,851712 851713 851714,NonEU,exports,2022-Q2,53.66,240470.0,96504.0,223.16
mobile_phones,Mobile phones (incl. smartphones),26.3,851712 851713 851714,NonEU,exports,2022-Q3,120.3,381639.0,248319.0,315.22
mobile_phones,Mobile phones (incl. smartphones),26.3,851712 851713 851714,NonEU,exports,2022-Q4,116.41,353521.0,155409.0,329.28
mobile_phones,Mobile phones (incl. smartphones),26.3,851712 851713 851714,NonEU,exports,2023-Q1,92.14,354994.0,132428.0,259.57
mobile_phones,Mobile phones (incl. smartphones),26.3,851712 851713 851714,NonEU,exports,2023-Q2,73.19,394506.0,144541.0,185.52
mobile_phones,Mobile phones (incl. smartphones),26.3,851712 851713 851714,NonEU,exports,2023-Q3,90.99,486953.0,147396.0,186.86
mobile_phones,Mobile phones (incl. smartphones),26.3,851712 851713 851714,NonEU,exports,2023-Q4,97.33,379676.0,130273.0,256.35
mobile_phones,Mobile phones (incl. smartphones),26.3,851712 851713 851714,NonEU,exports,2024-Q1,123.93,478466.0,168726.0,259.01
mobile_phones,Mobile phones (incl. smartphones),26.3,851712 851713 851714,NonEU,exports,2024-Q2,206.4,703739.0,237542.0,293.29
mobile_phones,Mobile phones (incl. smartphones),26.3,851712 851713 851714,NonEU,exports,2024-Q3,105.83,473267.0,171425.0,223.61
mobile_phones,Mobile phones (incl. smartphones),26.3,851712 851713 851714,NonEU,exports,2024-Q4,92.9,497810.0,168525.0,186.62
mobile_phones,Mobile phones (incl. smartphones),26.3,851712 851713 851714,NonEU,exports,2025-Q1,120.93,501895.0,164587.0,240.94
mobile_phones,Mobile phones (incl. smartphones),26.3,851712 851713 851714,NonEU,exports,2025-Q2,147.26,537011.0,174755.0,274.21
mobile_phones,Mobile phones (incl. smartphones),26.3,851712 851713 851714,NonEU,exports,2025-Q3,115.93,446699.0,143796.0,259.53
mobile_phones,Mobile phones (incl. smartphones),26.3,851712 851713 851714,NonEU,exports,2025-Q4,127.91,491716.0,156355.0,260.13
mobile_phones,Mobile phones (incl. smartphones),26.3,851712 851713 851714,NonEU,exports,2026-Q1,107.61,464572.0,133231.0,231.63
mobile_phones,Mobile phones (incl. smartphones),26.3,851712 851713 851714,NonEU,exports,2026-Q2,173.27,803715.0,168778.0,215.58
mobile_phones,Mobile phones (incl. smartphones),26.3,851712 851713 851714,NonEU,imports,2016-Q1,739.67,5195708.0,1814531.0,142.36
mobile_phones,Mobile phones (incl. smartphones),26.3,851712 851713 851714,NonEU,imports,2016-Q2,1081.08,6220708.0,2034311.0,173.79
mobile_phones,Mobile phones (incl. smartphones),26.3,851712 851713 851714,NonEU,imports,2016-Q3,894.16,5308961.0,1728436.0,168.42
mobile_phones,Mobile phones (incl. smartphones),26.3,851712 851713 851714,NonEU,imports,2016-Q4,1504.49,6960442.0,2324768.0,216.15
mobile_phones,Mobile phones (incl. smartphones),26.3,851712 851713 851714,NonEU,imports,2017-Q1,1232.02,4735487.0,1629852.0,260.17
mobile_phones,Mobile phones (incl. smartphones),26.3,851712 851713 851714,NonEU,imports,2017-Q2,1273.55,5246744.0,1646470.0,242.73
mobile_phones,Mobile phones (incl. smartphones),26.3,851712 851713 851714,NonEU,imports,2017-Q3,1175.02,5130263.0,1569057.0,229.04
mobile_phones,Mobile phones (incl. smartphones),26.3,851712 851713 851714,NonEU,imports,2017-Q4,1676.88,5957148.0,2030345.0,281.49
mobile_phones,Mobile phones (incl. smartphones),26.3,851712 851713 851714,NonEU,imports,2018-Q1,1076.34,4139071.0,1359351.0,260.04
mobile_phones,Mobile phones (incl. smartphones),26.3,851712 851713 851714,NonEU,imports,2018-Q2,1259.75,4773387.0,1579380.0,263.91
mobile_phones,Mobile phones (incl. smartphones),26.3,851712 851713 851714,NonEU,imports,2018-Q3,1717.86,5602536.0,1884912.0,306.62
mobile_phones,Mobile phones (incl. smartphones),26.3,851712 851713 851714,NonEU,imports,2018-Q4,2128.44,6762557.0,2456428.0,314.74
mobile_phones,Mobile phones (incl. smartphones),26.3,851712 851713 851714,NonEU,imports,2019-Q1,1782.76,5477854.0,2055983.0,325.45
mobile_phones,Mobile phones (incl. smartphones),26.3,851712 851713 851714,NonEU,imports,2019-Q2,1309.05,4450184.0,1595901.0,294.16
mobile_phones,Mobile phones (incl. smartphones),26.3,851712 851713 851714,NonEU,imports,2019-Q3,1325.42,5111844.0,1671455.0,259.28
mobile_phones,Mobile phones (incl. smartphones),26.3,851712 851713 851714,NonEU,imports,2019-Q4,2377.59,7344961.0,2893136.0,323.7
mobile_phones,Mobile phones (incl. smartphones),26.3,851712 851713 851714,NonEU,imports,2020-Q1,1198.46,4299123.0,1666298.0,278.77
mobile_phones,Mobile phones (incl. smartphones),26.3,851712 851713 851714,NonEU,imports,2020-Q2,1251.8,4719412.0,2007332.0,265.24
mobile_phones,Mobile phones (incl. smartphones),26.3,851712 851713 851714,NonEU,imports,2020-Q3,1548.21,5742279.0,2266655.0,269.62
mobile_phones,Mobile phones (incl. smartphones),26.3,851712 851713 851714,NonEU,imports,2020-Q4,2397.77,7383897.0,2562701.0,324.73
mobile_phones,Mobile phones (incl. smartphones),26.3,851712 851713 851714,NonEU,imports,2021-Q1,1593.59,5095208.0,1627050.0,312.76
mobile_phones,Mobile phones (incl. smartphones),26.3,851712 851713 851714,NonEU,imports,2021-Q2,1480.17,4930108.0,1862855.0,300.23
mobile_phones,Mobile phones (incl. smartphones),26.3,851712 851713 851714,NonEU,imports,2021-Q3,1687.69,5831946.0,2048855.0,289.39
mobile_phones,Mobile phones (incl. smartphones),26.3,851712 851713 851714,NonEU,imports,2021-Q4,2427.03,7269013.0,2548722.0,333.89
mobile_phones,Mobile phones (incl. smartphones),26.3,851712 851713 851714,NonEU,imports,2022-Q1,1881.72,5577258.0,1947256.0,337.39
mobile_phones,Mobile phones (incl. smartphones),26.3,851712 851713 851714,NonEU,imports,2022-Q2,1825.98,6029076.0,1887732.0,302.86
mobile_phones,Mobile phones (incl. smartphones),26.3,851712 851713 851714,NonEU,imports,2022-Q3,2417.63,6754858.0,1967089.0,357.91
mobile_phones,Mobile phones (incl. smartphones),26.3,851712 851713 851714,NonEU,imports,2022-Q4,2486.9,6009385.0,2087445.0,413.84
mobile_phones,Mobile phones (incl. smartphones),26.3,851712 851713 851714,NonEU,imports,2023-Q1,2173.45,5085536.0,1663570.0,427.38
mobile_phones,Mobile phones (incl. smartphones),26.3,851712 851713 851714,NonEU,imports,2023-Q2,1772.58,5133555.0,1533748.0,345.29
mobile_phones,Mobile phones (incl. smartphones),26.3,851712 851713 851714,NonEU,imports,2023-Q3,1788.96,5062790.0,1579805.0,353.36
mobile_phones,Mobile phones (incl. smartphones),26.3,851712 851713 851714,NonEU,imports,2023-Q4,2889.74,7037268.0,2237968.0,410.63
mobile_phones,Mobile phones (incl. smartphones),26.3,851712 851713 851714,NonEU,imports,2024-Q1,1934.53,5320857.0,1642658.0,363.57
mobile_phones,Mobile phones (incl. smartphones),26.3,851712 851713 851714,NonEU,imports,2024-Q2,1791.55,5178326.0,1706259.0,345.97
mobile_phones,Mobile phones (incl. smartphones),26.3,851712 851713 851714,NonEU,imports,2024-Q3,1365.18,4466875.0,1495603.0,305.62
mobile_phones,Mobile phones (incl. smartphones),26.3,851712 851713 851714,NonEU,imports,2024-Q4,2632.58,6883731.0,2341190.0,382.43
mobile_phones,Mobile phones (incl. smartphones),26.3,851712 851713 851714,NonEU,imports,2025-Q1,1806.05,5045304.0,1634780.0,357.97
mobile_phones,Mobile phones (incl. smartphones),26.3,851712 851713 851714,NonEU,imports,2025-Q2,1653.01,4991414.0,1637080.0,331.17
mobile_phones,Mobile phones (incl. smartphones),26.3,851712 851713 851714,NonEU,imports,2025-Q3,1744.76,6166940.0,1737140.0,282.92
mobile_phones,Mobile phones (incl. smartphones),26.3,851712 851713 851714,NonEU,imports,2025-Q4,2512.97,6793307.0,2234939.0,369.92
mobile_phones,Mobile phones (incl. smartphones),26.3,851712 851713 851714,NonEU,imports,2026-Q1,1663.96,4749949.0,1545601.0,350.31
mobile_phones,Mobile phones (incl. smartphones),26.3,851712 851713 851714,NonEU,imports,2026-Q2,1682.85,4588202.0,1539725.0,366.78
smartphones,Smartphones,26.3,851713,EU,exports,2022-Q1,130.29,1363541.0,219697.0,95.55
smartphones,Smartphones,26.3,851713,EU,exports,2022-Q2,143.55,460396.0,192288.0,311.8
smartphones,Smartphones,26.3,851713,EU,exports,2022-Q3,203.15,1415428.0,248356.0,143.52
smartphones,Smartphones,26.3,851713,EU,exports,2022-Q4,248.42,719283.0,279769.0,345.38
smartphones,Smartphones,26.3,851713,EU,exports,2023-Q1,174.86,604420.0,244139.0,289.3
smartphones,Smartphones,26.3,851713,EU,exports,2023-Q2,202.47,1608553.0,226355.0,125.87
smartphones,Smartphones,26.3,851713,EU,exports,2023-Q3,201.64,597394.0,253550.0,337.54
smartphones,Smartphones,26.3,851713,EU,exports,2023-Q4,276.87,635508.0,306022.0,435.67
smartphones,Smartphones,26.3,851713,EU,exports,2024-Q1,179.62,478637.0,211105.0,375.27
smartphones,Smartphones,26.3,851713,EU,exports,2024-Q2,174.42,521406.0,223823.0,334.52
smartphones,Smartphones,26.3,851713,EU,exports,2024-Q3,168.67,512557.0,222032.0,329.09
smartphones,Smartphones,26.3,851713,EU,exports,2024-Q4,207.61,559119.0,228162.0,371.32
smartphones,Smartphones,26.3,851713,EU,exports,2025-Q1,141.08,427921.0,179341.0,329.68
smartphones,Smartphones,26.3,851713,EU,exports,2025-Q2,188.67,512603.0,203371.0,368.07
smartphones,Smartphones,26.3,851713,EU,exports,2025-Q3,211.86,571605.0,223046.0,370.64
smartphones,Smartphones,26.3,851713,EU,exports,2025-Q4,248.91,588427.0,258603.0,423.01
smartphones,Smartphones,26.3,851713,EU,exports,2026-Q1,179.88,462103.0,193149.0,389.26
smartphones,Smartphones,26.3,851713,EU,exports,2026-Q2,192.25,497404.0,206820.0,386.5
smartphones,Smartphones,26.3,851713,EU,imports,2022-Q1,115.8,594722.0,149336.0,194.71
smartphones,Smartphones,26.3,851713,EU,imports,2022-Q2,169.89,1048355.0,186567.0,162.05
smartphones,Smartphones,26.3,851713,EU,imports,2022-Q3,142.39,455321.0,163931.0,312.73
smartphones,Smartphones,26.3,851713,EU,imports,2022-Q4,238.65,487951.0,205903.0,489.09
smartphones,Smartphones,26.3,851713,EU,imports,2023-Q1,104.73,350329.0,127754.0,298.96
smartphones,Smartphones,26.3,851713,EU,imports,2023-Q2,109.01,368173.0,151118.0,296.07
smartphones,Smartphones,26.3,851713,EU,imports,2023-Q3,102.52,376856.0,138866.0,272.05
smartphones,Smartphones,26.3,851713,EU,imports,2023-Q4,114.72,622410.0,150395.0,184.32
smartphones,Smartphones,26.3,851713,EU,imports,2024-Q1,87.0,353733.0,187732.0,245.95
smartphones,Smartphones,26.3,851713,EU,imports,2024-Q2,117.06,520940.0,210987.0,224.71
smartphones,Smartphones,26.3,851713,EU,imports,2024-Q3,159.97,644565.0,209576.0,248.18
smartphones,Smartphones,26.3,851713,EU,imports,2024-Q4,177.84,566841.0,218850.0,313.75
smartphones,Smartphones,26.3,851713,EU,imports,2025-Q1,153.31,518876.0,203946.0,295.47
smartphones,Smartphones,26.3,851713,EU,imports,2025-Q2,146.74,618732.0,206135.0,237.16
smartphones,Smartphones,26.3,851713,EU,imports,2025-Q3,105.83,461958.0,179330.0,229.09
smartphones,Smartphones,26.3,851713,EU,imports,2025-Q4,118.45,523541.0,211679.0,226.24
smartphones,Smartphones,26.3,851713,EU,imports,2026-Q1,115.96,490845.0,185016.0,236.25
smartphones,Smartphones,26.3,851713,EU,imports,2026-Q2,131.1,577954.0,230145.0,226.83
smartphones,Smartphones,26.3,851713,NonEU,exports,2022-Q1,21.24,158331.0,47121.0,134.14
smartphones,Smartphones,26.3,851713,NonEU,exports,2022-Q2,51.21,229902.0,84360.0,222.74
smartphones,Smartphones,26.3,851713,NonEU,exports,2022-Q3,118.74,369057.0,245534.0,321.74
smartphones,Smartphones,26.3,851713,NonEU,exports,2022-Q4,112.16,336752.0,149388.0,333.05
smartphones,Smartphones,26.3,851713,NonEU,exports,2023-Q1,89.74,335780.0,127456.0,267.25
smartphones,Smartphones,26.3,851713,NonEU,exports,2023-Q2,68.67,339186.0,127414.0,202.46
smartphones,Smartphones,26.3,851713,NonEU,exports,2023-Q3,87.85,338330.0,137686.0,259.66
smartphones,Smartphones,26.3,851713,NonEU,exports,2023-Q4,93.88,353811.0,123107.0,265.34
smartphones,Smartphones,26.3,851713,NonEU,exports,2024-Q1,120.39,455357.0,161438.0,264.39
smartphones,Smartphones,26.3,851713,NonEU,exports,2024-Q2,202.44,676537.0,228849.0,299.23
smartphones,Smartphones,26.3,851713,NonEU,exports,2024-Q3,99.84,434045.0,162224.0,230.01
smartphones,Smartphones,26.3,851713,NonEU,exports,2024-Q4,80.66,418883.0,150070.0,192.55
smartphones,Smartphones,26.3,851713,NonEU,exports,2025-Q1,114.69,459627.0,152513.0,249.53
smartphones,Smartphones,26.3,851713,NonEU,exports,2025-Q2,134.36,486279.0,160446.0,276.3
smartphones,Smartphones,26.3,851713,NonEU,exports,2025-Q3,93.24,377986.0,123283.0,246.67
smartphones,Smartphones,26.3,851713,NonEU,exports,2025-Q4,109.37,421765.0,136324.0,259.33
smartphones,Smartphones,26.3,851713,NonEU,exports,2026-Q1,97.73,424671.0,120230.0,230.13
smartphones,Smartphones,26.3,851713,NonEU,exports,2026-Q2,167.64,782002.0,161519.0,214.37
smartphones,Smartphones,26.3,851713,NonEU,imports,2022-Q1,1869.01,5117576.0,1823930.0,365.21
smartphones,Smartphones,26.3,851713,NonEU,imports,2022-Q2,1805.64,5400602.0,1702744.0,334.34
smartphones,Smartphones,26.3,851713,NonEU,imports,2022-Q3,2390.4,6267058.0,1787077.0,381.42
smartphones,Smartphones,26.3,851713,NonEU,imports,2022-Q4,2471.47,5600544.0,1968540.0,441.29
smartphones,Smartphones,26.3,851713,NonEU,imports,2023-Q1,2164.31,4813384.0,1590614.0,449.64
smartphones,Smartphones,26.3,851713,NonEU,imports,2023-Q2,1763.65,4773039.0,1428797.0,369.5
smartphones,Smartphones,26.3,851713,NonEU,imports,2023-Q3,1780.97,4587319.0,1474162.0,388.24
smartphones,Smartphones,26.3,851713,NonEU,imports,2023-Q4,2881.58,6683105.0,2144798.0,431.17
smartphones,Smartphones,26.3,851713,NonEU,imports,2024-Q1,1929.1,5065348.0,1578015.0,380.84
smartphones,Smartphones,26.3,851713,NonEU,imports,2024-Q2,1785.91,4974902.0,1643153.0,358.98
smartphones,Smartphones,26.3,851713,NonEU,imports,2024-Q3,1355.73,4091809.0,1386338.0,331.33
smartphones,Smartphones,26.3,851713,NonEU,imports,2024-Q4,2625.49,6531923.0,2243843.0,401.95
smartphones,Smartphones,26.3,851713,NonEU,imports,2025-Q1,1801.34,4818615.0,1572121.0,373.83
smartphones,Smartphones,26.3,851713,NonEU,imports,2025-Q2,1648.42,4803213.0,1576009.0,343.19
smartphones,Smartphones,26.3,851713,NonEU,imports,2025-Q3,1736.34,5828513.0,1650017.0,297.9
smartphones,Smartphones,26.3,851713,NonEU,imports,2025-Q4,2505.2,6432113.0,2133180.0,389.48
smartphones,Smartphones,26.3,851713,NonEU,imports,2026-Q1,1656.79,4464545.0,1468130.0,371.1
smartphones,Smartphones,26.3,851713,NonEU,imports,2026-Q2,1678.5,4440641.0,1488142.0,377.99
network_equipment,"Network equipment (switches, routers)",26.3,851762,EU,exports,2016-Q1,220.09,0.0,1710676.0,
network_equipment,"Network equipment (switches, routers)",26.3,851762,EU,exports,2016-Q2,216.25,0.0,1808793.0,
network_equipment,"Network equipment (switches, routers)",26.3,851762,EU,exports,2016-Q3,234.18,0.0,1615831.0,
network_equipment,"Network equipment (switches, routers)",26.3,851762,EU,exports,2016-Q4,324.73,0.0,2102464.0,
network_equipment,"Network equipment (switches, routers)",26.3,851762,EU,exports,2017-Q1,272.18,0.0,1820266.0,
network_equipment,"Network equipment (switches, routers)",26.3,851762,EU,exports,2017-Q2,347.81,0.0,1999251.0,
network_equipment,"Network equipment (switches, routers)",26.3,851762,EU,exports,2017-Q3,283.95,0.0,1296039.0,
network_equipment,"Network equipment (switches, routers)",26.3,851762,EU,exports,2017-Q4,365.36,0.0,1826128.0,
network_equipment,"Network equipment (switches, routers)",26.3,851762,EU,exports,2018-Q1,300.54,0.0,1662927.0,
network_equipment,"Network equipment (switches, routers)",26.3,851762,EU,exports,2018-Q2,297.65,0.0,3017332.0,
network_equipment,"Network equipment (switches, routers)",26.3,851762,EU,exports,2018-Q3,321.21,0.0,1721887.0,
network_equipment,"Network equipment (switches, routers)",26.3,851762,EU,exports,2018-Q4,440.02,0.0,2031843.0,
network_equipment,"Network equipment (switches, routers)",26.3,851762,EU,exports,2019-Q1,359.62,0.0,1587435.0,
network_equipment,"Network equipment (switches, routers)",26.3,851762,EU,exports,2019-Q2,274.59,0.0,1057004.0,
network_equipment,"Network equipment (switches, routers)",26.3,851762,EU,exports,2019-Q3,340.99,0.0,2107897.0,
network_equipment,"Network equipment (switches, routers)",26.3,851762,EU,exports,2019-Q4,398.12,0.0,1575768.0,
network_equipment,"Network equipment (switches, routers)",26.3,851762,EU,exports,2020-Q1,283.18,0.0,1129642.0,
network_equipment,"Network equipment (switches, routers)",26.3,851762,EU,exports,2020-Q2,231.84,0.0,938690.0,
network_equipment,"Network equipment (switches, routers)",26.3,851762,EU,exports,2020-Q3,305.46,0.0,1226915.0,
network_equipment,"Network equipment (switches, routers)",26.3,851762,EU,exports,2020-Q4,377.89,0.0,1573098.0,
network_equipment,"Network equipment (switches, routers)",26.3,851762,EU,exports,2021-Q1,195.16,0.0,2046931.0,
network_equipment,"Network equipment (switches, routers)",26.3,851762,EU,exports,2021-Q2,260.5,0.0,1310672.0,
network_equipment,"Network equipment (switches, routers)",26.3,851762,EU,exports,2021-Q3,259.52,0.0,1343763.0,
network_equipment,"Network equipment (switches, routers)",26.3,851762,EU,exports,2021-Q4,295.22,0.0,1598055.0,
network_equipment,"Network equipment (switches, routers)",26.3,851762,EU,exports,2022-Q1,230.33,0.0,1253686.0,
network_equipment,"Network equipment (switches, routers)",26.3,851762,EU,exports,2022-Q2,287.15,0.0,1473629.0,
network_equipment,"Network equipment (switches, routers)",26.3,851762,EU,exports,2022-Q3,324.79,0.0,2133688.0,
network_equipment,"Network equipment (switches, routers)",26.3,851762,EU,exports,2022-Q4,354.81,0.0,1854582.0,
network_equipment,"Network equipment (switches, routers)",26.3,851762,EU,exports,2023-Q1,303.17,0.0,2198115.0,
network_equipment,"Network equipment (switches, routers)",26.3,851762,EU,exports,2023-Q2,302.95,0.0,1452306.0,
network_equipment,"Network equipment (switches, routers)",26.3,851762,EU,exports,2023-Q3,321.48,0.0,1583090.0,
network_equipment,"Network equipment (switches, routers)",26.3,851762,EU,exports,2023-Q4,337.09,0.0,1647638.0,
network_equipment,"Network equipment (switches, routers)",26.3,851762,EU,exports,2024-Q1,298.79,0.0,1560970.0,
network_equipment,"Network equipment (switches, routers)",26.3,851762,EU,exports,2024-Q2,303.71,0.0,1358822.0,
network_equipment,"Network equipment (switches, routers)",26.3,851762,EU,exports,2024-Q3,300.7,0.0,1466025.0,
network_equipment,"Network equipment (switches, routers)",26.3,851762,EU,exports,2024-Q4,340.28,0.0,1484509.0,
network_equipment,"Network equipment (switches, routers)",26.3,851762,EU,exports,2025-Q1,358.82,0.0,1646907.0,
network_equipment,"Network equipment (switches, routers)",26.3,851762,EU,exports,2025-Q2,322.76,0.0,1523133.0,
network_equipment,"Network equipment (switches, routers)",26.3,851762,EU,exports,2025-Q3,395.39,0.0,2135637.0,
network_equipment,"Network equipment (switches, routers)",26.3,851762,EU,exports,2025-Q4,380.85,0.0,2075498.0,
network_equipment,"Network equipment (switches, routers)",26.3,851762,EU,exports,2026-Q1,395.16,0.0,1872887.0,
network_equipment,"Network equipment (switches, routers)",26.3,851762,EU,exports,2026-Q2,348.61,0.0,1584361.0,
network_equipment,"Network equipment (switches, routers)",26.3,851762,EU,imports,2016-Q1,449.62,0.0,3208390.0,
network_equipment,"Network equipment (switches, routers)",26.3,851762,EU,imports,2016-Q2,456.78,0.0,3177620.0,
network_equipment,"Network equipment (switches, routers)",26.3,851762,EU,imports,2016-Q3,522.2,0.0,24581300.0,
network_equipment,"Network equipment (switches, routers)",26.3,851762,EU,imports,2016-Q4,497.51,0.0,2919203.0,
network_equipment,"Network equipment (switches, routers)",26.3,851762,EU,imports,2017-Q1,570.15,0.0,3607528.0,
network_equipment,"Network equipment (switches, routers)",26.3,851762,EU,imports,2017-Q2,586.97,0.0,2920893.0,
network_equipment,"Network equipment (switches, routers)",26.3,851762,EU,imports,2017-Q3,640.83,0.0,3430037.0,
network_equipment,"Network equipment (switches, routers)",26.3,851762,EU,imports,2017-Q4,675.65,0.0,5546392.0,
network_equipment,"Network equipment (switches, routers)",26.3,851762,EU,imports,2018-Q1,678.75,0.0,3176566.0,
network_equipment,"Network equipment (switches, routers)",26.3,851762,EU,imports,2018-Q2,697.64,0.0,6505038.0,
network_equipment,"Network equipment (switches, routers)",26.3,851762,EU,imports,2018-Q3,728.44,0.0,9701374.0,
network_equipment,"Network equipment (switches, routers)",26.3,851762,EU,imports,2018-Q4,884.82,0.0,4047260.0,
network_equipment,"Network equipment (switches, routers)",26.3,851762,EU,imports,2019-Q1,752.32,0.0,3510636.0,
network_equipment,"Network equipment (switches, routers)",26.3,851762,EU,imports,2019-Q2,542.67,0.0,2804872.0,
network_equipment,"Network equipment (switches, routers)",26.3,851762,EU,imports,2019-Q3,620.88,0.0,3017716.0,
network_equipment,"Network equipment (switches, routers)",26.3,851762,EU,imports,2019-Q4,670.99,0.0,3729115.0,
network_equipment,"Network equipment (switches, routers)",26.3,851762,EU,imports,2020-Q1,570.74,0.0,2784727.0,
network_equipment,"Network equipment (switches, routers)",26.3,851762,EU,imports,2020-Q2,537.18,0.0,2479165.0,
network_equipment,"Network equipment (switches, routers)",26.3,851762,EU,imports,2020-Q3,564.61,0.0,3968754.0,
network_equipment,"Network equipment (switches, routers)",26.3,851762,EU,imports,2020-Q4,595.14,0.0,3902254.0,
network_equipment,"Network equipment (switches, routers)",26.3,851762,EU,imports,2021-Q1,297.17,0.0,1731099.0,
network_equipment,"Network equipment (switches, routers)",26.3,851762,EU,imports,2021-Q2,254.41,0.0,1478318.0,
network_equipment,"Network equipment (switches, routers)",26.3,851762,EU,imports,2021-Q3,248.19,0.0,1321007.0,
network_equipment,"Network equipment (switches, routers)",26.3,851762,EU,imports,2021-Q4,327.56,0.0,2180964.0,
network_equipment,"Network equipment (switches, routers)",26.3,851762,EU,imports,2022-Q1,692.72,0.0,5047544.0,
network_equipment,"Network equipment (switches, routers)",26.3,851762,EU,imports,2022-Q2,755.78,0.0,4443718.0,
network_equipment,"Network equipment (switches, routers)",26.3,851762,EU,imports,2022-Q3,903.5,0.0,4230057.0,
network_equipment,"Network equipment (switches, routers)",26.3,851762,EU,imports,2022-Q4,1050.53,0.0,4383387.0,
network_equipment,"Network equipment (switches, routers)",26.3,851762,EU,imports,2023-Q1,978.55,0.0,4628424.0,
network_equipment,"Network equipment (switches, routers)",26.3,851762,EU,imports,2023-Q2,1034.03,0.0,5561922.0,
network_equipment,"Network equipment (switches, routers)",26.3,851762,EU,imports,2023-Q3,920.55,0.0,4259865.0,
network_equipment,"Network equipment (switches, routers)",26.3,851762,EU,imports,2023-Q4,833.76,0.0,3986097.0,
network_equipment,"Network equipment (switches, routers)",26.3,851762,EU,imports,2024-Q1,844.93,0.0,3604594.0,
network_equipment,"Network equipment (switches, routers)",26.3,851762,EU,imports,2024-Q2,823.13,0.0,3624964.0,
network_equipment,"Network equipment (switches, routers)",26.3,851762,EU,imports,2024-Q3,840.25,0.0,4153653.0,
network_equipment,"Network equipment (switches, routers)",26.3,851762,EU,imports,2024-Q4,777.71,0.0,4177400.0,
network_equipment,"Network equipment (switches, routers)",26.3,851762,EU,imports,2025-Q1,807.36,0.0,3821019.0,
network_equipment,"Network equipment (switches, routers)",26.3,851762,EU,imports,2025-Q2,862.09,0.0,4945710.0,
network_equipment,"Network equipment (switches, routers)",26.3,851762,EU,imports,2025-Q3,911.24,0.0,4888510.0,
network_equipment,"Network equipment (switches, routers)",26.3,851762,EU,imports,2025-Q4,987.18,0.0,4847261.0,
network_equipment,"Network equipment (switches, routers)",26.3,851762,EU,imports,2026-Q1,1057.11,0.0,5083063.0,
network_equipment,"Network equipment (switches, routers)",26.3,851762,EU,imports,2026-Q2,1144.91,0.0,4850166.0,
network_equipment,"Network equipment (switches, routers)",26.3,851762,NonEU,exports,2016-Q1,163.13,0.0,468513.0,
network_equipment,"Network equipment (switches, routers)",26.3,851762,NonEU,exports,2016-Q2,151.75,0.0,486799.0,
network_equipment,"Network equipment (switches, routers)",26.3,851762,NonEU,exports,2016-Q3,178.74,0.0,613078.0,
network_equipment,"Network equipment (switches, routers)",26.3,851762,NonEU,exports,2016-Q4,244.99,0.0,773025.0,
network_equipment,"Network equipment (switches, routers)",26.3,851762,NonEU,exports,2017-Q1,245.35,0.0,640112.0,
network_equipment,"Network equipment (switches, routers)",26.3,851762,NonEU,exports,2017-Q2,192.04,0.0,762832.0,
network_equipment,"Network equipment (switches, routers)",26.3,851762,NonEU,exports,2017-Q3,181.63,0.0,738725.0,
network_equipment,"Network equipment (switches, routers)",26.3,851762,NonEU,exports,2017-Q4,178.27,0.0,565575.0,
network_equipment,"Network equipment (switches, routers)",26.3,851762,NonEU,exports,2018-Q1,177.07,0.0,683672.0,
network_equipment,"Network equipment (switches, routers)",26.3,851762,NonEU,exports,2018-Q2,161.23,0.0,755581.0,
network_equipment,"Network equipment (switches, routers)",26.3,851762,NonEU,exports,2018-Q3,183.61,0.0,975926.0,
network_equipment,"Network equipment (switches, routers)",26.3,851762,NonEU,exports,2018-Q4,174.73,0.0,1820499.0,
network_equipment,"Network equipment (switches, routers)",26.3,851762,NonEU,exports,2019-Q1,181.94,0.0,939883.0,
network_equipment,"Network equipment (switches, routers)",26.3,851762,NonEU,exports,2019-Q2,169.27,0.0,681201.0,
network_equipment,"Network equipment (switches, routers)",26.3,851762,NonEU,exports,2019-Q3,181.09,0.0,614381.0,
network_equipment,"Network equipment (switches, routers)",26.3,851762,NonEU,exports,2019-Q4,199.72,0.0,882864.0,
network_equipment,"Network equipment (switches, routers)",26.3,851762,NonEU,exports,2020-Q1,175.72,0.0,716329.0,
network_equipment,"Network equipment (switches, routers)",26.3,851762,NonEU,exports,2020-Q2,125.78,0.0,484573.0,
network_equipment,"Network equipment (switches, routers)",26.3,851762,NonEU,exports,2020-Q3,156.59,0.0,635323.0,
network_equipment,"Network equipment (switches, routers)",26.3,851762,NonEU,exports,2020-Q4,166.49,0.0,640960.0,
network_equipment,"Network equipment (switches, routers)",26.3,851762,NonEU,exports,2021-Q1,155.89,0.0,651814.0,
network_equipment,"Network equipment (switches, routers)",26.3,851762,NonEU,exports,2021-Q2,171.69,0.0,853416.0,
network_equipment,"Network equipment (switches, routers)",26.3,851762,NonEU,exports,2021-Q3,166.64,0.0,744732.0,
network_equipment,"Network equipment (switches, routers)",26.3,851762,NonEU,exports,2021-Q4,184.84,0.0,676056.0,
network_equipment,"Network equipment (switches, routers)",26.3,851762,NonEU,exports,2022-Q1,181.34,0.0,596354.0,
network_equipment,"Network equipment (switches, routers)",26.3,851762,NonEU,exports,2022-Q2,180.53,0.0,571394.0,
network_equipment,"Network equipment (switches, routers)",26.3,851762,NonEU,exports,2022-Q3,265.42,0.0,652430.0,
network_equipment,"Network equipment (switches, routers)",26.3,851762,NonEU,exports,2022-Q4,231.85,0.0,724103.0,
network_equipment,"Network equipment (switches, routers)",26.3,851762,NonEU,exports,2023-Q1,210.66,0.0,607527.0,
network_equipment,"Network equipment (switches, routers)",26.3,851762,NonEU,exports,2023-Q2,223.49,0.0,695669.0,
network_equipment,"Network equipment (switches, routers)",26.3,851762,NonEU,exports,2023-Q3,220.93,0.0,690015.0,
network_equipment,"Network equipment (switches, routers)",26.3,851762,NonEU,exports,2023-Q4,244.53,0.0,758547.0,
network_equipment,"Network equipment (switches, routers)",26.3,851762,NonEU,exports,2024-Q1,218.15,0.0,727351.0,
network_equipment,"Network equipment (switches, routers)",26.3,851762,NonEU,exports,2024-Q2,274.9,0.0,1057299.0,
network_equipment,"Network equipment (switches, routers)",26.3,851762,NonEU,exports,2024-Q3,291.57,0.0,947449.0,
network_equipment,"Network equipment (switches, routers)",26.3,851762,NonEU,exports,2024-Q4,322.97,0.0,1015985.0,
network_equipment,"Network equipment (switches, routers)",26.3,851762,NonEU,exports,2025-Q1,276.07,0.0,1085989.0,
network_equipment,"Network equipment (switches, routers)",26.3,851762,NonEU,exports,2025-Q2,304.63,0.0,1009854.0,
network_equipment,"Network equipment (switches, routers)",26.3,851762,NonEU,exports,2025-Q3,318.14,0.0,960306.0,
network_equipment,"Network equipment (switches, routers)",26.3,851762,NonEU,exports,2025-Q4,372.96,0.0,1083925.0,
network_equipment,"Network equipment (switches, routers)",26.3,851762,NonEU,exports,2026-Q1,362.8,0.0,1120071.0,
network_equipment,"Network equipment (switches, routers)",26.3,851762,NonEU,exports,2026-Q2,446.17,0.0,1282911.0,
network_equipment,"Network equipment (switches, routers)",26.3,851762,NonEU,imports,2016-Q1,438.62,0.0,4925721.0,
network_equipment,"Network equipment (switches, routers)",26.3,851762,NonEU,imports,2016-Q2,444.61,0.0,4656219.0,
network_equipment,"Network equipment (switches, routers)",26.3,851762,NonEU,imports,2016-Q3,684.14,0.0,5302740.0,
network_equipment,"Network equipment (switches, routers)",26.3,851762,NonEU,imports,2016-Q4,672.81,0.0,6748447.0,
network_equipment,"Network equipment (switches, routers)",26.3,851762,NonEU,imports,2017-Q1,562.51,0.0,4496016.0,
network_equipment,"Network equipment (switches, routers)",26.3,851762,NonEU,imports,2017-Q2,597.82,0.0,5127223.0,
network_equipment,"Network equipment (switches, routers)",26.3,851762,NonEU,imports,2017-Q3,546.33,0.0,4479738.0,
network_equipment,"Network equipment (switches, routers)",26.3,851762,NonEU,imports,2017-Q4,745.24,0.0,6640382.0,
network_equipment,"Network equipment (switches, routers)",26.3,851762,NonEU,imports,2018-Q1,541.93,0.0,4810715.0,
network_equipment,"Network equipment (switches, routers)",26.3,851762,NonEU,imports,2018-Q2,569.44,0.0,5138944.0,
network_equipment,"Network equipment (switches, routers)",26.3,851762,NonEU,imports,2018-Q3,651.56,0.0,5235392.0,
network_equipment,"Network equipment (switches, routers)",26.3,851762,NonEU,imports,2018-Q4,907.99,0.0,7197439.0,
network_equipment,"Network equipment (switches, routers)",26.3,851762,NonEU,imports,2019-Q1,667.47,0.0,5944668.0,
network_equipment,"Network equipment (switches, routers)",26.3,851762,NonEU,imports,2019-Q2,678.84,0.0,5131792.0,
network_equipment,"Network equipment (switches, routers)",26.3,851762,NonEU,imports,2019-Q3,874.96,0.0,6848524.0,
network_equipment,"Network equipment (switches, routers)",26.3,851762,NonEU,imports,2019-Q4,1124.46,0.0,9459772.0,
network_equipment,"Network equipment (switches, routers)",26.3,851762,NonEU,imports,2020-Q1,694.66,0.0,5787594.0,
network_equipment,"Network equipment (switches, routers)",26.3,851762,NonEU,imports,2020-Q2,722.5,0.0,6145554.0,
network_equipment,"Network equipment (switches, routers)",26.3,851762,NonEU,imports,2020-Q3,892.22,0.0,6294154.0,
network_equipment,"Network equipment (switches, routers)",26.3,851762,NonEU,imports,2020-Q4,1167.57,0.0,8412298.0,
network_equipment,"Network equipment (switches, routers)",26.3,851762,NonEU,imports,2021-Q1,685.0,0.0,6049590.0,
network_equipment,"Network equipment (switches, routers)",26.3,851762,NonEU,imports,2021-Q2,689.34,0.0,5616466.0,
network_equipment,"Network equipment (switches, routers)",26.3,851762,NonEU,imports,2021-Q3,709.88,0.0,5607716.0,
network_equipment,"Network equipment (switches, routers)",26.3,851762,NonEU,imports,2021-Q4,1034.43,0.0,7137223.0,
network_equipment,"Network equipment (switches, routers)",26.3,851762,NonEU,imports,2022-Q1,840.94,0.0,5543204.0,
network_equipment,"Network equipment (switches, routers)",26.3,851762,NonEU,imports,2022-Q2,770.83,0.0,5316349.0,
network_equipment,"Network equipment (switches, routers)",26.3,851762,NonEU,imports,2022-Q3,967.29,0.0,5666407.0,
network_equipment,"Network equipment (switches, routers)",26.3,851762,NonEU,imports,2022-Q4,1085.85,0.0,6241963.0,
network_equipment,"Network equipment (switches, routers)",26.3,851762,NonEU,imports,2023-Q1,905.24,0.0,4871948.0,
network_equipment,"Network equipment (switches, routers)",26.3,851762,NonEU,imports,2023-Q2,864.42,0.0,5503170.0,
network_equipment,"Network equipment (switches, routers)",26.3,851762,NonEU,imports,2023-Q3,851.97,0.0,5168818.0,
network_equipment,"Network equipment (switches, routers)",26.3,851762,NonEU,imports,2023-Q4,976.69,0.0,5770797.0,
network_equipment,"Network equipment (switches, routers)",26.3,851762,NonEU,imports,2024-Q1,804.71,0.0,5267883.0,
network_equipment,"Network equipment (switches, routers)",26.3,851762,NonEU,imports,2024-Q2,698.74,0.0,4366490.0,
network_equipment,"Network equipment (switches, routers)",26.3,851762,NonEU,imports,2024-Q3,674.05,0.0,4723030.0,
network_equipment,"Network equipment (switches, routers)",26.3,851762,NonEU,imports,2024-Q4,896.19,0.0,5685963.0,
network_equipment,"Network equipment (switches, routers)",26.3,851762,NonEU,imports,2025-Q1,786.94,0.0,4688373.0,
network_equipment,"Network equipment (switches, routers)",26.3,851762,NonEU,imports,2025-Q2,724.97,0.0,5243116.0,
network_equipment,"Network equipment (switches, routers)",26.3,851762,NonEU,imports,2025-Q3,859.8,0.0,5726900.0,
network_equipment,"Network equipment (switches, routers)",26.3,851762,NonEU,imports,2025-Q4,961.1,0.0,6478958.0,
network_equipment,"Network equipment (switches, routers)",26.3,851762,NonEU,imports,2026-Q1,808.27,0.0,5105939.0,
network_equipment,"Network equipment (switches, routers)",26.3,851762,NonEU,imports,2026-Q2,844.8,0.0,6007116.0,
sensors,Semiconductor-based sensors,26.1,854151,EU,exports,2022-Q1,1.72,0.0,717.0,
sensors,Semiconductor-based sensors,26.1,854151,EU,exports,2022-Q2,3.15,0.0,1245.0,
sensors,Semiconductor-based sensors,26.1,854151,EU,exports,2022-Q3,1.63,0.0,1089.0,
sensors,Semiconductor-based sensors,26.1,854151,EU,exports,2022-Q4,1.1,0.0,1795.0,
sensors,Semiconductor-based sensors,26.1,854151,EU,exports,2023-Q1,1.35,0.0,936.0,
sensors,Semiconductor-based sensors,26.1,854151,EU,exports,2023-Q2,1.64,0.0,1438.0,
sensors,Semiconductor-based sensors,26.1,854151,EU,exports,2023-Q3,1.15,0.0,1293.0,
sensors,Semiconductor-based sensors,26.1,854151,EU,exports,2023-Q4,0.88,0.0,1509.0,
sensors,Semiconductor-based sensors,26.1,854151,EU,exports,2024-Q1,1.46,0.0,1117.0,
sensors,Semiconductor-based sensors,26.1,854151,EU,exports,2024-Q2,0.62,0.0,1500.0,
sensors,Semiconductor-based sensors,26.1,854151,EU,exports,2024-Q3,1.0,0.0,1032.0,
sensors,Semiconductor-based sensors,26.1,854151,EU,exports,2024-Q4,0.86,0.0,639.0,
sensors,Semiconductor-based sensors,26.1,854151,EU,exports,2025-Q1,1.22,0.0,419.0,
sensors,Semiconductor-based sensors,26.1,854151,EU,exports,2025-Q2,1.91,0.0,1637.0,
sensors,Semiconductor-based sensors,26.1,854151,EU,exports,2025-Q3,3.14,0.0,2443.0,
sensors,Semiconductor-based sensors,26.1,854151,EU,exports,2025-Q4,3.02,0.0,2918.0,
sensors,Semiconductor-based sensors,26.1,854151,EU,exports,2026-Q1,2.76,0.0,3818.0,
sensors,Semiconductor-based sensors,26.1,854151,EU,exports,2026-Q2,1.57,0.0,661.0,
sensors,Semiconductor-based sensors,26.1,854151,EU,imports,2022-Q1,1.55,0.0,8868.0,
sensors,Semiconductor-based sensors,26.1,854151,EU,imports,2022-Q2,2.64,0.0,3841.0,
sensors,Semiconductor-based sensors,26.1,854151,EU,imports,2022-Q3,2.52,0.0,2443.0,
sensors,Semiconductor-based sensors,26.1,854151,EU,imports,2022-Q4,1.18,0.0,3193.0,
sensors,Semiconductor-based sensors,26.1,854151,EU,imports,2023-Q1,2.53,0.0,6601.0,
sensors,Semiconductor-based sensors,26.1,854151,EU,imports,2023-Q2,1.22,0.0,3783.0,
sensors,Semiconductor-based sensors,26.1,854151,EU,imports,2023-Q3,1.06,0.0,2017.0,
sensors,Semiconductor-based sensors,26.1,854151,EU,imports,2023-Q4,0.65,0.0,1681.0,
sensors,Semiconductor-based sensors,26.1,854151,EU,imports,2024-Q1,0.98,0.0,282.0,
sensors,Semiconductor-based sensors,26.1,854151,EU,imports,2024-Q2,1.54,0.0,652.0,
sensors,Semiconductor-based sensors,26.1,854151,EU,imports,2024-Q3,1.47,0.0,3225.0,
sensors,Semiconductor-based sensors,26.1,854151,EU,imports,2024-Q4,1.54,0.0,3328.0,
sensors,Semiconductor-based sensors,26.1,854151,EU,imports,2025-Q1,0.95,0.0,2457.0,
sensors,Semiconductor-based sensors,26.1,854151,EU,imports,2025-Q2,1.58,0.0,517.0,
sensors,Semiconductor-based sensors,26.1,854151,EU,imports,2025-Q3,1.44,0.0,603.0,
sensors,Semiconductor-based sensors,26.1,854151,EU,imports,2025-Q4,1.04,0.0,372.0,
sensors,Semiconductor-based sensors,26.1,854151,EU,imports,2026-Q1,1.19,0.0,3848.0,
sensors,Semiconductor-based sensors,26.1,854151,EU,imports,2026-Q2,0.64,0.0,189.0,
sensors,Semiconductor-based sensors,26.1,854151,NonEU,exports,2022-Q1,1.96,0.0,488.0,
sensors,Semiconductor-based sensors,26.1,854151,NonEU,exports,2022-Q2,2.17,0.0,888.0,
sensors,Semiconductor-based sensors,26.1,854151,NonEU,exports,2022-Q3,2.61,0.0,1437.0,
sensors,Semiconductor-based sensors,26.1,854151,NonEU,exports,2022-Q4,1.97,0.0,1069.0,
sensors,Semiconductor-based sensors,26.1,854151,NonEU,exports,2023-Q1,1.48,0.0,1181.0,
sensors,Semiconductor-based sensors,26.1,854151,NonEU,exports,2023-Q2,1.46,0.0,2522.0,
sensors,Semiconductor-based sensors,26.1,854151,NonEU,exports,2023-Q3,0.86,0.0,2058.0,
sensors,Semiconductor-based sensors,26.1,854151,NonEU,exports,2023-Q4,0.63,0.0,964.0,
sensors,Semiconductor-based sensors,26.1,854151,NonEU,exports,2024-Q1,1.23,0.0,1120.0,
sensors,Semiconductor-based sensors,26.1,854151,NonEU,exports,2024-Q2,1.05,0.0,839.0,
sensors,Semiconductor-based sensors,26.1,854151,NonEU,exports,2024-Q3,1.16,0.0,448.0,
sensors,Semiconductor-based sensors,26.1,854151,NonEU,exports,2024-Q4,1.34,0.0,643.0,
sensors,Semiconductor-based sensors,26.1,854151,NonEU,exports,2025-Q1,1.15,0.0,445.0,
sensors,Semiconductor-based sensors,26.1,854151,NonEU,exports,2025-Q2,4.21,0.0,2642.0,
sensors,Semiconductor-based sensors,26.1,854151,NonEU,exports,2025-Q3,8.46,0.0,5990.0,
sensors,Semiconductor-based sensors,26.1,854151,NonEU,exports,2025-Q4,10.04,0.0,6819.0,
sensors,Semiconductor-based sensors,26.1,854151,NonEU,exports,2026-Q1,5.05,0.0,3065.0,
sensors,Semiconductor-based sensors,26.1,854151,NonEU,exports,2026-Q2,2.2,0.0,620.0,
sensors,Semiconductor-based sensors,26.1,854151,NonEU,imports,2022-Q1,1.81,0.0,22183.0,
sensors,Semiconductor-based sensors,26.1,854151,NonEU,imports,2022-Q2,2.55,0.0,42806.0,
sensors,Semiconductor-based sensors,26.1,854151,NonEU,imports,2022-Q3,1.38,0.0,35834.0,
sensors,Semiconductor-based sensors,26.1,854151,NonEU,imports,2022-Q4,1.61,0.0,12801.0,
sensors,Semiconductor-based sensors,26.1,854151,NonEU,imports,2023-Q1,1.16,0.0,19939.0,
sensors,Semiconductor-based sensors,26.1,854151,NonEU,imports,2023-Q2,1.18,0.0,11208.0,
sensors,Semiconductor-based sensors,26.1,854151,NonEU,imports,2023-Q3,1.86,0.0,7966.0,
sensors,Semiconductor-based sensors,26.1,854151,NonEU,imports,2023-Q4,0.72,0.0,11515.0,
sensors,Semiconductor-based sensors,26.1,854151,NonEU,imports,2024-Q1,1.18,0.0,8353.0,
sensors,Semiconductor-based sensors,26.1,854151,NonEU,imports,2024-Q2,2.3,0.0,7194.0,
sensors,Semiconductor-based sensors,26.1,854151,NonEU,imports,2024-Q3,2.41,0.0,8633.0,
sensors,Semiconductor-based sensors,26.1,854151,NonEU,imports,2024-Q4,4.06,0.0,12307.0,
sensors,Semiconductor-based sensors,26.1,854151,NonEU,imports,2025-Q1,2.16,0.0,7460.0,
sensors,Semiconductor-based sensors,26.1,854151,NonEU,imports,2025-Q2,2.14,0.0,8239.0,
sensors,Semiconductor-based sensors,26.1,854151,NonEU,imports,2025-Q3,2.29,0.0,6409.0,
sensors,Semiconductor-based sensors,26.1,854151,NonEU,imports,2025-Q4,2.04,0.0,6103.0,
sensors,Semiconductor-based sensors,26.1,854151,NonEU,imports,2026-Q1,2.81,0.0,7130.0,
sensors,Semiconductor-based sensors,26.1,854151,NonEU,imports,2026-Q2,3.58,0.0,13851.0,
cameras,Digital and video cameras,26.7,852580 852589,EU,exports,2016-Q1,43.58,283849.0,231690.0,153.55
cameras,Digital and video cameras,26.7,852580 852589,EU,exports,2016-Q2,36.63,242483.0,177805.0,151.06
cameras,Digital and video cameras,26.7,852580 852589,EU,exports,2016-Q3,36.11,220136.0,168441.0,164.05
cameras,Digital and video cameras,26.7,852580 852589,EU,exports,2016-Q4,55.03,300298.0,399786.0,183.26
cameras,Digital and video cameras,26.7,852580 852589,EU,exports,2017-Q1,36.31,197163.0,381346.0,184.16
cameras,Digital and video cameras,26.7,852580 852589,EU,exports,2017-Q2,35.85,211919.0,159780.0,169.17
cameras,Digital and video cameras,26.7,852580 852589,EU,exports,2017-Q3,39.38,232097.0,214173.0,169.68
cameras,Digital and video cameras,26.7,852580 852589,EU,exports,2017-Q4,54.91,302545.0,225699.0,181.49
cameras,Digital and video cameras,26.7,852580 852589,EU,exports,2018-Q1,44.85,254366.0,172669.0,176.31
cameras,Digital and video cameras,26.7,852580 852589,EU,exports,2018-Q2,44.15,492170.0,449560.0,89.71
cameras,Digital and video cameras,26.7,852580 852589,EU,exports,2018-Q3,44.83,256240.0,235369.0,174.97
cameras,Digital and video cameras,26.7,852580 852589,EU,exports,2018-Q4,60.36,382715.0,268463.0,157.71
cameras,Digital and video cameras,26.7,852580 852589,EU,exports,2019-Q1,51.68,339427.0,249593.0,152.27
cameras,Digital and video cameras,26.7,852580 852589,EU,exports,2019-Q2,45.62,416015.0,302752.0,109.66
cameras,Digital and video cameras,26.7,852580 852589,EU,exports,2019-Q3,52.89,281102.0,201481.0,188.16
cameras,Digital and video cameras,26.7,852580 852589,EU,exports,2019-Q4,51.4,364246.0,253488.0,141.11
cameras,Digital and video cameras,26.7,852580 852589,EU,exports,2020-Q1,42.79,584898.0,182436.0,73.15
cameras,Digital and video cameras,26.7,852580 852589,EU,exports,2020-Q2,38.38,262878.0,157826.0,145.99
cameras,Digital and video cameras,26.7,852580 852589,EU,exports,2020-Q3,44.76,255305.0,196500.0,175.3
cameras,Digital and video cameras,26.7,852580 852589,EU,exports,2020-Q4,58.14,348900.0,298804.0,166.65
cameras,Digital and video cameras,26.7,852580 852589,EU,exports,2021-Q1,34.46,138217.0,600069.0,249.3
cameras,Digital and video cameras,26.7,852580 852589,EU,exports,2021-Q2,42.72,174588.0,181814.0,244.68
cameras,Digital and video cameras,26.7,852580 852589,EU,exports,2021-Q3,56.52,213529.0,197131.0,264.67
cameras,Digital and video cameras,26.7,852580 852589,EU,exports,2021-Q4,58.88,300623.0,291827.0,195.86
cameras,Digital and video cameras,26.7,852580 852589,EU,exports,2022-Q1,23.59,129709.0,95967.0,181.88
cameras,Digital and video cameras,26.7,852580 852589,EU,exports,2022-Q2,29.5,95513.0,83460.0,308.85
cameras,Digital and video cameras,26.7,852580 852589,EU,exports,2022-Q3,40.55,219442.0,123672.0,184.79
cameras,Digital and video cameras,26.7,852580 852589,EU,exports,2022-Q4,43.37,133743.0,307489.0,324.26
cameras,Digital and video cameras,26.7,852580 852589,EU,exports,2023-Q1,52.23,157300.0,115285.0,332.02
cameras,Digital and video cameras,26.7,852580 852589,EU,exports,2023-Q2,44.47,360996.0,112684.0,123.19
cameras,Digital and video cameras,26.7,852580 852589,EU,exports,2023-Q3,37.13,147440.0,109956.0,251.86
cameras,Digital and video cameras,26.7,852580 852589,EU,exports,2023-Q4,47.13,272144.0,150716.0,173.17
cameras,Digital and video cameras,26.7,852580 852589,EU,exports,2024-Q1,41.69,168113.0,101941.0,247.98
cameras,Digital and video cameras,26.7,852580 852589,EU,exports,2024-Q2,43.11,141793.0,126120.0,304.03
cameras,Digital and video cameras,26.7,852580 852589,EU,exports,2024-Q3,37.72,168870.0,143773.0,223.39
cameras,Digital and video cameras,26.7,852580 852589,EU,exports,2024-Q4,48.01,271800.0,208243.0,176.64
cameras,Digital and video cameras,26.7,852580 852589,EU,exports,2025-Q1,35.95,110274.0,94264.0,325.97
cameras,Digital and video cameras,26.7,852580 852589,EU,exports,2025-Q2,52.89,126262.0,121660.0,418.89
cameras,Digital and video cameras,26.7,852580 852589,EU,exports,2025-Q3,58.2,142312.0,147120.0,408.98
cameras,Digital and video cameras,26.7,852580 852589,EU,exports,2025-Q4,73.64,195730.0,227435.0,376.25
cameras,Digital and video cameras,26.7,852580 852589,EU,exports,2026-Q1,71.86,164177.0,178413.0,437.72
cameras,Digital and video cameras,26.7,852580 852589,EU,exports,2026-Q2,72.28,167086.0,248530.0,432.57
cameras,Digital and video cameras,26.7,852580 852589,EU,imports,2016-Q1,80.56,873559.0,653072.0,92.22
cameras,Digital and video cameras,26.7,852580 852589,EU,imports,2016-Q2,82.52,941655.0,935407.0,87.64
cameras,Digital and video cameras,26.7,852580 852589,EU,imports,2016-Q3,88.0,842255.0,720238.0,104.48
cameras,Digital and video cameras,26.7,852580 852589,EU,imports,2016-Q4,113.16,977007.0,487958.0,115.82
cameras,Digital and video cameras,26.7,852580 852589,EU,imports,2017-Q1,88.86,868713.0,351629.0,102.29
cameras,Digital and video cameras,26.7,852580 852589,EU,imports,2017-Q2,88.46,801353.0,379226.0,110.39
cameras,Digital and video cameras,26.7,852580 852589,EU,imports,2017-Q3,91.79,804100.0,473193.0,114.15
cameras,Digital and video cameras,26.7,852580 852589,EU,imports,2017-Q4,113.19,954817.0,517825.0,118.55
cameras,Digital and video cameras,26.7,852580 852589,EU,imports,2018-Q1,87.17,858710.0,412969.0,101.52
cameras,Digital and video cameras,26.7,852580 852589,EU,imports,2018-Q2,92.21,908319.0,389792.0,101.52
cameras,Digital and video cameras,26.7,852580 852589,EU,imports,2018-Q3,82.84,783293.0,470581.0,105.76
cameras,Digital and video cameras,26.7,852580 852589,EU,imports,2018-Q4,105.0,922552.0,455137.0,113.81
cameras,Digital and video cameras,26.7,852580 852589,EU,imports,2019-Q1,91.76,973806.0,387505.0,94.23
cameras,Digital and video cameras,26.7,852580 852589,EU,imports,2019-Q2,81.11,1908449.0,324026.0,42.5
cameras,Digital and video cameras,26.7,852580 852589,EU,imports,2019-Q3,91.62,889138.0,325535.0,103.04
cameras,Digital and video cameras,26.7,852580 852589,EU,imports,2019-Q4,110.93,958060.0,444274.0,115.79
cameras,Digital and video cameras,26.7,852580 852589,EU,imports,2020-Q1,80.01,865101.0,294473.0,92.49
cameras,Digital and video cameras,26.7,852580 852589,EU,imports,2020-Q2,53.75,422478.0,217391.0,127.23
cameras,Digital and video cameras,26.7,852580 852589,EU,imports,2020-Q3,92.99,776318.0,2188204.0,119.78
cameras,Digital and video cameras,26.7,852580 852589,EU,imports,2020-Q4,124.96,2335570.0,1756827.0,53.5
cameras,Digital and video cameras,26.7,852580 852589,EU,imports,2021-Q1,108.54,1379940.0,378944.0,78.65
cameras,Digital and video cameras,26.7,852580 852589,EU,imports,2021-Q2,84.45,801567.0,266686.0,105.36
cameras,Digital and video cameras,26.7,852580 852589,EU,imports,2021-Q3,86.08,727134.0,281670.0,118.38
cameras,Digital and video cameras,26.7,852580 852589,EU,imports,2021-Q4,94.47,894337.0,2012764.0,105.63
cameras,Digital and video cameras,26.7,852580 852589,EU,imports,2022-Q1,126.38,2675227.0,1050024.0,47.24
cameras,Digital and video cameras,26.7,852580 852589,EU,imports,2022-Q2,144.37,1000512.0,744625.0,144.3
cameras,Digital and video cameras,26.7,852580 852589,EU,imports,2022-Q3,149.32,934847.0,611899.0,159.73
cameras,Digital and video cameras,26.7,852580 852589,EU,imports,2022-Q4,182.75,1144351.0,673668.0,159.7
cameras,Digital and video cameras,26.7,852580 852589,EU,imports,2023-Q1,157.37,1149959.0,768358.0,136.85
cameras,Digital and video cameras,26.7,852580 852589,EU,imports,2023-Q2,158.19,1170233.0,895113.0,135.18
cameras,Digital and video cameras,26.7,852580 852589,EU,imports,2023-Q3,144.17,1260603.0,730719.0,114.36
cameras,Digital and video cameras,26.7,852580 852589,EU,imports,2023-Q4,175.12,1390447.0,1237552.0,125.95
cameras,Digital and video cameras,26.7,852580 852589,EU,imports,2024-Q1,139.47,1113873.0,616305.0,125.21
cameras,Digital and video cameras,26.7,852580 852589,EU,imports,2024-Q2,155.86,1734326.0,693545.0,89.87
cameras,Digital and video cameras,26.7,852580 852589,EU,imports,2024-Q3,158.57,1391546.0,660422.0,113.95
cameras,Digital and video cameras,26.7,852580 852589,EU,imports,2024-Q4,162.12,1109667.0,740662.0,146.1
cameras,Digital and video cameras,26.7,852580 852589,EU,imports,2025-Q1,151.6,1235182.0,732090.0,122.73
cameras,Digital and video cameras,26.7,852580 852589,EU,imports,2025-Q2,142.97,1100187.0,723857.0,129.95
cameras,Digital and video cameras,26.7,852580 852589,EU,imports,2025-Q3,150.06,1053267.0,653737.0,142.47
cameras,Digital and video cameras,26.7,852580 852589,EU,imports,2025-Q4,161.49,1144398.0,734374.0,141.12
cameras,Digital and video cameras,26.7,852580 852589,EU,imports,2026-Q1,158.79,1165322.0,891209.0,136.27
cameras,Digital and video cameras,26.7,852580 852589,EU,imports,2026-Q2,154.31,1074701.0,928273.0,143.59
cameras,Digital and video cameras,26.7,852580 852589,NonEU,exports,2016-Q1,34.05,82297.0,110081.0,413.77
cameras,Digital and video cameras,26.7,852580 852589,NonEU,exports,2016-Q2,30.48,137240.0,107540.0,222.08
cameras,Digital and video cameras,26.7,852580 852589,NonEU,exports,2016-Q3,49.59,127430.0,131335.0,389.16
cameras,Digital and video cameras,26.7,852580 852589,NonEU,exports,2016-Q4,46.45,150326.0,253161.0,309.01
cameras,Digital and video cameras,26.7,852580 852589,NonEU,exports,2017-Q1,35.52,123929.0,140968.0,286.63
cameras,Digital and video cameras,26.7,852580 852589,NonEU,exports,2017-Q2,44.52,247534.0,222290.0,179.84
cameras,Digital and video cameras,26.7,852580 852589,NonEU,exports,2017-Q3,36.89,165885.0,137709.0,222.39
cameras,Digital and video cameras,26.7,852580 852589,NonEU,exports,2017-Q4,50.57,111947.0,172129.0,451.76
cameras,Digital and video cameras,26.7,852580 852589,NonEU,exports,2018-Q1,34.95,114057.0,171669.0,306.43
cameras,Digital and video cameras,26.7,852580 852589,NonEU,exports,2018-Q2,36.88,91879.0,210887.0,401.39
cameras,Digital and video cameras,26.7,852580 852589,NonEU,exports,2018-Q3,45.15,95913.0,148535.0,470.77
cameras,Digital and video cameras,26.7,852580 852589,NonEU,exports,2018-Q4,44.76,224840.0,156973.0,199.08
cameras,Digital and video cameras,26.7,852580 852589,NonEU,exports,2019-Q1,37.42,100665.0,163819.0,371.74
cameras,Digital and video cameras,26.7,852580 852589,NonEU,exports,2019-Q2,40.43,217646.0,156446.0,185.77
cameras,Digital and video cameras,26.7,852580 852589,NonEU,exports,2019-Q3,38.71,154130.0,131077.0,251.12
cameras,Digital and video cameras,26.7,852580 852589,NonEU,exports,2019-Q4,41.85,129333.0,180029.0,323.62
cameras,Digital and video cameras,26.7,852580 852589,NonEU,exports,2020-Q1,36.49,163546.0,195881.0,223.13
cameras,Digital and video cameras,26.7,852580 852589,NonEU,exports,2020-Q2,39.53,162613.0,142658.0,243.1
cameras,Digital and video cameras,26.7,852580 852589,NonEU,exports,2020-Q3,45.63,322846.0,269240.0,141.33
cameras,Digital and video cameras,26.7,852580 852589,NonEU,exports,2020-Q4,47.5,188841.0,249832.0,251.55
cameras,Digital and video cameras,26.7,852580 852589,NonEU,exports,2021-Q1,39.38,194289.0,244895.0,202.67
cameras,Digital and video cameras,26.7,852580 852589,NonEU,exports,2021-Q2,44.73,147145.0,165095.0,303.96
cameras,Digital and video cameras,26.7,852580 852589,NonEU,exports,2021-Q3,48.18,247341.0,221901.0,194.79
cameras,Digital and video cameras,26.7,852580 852589,NonEU,exports,2021-Q4,48.93,109299.0,205304.0,447.64
cameras,Digital and video cameras,26.7,852580 852589,NonEU,exports,2022-Q1,21.81,86504.0,133133.0,252.13
cameras,Digital and video cameras,26.7,852580 852589,NonEU,exports,2022-Q2,26.81,85426.0,99355.0,313.8
cameras,Digital and video cameras,26.7,852580 852589,NonEU,exports,2022-Q3,31.84,86545.0,135962.0,367.88
cameras,Digital and video cameras,26.7,852580 852589,NonEU,exports,2022-Q4,36.86,175895.0,142700.0,209.57
cameras,Digital and video cameras,26.7,852580 852589,NonEU,exports,2023-Q1,34.3,140374.0,111374.0,244.35
cameras,Digital and video cameras,26.7,852580 852589,NonEU,exports,2023-Q2,37.61,140625.0,112424.0,267.41
cameras,Digital and video cameras,26.7,852580 852589,NonEU,exports,2023-Q3,34.94,81188.0,95294.0,430.33
cameras,Digital and video cameras,26.7,852580 852589,NonEU,exports,2023-Q4,49.13,99165.0,135617.0,495.41
cameras,Digital and video cameras,26.7,852580 852589,NonEU,exports,2024-Q1,34.35,82020.0,107668.0,418.85
cameras,Digital and video cameras,26.7,852580 852589,NonEU,exports,2024-Q2,42.29,120268.0,145250.0,351.61
cameras,Digital and video cameras,26.7,852580 852589,NonEU,exports,2024-Q3,39.89,124413.0,140150.0,320.59
cameras,Digital and video cameras,26.7,852580 852589,NonEU,exports,2024-Q4,46.85,118273.0,199723.0,396.12
cameras,Digital and video cameras,26.7,852580 852589,NonEU,exports,2025-Q1,50.55,111487.0,208480.0,453.45
cameras,Digital and video cameras,26.7,852580 852589,NonEU,exports,2025-Q2,40.04,131237.0,152546.0,305.07
cameras,Digital and video cameras,26.7,852580 852589,NonEU,exports,2025-Q3,46.16,150889.0,154963.0,305.93
cameras,Digital and video cameras,26.7,852580 852589,NonEU,exports,2025-Q4,47.18,185189.0,131479.0,254.79
cameras,Digital and video cameras,26.7,852580 852589,NonEU,exports,2026-Q1,48.38,145724.0,152228.0,331.97
cameras,Digital and video cameras,26.7,852580 852589,NonEU,exports,2026-Q2,46.11,154086.0,115450.0,299.28
cameras,Digital and video cameras,26.7,852580 852589,NonEU,imports,2016-Q1,74.37,1370605.0,1138825.0,54.26
cameras,Digital and video cameras,26.7,852580 852589,NonEU,imports,2016-Q2,67.3,1380828.0,1106329.0,48.74
cameras,Digital and video cameras,26.7,852580 852589,NonEU,imports,2016-Q3,72.95,2140888.0,1332346.0,34.08
cameras,Digital and video cameras,26.7,852580 852589,NonEU,imports,2016-Q4,114.04,3169893.0,1449426.0,35.97
cameras,Digital and video cameras,26.7,852580 852589,NonEU,imports,2017-Q1,98.59,2275509.0,1235474.0,43.33
cameras,Digital and video cameras,26.7,852580 852589,NonEU,imports,2017-Q2,95.57,1509708.0,1279516.0,63.3
cameras,Digital and video cameras,26.7,852580 852589,NonEU,imports,2017-Q3,105.05,1957114.0,1493629.0,53.67
cameras,Digital and video cameras,26.7,852580 852589,NonEU,imports,2017-Q4,120.09,2698324.0,1813238.0,44.51
cameras,Digital and video cameras,26.7,852580 852589,NonEU,imports,2018-Q1,84.32,1989644.0,1313059.0,42.38
cameras,Digital and video cameras,26.7,852580 852589,NonEU,imports,2018-Q2,91.24,1792908.0,1268210.0,50.89
cameras,Digital and video cameras,26.7,852580 852589,NonEU,imports,2018-Q3,121.88,1976831.0,1358077.0,61.65
cameras,Digital and video cameras,26.7,852580 852589,NonEU,imports,2018-Q4,138.43,2445587.0,1912399.0,56.6
cameras,Digital and video cameras,26.7,852580 852589,NonEU,imports,2019-Q1,104.69,1782455.0,1374427.0,58.73
cameras,Digital and video cameras,26.7,852580 852589,NonEU,imports,2019-Q2,103.46,2264376.0,1502533.0,45.69
cameras,Digital and video cameras,26.7,852580 852589,NonEU,imports,2019-Q3,115.59,2551659.0,1608977.0,45.3
cameras,Digital and video cameras,26.7,852580 852589,NonEU,imports,2019-Q4,122.53,2624070.0,1893746.0,46.7
cameras,Digital and video cameras,26.7,852580 852589,NonEU,imports,2020-Q1,95.23,1859472.0,1412591.0,51.21
cameras,Digital and video cameras,26.7,852580 852589,NonEU,imports,2020-Q2,111.63,1995974.0,1383266.0,55.93
cameras,Digital and video cameras,26.7,852580 852589,NonEU,imports,2020-Q3,142.18,3003436.0,2121495.0,47.34
cameras,Digital and video cameras,26.7,852580 852589,NonEU,imports,2020-Q4,161.66,4093865.0,2621341.0,39.49
cameras,Digital and video cameras,26.7,852580 852589,NonEU,imports,2021-Q1,119.74,2608693.0,1913264.0,45.9
cameras,Digital and video cameras,26.7,852580 852589,NonEU,imports,2021-Q2,136.96,3597478.0,2084098.0,38.07
cameras,Digital and video cameras,26.7,852580 852589,NonEU,imports,2021-Q3,129.57,2587692.0,1726517.0,50.07
cameras,Digital and video cameras,26.7,852580 852589,NonEU,imports,2021-Q4,127.86,2422246.0,1627440.0,52.79
cameras,Digital and video cameras,26.7,852580 852589,NonEU,imports,2022-Q1,79.79,1586706.0,1027544.0,50.29
cameras,Digital and video cameras,26.7,852580 852589,NonEU,imports,2022-Q2,110.16,2173693.0,1621461.0,50.68
cameras,Digital and video cameras,26.7,852580 852589,NonEU,imports,2022-Q3,118.78,2889118.0,1435157.0,41.11
cameras,Digital and video cameras,26.7,852580 852589,NonEU,imports,2022-Q4,124.99,3540473.0,1368184.0,35.3
cameras,Digital and video cameras,26.7,852580 852589,NonEU,imports,2023-Q1,102.18,2830078.0,1058216.0,36.11
cameras,Digital and video cameras,26.7,852580 852589,NonEU,imports,2023-Q2,122.09,2629823.0,1311529.0,46.42
cameras,Digital and video cameras,26.7,852580 852589,NonEU,imports,2023-Q3,110.99,2368763.0,1379653.0,46.86
cameras,Digital and video cameras,26.7,852580 852589,NonEU,imports,2023-Q4,130.82,2460157.0,1545492.0,53.18
cameras,Digital and video cameras,26.7,852580 852589,NonEU,imports,2024-Q1,108.59,1995194.0,1291389.0,54.43
cameras,Digital and video cameras,26.7,852580 852589,NonEU,imports,2024-Q2,119.94,2349665.0,1342152.0,51.05
cameras,Digital and video cameras,26.7,852580 852589,NonEU,imports,2024-Q3,116.7,3004968.0,1479839.0,38.84
cameras,Digital and video cameras,26.7,852580 852589,NonEU,imports,2024-Q4,138.29,3564552.0,1912709.0,38.8
cameras,Digital and video cameras,26.7,852580 852589,NonEU,imports,2025-Q1,113.88,2259986.0,1454483.0,50.39
cameras,Digital and video cameras,26.7,852580 852589,NonEU,imports,2025-Q2,126.69,2478974.0,1492598.0,51.11
cameras,Digital and video cameras,26.7,852580 852589,NonEU,imports,2025-Q3,177.42,3387578.0,2234484.0,52.37
cameras,Digital and video cameras,26.7,852580 852589,NonEU,imports,2025-Q4,184.61,3481548.0,2043091.0,53.03
cameras,Digital and video cameras,26.7,852580 852589,NonEU,imports,2026-Q1,158.84,2716263.0,1616672.0,58.48
cameras,Digital and video cameras,26.7,852580 852589,NonEU,imports,2026-Q2,193.98,3094472.0,1635267.0,62.69
mri_ultrasound,MRI and ultrasound scanners,26.6,901812 901813,EU,exports,2016-Q1,45.8,0.0,1423934.0,
mri_ultrasound,MRI and ultrasound scanners,26.6,901812 901813,EU,exports,2016-Q2,50.08,0.0,1538092.0,
mri_ultrasound,MRI and ultrasound scanners,26.6,901812 901813,EU,exports,2016-Q3,54.75,0.0,1594629.0,
mri_ultrasound,MRI and ultrasound scanners,26.6,901812 901813,EU,exports,2016-Q4,47.99,0.0,1421550.0,
mri_ultrasound,MRI and ultrasound scanners,26.6,901812 901813,EU,exports,2017-Q1,59.61,0.0,1746099.0,
mri_ultrasound,MRI and ultrasound scanners,26.6,901812 901813,EU,exports,2017-Q2,46.29,0.0,1376778.0,
mri_ultrasound,MRI and ultrasound scanners,26.6,901812 901813,EU,exports,2017-Q3,59.04,0.0,1747107.0,
mri_ultrasound,MRI and ultrasound scanners,26.6,901812 901813,EU,exports,2017-Q4,48.55,0.0,1472553.0,
mri_ultrasound,MRI and ultrasound scanners,26.6,901812 901813,EU,exports,2018-Q1,47.35,0.0,1421886.0,
mri_ultrasound,MRI and ultrasound scanners,26.6,901812 901813,EU,exports,2018-Q2,50.34,0.0,1482616.0,
mri_ultrasound,MRI and ultrasound scanners,26.6,901812 901813,EU,exports,2018-Q3,55.79,0.0,1599663.0,
mri_ultrasound,MRI and ultrasound scanners,26.6,901812 901813,EU,exports,2018-Q4,50.19,0.0,1444838.0,
mri_ultrasound,MRI and ultrasound scanners,26.6,901812 901813,EU,exports,2019-Q1,51.43,0.0,1381955.0,
mri_ultrasound,MRI and ultrasound scanners,26.6,901812 901813,EU,exports,2019-Q2,54.34,0.0,1198580.0,
mri_ultrasound,MRI and ultrasound scanners,26.6,901812 901813,EU,exports,2019-Q3,65.78,0.0,1466757.0,
mri_ultrasound,MRI and ultrasound scanners,26.6,901812 901813,EU,exports,2019-Q4,56.91,0.0,1172481.0,
mri_ultrasound,MRI and ultrasound scanners,26.6,901812 901813,EU,exports,2020-Q1,56.27,0.0,1330142.0,
mri_ultrasound,MRI and ultrasound scanners,26.6,901812 901813,EU,exports,2020-Q2,46.86,0.0,1164666.0,
mri_ultrasound,MRI and ultrasound scanners,26.6,901812 901813,EU,exports,2020-Q3,65.95,0.0,1650586.0,
mri_ultrasound,MRI and ultrasound scanners,26.6,901812 901813,EU,exports,2020-Q4,64.65,0.0,1557076.0,
mri_ultrasound,MRI and ultrasound scanners,26.6,901812 901813,EU,exports,2021-Q1,63.96,0.0,1717634.0,
mri_ultrasound,MRI and ultrasound scanners,26.6,901812 901813,EU,exports,2021-Q2,68.41,0.0,1882856.0,
mri_ultrasound,MRI and ultrasound scanners,26.6,901812 901813,EU,exports,2021-Q3,75.62,0.0,2070140.0,
mri_ultrasound,MRI and ultrasound scanners,26.6,901812 901813,EU,exports,2021-Q4,82.07,0.0,2175975.0,
mri_ultrasound,MRI and ultrasound scanners,26.6,901812 901813,EU,exports,2022-Q1,74.73,0.0,1953887.0,
mri_ultrasound,MRI and ultrasound scanners,26.6,901812 901813,EU,exports,2022-Q2,81.54,0.0,2169204.0,
mri_ultrasound,MRI and ultrasound scanners,26.6,901812 901813,EU,exports,2022-Q3,92.05,0.0,2396497.0,
mri_ultrasound,MRI and ultrasound scanners,26.6,901812 901813,EU,exports,2022-Q4,98.13,0.0,2169196.0,
mri_ultrasound,MRI and ultrasound scanners,26.6,901812 901813,EU,exports,2023-Q1,104.57,0.0,2251728.0,
mri_ultrasound,MRI and ultrasound scanners,26.6,901812 901813,EU,exports,2023-Q2,101.22,0.0,2199268.0,
mri_ultrasound,MRI and ultrasound scanners,26.6,901812 901813,EU,exports,2023-Q3,103.9,0.0,2620132.0,
mri_ultrasound,MRI and ultrasound scanners,26.6,901812 901813,EU,exports,2023-Q4,109.26,0.0,2377796.0,
mri_ultrasound,MRI and ultrasound scanners,26.6,901812 901813,EU,exports,2024-Q1,96.86,0.0,2042304.0,
mri_ultrasound,MRI and ultrasound scanners,26.6,901812 901813,EU,exports,2024-Q2,102.61,0.0,2280444.0,
mri_ultrasound,MRI and ultrasound scanners,26.6,901812 901813,EU,exports,2024-Q3,110.21,0.0,2475053.0,
mri_ultrasound,MRI and ultrasound scanners,26.6,901812 901813,EU,exports,2024-Q4,92.9,0.0,2063643.0,
mri_ultrasound,MRI and ultrasound scanners,26.6,901812 901813,EU,exports,2025-Q1,91.38,0.0,1960471.0,
mri_ultrasound,MRI and ultrasound scanners,26.6,901812 901813,EU,exports,2025-Q2,100.15,0.0,2227959.0,
mri_ultrasound,MRI and ultrasound scanners,26.6,901812 901813,EU,exports,2025-Q3,110.93,0.0,2396997.0,
mri_ultrasound,MRI and ultrasound scanners,26.6,901812 901813,EU,exports,2025-Q4,93.88,0.0,1897872.0,
mri_ultrasound,MRI and ultrasound scanners,26.6,901812 901813,EU,exports,2026-Q1,97.23,0.0,1965675.0,
mri_ultrasound,MRI and ultrasound scanners,26.6,901812 901813,EU,exports,2026-Q2,99.91,0.0,2011719.0,
mri_ultrasound,MRI and ultrasound scanners,26.6,901812 901813,EU,imports,2016-Q1,38.61,0.0,192704.0,
mri_ultrasound,MRI and ultrasound scanners,26.6,901812 901813,EU,imports,2016-Q2,31.37,0.0,324890.0,
mri_ultrasound,MRI and ultrasound scanners,26.6,901812 901813,EU,imports,2016-Q3,32.63,0.0,198357.0,
mri_ultrasound,MRI and ultrasound scanners,26.6,901812 901813,EU,imports,2016-Q4,22.82,0.0,184694.0,
mri_ultrasound,MRI and ultrasound scanners,26.6,901812 901813,EU,imports,2017-Q1,41.05,0.0,281422.0,
mri_ultrasound,MRI and ultrasound scanners,26.6,901812 901813,EU,imports,2017-Q2,26.47,0.0,210858.0,
mri_ultrasound,MRI and ultrasound scanners,26.6,901812 901813,EU,imports,2017-Q3,17.73,0.0,177258.0,
mri_ultrasound,MRI and ultrasound scanners,26.6,901812 901813,EU,imports,2017-Q4,24.77,0.0,138934.0,
mri_ultrasound,MRI and ultrasound scanners,26.6,901812 901813,EU,imports,2018-Q1,29.57,0.0,155875.0,
mri_ultrasound,MRI and ultrasound scanners,26.6,901812 901813,EU,imports,2018-Q2,24.51,0.0,104382.0,
mri_ultrasound,MRI and ultrasound scanners,26.6,901812 901813,EU,imports,2018-Q3,20.54,0.0,127492.0,
mri_ultrasound,MRI and ultrasound scanners,26.6,901812 901813,EU,imports,2018-Q4,20.56,0.0,103399.0,
mri_ultrasound,MRI and ultrasound scanners,26.6,901812 901813,EU,imports,2019-Q1,36.29,0.0,168037.0,
mri_ultrasound,MRI and ultrasound scanners,26.6,901812 901813,EU,imports,2019-Q2,31.05,0.0,158240.0,
mri_ultrasound,MRI and ultrasound scanners,26.6,901812 901813,EU,imports,2019-Q3,27.14,0.0,101092.0,
mri_ultrasound,MRI and ultrasound scanners,26.6,901812 901813,EU,imports,2019-Q4,21.28,0.0,104845.0,
mri_ultrasound,MRI and ultrasound scanners,26.6,901812 901813,EU,imports,2020-Q1,45.75,0.0,191467.0,
mri_ultrasound,MRI and ultrasound scanners,26.6,901812 901813,EU,imports,2020-Q2,18.25,0.0,101628.0,
mri_ultrasound,MRI and ultrasound scanners,26.6,901812 901813,EU,imports,2020-Q3,16.55,0.0,72466.0,
mri_ultrasound,MRI and ultrasound scanners,26.6,901812 901813,EU,imports,2020-Q4,31.12,0.0,90550.0,
mri_ultrasound,MRI and ultrasound scanners,26.6,901812 901813,EU,imports,2021-Q1,52.44,0.0,259473.0,
mri_ultrasound,MRI and ultrasound scanners,26.6,901812 901813,EU,imports,2021-Q2,29.64,0.0,130229.0,
mri_ultrasound,MRI and ultrasound scanners,26.6,901812 901813,EU,imports,2021-Q3,25.81,0.0,357160.0,
mri_ultrasound,MRI and ultrasound scanners,26.6,901812 901813,EU,imports,2021-Q4,17.23,0.0,138743.0,
mri_ultrasound,MRI and ultrasound scanners,26.6,901812 901813,EU,imports,2022-Q1,55.98,0.0,785665.0,
mri_ultrasound,MRI and ultrasound scanners,26.6,901812 901813,EU,imports,2022-Q2,52.45,0.0,897948.0,
mri_ultrasound,MRI and ultrasound scanners,26.6,901812 901813,EU,imports,2022-Q3,49.81,0.0,956632.0,
mri_ultrasound,MRI and ultrasound scanners,26.6,901812 901813,EU,imports,2022-Q4,42.67,0.0,730511.0,
mri_ultrasound,MRI and ultrasound scanners,26.6,901812 901813,EU,imports,2023-Q1,66.97,0.0,967114.0,
mri_ultrasound,MRI and ultrasound scanners,26.6,901812 901813,EU,imports,2023-Q2,51.5,0.0,764326.0,
mri_ultrasound,MRI and ultrasound scanners,26.6,901812 901813,EU,imports,2023-Q3,44.03,0.0,834880.0,
mri_ultrasound,MRI and ultrasound scanners,26.6,901812 901813,EU,imports,2023-Q4,39.92,0.0,533822.0,
mri_ultrasound,MRI and ultrasound scanners,26.6,901812 901813,EU,imports,2024-Q1,67.4,0.0,8527672.0,
mri_ultrasound,MRI and ultrasound scanners,26.6,901812 901813,EU,imports,2024-Q2,50.51,0.0,728056.0,
mri_ultrasound,MRI and ultrasound scanners,26.6,901812 901813,EU,imports,2024-Q3,41.91,0.0,8411193.0,
mri_ultrasound,MRI and ultrasound scanners,26.6,901812 901813,EU,imports,2024-Q4,53.9,0.0,905999.0,
mri_ultrasound,MRI and ultrasound scanners,26.6,901812 901813,EU,imports,2025-Q1,75.51,0.0,927204.0,
mri_ultrasound,MRI and ultrasound scanners,26.6,901812 901813,EU,imports,2025-Q2,34.59,0.0,470702.0,
mri_ultrasound,MRI and ultrasound scanners,26.6,901812 901813,EU,imports,2025-Q3,42.77,0.0,549796.0,
mri_ultrasound,MRI and ultrasound scanners,26.6,901812 901813,EU,imports,2025-Q4,40.39,0.0,543091.0,
mri_ultrasound,MRI and ultrasound scanners,26.6,901812 901813,EU,imports,2026-Q1,85.46,0.0,977521.0,
mri_ultrasound,MRI and ultrasound scanners,26.6,901812 901813,EU,imports,2026-Q2,35.67,0.0,459048.0,
mri_ultrasound,MRI and ultrasound scanners,26.6,901812 901813,NonEU,exports,2016-Q1,8.03,0.0,132455.0,
mri_ultrasound,MRI and ultrasound scanners,26.6,901812 901813,NonEU,exports,2016-Q2,8.06,0.0,144850.0,
mri_ultrasound,MRI and ultrasound scanners,26.6,901812 901813,NonEU,exports,2016-Q3,9.51,0.0,230347.0,
mri_ultrasound,MRI and ultrasound scanners,26.6,901812 901813,NonEU,exports,2016-Q4,7.19,0.0,165359.0,
mri_ultrasound,MRI and ultrasound scanners,26.6,901812 901813,NonEU,exports,2017-Q1,13.47,0.0,246252.0,
mri_ultrasound,MRI and ultrasound scanners,26.6,901812 901813,NonEU,exports,2017-Q2,7.75,0.0,138813.0,
mri_ultrasound,MRI and ultrasound scanners,26.6,901812 901813,NonEU,exports,2017-Q3,7.93,0.0,110424.0,
mri_ultrasound,MRI and ultrasound scanners,26.6,901812 901813,NonEU,exports,2017-Q4,6.25,0.0,130181.0,
mri_ultrasound,MRI and ultrasound scanners,26.6,901812 901813,NonEU,exports,2018-Q1,6.65,0.0,64547.0,
mri_ultrasound,MRI and ultrasound scanners,26.6,901812 901813,NonEU,exports,2018-Q2,9.61,0.0,179478.0,
mri_ultrasound,MRI and ultrasound scanners,26.6,901812 901813,NonEU,exports,2018-Q3,10.57,0.0,172334.0,
mri_ultrasound,MRI and ultrasound scanners,26.6,901812 901813,NonEU,exports,2018-Q4,10.36,0.0,201286.0,
mri_ultrasound,MRI and ultrasound scanners,26.6,901812 901813,NonEU,exports,2019-Q1,11.54,0.0,181187.0,
mri_ultrasound,MRI and ultrasound scanners,26.6,901812 901813,NonEU,exports,2019-Q2,15.26,0.0,227343.0,
mri_ultrasound,MRI and ultrasound scanners,26.6,901812 901813,NonEU,exports,2019-Q3,13.18,0.0,174675.0,
mri_ultrasound,MRI and ultrasound scanners,26.6,901812 901813,NonEU,exports,2019-Q4,12.32,0.0,131966.0,
mri_ultrasound,MRI and ultrasound scanners,26.6,901812 901813,NonEU,exports,2020-Q1,13.29,0.0,254793.0,
mri_ultrasound,MRI and ultrasound scanners,26.6,901812 901813,NonEU,exports,2020-Q2,14.52,0.0,222802.0,
mri_ultrasound,MRI and ultrasound scanners,26.6,901812 901813,NonEU,exports,2020-Q3,10.33,0.0,180119.0,
mri_ultrasound,MRI and ultrasound scanners,26.6,901812 901813,NonEU,exports,2020-Q4,19.65,0.0,353225.0,
mri_ultrasound,MRI and ultrasound scanners,26.6,901812 901813,NonEU,exports,2021-Q1,13.42,0.0,270394.0,
mri_ultrasound,MRI and ultrasound scanners,26.6,901812 901813,NonEU,exports,2021-Q2,12.46,0.0,253051.0,
mri_ultrasound,MRI and ultrasound scanners,26.6,901812 901813,NonEU,exports,2021-Q3,14.84,0.0,253447.0,
mri_ultrasound,MRI and ultrasound scanners,26.6,901812 901813,NonEU,exports,2021-Q4,10.81,0.0,154729.0,
mri_ultrasound,MRI and ultrasound scanners,26.6,901812 901813,NonEU,exports,2022-Q1,13.77,0.0,241609.0,
mri_ultrasound,MRI and ultrasound scanners,26.6,901812 901813,NonEU,exports,2022-Q2,13.55,0.0,222454.0,
mri_ultrasound,MRI and ultrasound scanners,26.6,901812 901813,NonEU,exports,2022-Q3,11.23,0.0,155186.0,
mri_ultrasound,MRI and ultrasound scanners,26.6,901812 901813,NonEU,exports,2022-Q4,15.23,0.0,194343.0,
mri_ultrasound,MRI and ultrasound scanners,26.6,901812 901813,NonEU,exports,2023-Q1,11.37,0.0,138575.0,
mri_ultrasound,MRI and ultrasound scanners,26.6,901812 901813,NonEU,exports,2023-Q2,14.56,0.0,229143.0,
mri_ultrasound,MRI and ultrasound scanners,26.6,901812 901813,NonEU,exports,2023-Q3,12.03,0.0,221136.0,
mri_ultrasound,MRI and ultrasound scanners,26.6,901812 901813,NonEU,exports,2023-Q4,13.76,0.0,181640.0,
mri_ultrasound,MRI and ultrasound scanners,26.6,901812 901813,NonEU,exports,2024-Q1,11.62,0.0,202257.0,
mri_ultrasound,MRI and ultrasound scanners,26.6,901812 901813,NonEU,exports,2024-Q2,12.02,0.0,99297.0,
mri_ultrasound,MRI and ultrasound scanners,26.6,901812 901813,NonEU,exports,2024-Q3,11.68,0.0,146095.0,
mri_ultrasound,MRI and ultrasound scanners,26.6,901812 901813,NonEU,exports,2024-Q4,16.33,0.0,189769.0,
mri_ultrasound,MRI and ultrasound scanners,26.6,901812 901813,NonEU,exports,2025-Q1,6.96,0.0,98821.0,
mri_ultrasound,MRI and ultrasound scanners,26.6,901812 901813,NonEU,exports,2025-Q2,16.26,0.0,246356.0,
mri_ultrasound,MRI and ultrasound scanners,26.6,901812 901813,NonEU,exports,2025-Q3,12.48,0.0,201442.0,
mri_ultrasound,MRI and ultrasound scanners,26.6,901812 901813,NonEU,exports,2025-Q4,13.24,0.0,161469.0,
mri_ultrasound,MRI and ultrasound scanners,26.6,901812 901813,NonEU,exports,2026-Q1,13.35,0.0,147190.0,
mri_ultrasound,MRI and ultrasound scanners,26.6,901812 901813,NonEU,exports,2026-Q2,10.5,0.0,139774.0,
mri_ultrasound,MRI and ultrasound scanners,26.6,901812 901813,NonEU,imports,2016-Q1,18.6,0.0,174325.0,
mri_ultrasound,MRI and ultrasound scanners,26.6,901812 901813,NonEU,imports,2016-Q2,13.33,0.0,153240.0,
mri_ultrasound,MRI and ultrasound scanners,26.6,901812 901813,NonEU,imports,2016-Q3,11.94,0.0,138134.0,
mri_ultrasound,MRI and ultrasound scanners,26.6,901812 901813,NonEU,imports,2016-Q4,14.48,0.0,133967.0,
mri_ultrasound,MRI and ultrasound scanners,26.6,901812 901813,NonEU,imports,2017-Q1,14.16,0.0,59636.0,
mri_ultrasound,MRI and ultrasound scanners,26.6,901812 901813,NonEU,imports,2017-Q2,11.26,0.0,82343.0,
mri_ultrasound,MRI and ultrasound scanners,26.6,901812 901813,NonEU,imports,2017-Q3,11.24,0.0,112991.0,
mri_ultrasound,MRI and ultrasound scanners,26.6,901812 901813,NonEU,imports,2017-Q4,10.78,0.0,67756.0,
mri_ultrasound,MRI and ultrasound scanners,26.6,901812 901813,NonEU,imports,2018-Q1,16.07,0.0,111308.0,
mri_ultrasound,MRI and ultrasound scanners,26.6,901812 901813,NonEU,imports,2018-Q2,13.2,0.0,89947.0,
mri_ultrasound,MRI and ultrasound scanners,26.6,901812 901813,NonEU,imports,2018-Q3,11.11,0.0,68673.0,
mri_ultrasound,MRI and ultrasound scanners,26.6,901812 901813,NonEU,imports,2018-Q4,17.79,0.0,150551.0,
mri_ultrasound,MRI and ultrasound scanners,26.6,901812 901813,NonEU,imports,2019-Q1,20.15,0.0,209482.0,
mri_ultrasound,MRI and ultrasound scanners,26.6,901812 901813,NonEU,imports,2019-Q2,16.31,0.0,127040.0,
mri_ultrasound,MRI and ultrasound scanners,26.6,901812 901813,NonEU,imports,2019-Q3,11.87,0.0,80852.0,
mri_ultrasound,MRI and ultrasound scanners,26.6,901812 901813,NonEU,imports,2019-Q4,13.74,0.0,191083.0,
mri_ultrasound,MRI and ultrasound scanners,26.6,901812 901813,NonEU,imports,2020-Q1,35.15,0.0,516353.0,
mri_ultrasound,MRI and ultrasound scanners,26.6,901812 901813,NonEU,imports,2020-Q2,39.41,0.0,347735.0,
mri_ultrasound,MRI and ultrasound scanners,26.6,901812 901813,NonEU,imports,2020-Q3,20.13,0.0,275574.0,
mri_ultrasound,MRI and ultrasound scanners,26.6,901812 901813,NonEU,imports,2020-Q4,18.02,0.0,281455.0,
mri_ultrasound,MRI and ultrasound scanners,26.6,901812 901813,NonEU,imports,2021-Q1,26.66,0.0,430671.0,
mri_ultrasound,MRI and ultrasound scanners,26.6,901812 901813,NonEU,imports,2021-Q2,15.58,0.0,357750.0,
mri_ultrasound,MRI and ultrasound scanners,26.6,901812 901813,NonEU,imports,2021-Q3,16.0,0.0,311237.0,
mri_ultrasound,MRI and ultrasound scanners,26.6,901812 901813,NonEU,imports,2021-Q4,13.41,0.0,321629.0,
mri_ultrasound,MRI and ultrasound scanners,26.6,901812 901813,NonEU,imports,2022-Q1,30.64,0.0,323194.0,
mri_ultrasound,MRI and ultrasound scanners,26.6,901812 901813,NonEU,imports,2022-Q2,21.53,0.0,338890.0,
mri_ultrasound,MRI and ultrasound scanners,26.6,901812 901813,NonEU,imports,2022-Q3,18.75,0.0,209396.0,
mri_ultrasound,MRI and ultrasound scanners,26.6,901812 901813,NonEU,imports,2022-Q4,21.33,0.0,393591.0,
mri_ultrasound,MRI and ultrasound scanners,26.6,901812 901813,NonEU,imports,2023-Q1,31.73,0.0,356846.0,
mri_ultrasound,MRI and ultrasound scanners,26.6,901812 901813,NonEU,imports,2023-Q2,12.94,0.0,241412.0,
mri_ultrasound,MRI and ultrasound scanners,26.6,901812 901813,NonEU,imports,2023-Q3,13.16,0.0,287498.0,
mri_ultrasound,MRI and ultrasound scanners,26.6,901812 901813,NonEU,imports,2023-Q4,14.45,0.0,220899.0,
mri_ultrasound,MRI and ultrasound scanners,26.6,901812 901813,NonEU,imports,2024-Q1,25.85,0.0,319711.0,
mri_ultrasound,MRI and ultrasound scanners,26.6,901812 901813,NonEU,imports,2024-Q2,14.54,0.0,338400.0,
mri_ultrasound,MRI and ultrasound scanners,26.6,901812 901813,NonEU,imports,2024-Q3,11.65,0.0,266492.0,
mri_ultrasound,MRI and ultrasound scanners,26.6,901812 901813,NonEU,imports,2024-Q4,15.81,0.0,313489.0,
mri_ultrasound,MRI and ultrasound scanners,26.6,901812 901813,NonEU,imports,2025-Q1,24.36,0.0,382228.0,
mri_ultrasound,MRI and ultrasound scanners,26.6,901812 901813,NonEU,imports,2025-Q2,11.07,0.0,210126.0,
mri_ultrasound,MRI and ultrasound scanners,26.6,901812 901813,NonEU,imports,2025-Q3,12.07,0.0,311623.0,
mri_ultrasound,MRI and ultrasound scanners,26.6,901812 901813,NonEU,imports,2025-Q4,16.88,0.0,382632.0,
mri_ultrasound,MRI and ultrasound scanners,26.6,901812 901813,NonEU,imports,2026-Q1,36.66,0.0,457658.0,
mri_ultrasound,MRI and ultrasound scanners,26.6,901812 901813,NonEU,imports,2026-Q2,15.93,0.0,285079.0,
ct_scanners,CT scanners,26.6,902212,EU,exports,2016-Q1,3.7,74.0,38340.0,49945.31
ct_scanners,CT scanners,26.6,902212,EU,exports,2016-Q2,8.97,120.0,64896.0,74723.96
ct_scanners,CT scanners,26.6,902212,EU,exports,2016-Q3,5.17,25.0,41021.0,206998.28
ct_scanners,CT scanners,26.6,902212,EU,exports,2016-Q4,6.63,848.0,50264.0,7816.37
ct_scanners,CT scanners,26.6,902212,EU,exports,2017-Q1,0.71,16.0,18251.0,44306.88
ct_scanners,CT scanners,26.6,902212,EU,exports,2017-Q2,7.13,274.0,83030.0,26022.87
ct_scanners,CT scanners,26.6,902212,EU,exports,2017-Q3,1.26,458.0,16783.0,2748.63
ct_scanners,CT scanners,26.6,902212,EU,exports,2017-Q4,2.12,1025.0,37912.0,2069.92
ct_scanners,CT scanners,26.6,902212,EU,exports,2018-Q1,3.17,550.0,17925.0,5762.78
ct_scanners,CT scanners,26.6,902212,EU,exports,2018-Q2,2.75,438.0,41041.0,6284.75
ct_scanners,CT scanners,26.6,902212,EU,exports,2018-Q3,2.69,75.0,92712.0,35848.37
ct_scanners,CT scanners,26.6,902212,EU,exports,2018-Q4,9.37,653.0,61701.0,14350.55
ct_scanners,CT scanners,26.6,902212,EU,exports,2019-Q1,5.09,355.0,43254.0,14327.44
ct_scanners,CT scanners,26.6,902212,EU,exports,2019-Q2,8.01,356.0,56943.0,22504.02
ct_scanners,CT scanners,26.6,902212,EU,exports,2019-Q3,6.14,222.0,84848.0,27664.81
ct_scanners,CT scanners,26.6,902212,EU,exports,2019-Q4,4.16,789.0,86523.0,5266.4
ct_scanners,CT scanners,26.6,902212,EU,exports,2020-Q1,4.66,35.0,166778.0,133254.11
ct_scanners,CT scanners,26.6,902212,EU,exports,2020-Q2,4.53,20.0,53549.0,226324.25
ct_scanners,CT scanners,26.6,902212,EU,exports,2020-Q3,0.38,13.0,5938.0,29027.31
ct_scanners,CT scanners,26.6,902212,EU,exports,2020-Q4,4.36,24.0,50190.0,181595.17
ct_scanners,CT scanners,26.6,902212,EU,exports,2021-Q1,7.14,568.0,126971.0,12578.25
ct_scanners,CT scanners,26.6,902212,EU,exports,2021-Q2,4.15,324.0,151821.0,12817.71
ct_scanners,CT scanners,26.6,902212,EU,exports,2021-Q3,3.09,49.0,149948.0,63048.67
ct_scanners,CT scanners,26.6,902212,EU,exports,2021-Q4,7.65,1842.0,119880.0,4150.76
ct_scanners,CT scanners,26.6,902212,EU,exports,2022-Q1,6.68,228.0,185439.0,29283.39
ct_scanners,CT scanners,26.6,902212,EU,exports,2022-Q2,10.15,125.0,357181.0,81197.63
ct_scanners,CT scanners,26.6,902212,EU,exports,2022-Q3,11.92,266.0,280128.0,44828.8
ct_scanners,CT scanners,26.6,902212,EU,exports,2022-Q4,6.8,191.0,170879.0,35605.69
ct_scanners,CT scanners,26.6,902212,EU,exports,2023-Q1,10.53,4926.0,184804.0,2138.32
ct_scanners,CT scanners,26.6,902212,EU,exports,2023-Q2,9.61,127.0,269788.0,75690.87
ct_scanners,CT scanners,26.6,902212,EU,exports,2023-Q3,10.57,73.0,292525.0,144739.4
ct_scanners,CT scanners,26.6,902212,EU,exports,2023-Q4,9.44,79.0,210315.0,119517.22
ct_scanners,CT scanners,26.6,902212,EU,exports,2024-Q1,2.91,808.0,70292.0,3600.68
ct_scanners,CT scanners,26.6,902212,EU,exports,2024-Q2,6.39,65.0,261757.0,98324.63
ct_scanners,CT scanners,26.6,902212,EU,exports,2024-Q3,7.52,65.0,329469.0,115635.94
ct_scanners,CT scanners,26.6,902212,EU,exports,2024-Q4,4.72,106.0,163025.0,44495.9
ct_scanners,CT scanners,26.6,902212,EU,exports,2025-Q1,4.34,158.0,143338.0,27495.44
ct_scanners,CT scanners,26.6,902212,EU,exports,2025-Q2,3.48,88.0,212101.0,39583.33
ct_scanners,CT scanners,26.6,902212,EU,exports,2025-Q3,6.72,2166.0,274079.0,3102.32
ct_scanners,CT scanners,26.6,902212,EU,exports,2025-Q4,8.84,3982.0,288287.0,2220.08
ct_scanners,CT scanners,26.6,902212,EU,exports,2026-Q1,3.86,3167.0,137325.0,1219.36
ct_scanners,CT scanners,26.6,902212,EU,exports,2026-Q2,5.66,2478.0,288720.0,2283.29
ct_scanners,CT scanners,26.6,902212,EU,imports,2016-Q1,9.21,146.0,61214.0,63104.47
ct_scanners,CT scanners,26.6,902212,EU,imports,2016-Q2,9.18,125.0,58418.0,73478.75
ct_scanners,CT scanners,26.6,902212,EU,imports,2016-Q3,4.6,62.0,14478.0,74151.16
ct_scanners,CT scanners,26.6,902212,EU,imports,2016-Q4,4.6,141.0,37424.0,32656.67
ct_scanners,CT scanners,26.6,902212,EU,imports,2017-Q1,9.63,907.0,81034.0,10612.05
ct_scanners,CT scanners,26.6,902212,EU,imports,2017-Q2,4.18,182.0,76433.0,22941.34
ct_scanners,CT scanners,26.6,902212,EU,imports,2017-Q3,5.14,484.0,36007.0,10619.96
ct_scanners,CT scanners,26.6,902212,EU,imports,2017-Q4,7.02,732.0,53065.0,9585.39
ct_scanners,CT scanners,26.6,902212,EU,imports,2018-Q1,9.35,1270.0,92171.0,7358.96
ct_scanners,CT scanners,26.6,902212,EU,imports,2018-Q2,7.93,801.0,58464.0,9902.82
ct_scanners,CT scanners,26.6,902212,EU,imports,2018-Q3,3.57,2277.0,2859640.0,1567.37
ct_scanners,CT scanners,26.6,902212,EU,imports,2018-Q4,8.33,178.0,62388.0,46777.7
ct_scanners,CT scanners,26.6,902212,EU,imports,2019-Q1,12.5,637.0,76154.0,19615.97
ct_scanners,CT scanners,26.6,902212,EU,imports,2019-Q2,5.03,3174.0,854998.0,1584.88
ct_scanners,CT scanners,26.6,902212,EU,imports,2019-Q3,9.06,496.0,34534.0,18260.41
ct_scanners,CT scanners,26.6,902212,EU,imports,2019-Q4,7.47,383.0,89919.0,19501.17
ct_scanners,CT scanners,26.6,902212,EU,imports,2020-Q1,26.32,3618.0,141318.0,7275.63
ct_scanners,CT scanners,26.6,902212,EU,imports,2020-Q2,10.24,5090.0,118764.0,2011.16
ct_scanners,CT scanners,26.6,902212,EU,imports,2020-Q3,6.06,92.0,68122.0,65859.0
ct_scanners,CT scanners,26.6,902212,EU,imports,2020-Q4,9.03,7509.0,52102.0,1202.9
ct_scanners,CT scanners,26.6,902212,EU,imports,2021-Q1,24.35,17509.0,103739.0,1390.45
ct_scanners,CT scanners,26.6,902212,EU,imports,2021-Q2,8.38,5369.0,65463.0,1559.89
ct_scanners,CT scanners,26.6,902212,EU,imports,2021-Q3,8.14,15771.0,62811.0,515.86
ct_scanners,CT scanners,26.6,902212,EU,imports,2021-Q4,9.58,10558.0,74496.0,907.72
ct_scanners,CT scanners,26.6,902212,EU,imports,2022-Q1,32.37,326.0,563551.0,99288.86
ct_scanners,CT scanners,26.6,902212,EU,imports,2022-Q2,25.03,2949.0,446076.0,8487.68
ct_scanners,CT scanners,26.6,902212,EU,imports,2022-Q3,18.62,282.0,319010.0,66029.4
ct_scanners,CT scanners,26.6,902212,EU,imports,2022-Q4,13.9,4561.0,211303.0,3048.66
ct_scanners,CT scanners,26.6,902212,EU,imports,2023-Q1,36.68,636.0,457554.0,57680.68
ct_scanners,CT scanners,26.6,902212,EU,imports,2023-Q2,25.84,144.0,336783.0,179474.1
ct_scanners,CT scanners,26.6,902212,EU,imports,2023-Q3,16.41,179.0,278820.0,91672.61
ct_scanners,CT scanners,26.6,902212,EU,imports,2023-Q4,18.53,419.0,299471.0,44234.3
ct_scanners,CT scanners,26.6,902212,EU,imports,2024-Q1,30.5,235.0,383942.0,129781.95
ct_scanners,CT scanners,26.6,902212,EU,imports,2024-Q2,28.92,208.0,581927.0,139036.58
ct_scanners,CT scanners,26.6,902212,EU,imports,2024-Q3,21.5,2892.0,392083.0,7433.29
ct_scanners,CT scanners,26.6,902212,EU,imports,2024-Q4,12.62,202.0,208916.0,62489.9
ct_scanners,CT scanners,26.6,902212,EU,imports,2025-Q1,43.67,234.0,450629.0,186634.6
ct_scanners,CT scanners,26.6,902212,EU,imports,2025-Q2,21.13,427.0,385088.0,49493.38
ct_scanners,CT scanners,26.6,902212,EU,imports,2025-Q3,17.27,595.0,369195.0,29016.85
ct_scanners,CT scanners,26.6,902212,EU,imports,2025-Q4,17.89,3053.0,385057.0,5860.56
ct_scanners,CT scanners,26.6,902212,EU,imports,2026-Q1,51.1,29500.0,361643.0,1732.21
ct_scanners,CT scanners,26.6,902212,EU,imports,2026-Q2,11.17,1509.0,292142.0,7400.1
ct_scanners,CT scanners,26.6,902212,NonEU,exports,2016-Q1,0.83,711.0,15517.0,1165.37
ct_scanners,CT scanners,26.6,902212,NonEU,exports,2016-Q2,0.46,1117.0,7906.0,411.21
ct_scanners,CT scanners,26.6,902212,NonEU,exports,2016-Q3,1.33,597.0,12317.0,2229.04
ct_scanners,CT scanners,26.6,902212,NonEU,exports,2016-Q4,1.67,363.0,14441.0,4587.79
ct_scanners,CT scanners,26.6,902212,NonEU,exports,2017-Q1,3.67,16791.0,30699.0,218.67
ct_scanners,CT scanners,26.6,902212,NonEU,exports,2017-Q2,2.04,3035.0,20833.0,671.83
ct_scanners,CT scanners,26.6,902212,NonEU,exports,2017-Q3,5.27,2860.0,54065.0,1842.78
ct_scanners,CT scanners,26.6,902212,NonEU,exports,2017-Q4,6.33,2273.0,34755.0,2783.13
ct_scanners,CT scanners,26.6,902212,NonEU,exports,2018-Q1,4.26,908.0,47344.0,4686.23
ct_scanners,CT scanners,26.6,902212,NonEU,exports,2018-Q2,1.62,10517.0,21312.0,154.5
ct_scanners,CT scanners,26.6,902212,NonEU,exports,2018-Q3,3.34,345.0,35760.0,9683.3
ct_scanners,CT scanners,26.6,902212,NonEU,exports,2018-Q4,1.79,10280.0,8418.0,174.29
ct_scanners,CT scanners,26.6,902212,NonEU,exports,2019-Q1,3.58,375.0,160668.0,9547.02
ct_scanners,CT scanners,26.6,902212,NonEU,exports,2019-Q2,1.66,208.0,26310.0,7978.99
ct_scanners,CT scanners,26.6,902212,NonEU,exports,2019-Q3,2.25,28.0,31793.0,80481.14
ct_scanners,CT scanners,26.6,902212,NonEU,exports,2019-Q4,6.97,1939.0,116814.0,3595.61
ct_scanners,CT scanners,26.6,902212,NonEU,exports,2020-Q1,6.11,148.0,120712.0,41268.66
ct_scanners,CT scanners,26.6,902212,NonEU,exports,2020-Q2,4.31,812.0,89186.0,5304.8
ct_scanners,CT scanners,26.6,902212,NonEU,exports,2020-Q3,16.69,605.0,214173.0,27583.73
ct_scanners,CT scanners,26.6,902212,NonEU,exports,2020-Q4,15.77,222.0,209965.0,71018.21
ct_scanners,CT scanners,26.6,902212,NonEU,exports,2021-Q1,8.44,666.0,183939.0,12666.98
ct_scanners,CT scanners,26.6,902212,NonEU,exports,2021-Q2,6.57,194.0,123963.0,33848.37
ct_scanners,CT scanners,26.6,902212,NonEU,exports,2021-Q3,4.82,284.0,103550.0,16970.05
ct_scanners,CT scanners,26.6,902212,NonEU,exports,2021-Q4,1.73,113.0,51791.0,15337.0
ct_scanners,CT scanners,26.6,902212,NonEU,exports,2022-Q1,4.3,655.0,121220.0,6562.36
ct_scanners,CT scanners,26.6,902212,NonEU,exports,2022-Q2,6.42,106.0,123338.0,60524.38
ct_scanners,CT scanners,26.6,902212,NonEU,exports,2022-Q3,8.35,493.0,180645.0,16938.54
ct_scanners,CT scanners,26.6,902212,NonEU,exports,2022-Q4,7.97,184.0,186639.0,43288.55
ct_scanners,CT scanners,26.6,902212,NonEU,exports,2023-Q1,4.19,90.0,82787.0,46595.68
ct_scanners,CT scanners,26.6,902212,NonEU,exports,2023-Q2,7.14,112.0,94604.0,63767.08
ct_scanners,CT scanners,26.6,902212,NonEU,exports,2023-Q3,2.58,48.0,41139.0,53728.08
ct_scanners,CT scanners,26.6,902212,NonEU,exports,2023-Q4,10.36,411.0,196593.0,25197.14
ct_scanners,CT scanners,26.6,902212,NonEU,exports,2024-Q1,6.54,98.0,106312.0,66779.74
ct_scanners,CT scanners,26.6,902212,NonEU,exports,2024-Q2,12.11,3222.0,187240.0,3759.84
ct_scanners,CT scanners,26.6,902212,NonEU,exports,2024-Q3,11.19,102.0,204267.0,109672.83
ct_scanners,CT scanners,26.6,902212,NonEU,exports,2024-Q4,5.32,76.0,126786.0,69984.64
ct_scanners,CT scanners,26.6,902212,NonEU,exports,2025-Q1,6.58,3110.0,453392.0,2115.28
ct_scanners,CT scanners,26.6,902212,NonEU,exports,2025-Q2,16.73,95.0,256071.0,176131.37
ct_scanners,CT scanners,26.6,902212,NonEU,exports,2025-Q3,12.46,2444.0,157671.0,5099.87
ct_scanners,CT scanners,26.6,902212,NonEU,exports,2025-Q4,13.96,2947.0,261735.0,4735.86
ct_scanners,CT scanners,26.6,902212,NonEU,exports,2026-Q1,19.05,18544.0,348986.0,1027.05
ct_scanners,CT scanners,26.6,902212,NonEU,exports,2026-Q2,7.4,2872.0,179250.0,2575.98
ct_scanners,CT scanners,26.6,902212,NonEU,imports,2016-Q1,4.9,52.0,76519.0,94150.35
ct_scanners,CT scanners,26.6,902212,NonEU,imports,2016-Q2,10.61,402.0,118012.0,26387.79
ct_scanners,CT scanners,26.6,902212,NonEU,imports,2016-Q3,7.19,1732.0,95362.0,4148.82
ct_scanners,CT scanners,26.6,902212,NonEU,imports,2016-Q4,8.14,342.0,97652.0,23801.3
ct_scanners,CT scanners,26.6,902212,NonEU,imports,2017-Q1,20.44,52.0,188778.0,393082.4
ct_scanners,CT scanners,26.6,902212,NonEU,imports,2017-Q2,7.42,57.0,59503.0,130248.96
ct_scanners,CT scanners,26.6,902212,NonEU,imports,2017-Q3,8.15,712.0,101725.0,11447.23
ct_scanners,CT scanners,26.6,902212,NonEU,imports,2017-Q4,10.8,2670.0,133888.0,4045.47
ct_scanners,CT scanners,26.6,902212,NonEU,imports,2018-Q1,13.51,25328.0,199846.0,533.49
ct_scanners,CT scanners,26.6,902212,NonEU,imports,2018-Q2,12.24,455.0,177655.0,26904.55
ct_scanners,CT scanners,26.6,902212,NonEU,imports,2018-Q3,7.02,85.0,77543.0,82617.65
ct_scanners,CT scanners,26.6,902212,NonEU,imports,2018-Q4,3.98,1541.0,40559.0,2583.22
ct_scanners,CT scanners,26.6,902212,NonEU,imports,2019-Q1,4.41,71.0,83001.0,62094.3
ct_scanners,CT scanners,26.6,902212,NonEU,imports,2019-Q2,2.11,53.0,38286.0,39760.57
ct_scanners,CT scanners,26.6,902212,NonEU,imports,2019-Q3,5.22,1370.0,85332.0,3808.68
ct_scanners,CT scanners,26.6,902212,NonEU,imports,2019-Q4,2.57,52.0,48545.0,49475.17
ct_scanners,CT scanners,26.6,902212,NonEU,imports,2020-Q1,4.58,37.0,82645.0,123910.41
ct_scanners,CT scanners,26.6,902212,NonEU,imports,2020-Q2,3.77,12869.0,71832.0,292.65
ct_scanners,CT scanners,26.6,902212,NonEU,imports,2020-Q3,1.77,3652.0,41134.0,484.96
ct_scanners,CT scanners,26.6,902212,NonEU,imports,2020-Q4,2.64,2229.0,43923.0,1182.71
ct_scanners,CT scanners,26.6,902212,NonEU,imports,2021-Q1,11.96,132.0,122773.0,90574.7
ct_scanners,CT scanners,26.6,902212,NonEU,imports,2021-Q2,4.4,35.0,71085.0,125648.66
ct_scanners,CT scanners,26.6,902212,NonEU,imports,2021-Q3,2.12,1421.0,39256.0,1494.33
ct_scanners,CT scanners,26.6,902212,NonEU,imports,2021-Q4,3.96,1634.0,53643.0,2421.28
ct_scanners,CT scanners,26.6,902212,NonEU,imports,2022-Q1,10.48,3079.0,118096.0,3404.71
ct_scanners,CT scanners,26.6,902212,NonEU,imports,2022-Q2,9.96,439.0,217792.0,22681.52
ct_scanners,CT scanners,26.6,902212,NonEU,imports,2022-Q3,9.46,102.0,93910.0,92703.72
ct_scanners,CT scanners,26.6,902212,NonEU,imports,2022-Q4,3.49,42.0,34807.0,82988.83
ct_scanners,CT scanners,26.6,902212,NonEU,imports,2023-Q1,13.65,427.0,114030.0,31975.26
ct_scanners,CT scanners,26.6,902212,NonEU,imports,2023-Q2,6.76,743.0,103045.0,9093.8
ct_scanners,CT scanners,26.6,902212,NonEU,imports,2023-Q3,7.79,272.0,46865.0,28638.06
ct_scanners,CT scanners,26.6,902212,NonEU,imports,2023-Q4,6.47,75.0,69721.0,86214.63
ct_scanners,CT scanners,26.6,902212,NonEU,imports,2024-Q1,14.09,71.0,104712.0,198390.94
ct_scanners,CT scanners,26.6,902212,NonEU,imports,2024-Q2,9.67,133.0,95249.0,72710.65
ct_scanners,CT scanners,26.6,902212,NonEU,imports,2024-Q3,11.24,637.0,59879.0,17651.14
ct_scanners,CT scanners,26.6,902212,NonEU,imports,2024-Q4,3.45,413.0,46183.0,8352.55
ct_scanners,CT scanners,26.6,902212,NonEU,imports,2025-Q1,17.38,51.0,93569.0,340779.27
ct_scanners,CT scanners,26.6,902212,NonEU,imports,2025-Q2,4.64,4904.0,76132.0,945.7
ct_scanners,CT scanners,26.6,902212,NonEU,imports,2025-Q3,4.33,582.0,31716.0,7445.61
ct_scanners,CT scanners,26.6,902212,NonEU,imports,2025-Q4,5.12,19586.0,44229.0,261.6
ct_scanners,CT scanners,26.6,902212,NonEU,imports,2026-Q1,13.9,1990.0,103484.0,6986.11
ct_scanners,CT scanners,26.6,902212,NonEU,imports,2026-Q2,4.38,2011.0,106032.0,2176.8
robots,Industrial robots,28.9,847950,EU,exports,2016-Q1,2.88,0.0,97256.0,
robots,Industrial robots,28.9,847950,EU,exports,2016-Q2,4.55,0.0,116007.0,
robots,Industrial robots,28.9,847950,EU,exports,2016-Q3,2.94,0.0,86987.0,
robots,Industrial robots,28.9,847950,EU,exports,2016-Q4,2.98,0.0,89005.0,
robots,Industrial robots,28.9,847950,EU,exports,2017-Q1,3.63,0.0,118907.0,
robots,Industrial robots,28.9,847950,EU,exports,2017-Q2,2.61,0.0,74502.0,
robots,Industrial robots,28.9,847950,EU,exports,2017-Q3,4.76,0.0,62988.0,
robots,Industrial robots,28.9,847950,EU,exports,2017-Q4,3.97,0.0,58161.0,
robots,Industrial robots,28.9,847950,EU,exports,2018-Q1,4.56,0.0,113386.0,
robots,Industrial robots,28.9,847950,EU,exports,2018-Q2,4.21,0.0,153388.0,
robots,Industrial robots,28.9,847950,EU,exports,2018-Q3,2.71,0.0,97931.0,
robots,Industrial robots,28.9,847950,EU,exports,2018-Q4,7.91,0.0,114749.0,
robots,Industrial robots,28.9,847950,EU,exports,2019-Q1,3.28,0.0,87980.0,
robots,Industrial robots,28.9,847950,EU,exports,2019-Q2,5.15,0.0,102354.0,
robots,Industrial robots,28.9,847950,EU,exports,2019-Q3,6.61,0.0,108526.0,
robots,Industrial robots,28.9,847950,EU,exports,2019-Q4,4.66,0.0,390119.0,
robots,Industrial robots,28.9,847950,EU,exports,2020-Q1,3.78,0.0,97675.0,
robots,Industrial robots,28.9,847950,EU,exports,2020-Q2,7.85,0.0,104611.0,
robots,Industrial robots,28.9,847950,EU,exports,2020-Q3,8.42,0.0,123637.0,
robots,Industrial robots,28.9,847950,EU,exports,2020-Q4,6.22,0.0,82488.0,
robots,Industrial robots,28.9,847950,EU,exports,2021-Q1,5.86,0.0,71407.0,
robots,Industrial robots,28.9,847950,EU,exports,2021-Q2,4.93,0.0,72780.0,
robots,Industrial robots,28.9,847950,EU,exports,2021-Q3,18.94,0.0,131922.0,
robots,Industrial robots,28.9,847950,EU,exports,2021-Q4,6.7,0.0,103491.0,
robots,Industrial robots,28.9,847950,EU,exports,2022-Q1,4.52,0.0,110041.0,
robots,Industrial robots,28.9,847950,EU,exports,2022-Q2,10.5,0.0,314480.0,
robots,Industrial robots,28.9,847950,EU,exports,2022-Q3,9.78,0.0,295367.0,
robots,Industrial robots,28.9,847950,EU,exports,2022-Q4,11.76,0.0,363447.0,
robots,Industrial robots,28.9,847950,EU,exports,2023-Q1,10.36,0.0,97559.0,
robots,Industrial robots,28.9,847950,EU,exports,2023-Q2,9.0,0.0,118493.0,
robots,Industrial robots,28.9,847950,EU,exports,2023-Q3,11.51,0.0,93482.0,
robots,Industrial robots,28.9,847950,EU,exports,2023-Q4,8.89,0.0,259124.0,
robots,Industrial robots,28.9,847950,EU,exports,2024-Q1,8.95,0.0,149147.0,
robots,Industrial robots,28.9,847950,EU,exports,2024-Q2,9.94,0.0,341008.0,
robots,Industrial robots,28.9,847950,EU,exports,2024-Q3,11.63,0.0,241188.0,
robots,Industrial robots,28.9,847950,EU,exports,2024-Q4,8.09,0.0,92136.0,
robots,Industrial robots,28.9,847950,EU,exports,2025-Q1,6.65,0.0,132736.0,
robots,Industrial robots,28.9,847950,EU,exports,2025-Q2,9.14,0.0,257863.0,
robots,Industrial robots,28.9,847950,EU,exports,2025-Q3,6.04,0.0,151569.0,
robots,Industrial robots,28.9,847950,EU,exports,2025-Q4,9.65,0.0,85591.0,
robots,Industrial robots,28.9,847950,EU,exports,2026-Q1,4.4,0.0,110208.0,
robots,Industrial robots,28.9,847950,EU,exports,2026-Q2,10.82,0.0,141729.0,
robots,Industrial robots,28.9,847950,EU,imports,2016-Q1,6.61,0.0,545863.0,
robots,Industrial robots,28.9,847950,EU,imports,2016-Q2,7.53,0.0,343955.0,
robots,Industrial robots,28.9,847950,EU,imports,2016-Q3,8.01,0.0,238492.0,
robots,Industrial robots,28.9,847950,EU,imports,2016-Q4,8.61,0.0,392098.0,
robots,Industrial robots,28.9,847950,EU,imports,2017-Q1,8.76,0.0,386174.0,
robots,Industrial robots,28.9,847950,EU,imports,2017-Q2,8.12,0.0,352404.0,
robots,Industrial robots,28.9,847950,EU,imports,2017-Q3,9.26,0.0,420119.0,
robots,Industrial robots,28.9,847950,EU,imports,2017-Q4,15.83,0.0,850090.0,
robots,Industrial robots,28.9,847950,EU,imports,2018-Q1,11.95,0.0,306842.0,
robots,Industrial robots,28.9,847950,EU,imports,2018-Q2,13.01,0.0,640134.0,
robots,Industrial robots,28.9,847950,EU,imports,2018-Q3,9.37,0.0,397867.0,
robots,Industrial robots,28.9,847950,EU,imports,2018-Q4,10.59,0.0,354419.0,
robots,Industrial robots,28.9,847950,EU,imports,2019-Q1,11.3,0.0,451928.0,
robots,Industrial robots,28.9,847950,EU,imports,2019-Q2,12.31,0.0,501594.0,
robots,Industrial robots,28.9,847950,EU,imports,2019-Q3,11.56,0.0,431911.0,
robots,Industrial robots,28.9,847950,EU,imports,2019-Q4,9.9,0.0,229361.0,
robots,Industrial robots,28.9,847950,EU,imports,2020-Q1,13.16,0.0,613321.0,
robots,Industrial robots,28.9,847950,EU,imports,2020-Q2,9.84,0.0,351464.0,
robots,Industrial robots,28.9,847950,EU,imports,2020-Q3,14.21,0.0,159488.0,
robots,Industrial robots,28.9,847950,EU,imports,2020-Q4,11.22,0.0,288724.0,
robots,Industrial robots,28.9,847950,EU,imports,2021-Q1,9.66,0.0,167470.0,
robots,Industrial robots,28.9,847950,EU,imports,2021-Q2,8.94,0.0,190502.0,
robots,Industrial robots,28.9,847950,EU,imports,2021-Q3,9.85,0.0,219168.0,
robots,Industrial robots,28.9,847950,EU,imports,2021-Q4,8.61,0.0,461320.0,
robots,Industrial robots,28.9,847950,EU,imports,2022-Q1,15.81,0.0,513058.0,
robots,Industrial robots,28.9,847950,EU,imports,2022-Q2,17.79,0.0,582041.0,
robots,Industrial robots,28.9,847950,EU,imports,2022-Q3,17.05,0.0,597357.0,
robots,Industrial robots,28.9,847950,EU,imports,2022-Q4,24.76,0.0,727527.0,
robots,Industrial robots,28.9,847950,EU,imports,2023-Q1,21.08,0.0,574377.0,
robots,Industrial robots,28.9,847950,EU,imports,2023-Q2,24.11,0.0,1269320.0,
robots,Industrial robots,28.9,847950,EU,imports,2023-Q3,32.78,0.0,1565211.0,
robots,Industrial robots,28.9,847950,EU,imports,2023-Q4,30.5,0.0,1083975.0,
robots,Industrial robots,28.9,847950,EU,imports,2024-Q1,22.0,0.0,1328456.0,
robots,Industrial robots,28.9,847950,EU,imports,2024-Q2,19.61,0.0,633358.0,
robots,Industrial robots,28.9,847950,EU,imports,2024-Q3,26.48,0.0,713400.0,
robots,Industrial robots,28.9,847950,EU,imports,2024-Q4,26.35,0.0,746880.0,
robots,Industrial robots,28.9,847950,EU,imports,2025-Q1,25.93,0.0,565264.0,
robots,Industrial robots,28.9,847950,EU,imports,2025-Q2,24.12,0.0,625460.0,
robots,Industrial robots,28.9,847950,EU,imports,2025-Q3,25.71,0.0,609940.0,
robots,Industrial robots,28.9,847950,EU,imports,2025-Q4,15.6,0.0,307385.0,
robots,Industrial robots,28.9,847950,EU,imports,2026-Q1,22.36,0.0,583312.0,
robots,Industrial robots,28.9,847950,EU,imports,2026-Q2,18.62,0.0,532422.0,
robots,Industrial robots,28.9,847950,NonEU,exports,2016-Q1,6.38,0.0,150537.0,
robots,Industrial robots,28.9,847950,NonEU,exports,2016-Q2,7.11,0.0,135266.0,
robots,Industrial robots,28.9,847950,NonEU,exports,2016-Q3,6.29,0.0,140703.0,
robots,Industrial robots,28.9,847950,NonEU,exports,2016-Q4,11.43,0.0,288466.0,
robots,Industrial robots,28.9,847950,NonEU,exports,2017-Q1,9.46,0.0,82911.0,
robots,Industrial robots,28.9,847950,NonEU,exports,2017-Q2,8.85,0.0,375283.0,
robots,Industrial robots,28.9,847950,NonEU,exports,2017-Q3,9.97,0.0,177336.0,
robots,Industrial robots,28.9,847950,NonEU,exports,2017-Q4,12.29,0.0,138531.0,
robots,Industrial robots,28.9,847950,NonEU,exports,2018-Q1,11.3,0.0,134005.0,
robots,Industrial robots,28.9,847950,NonEU,exports,2018-Q2,7.98,0.0,204923.0,
robots,Industrial robots,28.9,847950,NonEU,exports,2018-Q3,12.14,0.0,133538.0,
robots,Industrial robots,28.9,847950,NonEU,exports,2018-Q4,11.67,0.0,129742.0,
robots,Industrial robots,28.9,847950,NonEU,exports,2019-Q1,8.84,0.0,114355.0,
robots,Industrial robots,28.9,847950,NonEU,exports,2019-Q2,12.97,0.0,198104.0,
robots,Industrial robots,28.9,847950,NonEU,exports,2019-Q3,12.41,0.0,153662.0,
robots,Industrial robots,28.9,847950,NonEU,exports,2019-Q4,29.66,0.0,519656.0,
robots,Industrial robots,28.9,847950,NonEU,exports,2020-Q1,13.17,0.0,83795.0,
robots,Industrial robots,28.9,847950,NonEU,exports,2020-Q2,10.09,0.0,48962.0,
robots,Industrial robots,28.9,847950,NonEU,exports,2020-Q3,18.19,0.0,146546.0,
robots,Industrial robots,28.9,847950,NonEU,exports,2020-Q4,16.0,0.0,159045.0,
robots,Industrial robots,28.9,847950,NonEU,exports,2021-Q1,12.76,0.0,83802.0,
robots,Industrial robots,28.9,847950,NonEU,exports,2021-Q2,11.67,0.0,62209.0,
robots,Industrial robots,28.9,847950,NonEU,exports,2021-Q3,17.71,0.0,128568.0,
robots,Industrial robots,28.9,847950,NonEU,exports,2021-Q4,18.04,0.0,232253.0,
robots,Industrial robots,28.9,847950,NonEU,exports,2022-Q1,15.4,0.0,942205.0,
robots,Industrial robots,28.9,847950,NonEU,exports,2022-Q2,21.47,0.0,196577.0,
robots,Industrial robots,28.9,847950,NonEU,exports,2022-Q3,23.1,0.0,255734.0,
robots,Industrial robots,28.9,847950,NonEU,exports,2022-Q4,33.8,0.0,495044.0,
robots,Industrial robots,28.9,847950,NonEU,exports,2023-Q1,24.83,0.0,347642.0,
robots,Industrial robots,28.9,847950,NonEU,exports,2023-Q2,23.67,0.0,261787.0,
robots,Industrial robots,28.9,847950,NonEU,exports,2023-Q3,15.22,0.0,101620.0,
robots,Industrial robots,28.9,847950,NonEU,exports,2023-Q4,22.14,0.0,104606.0,
robots,Industrial robots,28.9,847950,NonEU,exports,2024-Q1,16.11,0.0,94744.0,
robots,Industrial robots,28.9,847950,NonEU,exports,2024-Q2,12.54,0.0,140525.0,
robots,Industrial robots,28.9,847950,NonEU,exports,2024-Q3,17.91,0.0,235574.0,
robots,Industrial robots,28.9,847950,NonEU,exports,2024-Q4,20.71,0.0,99499.0,
robots,Industrial robots,28.9,847950,NonEU,exports,2025-Q1,19.13,0.0,311956.0,
robots,Industrial robots,28.9,847950,NonEU,exports,2025-Q2,13.68,0.0,253382.0,
robots,Industrial robots,28.9,847950,NonEU,exports,2025-Q3,21.24,0.0,179016.0,
robots,Industrial robots,28.9,847950,NonEU,exports,2025-Q4,12.54,0.0,84851.0,
robots,Industrial robots,28.9,847950,NonEU,exports,2026-Q1,10.68,0.0,83971.0,
robots,Industrial robots,28.9,847950,NonEU,exports,2026-Q2,15.79,0.0,69969.0,
robots,Industrial robots,28.9,847950,NonEU,imports,2016-Q1,3.99,0.0,150351.0,
robots,Industrial robots,28.9,847950,NonEU,imports,2016-Q2,2.23,0.0,200388.0,
robots,Industrial robots,28.9,847950,NonEU,imports,2016-Q3,4.15,0.0,114630.0,
robots,Industrial robots,28.9,847950,NonEU,imports,2016-Q4,2.3,0.0,173436.0,
robots,Industrial robots,28.9,847950,NonEU,imports,2017-Q1,2.69,0.0,107604.0,
robots,Industrial robots,28.9,847950,NonEU,imports,2017-Q2,4.6,0.0,130368.0,
robots,Industrial robots,28.9,847950,NonEU,imports,2017-Q3,15.33,0.0,361359.0,
robots,Industrial robots,28.9,847950,NonEU,imports,2017-Q4,5.16,0.0,384319.0,
robots,Industrial robots,28.9,847950,NonEU,imports,2018-Q1,7.48,0.0,267603.0,
robots,Industrial robots,28.9,847950,NonEU,imports,2018-Q2,4.71,0.0,303952.0,
robots,Industrial robots,28.9,847950,NonEU,imports,2018-Q3,4.5,0.0,372882.0,
robots,Industrial robots,28.9,847950,NonEU,imports,2018-Q4,3.41,0.0,336393.0,
robots,Industrial robots,28.9,847950,NonEU,imports,2019-Q1,5.59,0.0,204325.0,
robots,Industrial robots,28.9,847950,NonEU,imports,2019-Q2,4.99,0.0,191355.0,
robots,Industrial robots,28.9,847950,NonEU,imports,2019-Q3,5.5,0.0,107703.0,
robots,Industrial robots,28.9,847950,NonEU,imports,2019-Q4,4.41,0.0,121875.0,
robots,Industrial robots,28.9,847950,NonEU,imports,2020-Q1,4.52,0.0,174405.0,
robots,Industrial robots,28.9,847950,NonEU,imports,2020-Q2,7.15,0.0,237488.0,
robots,Industrial robots,28.9,847950,NonEU,imports,2020-Q3,10.36,0.0,177047.0,
robots,Industrial robots,28.9,847950,NonEU,imports,2020-Q4,3.45,0.0,78608.0,
robots,Industrial robots,28.9,847950,NonEU,imports,2021-Q1,7.05,0.0,138858.0,
robots,Industrial robots,28.9,847950,NonEU,imports,2021-Q2,7.02,0.0,96308.0,
robots,Industrial robots,28.9,847950,NonEU,imports,2021-Q3,7.16,0.0,137185.0,
robots,Industrial robots,28.9,847950,NonEU,imports,2021-Q4,5.52,0.0,90728.0,
robots,Industrial robots,28.9,847950,NonEU,imports,2022-Q1,5.17,0.0,66167.0,
robots,Industrial robots,28.9,847950,NonEU,imports,2022-Q2,4.18,0.0,61718.0,
robots,Industrial robots,28.9,847950,NonEU,imports,2022-Q3,9.12,0.0,116428.0,
robots,Industrial robots,28.9,847950,NonEU,imports,2022-Q4,7.37,0.0,224733.0,
robots,Industrial robots,28.9,847950,NonEU,imports,2023-Q1,9.55,0.0,129761.0,
robots,Industrial robots,28.9,847950,NonEU,imports,2023-Q2,6.83,0.0,120922.0,
robots,Industrial robots,28.9,847950,NonEU,imports,2023-Q3,5.26,0.0,40007.0,
robots,Industrial robots,28.9,847950,NonEU,imports,2023-Q4,6.05,0.0,88581.0,
robots,Industrial robots,28.9,847950,NonEU,imports,2024-Q1,5.69,0.0,136883.0,
robots,Industrial robots,28.9,847950,NonEU,imports,2024-Q2,8.3,0.0,140905.0,
robots,Industrial robots,28.9,847950,NonEU,imports,2024-Q3,3.3,0.0,45555.0,
robots,Industrial robots,28.9,847950,NonEU,imports,2024-Q4,5.4,0.0,135056.0,
robots,Industrial robots,28.9,847950,NonEU,imports,2025-Q1,8.12,0.0,188072.0,
robots,Industrial robots,28.9,847950,NonEU,imports,2025-Q2,7.1,0.0,113597.0,
robots,Industrial robots,28.9,847950,NonEU,imports,2025-Q3,10.21,0.0,181902.0,
robots,Industrial robots,28.9,847950,NonEU,imports,2025-Q4,9.9,0.0,106784.0,
robots,Industrial robots,28.9,847950,NonEU,imports,2026-Q1,9.3,0.0,105841.0,
robots,Industrial robots,28.9,847950,NonEU,imports,2026-Q2,7.3,0.0,98180.0,
handling_robots,Handling robots,28.2,842870,EU,exports,2022-Q1,0.08,0.0,8643.0,
handling_robots,Handling robots,28.2,842870,EU,exports,2022-Q2,0.26,0.0,12829.0,
handling_robots,Handling robots,28.2,842870,EU,exports,2022-Q3,0.37,0.0,11978.0,
handling_robots,Handling robots,28.2,842870,EU,exports,2022-Q4,0.74,0.0,46639.0,
handling_robots,Handling robots,28.2,842870,EU,exports,2023-Q1,1.81,0.0,24618.0,
handling_robots,Handling robots,28.2,842870,EU,exports,2023-Q2,1.78,0.0,34027.0,
handling_robots,Handling robots,28.2,842870,EU,exports,2023-Q3,0.88,0.0,34651.0,
handling_robots,Handling robots,28.2,842870,EU,exports,2023-Q4,0.97,0.0,38018.0,
handling_robots,Handling robots,28.2,842870,EU,exports,2024-Q1,6.0,0.0,82978.0,
handling_robots,Handling robots,28.2,842870,EU,exports,2024-Q2,0.64,0.0,19829.0,
handling_robots,Handling robots,28.2,842870,EU,exports,2024-Q3,3.23,0.0,30293.0,
handling_robots,Handling robots,28.2,842870,EU,exports,2024-Q4,7.68,0.0,92902.0,
handling_robots,Handling robots,28.2,842870,EU,exports,2025-Q1,1.59,0.0,65294.0,
handling_robots,Handling robots,28.2,842870,EU,exports,2025-Q2,1.16,0.0,19718.0,
handling_robots,Handling robots,28.2,842870,EU,exports,2025-Q3,1.07,0.0,25749.0,
handling_robots,Handling robots,28.2,842870,EU,exports,2025-Q4,5.99,0.0,59241.0,
handling_robots,Handling robots,28.2,842870,EU,exports,2026-Q1,1.76,0.0,21012.0,
handling_robots,Handling robots,28.2,842870,EU,exports,2026-Q2,0.75,0.0,24543.0,
handling_robots,Handling robots,28.2,842870,EU,imports,2022-Q1,0.91,0.0,26216.0,
handling_robots,Handling robots,28.2,842870,EU,imports,2022-Q2,0.55,0.0,77175.0,
handling_robots,Handling robots,28.2,842870,EU,imports,2022-Q3,5.22,0.0,38595.0,
handling_robots,Handling robots,28.2,842870,EU,imports,2022-Q4,3.27,0.0,23983.0,
handling_robots,Handling robots,28.2,842870,EU,imports,2023-Q1,7.35,0.0,161996.0,
handling_robots,Handling robots,28.2,842870,EU,imports,2023-Q2,12.41,0.0,187457.0,
handling_robots,Handling robots,28.2,842870,EU,imports,2023-Q3,3.67,0.0,76480.0,
handling_robots,Handling robots,28.2,842870,EU,imports,2023-Q4,11.27,0.0,113193.0,
handling_robots,Handling robots,28.2,842870,EU,imports,2024-Q1,9.31,0.0,136583.0,
handling_robots,Handling robots,28.2,842870,EU,imports,2024-Q2,9.62,0.0,179702.0,
handling_robots,Handling robots,28.2,842870,EU,imports,2024-Q3,3.45,0.0,49699.0,
handling_robots,Handling robots,28.2,842870,EU,imports,2024-Q4,14.64,0.0,208371.0,
handling_robots,Handling robots,28.2,842870,EU,imports,2025-Q1,3.17,0.0,83972.0,
handling_robots,Handling robots,28.2,842870,EU,imports,2025-Q2,7.64,0.0,108756.0,
handling_robots,Handling robots,28.2,842870,EU,imports,2025-Q3,4.46,0.0,86974.0,
handling_robots,Handling robots,28.2,842870,EU,imports,2025-Q4,4.39,0.0,67059.0,
handling_robots,Handling robots,28.2,842870,EU,imports,2026-Q1,3.14,0.0,74741.0,
handling_robots,Handling robots,28.2,842870,EU,imports,2026-Q2,14.84,0.0,251105.0,
handling_robots,Handling robots,28.2,842870,NonEU,exports,2022-Q3,0.21,0.0,12493.0,
handling_robots,Handling robots,28.2,842870,NonEU,exports,2022-Q4,0.05,0.0,3570.0,
handling_robots,Handling robots,28.2,842870,NonEU,exports,2023-Q1,2.27,0.0,23780.0,
handling_robots,Handling robots,28.2,842870,NonEU,exports,2023-Q2,3.1,0.0,32181.0,
handling_robots,Handling robots,28.2,842870,NonEU,exports,2023-Q3,0.97,0.0,12304.0,
handling_robots,Handling robots,28.2,842870,NonEU,exports,2023-Q4,0.7,0.0,17534.0,
handling_robots,Handling robots,28.2,842870,NonEU,exports,2024-Q2,3.92,0.0,162808.0,
handling_robots,Handling robots,28.2,842870,NonEU,exports,2024-Q3,0.93,0.0,14742.0,
handling_robots,Handling robots,28.2,842870,NonEU,exports,2024-Q4,2.59,0.0,63183.0,
handling_robots,Handling robots,28.2,842870,NonEU,exports,2025-Q1,0.78,0.0,19653.0,
handling_robots,Handling robots,28.2,842870,NonEU,exports,2025-Q2,2.05,0.0,41439.0,
handling_robots,Handling robots,28.2,842870,NonEU,exports,2025-Q3,1.03,0.0,16847.0,
handling_robots,Handling robots,28.2,842870,NonEU,exports,2025-Q4,1.99,0.0,44720.0,
handling_robots,Handling robots,28.2,842870,NonEU,exports,2026-Q1,2.33,0.0,37155.0,
handling_robots,Handling robots,28.2,842870,NonEU,exports,2026-Q2,1.16,0.0,81768.0,
handling_robots,Handling robots,28.2,842870,NonEU,imports,2022-Q2,0.19,0.0,1354.0,
handling_robots,Handling robots,28.2,842870,NonEU,imports,2022-Q3,3.08,0.0,21478.0,
handling_robots,Handling robots,28.2,842870,NonEU,imports,2022-Q4,1.75,0.0,175919.0,
handling_robots,Handling robots,28.2,842870,NonEU,imports,2023-Q1,3.81,0.0,242689.0,
handling_robots,Handling robots,28.2,842870,NonEU,imports,2023-Q2,2.81,0.0,40754.0,
handling_robots,Handling robots,28.2,842870,NonEU,imports,2023-Q3,1.82,0.0,81820.0,
handling_robots,Handling robots,28.2,842870,NonEU,imports,2023-Q4,7.43,0.0,142262.0,
handling_robots,Handling robots,28.2,842870,NonEU,imports,2024-Q1,1.15,0.0,13977.0,
handling_robots,Handling robots,28.2,842870,NonEU,imports,2024-Q2,2.91,0.0,71307.0,
handling_robots,Handling robots,28.2,842870,NonEU,imports,2024-Q3,9.68,0.0,166310.0,
handling_robots,Handling robots,28.2,842870,NonEU,imports,2024-Q4,10.63,0.0,134384.0,
handling_robots,Handling robots,28.2,842870,NonEU,imports,2025-Q1,2.05,0.0,65348.0,
handling_robots,Handling robots,28.2,842870,NonEU,imports,2025-Q2,7.3,0.0,286823.0,
handling_robots,Handling robots,28.2,842870,NonEU,imports,2025-Q3,6.35,0.0,295567.0,
handling_robots,Handling robots,28.2,842870,NonEU,imports,2025-Q4,8.4,0.0,82113.0,
handling_robots,Handling robots,28.2,842870,NonEU,imports,2026-Q1,1.86,0.0,73373.0,
handling_robots,Handling robots,28.2,842870,NonEU,imports,2026-Q2,4.45,0.0,62498.0,
drones,Unmanned aircraft (drones),30.3,880621 880622 880623 880624 880629 880691 880692 880693 880694 880699,EU,exports,2022-Q1,1.69,617.0,1095.0,2733.42
drones,Unmanned aircraft (drones),30.3,880621 880622 880623 880624 880629 880691 880692 880693 880694 880699,EU,exports,2022-Q2,1.05,454.0,2505.0,2317.96
drones,Unmanned aircraft (drones),30.3,880621 880622 880623 880624 880629 880691 880692 880693 880694 880699,EU,exports,2022-Q3,1.88,396.0,3646.0,4751.43
drones,Unmanned aircraft (drones),30.3,880621 880622 880623 880624 880629 880691 880692 880693 880694 880699,EU,exports,2022-Q4,0.52,207.0,525.0,2516.02
drones,Unmanned aircraft (drones),30.3,880621 880622 880623 880624 880629 880691 880692 880693 880694 880699,EU,exports,2023-Q1,1.91,997.0,1562.0,1912.81
drones,Unmanned aircraft (drones),30.3,880621 880622 880623 880624 880629 880691 880692 880693 880694 880699,EU,exports,2023-Q2,0.97,872.0,1719.0,1109.03
drones,Unmanned aircraft (drones),30.3,880621 880622 880623 880624 880629 880691 880692 880693 880694 880699,EU,exports,2023-Q3,4.35,730.0,1774.0,5963.08
drones,Unmanned aircraft (drones),30.3,880621 880622 880623 880624 880629 880691 880692 880693 880694 880699,EU,exports,2023-Q4,9.76,2767.0,14244.0,3528.5
drones,Unmanned aircraft (drones),30.3,880621 880622 880623 880624 880629 880691 880692 880693 880694 880699,EU,exports,2024-Q1,2.71,1417.0,4673.0,1911.08
drones,Unmanned aircraft (drones),30.3,880621 880622 880623 880624 880629 880691 880692 880693 880694 880699,EU,exports,2024-Q2,5.04,2004.0,7432.0,2514.22
drones,Unmanned aircraft (drones),30.3,880621 880622 880623 880624 880629 880691 880692 880693 880694 880699,EU,exports,2024-Q3,3.06,682.0,3066.0,4481.0
drones,Unmanned aircraft (drones),30.3,880621 880622 880623 880624 880629 880691 880692 880693 880694 880699,EU,exports,2024-Q4,6.08,2968.0,8296.0,2049.32
drones,Unmanned aircraft (drones),30.3,880621 880622 880623 880624 880629 880691 880692 880693 880694 880699,EU,exports,2025-Q1,8.63,6092.0,15580.0,1416.13
drones,Unmanned aircraft (drones),30.3,880621 880622 880623 880624 880629 880691 880692 880693 880694 880699,EU,exports,2025-Q2,13.69,13181.0,32942.0,1038.29
drones,Unmanned aircraft (drones),30.3,880621 880622 880623 880624 880629 880691 880692 880693 880694 880699,EU,exports,2025-Q3,12.78,4226.0,20438.0,3024.32
drones,Unmanned aircraft (drones),30.3,880621 880622 880623 880624 880629 880691 880692 880693 880694 880699,EU,exports,2025-Q4,13.41,5876.0,27910.0,2281.81
drones,Unmanned aircraft (drones),30.3,880621 880622 880623 880624 880629 880691 880692 880693 880694 880699,EU,exports,2026-Q1,13.71,2959.0,15559.0,4633.49
drones,Unmanned aircraft (drones),30.3,880621 880622 880623 880624 880629 880691 880692 880693 880694 880699,EU,exports,2026-Q2,18.12,1873.0,6584.0,9676.1
drones,Unmanned aircraft (drones),30.3,880621 880622 880623 880624 880629 880691 880692 880693 880694 880699,EU,imports,2022-Q1,1.46,1206.0,1985.0,1211.65
drones,Unmanned aircraft (drones),30.3,880621 880622 880623 880624 880629 880691 880692 880693 880694 880699,EU,imports,2022-Q2,3.38,632.0,2806.0,5340.5
drones,Unmanned aircraft (drones),30.3,880621 880622 880623 880624 880629 880691 880692 880693 880694 880699,EU,imports,2022-Q3,6.84,1302.0,5522.0,5250.83
drones,Unmanned aircraft (drones),30.3,880621 880622 880623 880624 880629 880691 880692 880693 880694 880699,EU,imports,2022-Q4,5.54,1331.0,7011.0,4165.78
drones,Unmanned aircraft (drones),30.3,880621 880622 880623 880624 880629 880691 880692 880693 880694 880699,EU,imports,2023-Q1,5.92,26577.0,3922.0,222.77
drones,Unmanned aircraft (drones),30.3,880621 880622 880623 880624 880629 880691 880692 880693 880694 880699,EU,imports,2023-Q2,6.21,972.0,2835.0,6386.57
drones,Unmanned aircraft (drones),30.3,880621 880622 880623 880624 880629 880691 880692 880693 880694 880699,EU,imports,2023-Q3,11.03,1111.0,7492.0,9924.11
drones,Unmanned aircraft (drones),30.3,880621 880622 880623 880624 880629 880691 880692 880693 880694 880699,EU,imports,2023-Q4,3.47,3198.0,4277.0,1086.02
drones,Unmanned aircraft (drones),30.3,880621 880622 880623 880624 880629 880691 880692 880693 880694 880699,EU,imports,2024-Q1,4.25,3571.0,5458.0,1190.86
drones,Unmanned aircraft (drones),30.3,880621 880622 880623 880624 880629 880691 880692 880693 880694 880699,EU,imports,2024-Q2,4.44,1345.0,2391.0,3299.0
drones,Unmanned aircraft (drones),30.3,880621 880622 880623 880624 880629 880691 880692 880693 880694 880699,EU,imports,2024-Q3,2.65,2901.0,4699.0,911.8
drones,Unmanned aircraft (drones),30.3,880621 880622 880623 880624 880629 880691 880692 880693 880694 880699,EU,imports,2024-Q4,3.99,10078.0,20862.0,395.77
drones,Unmanned aircraft (drones),30.3,880621 880622 880623 880624 880629 880691 880692 880693 880694 880699,EU,imports,2025-Q1,5.2,5362.0,4208.0,968.87
drones,Unmanned aircraft (drones),30.3,880621 880622 880623 880624 880629 880691 880692 880693 880694 880699,EU,imports,2025-Q2,6.7,5194.0,11419.0,1290.62
drones,Unmanned aircraft (drones),30.3,880621 880622 880623 880624 880629 880691 880692 880693 880694 880699,EU,imports,2025-Q3,7.44,7578.0,17412.0,982.1
drones,Unmanned aircraft (drones),30.3,880621 880622 880623 880624 880629 880691 880692 880693 880694 880699,EU,imports,2025-Q4,8.66,4503.0,5709.0,1923.15
drones,Unmanned aircraft (drones),30.3,880621 880622 880623 880624 880629 880691 880692 880693 880694 880699,EU,imports,2026-Q1,10.72,3272.0,9709.0,3275.57
drones,Unmanned aircraft (drones),30.3,880621 880622 880623 880624 880629 880691 880692 880693 880694 880699,EU,imports,2026-Q2,9.67,3716.0,10118.0,2603.29
drones,Unmanned aircraft (drones),30.3,880621 880622 880623 880624 880629 880691 880692 880693 880694 880699,NonEU,exports,2022-Q1,3.06,724.0,5614.0,4227.27
drones,Unmanned aircraft (drones),30.3,880621 880622 880623 880624 880629 880691 880692 880693 880694 880699,NonEU,exports,2022-Q2,1.11,80.0,170.0,13912.59
drones,Unmanned aircraft (drones),30.3,880621 880622 880623 880624 880629 880691 880692 880693 880694 880699,NonEU,exports,2022-Q3,1.75,744.0,1583.0,2354.71
drones,Unmanned aircraft (drones),30.3,880621 880622 880623 880624 880629 880691 880692 880693 880694 880699,NonEU,exports,2022-Q4,5.52,36.0,289.0,153228.72
drones,Unmanned aircraft (drones),30.3,880621 880622 880623 880624 880629 880691 880692 880693 880694 880699,NonEU,exports,2023-Q1,3.32,121.0,498.0,27470.25
drones,Unmanned aircraft (drones),30.3,880621 880622 880623 880624 880629 880691 880692 880693 880694 880699,NonEU,exports,2023-Q2,5.95,1563.0,4608.0,3805.05
drones,Unmanned aircraft (drones),30.3,880621 880622 880623 880624 880629 880691 880692 880693 880694 880699,NonEU,exports,2023-Q3,9.39,1370.0,4629.0,6851.96
drones,Unmanned aircraft (drones),30.3,880621 880622 880623 880624 880629 880691 880692 880693 880694 880699,NonEU,exports,2023-Q4,8.54,127.0,4279.0,67261.53
drones,Unmanned aircraft (drones),30.3,880621 880622 880623 880624 880629 880691 880692 880693 880694 880699,NonEU,exports,2024-Q1,30.13,849.0,3372.0,35484.3
drones,Unmanned aircraft (drones),30.3,880621 880622 880623 880624 880629 880691 880692 880693 880694 880699,NonEU,exports,2024-Q2,31.8,264.0,2066.0,120444.65
drones,Unmanned aircraft (drones),30.3,880621 880622 880623 880624 880629 880691 880692 880693 880694 880699,NonEU,exports,2024-Q3,5.5,1492.0,542.0,3683.19
drones,Unmanned aircraft (drones),30.3,880621 880622 880623 880624 880629 880691 880692 880693 880694 880699,NonEU,exports,2024-Q4,38.51,1134.0,1612.0,33959.5
drones,Unmanned aircraft (drones),30.3,880621 880622 880623 880624 880629 880691 880692 880693 880694 880699,NonEU,exports,2025-Q1,76.7,6974.0,14217.0,10998.6
drones,Unmanned aircraft (drones),30.3,880621 880622 880623 880624 880629 880691 880692 880693 880694 880699,NonEU,exports,2025-Q2,57.23,525.0,2397.0,109000.3
drones,Unmanned aircraft (drones),30.3,880621 880622 880623 880624 880629 880691 880692 880693 880694 880699,NonEU,exports,2025-Q3,41.41,4250.0,11710.0,9744.3
drones,Unmanned aircraft (drones),30.3,880621 880622 880623 880624 880629 880691 880692 880693 880694 880699,NonEU,exports,2025-Q4,76.11,6713.0,23944.0,11337.06
drones,Unmanned aircraft (drones),30.3,880621 880622 880623 880624 880629 880691 880692 880693 880694 880699,NonEU,exports,2026-Q1,84.76,2324.0,31162.0,36471.56
drones,Unmanned aircraft (drones),30.3,880621 880622 880623 880624 880629 880691 880692 880693 880694 880699,NonEU,exports,2026-Q2,55.58,3918.0,22136.0,14186.66
drones,Unmanned aircraft (drones),30.3,880621 880622 880623 880624 880629 880691 880692 880693 880694 880699,NonEU,imports,2022-Q1,4.12,9547.0,13693.0,431.85
drones,Unmanned aircraft (drones),30.3,880621 880622 880623 880624 880629 880691 880692 880693 880694 880699,NonEU,imports,2022-Q2,15.42,35049.0,59190.0,440.02
drones,Unmanned aircraft (drones),30.3,880621 880622 880623 880624 880629 880691 880692 880693 880694 880699,NonEU,imports,2022-Q3,14.5,22344.0,36227.0,648.91
drones,Unmanned aircraft (drones),30.3,880621 880622 880623 880624 880629 880691 880692 880693 880694 880699,NonEU,imports,2022-Q4,21.33,19231.0,24650.0,1109.2
drones,Unmanned aircraft (drones),30.3,880621 880622 880623 880624 880629 880691 880692 880693 880694 880699,NonEU,imports,2023-Q1,14.47,79049.0,36480.0,183.04
drones,Unmanned aircraft (drones),30.3,880621 880622 880623 880624 880629 880691 880692 880693 880694 880699,NonEU,imports,2023-Q2,23.1,38626.0,42919.0,598.11
drones,Unmanned aircraft (drones),30.3,880621 880622 880623 880624 880629 880691 880692 880693 880694 880699,NonEU,imports,2023-Q3,17.19,38910.0,54313.0,441.71
drones,Unmanned aircraft (drones),30.3,880621 880622 880623 880624 880629 880691 880692 880693 880694 880699,NonEU,imports,2023-Q4,34.49,33383.0,75009.0,1033.28
drones,Unmanned aircraft (drones),30.3,880621 880622 880623 880624 880629 880691 880692 880693 880694 880699,NonEU,imports,2024-Q1,24.76,36593.0,54558.0,676.66
drones,Unmanned aircraft (drones),30.3,880621 880622 880623 880624 880629 880691 880692 880693 880694 880699,NonEU,imports,2024-Q2,34.2,38030.0,90233.0,899.37
drones,Unmanned aircraft (drones),30.3,880621 880622 880623 880624 880629 880691 880692 880693 880694 880699,NonEU,imports,2024-Q3,40.72,128546.0,105267.0,316.8
drones,Unmanned aircraft (drones),30.3,880621 880622 880623 880624 880629 880691 880692 880693 880694 880699,NonEU,imports,2024-Q4,29.08,97447.0,110283.0,298.37
drones,Unmanned aircraft (drones),30.3,880621 880622 880623 880624 880629 880691 880692 880693 880694 880699,NonEU,imports,2025-Q1,23.33,35048.0,57052.0,665.56
drones,Unmanned aircraft (drones),30.3,880621 880622 880623 880624 880629 880691 880692 880693 880694 880699,NonEU,imports,2025-Q2,61.03,54969.0,151102.0,1110.22
drones,Unmanned aircraft (drones),30.3,880621 880622 880623 880624 880629 880691 880692 880693 880694 880699,NonEU,imports,2025-Q3,39.88,59720.0,122108.0,667.8
drones,Unmanned aircraft (drones),30.3,880621 880622 880623 880624 880629 880691 880692 880693 880694 880699,NonEU,imports,2025-Q4,36.75,76597.0,128992.0,479.8
drones,Unmanned aircraft (drones),30.3,880621 880622 880623 880624 880629 880691 880692 880693 880694 880699,NonEU,imports,2026-Q1,38.69,36917.0,80600.0,1048.03
drones,Unmanned aircraft (drones),30.3,880621 880622 880623 880624 880629 880691 880692 880693 880694 880699,NonEU,imports,2026-Q2,20.3,53742.0,76138.0,377.67
