wave,breakdown,Prices will increase,Prices will stay the same,Prices will decrease,Not sure,Not applicable
120,10: manufacture of food products,24.1,59.7,2.4,13.2,
120,11: manufacture of beverages,28.2,70.1,0.0,1.8,0.0
120,13: manufacture of textiles,9.3,90.1,,,0.0
120,14: manufacture of wearing apparel,3.2,94.4,0.0,2.4,0.0
120,"16: manufacture of wood and of products of wood and cork, except furniture; manufacture of articles of straw and plaiting materials",18.0,60.5,4.6,12.7,4.2
120,17: manufacture of paper and paper products,1.3,94.5,,4.0,0.0
120,18: printing and reproduction of recorded media,11.9,69.4,5.6,13.1,0.0
120,20: manufacture of chemicals and chemical products,1.4,94.6,,2.7,
120,21: manufacture of basic pharmaceutical products and pharmaceutical preparations,7.0,91.8,0.0,1.2,0.0
120,22: manufacture of rubber and plastic products,6.2,83.2,4.8,5.8,0.0
120,23: manufacture of other non-metallic mineral products,7.8,91.4,,,0.0
120,24: manufacture of basic metals,44.8,52.1,3.0,0.0,0.0
120,"25: manufacture of fabricated metal products, except machinery and equipment",8.5,78.9,1.4,11.1,
120,"26: manufacture of computer, electronic and optical products",1.1,76.9,1.1,20.4,
120,27: manufacture of electrical equipment,27.8,56.1,,15.5,0.0
120,28: manufacture of machinery and equipment n.e.c.,7.0,70.9,9.1,13.0,0.0
120,"29: manufacture of motor vehicles, trailers and semi-trailers",13.7,61.6,,13.4,10.6
120,30: manufacture of other transport equipment,14.7,64.1,0.0,3.7,17.5
120,31: manufacture of furniture,24.4,59.4,0.0,16.2,0.0
120,32: other manufacturing,7.6,85.4,6.2,,0.0
120,33: repair and installation of machinery and equipment,16.9,62.7,0.0,20.3,
120,"36: water collection, treatment and supply",0.0,71.1,0.0,26.3,2.6
120,"38: waste collection, treatment and disposal activities; materials recovery",14.3,76.5,7.6,,1.0
120,41: construction of buildings,23.6,51.3,2.9,11.2,11.0
120,42: civil engineering,13.4,79.5,0.0,6.4,
120,43: specialised construction activities,14.7,70.3,2.8,9.1,3.1
120,45: wholesale and retail trade and repair of motor vehicles and motorcycles,16.0,66.0,6.6,7.2,4.2
120,"46: wholesale trade, except of motor vehicles and motorcycles",14.6,70.4,2.9,11.5,
120,"47: retail trade, except of motor vehicles and motorcycles",24.6,57.7,2.5,10.3,5.0
120,49: land transport and transport via pipelines,17.3,62.3,3.9,13.1,3.4
120,52: warehousing and support activities for transportation,1.6,82.7,,10.9,4.5
120,53: postal and courier activities,22.6,75.9,0.0,0.0,1.4
120,55: accommodation,18.5,56.5,8.2,9.9,6.9
120,56: food and beverage service activities,27.0,56.5,1.9,12.6,1.9
120,58: publishing activities,,97.5,0.0,1.8,
120,"59: motion picture, video and television programme production, sound recording and music publishing activities",9.7,49.7,0.0,1.6,39.0
120,61: telecommunications,2.9,87.7,0.0,2.0,7.4
120,"62: computer programming, consultancy and related activities",7.8,79.7,1.1,6.6,4.8
120,63: information service activities,21.9,53.5,0.0,20.8,3.8
120,68: real estate activities,,72.3,5.2,,21.3
120,69: legal and accounting activities,12.2,76.5,,4.7,6.6
120,70: activities of head offices; management consultancy activities,6.0,74.5,0.0,7.1,12.5
120,71: architectural and engineering activities; technical testing and analysis,9.6,74.7,1.4,9.7,4.6
120,72: scientific research and development,6.7,56.3,0.0,13.9,23.1
120,73: advertising and market research,5.0,82.7,,6.9,5.0
120,"74: other professional, scientific and technical activities",7.8,78.7,0.0,3.0,10.5
120,75: veterinary activities,16.9,81.6,0.0,,
120,77: rental and leasing activities,2.3,75.6,3.2,13.6,5.3
120,78: employment activities,2.3,78.4,,4.9,14.2
120,"79: travel agency, tour operator and other reservation service and related activities",7.4,77.6,,8.1,6.3
120,80: security and investigation activities,22.4,67.1,,7.5,2.5
120,81: services to buildings and landscape activities,17.2,69.8,,9.9,2.8
120,"82: office administrative, office support and other business support activities",7.1,66.8,1.4,10.7,14.0
120,85: education,7.6,75.6,,1.5,15.1
120,86: human health activities,12.1,42.6,0.0,6.3,39.0
120,"90: creative, arts and entertainment activities",8.8,64.1,0.0,16.8,10.4
120,"91: libraries, archives, museums and other cultural activities",34.7,62.7,0.0,2.6,0.0
120,93: sports activities and amusement and recreation activities,9.2,77.4,1.6,3.9,8.0
120,95: repair of computers and personal and household goods,0.0,86.3,0.0,13.7,0.0
120,96: other personal service activities,15.9,72.0,0.0,8.0,4.0
120,All businesses,14.9,67.1,2.0,9.0,6.9
122,10: manufacture of food products,25.6,56.3,,17.5,0.0
122,11: manufacture of beverages,57.2,39.0,0.0,3.9,0.0
122,13: manufacture of textiles,19.7,80.2,,0.0,0.0
122,14: manufacture of wearing apparel,61.5,35.0,1.1,1.2,1.1
122,"16: manufacture of wood and of products of wood and cork, except furniture; manufacture of articles of straw and plaiting materials",18.6,71.3,0.0,10.2,0.0
122,17: manufacture of paper and paper products,70.4,25.4,1.1,3.0,0.0
122,18: printing and reproduction of recorded media,24.5,62.4,0.0,13.1,0.0
122,20: manufacture of chemicals and chemical products,32.0,61.6,1.3,4.5,
122,21: manufacture of basic pharmaceutical products and pharmaceutical preparations,1.2,82.8,6.7,9.2,0.0
122,22: manufacture of rubber and plastic products,29.2,61.8,1.4,7.6,
122,23: manufacture of other non-metallic mineral products,29.9,55.0,,8.5,5.9
122,24: manufacture of basic metals,12.1,84.8,0.0,3.1,0.0
122,"25: manufacture of fabricated metal products, except machinery and equipment",27.7,59.1,1.7,11.2,
122,"26: manufacture of computer, electronic and optical products",22.4,58.8,,17.7,
122,27: manufacture of electrical equipment,46.2,38.1,1.9,12.4,1.4
122,28: manufacture of machinery and equipment n.e.c.,19.8,71.8,4.2,4.2,0.0
122,"29: manufacture of motor vehicles, trailers and semi-trailers",42.0,40.3,1.8,15.8,0.0
122,30: manufacture of other transport equipment,19.6,80.1,0.0,,0.0
122,31: manufacture of furniture,43.1,49.1,,7.3,0.0
122,32: other manufacturing,38.0,59.0,0.0,3.0,0.0
122,33: repair and installation of machinery and equipment,38.7,44.1,0.0,17.1,
122,"36: water collection, treatment and supply",0.0,86.8,0.0,10.5,2.6
122,"38: waste collection, treatment and disposal activities; materials recovery",21.3,63.4,,14.7,0.0
122,41: construction of buildings,25.4,59.6,2.6,8.7,3.7
122,42: civil engineering,19.0,52.7,4.1,23.5,
122,43: specialised construction activities,35.7,47.8,3.6,8.6,4.4
122,45: wholesale and retail trade and repair of motor vehicles and motorcycles,29.4,54.5,2.8,11.1,2.2
122,"46: wholesale trade, except of motor vehicles and motorcycles",32.3,50.0,4.1,12.9,
122,"47: retail trade, except of motor vehicles and motorcycles",37.5,45.1,3.8,10.7,2.8
122,49: land transport and transport via pipelines,26.7,48.3,5.3,15.4,4.4
122,52: warehousing and support activities for transportation,22.3,61.8,3.5,6.1,6.2
122,53: postal and courier activities,7.8,62.2,0.0,27.8,2.2
122,55: accommodation,21.5,47.8,20.0,5.6,5.1
122,56: food and beverage service activities,34.1,49.8,2.6,10.4,3.1
122,58: publishing activities,19.6,78.8,0.0,1.1,
122,"59: motion picture, video and television programme production, sound recording and music publishing activities",1.4,33.0,0.0,26.0,39.6
122,61: telecommunications,17.7,71.9,0.0,9.3,1.1
122,"62: computer programming, consultancy and related activities",25.5,59.2,1.3,9.6,4.4
122,63: information service activities,2.9,94.9,1.0,0.0,1.3
122,68: real estate activities,16.6,60.0,2.4,5.2,15.9
122,69: legal and accounting activities,17.9,68.7,0.0,4.5,9.0
122,70: activities of head offices; management consultancy activities,15.9,64.8,0.0,11.3,8.1
122,71: architectural and engineering activities; technical testing and analysis,23.8,57.3,,14.9,3.6
122,72: scientific research and development,16.9,42.9,0.0,8.4,31.8
122,73: advertising and market research,14.7,69.9,0.0,11.7,3.7
122,"74: other professional, scientific and technical activities",29.0,58.3,0.0,5.3,7.4
122,75: veterinary activities,66.4,31.7,0.0,1.9,0.0
122,77: rental and leasing activities,33.9,52.7,5.7,4.7,3.0
122,78: employment activities,12.7,74.7,,3.3,9.2
122,"79: travel agency, tour operator and other reservation service and related activities",12.6,59.0,1.4,14.3,12.7
122,80: security and investigation activities,28.4,60.8,0.0,8.3,2.5
122,81: services to buildings and landscape activities,18.5,67.3,,13.3,
122,"82: office administrative, office support and other business support activities",18.4,62.0,0.0,4.6,15.0
122,85: education,26.6,58.3,0.0,5.5,9.5
122,86: human health activities,17.8,30.5,1.2,8.5,41.9
122,"90: creative, arts and entertainment activities",,77.5,0.0,20.0,1.8
122,"91: libraries, archives, museums and other cultural activities",47.5,23.8,4.4,24.4,0.0
122,93: sports activities and amusement and recreation activities,24.1,64.4,2.0,7.0,2.4
122,95: repair of computers and personal and household goods,56.4,42.3,0.0,1.3,0.0
122,96: other personal service activities,26.3,62.6,0.0,10.9,
122,All businesses,27.3,54.3,2.5,9.7,6.2
124,10: manufacture of food products,26.8,64.2,,8.2,0.0
124,11: manufacture of beverages,6.7,87.5,0.0,3.9,1.9
124,13: manufacture of textiles,30.5,68.8,,,0.0
124,14: manufacture of wearing apparel,52.0,47.7,0.0,,0.0
124,"16: manufacture of wood and of products of wood and cork, except furniture; manufacture of articles of straw and plaiting materials",32.6,55.3,,7.7,3.8
124,17: manufacture of paper and paper products,38.3,54.3,2.6,4.8,0.0
124,18: printing and reproduction of recorded media,19.5,73.2,,6.9,0.0
124,20: manufacture of chemicals and chemical products,41.8,41.9,12.0,3.7,
124,21: manufacture of basic pharmaceutical products and pharmaceutical preparations,19.3,69.3,0.0,11.4,0.0
124,22: manufacture of rubber and plastic products,30.5,62.5,,6.8,0.0
124,23: manufacture of other non-metallic mineral products,30.2,54.7,0.0,15.1,0.0
124,24: manufacture of basic metals,80.9,18.7,0.0,,0.0
124,"25: manufacture of fabricated metal products, except machinery and equipment",25.3,62.6,,11.8,
124,"26: manufacture of computer, electronic and optical products",30.3,66.0,,3.6,0.0
124,27: manufacture of electrical equipment,47.5,39.9,,11.8,0.0
124,28: manufacture of machinery and equipment n.e.c.,37.5,58.2,,4.1,0.0
124,"29: manufacture of motor vehicles, trailers and semi-trailers",31.4,65.3,0.0,3.3,0.0
124,30: manufacture of other transport equipment,9.5,55.3,0.0,14.9,20.3
124,31: manufacture of furniture,24.8,48.6,6.1,20.5,0.0
124,32: other manufacturing,31.2,60.4,0.0,8.3,0.0
124,33: repair and installation of machinery and equipment,24.4,53.1,0.0,16.0,6.5
124,"36: water collection, treatment and supply",12.2,46.5,0.0,39.0,2.3
124,"38: waste collection, treatment and disposal activities; materials recovery",10.4,86.7,0.0,2.1,
124,41: construction of buildings,28.5,53.6,,13.5,4.1
124,42: civil engineering,13.2,66.4,0.0,19.4,1.0
124,43: specialised construction activities,30.8,55.2,,8.9,4.1
124,45: wholesale and retail trade and repair of motor vehicles and motorcycles,24.3,58.3,1.1,15.1,1.1
124,"46: wholesale trade, except of motor vehicles and motorcycles",30.9,51.9,1.3,13.3,2.6
124,"47: retail trade, except of motor vehicles and motorcycles",39.6,43.1,1.4,15.2,
124,49: land transport and transport via pipelines,27.0,48.5,1.5,19.4,3.6
124,52: warehousing and support activities for transportation,22.7,64.5,,8.9,3.3
124,53: postal and courier activities,32.0,65.4,0.0,1.3,1.3
124,55: accommodation,18.8,54.4,8.9,11.6,6.3
124,56: food and beverage service activities,38.5,47.9,1.8,10.1,1.7
124,58: publishing activities,12.1,76.1,,5.7,5.6
124,"59: motion picture, video and television programme production, sound recording and music publishing activities",20.4,49.1,0.0,24.8,5.7
124,60: programming and broadcasting activities,1.9,84.6,0.0,6.9,6.7
124,61: telecommunications,30.6,43.9,0.0,19.7,5.8
124,"62: computer programming, consultancy and related activities",26.2,60.3,2.2,10.4,
124,63: information service activities,14.7,66.8,0.0,16.7,1.8
124,68: real estate activities,6.7,76.1,,3.1,13.8
124,69: legal and accounting activities,20.9,64.2,0.0,4.6,10.3
124,70: activities of head offices; management consultancy activities,15.4,58.5,1.5,10.0,14.6
124,71: architectural and engineering activities; technical testing and analysis,21.9,51.4,,15.1,11.1
124,72: scientific research and development,23.5,36.6,0.0,16.5,23.4
124,73: advertising and market research,17.3,69.9,,6.2,6.0
124,"74: other professional, scientific and technical activities",20.9,60.9,2.4,7.9,7.8
124,75: veterinary activities,51.7,48.3,0.0,0.0,0.0
124,77: rental and leasing activities,20.0,55.6,4.7,14.3,5.3
124,78: employment activities,9.8,63.2,,13.5,13.3
124,"79: travel agency, tour operator and other reservation service and related activities",13.3,68.1,,17.2,
124,80: security and investigation activities,19.1,57.9,0.0,14.4,8.5
124,81: services to buildings and landscape activities,23.0,68.0,0.0,6.1,2.8
124,"82: office administrative, office support and other business support activities",26.6,49.4,,14.3,9.4
124,85: education,21.8,64.3,0.0,9.4,4.5
124,86: human health activities,19.6,32.8,,8.9,38.6
124,"90: creative, arts and entertainment activities",10.6,64.5,0.0,19.5,5.4
124,"91: libraries, archives, museums and other cultural activities",12.1,70.0,0.0,17.9,0.0
124,93: sports activities and amusement and recreation activities,26.5,63.2,,8.0,2.1
124,95: repair of computers and personal and household goods,25.3,60.8,0.0,13.9,0.0
124,96: other personal service activities,40.0,50.4,4.4,5.0,
124,All businesses,27.7,54.2,1.3,11.0,5.8
126,10: manufacture of food products,29.0,63.9,,6.0,
126,11: manufacture of beverages,51.6,44.9,0.0,3.5,0.0
126,13: manufacture of textiles,22.3,69.6,0.0,8.1,0.0
126,14: manufacture of wearing apparel,47.1,23.0,0.0,29.9,0.0
126,"16: manufacture of wood and of products of wood and cork, except furniture; manufacture of articles of straw and plaiting materials",22.3,50.0,3.7,19.9,4.2
126,17: manufacture of paper and paper products,18.7,49.0,2.6,17.1,12.5
126,18: printing and reproduction of recorded media,21.1,62.5,4.9,11.4,0.0
126,20: manufacture of chemicals and chemical products,19.4,78.3,0.0,2.4,0.0
126,21: manufacture of basic pharmaceutical products and pharmaceutical preparations,60.0,33.6,0.0,6.3,0.0
126,22: manufacture of rubber and plastic products,15.6,73.6,,10.5,0.0
126,23: manufacture of other non-metallic mineral products,10.5,61.1,,22.6,5.1
126,24: manufacture of basic metals,38.5,44.1,0.0,17.4,0.0
126,"25: manufacture of fabricated metal products, except machinery and equipment",25.9,56.1,3.0,15.0,0.0
126,"26: manufacture of computer, electronic and optical products",26.0,59.7,5.1,9.3,0.0
126,27: manufacture of electrical equipment,28.0,56.8,0.0,10.6,4.5
126,28: manufacture of machinery and equipment n.e.c.,26.2,64.5,3.5,5.9,0.0
126,"29: manufacture of motor vehicles, trailers and semi-trailers",20.1,48.4,,23.9,6.9
126,30: manufacture of other transport equipment,27.2,56.9,0.0,1.0,14.9
126,31: manufacture of furniture,44.4,53.4,0.0,1.7,
126,32: other manufacturing,37.3,52.5,,9.3,0.0
126,33: repair and installation of machinery and equipment,22.5,53.6,0.0,11.0,12.9
126,"36: water collection, treatment and supply",33.1,46.5,0.0,18.0,2.3
126,"38: waste collection, treatment and disposal activities; materials recovery",27.9,54.8,,15.9,
126,41: construction of buildings,23.7,58.3,,5.4,12.4
126,42: civil engineering,17.4,61.6,0.0,9.1,11.9
126,43: specialised construction activities,30.7,53.3,2.1,10.6,3.4
126,45: wholesale and retail trade and repair of motor vehicles and motorcycles,22.0,56.5,1.3,17.9,2.3
126,"46: wholesale trade, except of motor vehicles and motorcycles",29.0,55.7,1.5,13.1,
126,"47: retail trade, except of motor vehicles and motorcycles",36.9,41.4,1.3,18.6,1.9
126,49: land transport and transport via pipelines,27.8,50.3,1.4,17.4,3.1
126,52: warehousing and support activities for transportation,24.9,63.0,,7.0,4.5
126,53: postal and courier activities,42.2,54.6,1.0,2.2,0.0
126,55: accommodation,31.7,42.8,3.2,15.8,6.4
126,56: food and beverage service activities,47.8,38.5,2.1,8.9,2.6
126,58: publishing activities,15.3,77.6,0.0,1.9,5.2
126,"59: motion picture, video and television programme production, sound recording and music publishing activities",11.1,62.2,,19.9,6.2
126,60: programming and broadcasting activities,0.0,54.8,0.0,39.1,6.1
126,61: telecommunications,10.3,69.6,0.0,18.4,1.7
126,"62: computer programming, consultancy and related activities",16.1,66.9,1.2,10.5,5.4
126,63: information service activities,1.3,66.4,0.0,18.6,13.7
126,68: real estate activities,15.6,58.1,2.0,6.8,17.5
126,69: legal and accounting activities,11.9,73.2,0.0,5.0,9.9
126,70: activities of head offices; management consultancy activities,8.8,65.9,1.5,8.8,14.9
126,71: architectural and engineering activities; technical testing and analysis,14.7,73.1,1.5,7.6,3.1
126,72: scientific research and development,16.0,36.8,0.0,15.2,32.0
126,73: advertising and market research,11.5,64.0,2.4,18.9,3.3
126,"74: other professional, scientific and technical activities",19.6,66.3,0.0,5.9,8.2
126,75: veterinary activities,34.1,64.3,0.0,1.5,0.0
126,77: rental and leasing activities,26.5,54.6,0.0,13.6,5.3
126,78: employment activities,10.9,59.6,,7.4,21.8
126,"79: travel agency, tour operator and other reservation service and related activities",10.7,65.6,0.0,1.7,22.0
126,80: security and investigation activities,21.1,49.7,,14.3,14.4
126,81: services to buildings and landscape activities,27.3,62.1,,7.9,2.7
126,"82: office administrative, office support and other business support activities",12.5,61.4,,9.5,16.1
126,85: education,5.9,74.9,1.7,7.6,10.0
126,86: human health activities,17.4,32.1,1.3,5.5,43.6
126,"90: creative, arts and entertainment activities",1.3,64.5,4.4,24.4,5.5
126,"91: libraries, archives, museums and other cultural activities",37.1,42.6,0.0,19.0,1.2
126,93: sports activities and amusement and recreation activities,24.4,68.7,0.0,4.8,2.1
126,95: repair of computers and personal and household goods,25.4,47.7,0.0,26.9,0.0
126,96: other personal service activities,39.2,50.3,0.0,7.1,3.4
126,All businesses,26.8,53.8,1.4,10.8,7.2
128,10: manufacture of food products,36.4,52.0,,10.4,
128,11: manufacture of beverages,49.8,45.0,0.0,5.1,0.0
128,13: manufacture of textiles,30.4,59.0,1.5,9.1,0.0
128,14: manufacture of wearing apparel,40.3,22.7,17.5,17.8,1.7
128,"16: manufacture of wood and of products of wood and cork, except furniture; manufacture of articles of straw and plaiting materials",35.1,55.1,0.0,9.9,0.0
128,17: manufacture of paper and paper products,2.7,70.9,1.1,4.5,20.8
128,18: printing and reproduction of recorded media,46.5,51.5,0.0,2.1,0.0
128,20: manufacture of chemicals and chemical products,35.5,59.8,0.0,4.1,
128,21: manufacture of basic pharmaceutical products and pharmaceutical preparations,21.2,77.1,0.0,1.8,0.0
128,22: manufacture of rubber and plastic products,42.3,51.6,1.1,5.0,0.0
128,23: manufacture of other non-metallic mineral products,23.0,46.0,,30.3,0.0
128,24: manufacture of basic metals,43.6,29.6,1.8,25.0,0.0
128,"25: manufacture of fabricated metal products, except machinery and equipment",31.7,52.9,1.6,12.2,1.6
128,"26: manufacture of computer, electronic and optical products",29.7,66.7,,2.4,
128,27: manufacture of electrical equipment,33.5,52.4,0.0,14.2,0.0
128,28: manufacture of machinery and equipment n.e.c.,36.0,57.2,,6.5,0.0
128,"29: manufacture of motor vehicles, trailers and semi-trailers",47.6,24.1,,26.3,1.1
128,30: manufacture of other transport equipment,38.8,34.9,2.2,5.2,18.8
128,31: manufacture of furniture,42.2,52.1,0.0,5.7,0.0
128,32: other manufacturing,38.1,51.1,0.0,10.8,0.0
128,33: repair and installation of machinery and equipment,27.6,60.7,0.0,11.6,
128,"36: water collection, treatment and supply",38.4,37.2,0.0,22.1,2.3
128,"38: waste collection, treatment and disposal activities; materials recovery",52.8,43.6,,3.5,0.0
128,41: construction of buildings,19.7,69.1,,6.5,4.2
128,42: civil engineering,23.8,58.4,0.0,5.2,12.6
128,43: specialised construction activities,40.0,43.2,,9.6,6.3
128,45: wholesale and retail trade and repair of motor vehicles and motorcycles,27.6,53.3,3.6,13.0,2.5
128,"46: wholesale trade, except of motor vehicles and motorcycles",35.2,52.5,1.1,9.3,2.0
128,"47: retail trade, except of motor vehicles and motorcycles",43.9,42.1,0.0,12.6,1.3
128,49: land transport and transport via pipelines,30.0,47.6,,17.8,4.5
128,52: warehousing and support activities for transportation,24.7,58.6,,11.8,4.6
128,53: postal and courier activities,89.2,4.3,1.2,1.4,3.8
128,55: accommodation,52.9,26.8,3.4,11.8,5.2
128,56: food and beverage service activities,57.8,27.2,,11.2,3.6
128,58: publishing activities,21.0,67.6,,5.5,5.4
128,"59: motion picture, video and television programme production, sound recording and music publishing activities",20.0,33.4,0.0,22.7,23.9
128,60: programming and broadcasting activities,39.0,53.4,0.0,2.1,5.6
128,61: telecommunications,12.5,74.7,0.0,11.1,1.7
128,"62: computer programming, consultancy and related activities",20.7,68.8,,8.4,2.0
128,63: information service activities,3.5,65.9,0.0,15.9,14.6
128,68: real estate activities,21.6,55.1,5.0,2.9,15.4
128,69: legal and accounting activities,43.7,39.5,,6.5,10.1
128,70: activities of head offices; management consultancy activities,17.0,61.3,2.0,12.2,7.5
128,71: architectural and engineering activities; technical testing and analysis,21.6,55.9,2.7,15.2,4.6
128,72: scientific research and development,25.9,26.1,0.0,17.5,30.4
128,73: advertising and market research,18.6,61.9,0.0,13.2,6.3
128,"74: other professional, scientific and technical activities",28.4,49.1,0.0,6.1,16.4
128,75: veterinary activities,39.1,43.8,7.4,8.3,1.4
128,77: rental and leasing activities,27.4,62.7,0.0,7.1,2.8
128,78: employment activities,25.7,45.3,2.8,9.1,17.1
128,"79: travel agency, tour operator and other reservation service and related activities",31.6,63.0,,3.5,1.3
128,80: security and investigation activities,48.9,32.3,0.0,10.8,8.0
128,81: services to buildings and landscape activities,60.2,27.4,2.1,3.5,6.8
128,"82: office administrative, office support and other business support activities",19.9,54.5,1.4,9.5,14.7
128,85: education,16.1,67.2,0.0,7.7,8.9
128,86: human health activities,28.3,26.2,,13.4,31.9
128,"90: creative, arts and entertainment activities",7.3,52.2,4.6,21.4,14.5
128,"91: libraries, archives, museums and other cultural activities",46.7,42.5,0.0,10.8,0.0
128,93: sports activities and amusement and recreation activities,42.6,43.2,1.4,6.5,6.3
128,95: repair of computers and personal and household goods,33.3,32.3,0.0,34.4,0.0
128,96: other personal service activities,43.3,45.1,0.0,5.8,5.8
128,All businesses,36.7,45.3,,10.4,6.7
130,10: manufacture of food products,36.6,53.2,,9.1,
130,11: manufacture of beverages,52.4,45.0,0.0,2.5,0.0
130,13: manufacture of textiles,30.7,66.2,0.0,3.1,0.0
130,14: manufacture of wearing apparel,70.2,6.6,0.0,23.2,0.0
130,"16: manufacture of wood and of products of wood and cork, except furniture; manufacture of articles of straw and plaiting materials",48.7,28.8,0.0,18.3,4.2
130,17: manufacture of paper and paper products,8.3,58.4,0.0,2.0,31.2
130,18: printing and reproduction of recorded media,45.7,47.7,0.0,6.5,0.0
130,20: manufacture of chemicals and chemical products,26.1,62.4,,10.9,0.0
130,21: manufacture of basic pharmaceutical products and pharmaceutical preparations,29.1,57.3,0.0,13.6,0.0
130,22: manufacture of rubber and plastic products,35.6,60.9,,2.8,0.0
130,23: manufacture of other non-metallic mineral products,53.8,25.9,0.0,20.3,0.0
130,24: manufacture of basic metals,54.3,9.5,0.0,36.2,0.0
130,"25: manufacture of fabricated metal products, except machinery and equipment",25.2,59.7,,13.0,1.5
130,"26: manufacture of computer, electronic and optical products",35.8,55.2,,8.5,0.0
130,27: manufacture of electrical equipment,25.4,46.5,0.0,26.6,1.5
130,28: manufacture of machinery and equipment n.e.c.,35.9,57.5,,6.0,
130,"29: manufacture of motor vehicles, trailers and semi-trailers",60.2,34.6,2.5,2.7,0.0
130,30: manufacture of other transport equipment,19.7,58.1,,7.3,14.5
130,31: manufacture of furniture,58.9,21.9,,18.5,0.0
130,32: other manufacturing,57.1,40.8,0.0,2.1,0.0
130,33: repair and installation of machinery and equipment,28.8,60.5,0.0,2.3,8.4
130,"36: water collection, treatment and supply",32.6,38.0,0.0,27.1,2.3
130,"38: waste collection, treatment and disposal activities; materials recovery",57.2,28.8,0.0,14.1,0.0
130,41: construction of buildings,27.0,50.7,4.7,8.0,9.6
130,42: civil engineering,40.5,31.3,0.0,24.1,4.1
130,43: specialised construction activities,38.3,43.7,3.7,12.6,1.7
130,45: wholesale and retail trade and repair of motor vehicles and motorcycles,35.4,53.5,2.6,8.5,
130,"46: wholesale trade, except of motor vehicles and motorcycles",36.6,48.1,2.4,12.3,
130,"47: retail trade, except of motor vehicles and motorcycles",47.2,35.9,2.0,12.3,2.6
130,49: land transport and transport via pipelines,42.8,40.1,1.5,12.3,3.3
130,52: warehousing and support activities for transportation,22.1,68.0,,5.8,3.4
130,53: postal and courier activities,47.2,8.3,0.0,44.5,0.0
130,55: accommodation,43.9,36.6,1.7,12.3,5.5
130,56: food and beverage service activities,50.1,35.7,0.0,9.7,4.5
130,58: publishing activities,25.5,59.0,0.0,9.7,5.8
130,"59: motion picture, video and television programme production, sound recording and music publishing activities",11.4,53.3,0.0,12.4,22.9
130,60: programming and broadcasting activities,0.0,90.5,0.0,0.0,9.5
130,61: telecommunications,3.4,70.0,0.0,18.6,8.1
130,"62: computer programming, consultancy and related activities",23.7,56.1,,12.1,8.0
130,63: information service activities,1.2,78.1,0.0,18.7,2.1
130,68: real estate activities,22.9,54.0,2.6,5.9,14.5
130,69: legal and accounting activities,42.3,41.5,,6.1,10.1
130,70: activities of head offices; management consultancy activities,27.1,50.3,,10.3,12.2
130,71: architectural and engineering activities; technical testing and analysis,19.1,59.5,1.5,15.0,4.9
130,72: scientific research and development,18.1,34.8,,13.9,32.5
130,73: advertising and market research,15.8,68.4,2.4,9.5,3.8
130,"74: other professional, scientific and technical activities",41.3,44.3,0.0,4.5,9.9
130,75: veterinary activities,51.0,39.4,0.0,8.7,
130,77: rental and leasing activities,23.3,67.2,,6.4,2.9
130,78: employment activities,27.9,45.6,,7.3,19.0
130,"79: travel agency, tour operator and other reservation service and related activities",19.6,63.1,,1.8,14.9
130,80: security and investigation activities,48.4,40.6,0.0,10.1,
130,81: services to buildings and landscape activities,45.6,35.5,4.4,7.5,7.0
130,"82: office administrative, office support and other business support activities",25.2,48.1,0.0,9.9,16.8
130,85: education,24.5,65.7,,5.3,4.4
130,86: human health activities,29.7,33.8,,5.4,31.0
130,"90: creative, arts and entertainment activities",7.8,66.1,0.0,8.6,17.4
130,"91: libraries, archives, museums and other cultural activities",38.3,36.9,0.0,22.6,2.2
130,93: sports activities and amusement and recreation activities,35.5,52.8,0.0,6.9,4.7
130,95: repair of computers and personal and household goods,25.0,51.0,0.0,24.0,0.0
130,96: other personal service activities,29.2,52.8,3.0,12.0,3.0
130,All businesses,36.6,45.5,1.1,10.2,6.7
132,10: manufacture of food products,28.2,61.8,0.0,9.7,
132,11: manufacture of beverages,42.6,56.8,0.0,,0.0
132,13: manufacture of textiles,3.4,77.5,8.1,11.0,0.0
132,14: manufacture of wearing apparel,3.4,94.4,1.7,,0.0
132,"16: manufacture of wood and of products of wood and cork, except furniture; manufacture of articles of straw and plaiting materials",21.3,64.3,,9.8,4.4
132,17: manufacture of paper and paper products,6.0,56.0,0.0,6.8,31.3
132,18: printing and reproduction of recorded media,34.5,64.3,,,0.0
132,20: manufacture of chemicals and chemical products,2.1,92.8,1.2,3.9,0.0
132,21: manufacture of basic pharmaceutical products and pharmaceutical preparations,8.7,67.1,0.0,24.2,0.0
132,22: manufacture of rubber and plastic products,14.5,71.1,,14.0,0.0
132,23: manufacture of other non-metallic mineral products,40.5,59.3,0.0,,0.0
132,24: manufacture of basic metals,25.7,54.7,0.0,19.6,0.0
132,"25: manufacture of fabricated metal products, except machinery and equipment",15.4,63.9,3.4,17.2,
132,"26: manufacture of computer, electronic and optical products",33.9,54.8,,10.8,0.0
132,27: manufacture of electrical equipment,16.8,76.7,0.0,5.7,
132,28: manufacture of machinery and equipment n.e.c.,12.1,77.8,,9.5,
132,"29: manufacture of motor vehicles, trailers and semi-trailers",25.9,66.8,,6.5,0.0
132,30: manufacture of other transport equipment,6.9,60.4,0.0,1.6,31.2
132,31: manufacture of furniture,16.1,69.9,,7.2,6.4
132,32: other manufacturing,20.9,70.2,0.0,8.9,0.0
132,33: repair and installation of machinery and equipment,30.3,65.8,0.0,3.2,
132,"36: water collection, treatment and supply",2.4,91.7,0.0,6.0,0.0
132,"38: waste collection, treatment and disposal activities; materials recovery",,83.2,,14.6,
132,41: construction of buildings,21.5,58.4,2.6,10.1,7.4
132,42: civil engineering,17.6,58.9,0.0,5.2,18.3
132,43: specialised construction activities,18.0,61.7,2.1,11.4,6.8
132,45: wholesale and retail trade and repair of motor vehicles and motorcycles,19.1,65.5,1.2,14.1,
132,"46: wholesale trade, except of motor vehicles and motorcycles",23.0,59.0,2.4,15.2,
132,"47: retail trade, except of motor vehicles and motorcycles",33.6,46.1,3.2,14.1,3.1
132,49: land transport and transport via pipelines,19.3,60.0,2.5,12.6,5.5
132,52: warehousing and support activities for transportation,6.3,82.7,,3.2,7.2
132,53: postal and courier activities,3.1,95.3,0.0,,1.4
132,55: accommodation,29.8,51.2,3.4,12.5,3.1
132,56: food and beverage service activities,36.5,50.6,0.0,10.5,2.4
132,58: publishing activities,12.7,64.9,0.0,10.8,11.6
132,"59: motion picture, video and television programme production, sound recording and music publishing activities",1.2,41.8,0.0,30.5,26.5
132,60: programming and broadcasting activities,0.0,93.1,0.0,6.0,
132,61: telecommunications,5.3,74.2,0.0,19.4,1.2
132,"62: computer programming, consultancy and related activities",15.1,69.2,0.0,10.7,5.0
132,63: information service activities,,83.0,0.0,15.5,
132,68: real estate activities,10.6,60.9,,7.5,20.6
132,69: legal and accounting activities,23.6,59.1,0.0,7.0,10.2
132,70: activities of head offices; management consultancy activities,6.6,75.4,,8.1,9.8
132,71: architectural and engineering activities; technical testing and analysis,14.0,69.0,1.8,7.5,7.7
132,72: scientific research and development,,41.3,0.0,21.0,37.2
132,73: advertising and market research,8.3,70.7,,11.2,9.2
132,"74: other professional, scientific and technical activities",27.5,58.2,,,13.2
132,75: veterinary activities,28.7,63.0,0.0,8.2,0.0
132,77: rental and leasing activities,17.2,73.8,0.0,6.2,2.8
132,78: employment activities,6.9,63.6,2.0,8.4,19.1
132,"79: travel agency, tour operator and other reservation service and related activities",8.4,73.8,,2.9,14.9
132,80: security and investigation activities,21.8,59.4,,7.7,10.3
132,81: services to buildings and landscape activities,16.3,72.6,,6.0,4.8
132,"82: office administrative, office support and other business support activities",8.8,63.9,,12.2,14.9
132,85: education,5.4,78.1,0.0,6.3,10.2
132,86: human health activities,15.5,44.7,0.0,4.8,35.0
132,"90: creative, arts and entertainment activities",6.5,67.6,4.7,10.5,10.7
132,"91: libraries, archives, museums and other cultural activities",32.7,43.4,0.0,4.6,19.2
132,93: sports activities and amusement and recreation activities,16.2,72.6,1.2,4.4,5.5
132,95: repair of computers and personal and household goods,25.5,45.9,12.6,13.6,2.3
132,96: other personal service activities,12.0,76.0,0.0,8.9,3.1
132,All businesses,21.2,60.2,1.1,10.2,7.3
134,10: manufacture of food products,14.8,74.7,1.2,9.0,
134,11: manufacture of beverages,0.0,79.2,0.0,20.8,0.0
134,13: manufacture of textiles,21.3,74.7,0.0,4.0,0.0
134,14: manufacture of wearing apparel,39.0,60.5,0.0,,0.0
134,"16: manufacture of wood and of products of wood and cork, except furniture; manufacture of articles of straw and plaiting materials",12.3,79.9,,7.4,0.0
134,17: manufacture of paper and paper products,40.4,21.9,1.8,3.8,32.1
134,18: printing and reproduction of recorded media,33.8,55.2,0.0,11.0,0.0
134,20: manufacture of chemicals and chemical products,10.0,74.4,5.8,9.2,
134,21: manufacture of basic pharmaceutical products and pharmaceutical preparations,3.4,92.1,0.0,4.6,0.0
134,22: manufacture of rubber and plastic products,14.0,70.3,,12.2,3.5
134,23: manufacture of other non-metallic mineral products,40.0,58.5,,,0.0
134,24: manufacture of basic metals,22.1,56.2,0.0,21.7,0.0
134,"25: manufacture of fabricated metal products, except machinery and equipment",20.1,62.9,2.9,14.0,0.0
134,"26: manufacture of computer, electronic and optical products",8.5,84.9,,6.6,0.0
134,27: manufacture of electrical equipment,22.8,66.0,,10.4,0.0
134,28: manufacture of machinery and equipment n.e.c.,17.4,73.5,0.0,8.8,
134,"29: manufacture of motor vehicles, trailers and semi-trailers",47.5,35.2,1.0,16.2,
134,30: manufacture of other transport equipment,23.5,60.6,0.0,4.5,11.4
134,31: manufacture of furniture,4.5,88.2,0.0,7.3,0.0
134,32: other manufacturing,12.3,59.3,0.0,28.4,0.0
134,33: repair and installation of machinery and equipment,10.6,78.1,0.0,2.0,9.2
134,"36: water collection, treatment and supply",2.4,61.9,0.0,35.7,0.0
134,"38: waste collection, treatment and disposal activities; materials recovery",1.4,95.0,0.0,3.6,0.0
134,41: construction of buildings,21.8,59.7,2.6,10.4,5.4
134,42: civil engineering,23.3,58.0,0.0,9.5,9.1
134,43: specialised construction activities,23.1,58.7,,12.7,5.3
134,45: wholesale and retail trade and repair of motor vehicles and motorcycles,12.1,74.9,1.3,10.4,1.2
134,"46: wholesale trade, except of motor vehicles and motorcycles",16.9,66.6,2.5,12.7,1.3
134,"47: retail trade, except of motor vehicles and motorcycles",27.7,55.0,1.5,15.0,
134,49: land transport and transport via pipelines,18.1,58.0,2.7,16.7,4.4
134,52: warehousing and support activities for transportation,15.2,67.0,,8.1,9.4
134,53: postal and courier activities,1.0,97.0,1.0,1.0,0.0
134,55: accommodation,19.7,64.2,1.9,11.0,3.2
134,56: food and beverage service activities,31.2,59.1,,7.0,2.2
134,58: publishing activities,10.9,76.7,0.0,11.1,1.4
134,"59: motion picture, video and television programme production, sound recording and music publishing activities",9.0,62.9,0.0,12.6,15.4
134,60: programming and broadcasting activities,0.0,94.8,0.0,4.3,
134,61: telecommunications,9.4,73.0,,16.6,
134,"62: computer programming, consultancy and related activities",14.9,66.4,1.0,12.5,5.2
134,63: information service activities,16.8,67.0,0.0,15.1,1.1
134,68: real estate activities,13.5,51.0,0.0,11.1,24.4
134,69: legal and accounting activities,23.0,63.8,,3.9,9.2
134,70: activities of head offices; management consultancy activities,15.2,66.1,0.0,8.2,10.4
134,71: architectural and engineering activities; technical testing and analysis,12.8,66.1,,10.8,10.2
134,72: scientific research and development,,54.2,0.0,16.6,28.8
134,73: advertising and market research,13.0,65.3,,17.5,3.3
134,"74: other professional, scientific and technical activities",22.8,62.7,2.7,6.3,5.5
134,75: veterinary activities,13.5,78.9,,6.7,0.0
134,77: rental and leasing activities,6.7,74.7,,15.5,3.0
134,78: employment activities,3.1,64.3,3.3,5.7,23.6
134,"79: travel agency, tour operator and other reservation service and related activities",17.6,68.5,0.0,5.5,8.4
134,80: security and investigation activities,10.7,72.2,4.9,6.8,5.4
134,81: services to buildings and landscape activities,10.9,67.8,2.6,8.6,9.9
134,"82: office administrative, office support and other business support activities",8.2,66.7,,12.8,12.2
134,85: education,4.5,82.4,0.0,1.1,12.0
134,86: human health activities,9.2,43.1,,11.6,36.0
134,"90: creative, arts and entertainment activities",5.2,78.1,0.0,9.9,6.8
134,"91: libraries, archives, museums and other cultural activities",1.0,93.9,0.0,3.5,1.7
134,93: sports activities and amusement and recreation activities,8.8,83.3,,3.5,4.2
134,95: repair of computers and personal and household goods,35.8,43.5,0.0,19.0,1.7
134,96: other personal service activities,5.9,77.8,2.7,10.8,2.8
134,All businesses,18.4,63.7,1.1,10.2,6.7
136,10: manufacture of food products,19.1,72.4,,8.0,0.0
136,11: manufacture of beverages,0.0,96.9,0.0,3.1,0.0
136,13: manufacture of textiles,10.5,78.1,8.9,2.5,0.0
136,"16: manufacture of wood and of products of wood and cork, except furniture; manufacture of articles of straw and plaiting materials",22.5,60.3,,11.8,4.9
136,17: manufacture of paper and paper products,7.4,57.1,,2.4,32.1
136,18: printing and reproduction of recorded media,23.2,69.7,5.3,1.8,0.0
136,20: manufacture of chemicals and chemical products,7.4,78.2,,12.3,1.4
136,21: manufacture of basic pharmaceutical products and pharmaceutical preparations,1.8,89.1,0.0,9.1,0.0
136,22: manufacture of rubber and plastic products,11.9,75.1,0.0,12.8,
136,23: manufacture of other non-metallic mineral products,13.0,86.2,0.0,,0.0
136,24: manufacture of basic metals,4.8,78.0,0.0,17.3,0.0
136,"25: manufacture of fabricated metal products, except machinery and equipment",13.0,73.8,3.5,8.1,1.6
136,"26: manufacture of computer, electronic and optical products",20.2,74.6,,5.1,0.0
136,27: manufacture of electrical equipment,18.9,71.3,0.0,5.8,4.0
136,28: manufacture of machinery and equipment n.e.c.,8.8,84.7,,2.8,3.4
136,"29: manufacture of motor vehicles, trailers and semi-trailers",18.3,74.6,,6.8,
136,30: manufacture of other transport equipment,6.3,69.9,0.0,23.6,
136,31: manufacture of furniture,9.4,80.9,,9.0,0.0
136,32: other manufacturing,1.9,67.6,0.0,30.4,0.0
136,33: repair and installation of machinery and equipment,8.6,64.3,12.8,7.8,6.4
136,"36: water collection, treatment and supply",4.9,62.2,0.0,30.5,2.4
136,"38: waste collection, treatment and disposal activities; materials recovery",8.6,88.5,,2.7,0.0
136,41: construction of buildings,16.4,70.9,3.0,4.2,5.6
136,42: civil engineering,21.1,66.0,,11.2,1.4
136,43: specialised construction activities,17.6,66.8,,11.0,4.5
136,45: wholesale and retail trade and repair of motor vehicles and motorcycles,12.0,72.0,1.1,13.8,1.2
136,"46: wholesale trade, except of motor vehicles and motorcycles",12.1,71.4,2.3,13.6,
136,"47: retail trade, except of motor vehicles and motorcycles",29.3,52.9,3.1,12.8,1.9
136,49: land transport and transport via pipelines,11.8,62.9,8.2,12.2,5.0
136,52: warehousing and support activities for transportation,9.7,71.6,,15.2,3.4
136,53: postal and courier activities,,96.7,,1.3,
136,55: accommodation,20.9,62.1,1.7,10.9,4.3
136,56: food and beverage service activities,27.7,57.2,,11.3,3.2
136,58: publishing activities,7.2,83.8,0.0,7.3,1.7
136,"59: motion picture, video and television programme production, sound recording and music publishing activities",6.3,56.4,0.0,14.8,22.5
136,60: programming and broadcasting activities,0.0,90.8,,4.3,3.9
136,61: telecommunications,2.8,76.5,0.0,20.5,
136,"62: computer programming, consultancy and related activities",7.5,71.0,2.1,8.3,11.0
136,63: information service activities,2.0,70.1,0.0,25.8,2.2
136,68: real estate activities,5.2,67.7,0.0,8.1,19.0
136,69: legal and accounting activities,18.4,68.4,,4.8,7.7
136,70: activities of head offices; management consultancy activities,5.8,68.8,,10.4,14.8
136,71: architectural and engineering activities; technical testing and analysis,6.9,70.8,,17.5,4.7
136,72: scientific research and development,7.3,51.6,1.5,21.0,18.6
136,73: advertising and market research,11.3,72.4,0.0,12.0,4.3
136,"74: other professional, scientific and technical activities",17.1,66.5,2.7,6.1,7.5
136,75: veterinary activities,19.1,67.7,,11.9,
136,77: rental and leasing activities,4.1,84.5,2.7,5.3,3.3
136,78: employment activities,2.1,64.7,4.6,10.3,18.3
136,"79: travel agency, tour operator and other reservation service and related activities",9.3,71.2,0.0,5.2,14.3
136,80: security and investigation activities,2.4,72.2,5.7,6.5,13.3
136,81: services to buildings and landscape activities,6.4,74.4,2.7,13.3,3.2
136,"82: office administrative, office support and other business support activities",2.5,67.4,,14.0,15.7
136,85: education,11.3,76.2,,8.6,3.8
136,86: human health activities,6.3,51.5,,8.7,33.3
136,"90: creative, arts and entertainment activities",5.9,77.7,0.0,10.4,6.0
136,"91: libraries, archives, museums and other cultural activities",1.8,91.0,1.8,3.6,1.8
136,93: sports activities and amusement and recreation activities,10.2,78.2,0.0,8.4,3.2
136,95: repair of computers and personal and household goods,22.3,43.4,0.0,34.3,0.0
136,96: other personal service activities,7.6,81.6,0.0,5.5,5.2
136,All businesses,14.9,66.4,1.5,10.7,6.6
138,10: manufacture of food products,16.6,71.2,,11.4,0.0
138,11: manufacture of beverages,20.1,79.7,0.0,,0.0
138,13: manufacture of textiles,9.7,88.3,0.0,1.9,0.0
138,14: manufacture of wearing apparel,22.1,75.9,0.0,2.0,0.0
138,"16: manufacture of wood and of products of wood and cork, except furniture; manufacture of articles of straw and plaiting materials",14.3,55.0,12.0,18.7,0.0
138,17: manufacture of paper and paper products,22.7,42.1,2.9,11.4,20.8
138,18: printing and reproduction of recorded media,12.7,69.7,7.0,10.5,
138,20: manufacture of chemicals and chemical products,14.2,68.1,6.4,10.6,
138,21: manufacture of basic pharmaceutical products and pharmaceutical preparations,7.1,91.1,0.0,1.8,0.0
138,22: manufacture of rubber and plastic products,17.7,73.4,,8.1,
138,23: manufacture of other non-metallic mineral products,3.1,80.4,0.0,16.6,0.0
138,24: manufacture of basic metals,5.8,24.2,1.9,68.1,0.0
138,"25: manufacture of fabricated metal products, except machinery and equipment",15.5,67.5,3.2,13.8,0.0
138,"26: manufacture of computer, electronic and optical products",20.4,78.0,,,
138,27: manufacture of electrical equipment,17.9,81.5,0.0,,0.0
138,28: manufacture of machinery and equipment n.e.c.,9.5,81.9,0.0,5.4,3.3
138,"29: manufacture of motor vehicles, trailers and semi-trailers",27.1,42.8,,29.6,
138,30: manufacture of other transport equipment,4.3,74.4,0.0,5.0,16.3
138,31: manufacture of furniture,11.2,87.2,,1.1,0.0
138,32: other manufacturing,3.0,68.3,0.0,28.6,0.0
138,33: repair and installation of machinery and equipment,20.4,77.8,0.0,1.7,
138,"38: waste collection, treatment and disposal activities; materials recovery",16.1,64.4,0.0,19.5,0.0
138,41: construction of buildings,15.5,66.2,2.7,6.9,8.6
138,42: civil engineering,17.3,70.7,,11.2,
138,43: specialised construction activities,8.2,76.1,,10.7,4.1
138,45: wholesale and retail trade and repair of motor vehicles and motorcycles,11.7,74.6,2.4,9.9,1.4
138,"46: wholesale trade, except of motor vehicles and motorcycles",16.1,66.9,1.9,14.6,
138,"47: retail trade, except of motor vehicles and motorcycles",27.8,56.4,,13.1,1.9
138,49: land transport and transport via pipelines,9.2,68.7,5.3,14.8,2.0
138,52: warehousing and support activities for transportation,7.2,76.7,,5.2,10.3
138,53: postal and courier activities,43.2,52.8,0.0,4.0,0.0
138,55: accommodation,14.0,56.1,9.3,20.0,
138,56: food and beverage service activities,34.6,48.3,1.2,12.0,3.8
138,58: publishing activities,11.2,75.3,,7.0,5.9
138,"59: motion picture, video and television programme production, sound recording and music publishing activities",1.2,60.9,0.0,3.8,34.2
138,61: telecommunications,1.9,80.3,0.0,17.6,
138,"62: computer programming, consultancy and related activities",14.1,69.4,1.7,6.7,8.0
138,63: information service activities,3.2,81.4,0.0,14.6,
138,68: real estate activities,10.3,65.2,0.0,8.3,16.3
138,69: legal and accounting activities,21.6,66.1,,5.5,6.0
138,70: activities of head offices; management consultancy activities,8.4,72.0,2.1,9.0,8.4
138,71: architectural and engineering activities; technical testing and analysis,8.5,64.0,3.6,13.9,10.0
138,72: scientific research and development,0.0,63.0,,9.0,27.2
138,73: advertising and market research,6.1,79.4,0.0,4.9,9.6
138,"74: other professional, scientific and technical activities",9.7,74.9,2.6,10.6,2.3
138,75: veterinary activities,13.8,74.3,0.0,11.9,0.0
138,77: rental and leasing activities,9.7,78.6,,8.7,2.8
138,78: employment activities,4.5,61.2,3.1,10.3,20.9
138,"79: travel agency, tour operator and other reservation service and related activities",16.6,62.8,1.1,4.8,14.8
138,80: security and investigation activities,7.3,74.0,0.0,7.2,11.5
138,81: services to buildings and landscape activities,8.6,68.8,0.0,14.4,8.1
138,"82: office administrative, office support and other business support activities",8.3,66.4,,10.9,14.1
138,85: education,9.8,74.4,,8.2,7.1
138,86: human health activities,9.3,47.6,1.3,6.1,35.6
138,"90: creative, arts and entertainment activities",16.7,56.9,5.3,10.3,10.7
138,"91: libraries, archives, museums and other cultural activities",24.8,72.3,0.0,3.0,0.0
138,93: sports activities and amusement and recreation activities,12.1,72.4,,6.3,9.0
138,95: repair of computers and personal and household goods,12.8,48.1,0.0,39.1,0.0
138,96: other personal service activities,7.8,73.8,0.0,10.8,7.6
138,All businesses,16.5,64.2,1.6,10.9,6.8
140,10: manufacture of food products,15.3,72.5,1.3,10.5,
140,11: manufacture of beverages,20.0,79.8,0.0,,0.0
140,13: manufacture of textiles,10.3,86.5,0.0,3.2,0.0
140,"16: manufacture of wood and of products of wood and cork, except furniture; manufacture of articles of straw and plaiting materials",28.7,47.2,,23.4,0.0
140,17: manufacture of paper and paper products,14.6,55.6,3.1,14.3,12.5
140,18: printing and reproduction of recorded media,9.2,81.9,0.0,8.5,
140,20: manufacture of chemicals and chemical products,3.3,72.0,0.0,24.7,0.0
140,21: manufacture of basic pharmaceutical products and pharmaceutical preparations,1.2,91.6,0.0,7.2,0.0
140,22: manufacture of rubber and plastic products,3.4,85.7,,10.3,
140,23: manufacture of other non-metallic mineral products,8.3,76.1,0.0,15.6,0.0
140,24: manufacture of basic metals,5.8,60.2,0.0,34.0,0.0
140,"25: manufacture of fabricated metal products, except machinery and equipment",10.6,70.2,,18.8,
140,"26: manufacture of computer, electronic and optical products",10.7,84.8,,3.9,
140,27: manufacture of electrical equipment,11.6,75.1,8.4,3.3,1.6
140,28: manufacture of machinery and equipment n.e.c.,6.1,84.3,3.7,5.6,
140,"29: manufacture of motor vehicles, trailers and semi-trailers",13.9,68.8,0.0,16.1,1.2
140,30: manufacture of other transport equipment,7.9,81.0,2.3,6.2,2.6
140,31: manufacture of furniture,2.4,75.9,6.6,15.2,0.0
140,32: other manufacturing,10.1,75.9,0.0,14.0,0.0
140,33: repair and installation of machinery and equipment,8.2,78.4,0.0,13.3,
140,"36: water collection, treatment and supply",0.0,58.5,0.0,36.6,4.9
140,"38: waste collection, treatment and disposal activities; materials recovery",14.4,76.9,0.0,8.8,0.0
140,41: construction of buildings,9.8,72.7,1.2,10.7,5.6
140,42: civil engineering,13.3,64.2,3.6,10.5,8.4
140,43: specialised construction activities,11.3,75.1,,10.4,3.3
140,45: wholesale and retail trade and repair of motor vehicles and motorcycles,14.0,70.4,3.1,10.4,2.1
140,"46: wholesale trade, except of motor vehicles and motorcycles",14.2,70.8,3.2,10.2,1.7
140,"47: retail trade, except of motor vehicles and motorcycles",30.3,54.0,2.5,12.5,
140,49: land transport and transport via pipelines,10.8,66.3,3.9,16.1,2.9
140,52: warehousing and support activities for transportation,8.7,70.4,6.9,5.8,8.1
140,53: postal and courier activities,1.0,96.8,0.0,2.2,0.0
140,55: accommodation,15.7,60.1,14.7,7.4,2.1
140,56: food and beverage service activities,30.3,54.9,,10.6,3.5
140,58: publishing activities,8.6,68.7,0.0,11.5,11.2
140,"59: motion picture, video and television programme production, sound recording and music publishing activities",12.0,40.3,6.0,4.7,37.0
140,60: programming and broadcasting activities,0.0,87.3,0.0,5.4,7.2
140,61: telecommunications,9.6,64.1,0.0,17.3,9.0
140,"62: computer programming, consultancy and related activities",13.9,69.2,0.0,6.7,10.1
140,63: information service activities,2.6,70.1,0.0,14.4,12.8
140,68: real estate activities,11.9,59.4,0.0,15.4,13.3
140,69: legal and accounting activities,12.0,76.3,0.0,5.7,6.0
140,70: activities of head offices; management consultancy activities,9.8,72.5,0.0,4.9,12.7
140,71: architectural and engineering activities; technical testing and analysis,10.1,63.5,2.0,13.6,10.9
140,72: scientific research and development,,63.7,,13.2,22.2
140,73: advertising and market research,4.0,81.4,,4.9,9.4
140,"74: other professional, scientific and technical activities",9.9,82.1,0.0,5.8,2.2
140,75: veterinary activities,6.2,81.3,0.0,11.8,
140,77: rental and leasing activities,7.4,82.9,,5.8,3.3
140,78: employment activities,4.6,67.0,1.4,11.9,15.1
140,"79: travel agency, tour operator and other reservation service and related activities",11.1,62.0,,6.0,20.8
140,80: security and investigation activities,5.8,77.7,0.0,10.4,6.2
140,81: services to buildings and landscape activities,9.1,75.5,5.4,4.6,5.4
140,"82: office administrative, office support and other business support activities",10.6,56.0,,15.6,17.6
140,85: education,16.7,67.1,,8.5,7.6
140,86: human health activities,5.5,50.5,1.4,10.7,32.0
140,"90: creative, arts and entertainment activities",1.9,68.6,0.0,9.3,20.1
140,"91: libraries, archives, museums and other cultural activities",17.2,76.7,0.0,2.6,3.5
140,93: sports activities and amusement and recreation activities,11.1,75.9,1.6,7.2,4.3
140,95: repair of computers and personal and household goods,14.9,53.8,0.0,31.3,0.0
140,96: other personal service activities,8.2,67.1,0.0,16.7,8.0
140,All businesses,15.2,65.9,1.7,10.5,6.6
142,10: manufacture of food products,18.8,63.7,1.2,16.2,0.0
142,11: manufacture of beverages,3.2,96.4,0.0,,0.0
142,13: manufacture of textiles,10.2,72.6,0.0,17.3,0.0
142,14: manufacture of wearing apparel,0.0,74.4,1.5,24.1,0.0
142,"16: manufacture of wood and of products of wood and cork, except furniture; manufacture of articles of straw and plaiting materials",16.1,82.3,0.0,1.1,
142,17: manufacture of paper and paper products,1.5,62.7,3.8,0.0,32.0
142,18: printing and reproduction of recorded media,13.1,72.6,,13.5,
142,20: manufacture of chemicals and chemical products,6.1,82.7,,9.1,1.4
142,21: manufacture of basic pharmaceutical products and pharmaceutical preparations,14.8,67.4,1.1,16.7,0.0
142,22: manufacture of rubber and plastic products,1.8,87.1,4.9,5.7,
142,23: manufacture of other non-metallic mineral products,1.6,88.6,,9.2,0.0
142,24: manufacture of basic metals,6.5,52.5,0.0,37.5,3.5
142,"25: manufacture of fabricated metal products, except machinery and equipment",10.5,75.7,,12.2,1.5
142,"26: manufacture of computer, electronic and optical products",2.9,91.5,0.0,5.6,0.0
142,27: manufacture of electrical equipment,19.9,77.3,0.0,2.8,0.0
142,28: manufacture of machinery and equipment n.e.c.,8.7,75.2,3.9,8.5,3.7
142,"29: manufacture of motor vehicles, trailers and semi-trailers",12.8,81.4,,5.0,0.0
142,30: manufacture of other transport equipment,1.6,35.8,0.0,61.1,1.6
142,31: manufacture of furniture,7.2,90.6,0.0,1.8,
142,32: other manufacturing,18.2,47.7,0.0,34.0,
142,33: repair and installation of machinery and equipment,11.9,82.1,0.0,,5.3
142,"38: waste collection, treatment and disposal activities; materials recovery",,88.0,,10.3,1.1
142,41: construction of buildings,4.7,72.8,3.0,11.8,7.6
142,42: civil engineering,1.0,80.6,4.0,12.3,2.2
142,43: specialised construction activities,6.3,78.3,,12.0,2.6
142,45: wholesale and retail trade and repair of motor vehicles and motorcycles,15.7,74.6,,9.5,
142,"46: wholesale trade, except of motor vehicles and motorcycles",15.3,70.1,3.0,9.8,1.9
142,"47: retail trade, except of motor vehicles and motorcycles",22.0,59.5,3.0,12.7,2.8
142,49: land transport and transport via pipelines,8.2,67.0,5.4,16.5,2.9
142,52: warehousing and support activities for transportation,8.2,77.7,6.0,1.0,7.1
142,53: postal and courier activities,1.4,54.8,21.2,1.4,21.2
142,55: accommodation,11.6,53.5,19.9,13.1,1.9
142,56: food and beverage service activities,28.6,59.4,,8.8,2.5
142,58: publishing activities,3.9,76.7,,6.6,11.9
142,"59: motion picture, video and television programme production, sound recording and music publishing activities",8.9,57.7,0.0,2.8,30.6
142,60: programming and broadcasting activities,0.0,86.7,0.0,6.2,7.1
142,61: telecommunications,7.5,74.4,0.0,4.8,13.3
142,"62: computer programming, consultancy and related activities",7.4,75.9,0.0,8.8,8.0
142,63: information service activities,2.2,75.5,0.0,19.2,3.0
142,68: real estate activities,9.5,62.8,,9.5,18.1
142,69: legal and accounting activities,16.8,66.1,,9.7,6.5
142,70: activities of head offices; management consultancy activities,2.8,75.5,4.1,9.4,8.1
142,71: architectural and engineering activities; technical testing and analysis,19.7,64.3,2.3,11.0,2.7
142,72: scientific research and development,,64.5,,8.3,25.8
142,73: advertising and market research,4.1,76.1,3.2,9.4,7.1
142,"74: other professional, scientific and technical activities",10.5,81.4,,5.4,2.4
142,75: veterinary activities,18.7,71.8,0.0,9.5,0.0
142,77: rental and leasing activities,8.3,75.7,0.0,8.1,7.9
142,78: employment activities,3.3,67.5,1.9,12.5,14.8
142,"79: travel agency, tour operator and other reservation service and related activities",9.8,63.3,,4.8,21.1
142,80: security and investigation activities,12.2,58.9,0.0,11.2,17.6
142,81: services to buildings and landscape activities,13.3,71.5,2.5,6.9,5.7
142,"82: office administrative, office support and other business support activities",2.3,65.8,1.5,17.1,13.3
142,85: education,3.5,72.4,,5.6,18.2
142,86: human health activities,9.6,46.5,1.4,9.4,33.1
142,"90: creative, arts and entertainment activities",5.6,66.2,,17.4,10.3
142,"91: libraries, archives, museums and other cultural activities",17.7,75.0,1.4,4.6,1.4
142,93: sports activities and amusement and recreation activities,10.2,76.3,5.0,4.3,4.1
142,95: repair of computers and personal and household goods,8.2,62.6,0.0,29.3,0.0
142,96: other personal service activities,12.3,69.7,0.0,9.1,9.0
142,All businesses,13.5,67.6,2.2,10.2,6.6
144,10: manufacture of food products,17.0,67.7,4.1,11.1,0.0
144,11: manufacture of beverages,59.9,39.5,,,0.0
144,13: manufacture of textiles,27.9,62.1,1.1,2.1,6.7
144,14: manufacture of wearing apparel,,95.5,0.0,2.0,1.7
144,"16: manufacture of wood and of products of wood and cork, except furniture; manufacture of articles of straw and plaiting materials",16.3,71.2,1.0,11.1,
144,17: manufacture of paper and paper products,21.5,51.7,1.0,4.3,21.5
144,18: printing and reproduction of recorded media,6.3,78.5,9.2,6.0,0.0
144,20: manufacture of chemicals and chemical products,2.7,74.6,5.3,16.4,
144,21: manufacture of basic pharmaceutical products and pharmaceutical preparations,6.1,80.9,0.0,13.0,0.0
144,22: manufacture of rubber and plastic products,5.4,88.5,3.9,1.9,
144,23: manufacture of other non-metallic mineral products,8.8,89.4,0.0,1.8,0.0
144,24: manufacture of basic metals,4.7,45.4,2.2,47.7,0.0
144,"25: manufacture of fabricated metal products, except machinery and equipment",8.7,76.7,4.3,10.0,
144,"26: manufacture of computer, electronic and optical products",9.4,89.1,0.0,1.1,
144,27: manufacture of electrical equipment,9.5,86.8,0.0,3.1,
144,28: manufacture of machinery and equipment n.e.c.,12.7,84.5,,2.2,
144,"29: manufacture of motor vehicles, trailers and semi-trailers",12.2,73.8,,13.9,0.0
144,30: manufacture of other transport equipment,4.9,90.0,0.0,3.8,1.4
144,31: manufacture of furniture,5.5,82.8,5.0,1.9,5.0
144,32: other manufacturing,1.8,55.2,0.0,43.0,0.0
144,33: repair and installation of machinery and equipment,,85.8,0.0,13.3,
144,"38: waste collection, treatment and disposal activities; materials recovery",12.1,77.3,1.4,3.4,5.7
144,41: construction of buildings,9.9,75.6,3.0,6.1,5.4
144,42: civil engineering,1.7,78.3,3.2,10.9,5.9
144,43: specialised construction activities,9.5,72.0,,9.2,9.0
144,45: wholesale and retail trade and repair of motor vehicles and motorcycles,11.5,73.7,2.3,12.3,
144,"46: wholesale trade, except of motor vehicles and motorcycles",12.3,71.0,3.8,11.6,1.4
144,"47: retail trade, except of motor vehicles and motorcycles",22.9,58.4,3.2,13.2,2.4
144,49: land transport and transport via pipelines,6.4,73.2,4.4,15.4,
144,52: warehousing and support activities for transportation,5.4,75.9,3.6,7.7,7.4
144,53: postal and courier activities,2.8,95.2,0.0,1.3,
144,55: accommodation,13.6,55.0,11.0,15.5,4.8
144,56: food and beverage service activities,29.9,57.1,,11.3,1.6
144,58: publishing activities,5.8,65.1,0.0,16.4,12.7
144,"59: motion picture, video and television programme production, sound recording and music publishing activities",,74.7,,8.3,16.1
144,61: telecommunications,7.5,65.3,0.0,18.6,8.6
144,"62: computer programming, consultancy and related activities",10.3,74.9,0.0,10.6,4.2
144,63: information service activities,0.0,95.4,0.0,3.9,
144,68: real estate activities,10.9,54.9,2.7,14.2,17.3
144,69: legal and accounting activities,12.1,71.5,,6.3,9.1
144,70: activities of head offices; management consultancy activities,4.6,78.5,2.2,2.9,11.7
144,71: architectural and engineering activities; technical testing and analysis,7.6,66.4,2.0,14.3,9.7
144,72: scientific research and development,,68.9,0.0,10.1,20.1
144,73: advertising and market research,5.9,78.6,3.4,8.5,3.5
144,"74: other professional, scientific and technical activities",14.0,69.0,,11.8,5.0
144,75: veterinary activities,6.6,76.0,,15.6,1.7
144,77: rental and leasing activities,5.8,76.3,3.0,11.7,3.2
144,78: employment activities,3.2,69.7,,11.2,15.3
144,"79: travel agency, tour operator and other reservation service and related activities",1.7,57.5,,5.0,35.3
144,80: security and investigation activities,7.1,72.2,0.0,13.3,7.5
144,81: services to buildings and landscape activities,7.7,77.1,3.7,4.9,6.6
144,"82: office administrative, office support and other business support activities",3.8,59.5,,20.0,16.3
144,85: education,6.5,77.4,0.0,3.7,12.3
144,86: human health activities,6.3,46.1,,2.2,45.3
144,"90: creative, arts and entertainment activities",10.9,58.5,0.0,14.6,16.0
144,"91: libraries, archives, museums and other cultural activities",2.5,92.1,0.0,3.9,1.4
144,93: sports activities and amusement and recreation activities,6.8,77.5,2.4,6.2,7.1
144,95: repair of computers and personal and household goods,,88.5,0.0,11.1,0.0
144,96: other personal service activities,12.8,74.3,0.0,5.1,7.8
144,All businesses,13.0,67.6,1.8,10.2,7.4
146,10: manufacture of food products,26.6,58.7,5.4,9.4,0.0
146,11: manufacture of beverages,31.2,65.8,2.5,,0.0
146,13: manufacture of textiles,31.1,43.1,6.3,19.5,0.0
146,14: manufacture of wearing apparel,28.1,67.5,0.0,4.4,0.0
146,"16: manufacture of wood and of products of wood and cork, except furniture; manufacture of articles of straw and plaiting materials",30.8,56.1,,12.3,0.0
146,17: manufacture of paper and paper products,7.3,71.6,2.1,19.1,0.0
146,18: printing and reproduction of recorded media,38.2,40.6,0.0,21.1,0.0
146,20: manufacture of chemicals and chemical products,16.5,66.1,5.8,11.7,0.0
146,21: manufacture of basic pharmaceutical products and pharmaceutical preparations,10.5,78.0,0.0,11.6,0.0
146,22: manufacture of rubber and plastic products,25.4,65.7,4.6,4.3,0.0
146,23: manufacture of other non-metallic mineral products,20.2,77.9,0.0,2.0,0.0
146,24: manufacture of basic metals,33.5,43.7,0.0,22.8,0.0
146,"25: manufacture of fabricated metal products, except machinery and equipment",23.4,62.6,,12.1,1.8
146,"26: manufacture of computer, electronic and optical products",29.2,51.8,0.0,19.0,0.0
146,27: manufacture of electrical equipment,22.3,68.6,1.6,7.0,
146,28: manufacture of machinery and equipment n.e.c.,33.2,49.3,,13.5,3.7
146,"29: manufacture of motor vehicles, trailers and semi-trailers",32.1,54.7,0.0,13.1,
146,30: manufacture of other transport equipment,13.2,80.7,0.0,2.7,3.4
146,31: manufacture of furniture,20.4,67.2,,6.5,5.0
146,32: other manufacturing,24.2,36.0,0.0,39.8,0.0
146,33: repair and installation of machinery and equipment,22.4,58.2,0.0,19.3,
146,"38: waste collection, treatment and disposal activities; materials recovery",22.6,56.5,,13.5,6.7
146,41: construction of buildings,14.6,59.5,,11.2,14.4
146,42: civil engineering,10.1,69.0,6.7,11.3,2.9
146,43: specialised construction activities,26.8,59.3,,11.3,1.8
146,45: wholesale and retail trade and repair of motor vehicles and motorcycles,32.4,51.9,1.2,11.2,3.3
146,"46: wholesale trade, except of motor vehicles and motorcycles",32.2,49.1,1.4,15.1,2.2
146,"47: retail trade, except of motor vehicles and motorcycles",33.2,46.9,2.7,14.8,2.4
146,49: land transport and transport via pipelines,21.0,48.3,2.6,20.6,7.5
146,52: warehousing and support activities for transportation,15.4,67.3,1.1,6.1,10.1
146,53: postal and courier activities,7.1,47.6,0.0,45.2,0.0
146,55: accommodation,20.5,50.0,19.3,9.6,
146,56: food and beverage service activities,42.3,43.2,,10.7,3.3
146,58: publishing activities,13.6,72.2,0.0,7.8,6.5
146,"59: motion picture, video and television programme production, sound recording and music publishing activities",,57.1,0.0,14.6,27.4
146,61: telecommunications,27.7,52.5,0.0,10.5,9.2
146,"62: computer programming, consultancy and related activities",24.5,51.8,,14.8,8.0
146,63: information service activities,46.6,48.5,0.0,4.2,
146,68: real estate activities,16.9,53.3,0.0,7.1,22.7
146,69: legal and accounting activities,21.9,62.7,1.7,6.4,7.3
146,70: activities of head offices; management consultancy activities,16.9,66.2,2.0,8.9,5.9
146,71: architectural and engineering activities; technical testing and analysis,19.4,64.6,,9.8,5.7
146,72: scientific research and development,30.3,41.2,,9.5,18.2
146,73: advertising and market research,19.1,70.7,0.0,6.3,3.9
146,"74: other professional, scientific and technical activities",7.4,71.6,,14.5,6.0
146,75: veterinary activities,42.9,46.1,0.0,11.0,0.0
146,77: rental and leasing activities,14.2,63.2,2.5,12.2,7.8
146,78: employment activities,11.8,60.3,3.1,8.7,16.0
146,"79: travel agency, tour operator and other reservation service and related activities",34.5,30.2,0.0,14.0,21.3
146,80: security and investigation activities,34.9,53.1,0.0,2.5,9.5
146,81: services to buildings and landscape activities,17.1,67.1,,5.9,9.6
146,"82: office administrative, office support and other business support activities",14.5,54.6,,12.8,18.0
146,85: education,7.9,71.5,0.0,8.4,12.2
146,86: human health activities,15.0,44.0,,8.5,32.2
146,"90: creative, arts and entertainment activities",20.3,58.8,0.0,15.2,5.7
146,"91: libraries, archives, museums and other cultural activities",43.1,48.1,0.0,3.7,5.2
146,93: sports activities and amusement and recreation activities,21.5,63.5,1.4,5.2,8.4
146,95: repair of computers and personal and household goods,24.7,62.8,0.0,12.5,0.0
146,96: other personal service activities,34.9,53.5,0.0,5.7,5.9
146,All businesses,26.1,54.0,1.6,11.4,7.0
148,10: manufacture of food products,18.6,55.8,4.9,17.2,3.5
148,11: manufacture of beverages,29.2,59.3,0.0,11.5,0.0
148,13: manufacture of textiles,36.0,57.1,,6.8,0.0
148,14: manufacture of wearing apparel,45.1,49.3,0.0,5.6,0.0
148,"16: manufacture of wood and of products of wood and cork, except furniture; manufacture of articles of straw and plaiting materials",46.1,37.7,5.1,11.1,0.0
148,17: manufacture of paper and paper products,22.0,56.1,17.5,4.5,0.0
148,18: printing and reproduction of recorded media,15.0,79.6,0.0,5.3,
148,20: manufacture of chemicals and chemical products,21.5,58.4,,19.5,0.0
148,21: manufacture of basic pharmaceutical products and pharmaceutical preparations,29.5,49.8,0.0,20.7,0.0
148,22: manufacture of rubber and plastic products,29.7,59.5,4.4,2.7,3.8
148,23: manufacture of other non-metallic mineral products,28.2,60.7,1.0,10.2,0.0
148,24: manufacture of basic metals,16.0,64.8,0.0,17.1,2.1
148,"25: manufacture of fabricated metal products, except machinery and equipment",32.6,56.9,3.0,7.4,
148,"26: manufacture of computer, electronic and optical products",39.1,54.6,,5.8,0.0
148,27: manufacture of electrical equipment,29.8,61.8,0.0,7.7,
148,28: manufacture of machinery and equipment n.e.c.,23.2,65.9,0.0,10.6,
148,"29: manufacture of motor vehicles, trailers and semi-trailers",32.4,64.1,0.0,3.5,0.0
148,30: manufacture of other transport equipment,16.6,78.4,0.0,5.0,0.0
148,31: manufacture of furniture,21.1,70.6,0.0,8.3,0.0
148,32: other manufacturing,17.6,66.5,,15.2,
148,33: repair and installation of machinery and equipment,27.3,59.8,0.0,12.5,
148,"36: water collection, treatment and supply",0.0,95.1,2.4,0.0,2.4
148,"38: waste collection, treatment and disposal activities; materials recovery",28.3,50.8,,19.7,
148,41: construction of buildings,15.4,58.9,4.6,10.8,10.3
148,42: civil engineering,19.1,55.0,3.7,16.5,5.7
148,43: specialised construction activities,22.8,59.6,1.6,12.9,3.1
148,45: wholesale and retail trade and repair of motor vehicles and motorcycles,22.9,63.2,2.2,9.4,2.3
148,"46: wholesale trade, except of motor vehicles and motorcycles",31.8,54.8,,11.8,
148,"47: retail trade, except of motor vehicles and motorcycles",34.2,47.6,2.1,14.0,2.2
148,49: land transport and transport via pipelines,21.5,56.7,2.7,16.2,2.9
148,52: warehousing and support activities for transportation,24.1,55.0,,8.6,11.4
148,53: postal and courier activities,38.6,58.1,0.0,2.6,
148,55: accommodation,20.4,47.7,14.5,12.9,4.5
148,56: food and beverage service activities,38.6,46.1,,12.7,1.7
148,58: publishing activities,18.3,70.1,0.0,6.9,4.7
148,"59: motion picture, video and television programme production, sound recording and music publishing activities",,51.5,0.0,13.3,34.5
148,61: telecommunications,28.4,48.9,0.0,17.0,5.7
148,"62: computer programming, consultancy and related activities",21.0,66.2,1.1,8.0,3.7
148,63: information service activities,31.8,63.8,0.0,3.1,1.2
148,68: real estate activities,6.9,54.3,2.7,15.1,21.0
148,69: legal and accounting activities,18.4,66.6,1.0,5.2,8.8
148,70: activities of head offices; management consultancy activities,13.4,71.2,2.1,5.6,7.7
148,71: architectural and engineering activities; technical testing and analysis,23.5,58.4,3.2,11.2,3.7
148,72: scientific research and development,11.6,43.8,7.9,11.6,25.1
148,73: advertising and market research,17.5,60.5,3.6,14.1,4.3
148,"74: other professional, scientific and technical activities",17.2,63.9,2.5,5.7,10.7
148,75: veterinary activities,46.2,46.5,0.0,6.7,
148,77: rental and leasing activities,19.6,69.8,0.0,7.4,3.1
148,78: employment activities,8.6,64.3,2.3,7.4,17.5
148,"79: travel agency, tour operator and other reservation service and related activities",2.8,44.1,0.0,12.8,40.2
148,80: security and investigation activities,18.4,61.2,7.4,3.9,9.0
148,81: services to buildings and landscape activities,18.7,66.0,2.2,8.1,5.0
148,"82: office administrative, office support and other business support activities",8.6,64.6,1.5,12.4,12.8
148,85: education,14.1,62.7,0.0,7.7,15.5
148,86: human health activities,13.7,47.6,2.6,3.8,32.4
148,"90: creative, arts and entertainment activities",16.2,56.2,0.0,26.5,1.0
148,"91: libraries, archives, museums and other cultural activities",30.0,42.1,,16.0,11.2
148,93: sports activities and amusement and recreation activities,18.4,64.1,1.4,9.5,6.6
148,95: repair of computers and personal and household goods,17.7,63.9,0.0,18.4,0.0
148,96: other personal service activities,32.3,53.6,0.0,5.7,8.4
148,All businesses,24.7,56.2,2.0,10.6,6.4
150,10: manufacture of food products,13.2,70.8,3.8,9.2,3.0
150,11: manufacture of beverages,35.1,36.4,0.0,28.5,0.0
150,13: manufacture of textiles,18.6,78.2,0.0,3.2,0.0
150,14: manufacture of wearing apparel,21.9,52.3,0.0,25.8,0.0
150,"16: manufacture of wood and of products of wood and cork, except furniture; manufacture of articles of straw and plaiting materials",33.8,50.5,,14.4,
150,17: manufacture of paper and paper products,17.9,61.8,3.4,4.0,12.9
150,18: printing and reproduction of recorded media,27.4,66.4,0.0,6.1,
150,20: manufacture of chemicals and chemical products,19.5,69.5,1.5,9.5,0.0
150,21: manufacture of basic pharmaceutical products and pharmaceutical preparations,15.7,71.4,0.0,12.9,0.0
150,22: manufacture of rubber and plastic products,28.4,67.4,,3.0,
150,23: manufacture of other non-metallic mineral products,23.7,61.8,,14.0,0.0
150,24: manufacture of basic metals,24.6,55.2,0.0,20.3,0.0
150,"25: manufacture of fabricated metal products, except machinery and equipment",16.5,59.1,1.6,21.0,1.8
150,"26: manufacture of computer, electronic and optical products",17.7,75.6,0.0,6.1,
150,27: manufacture of electrical equipment,22.7,49.4,0.0,26.2,1.6
150,28: manufacture of machinery and equipment n.e.c.,13.8,78.4,,6.5,
150,"29: manufacture of motor vehicles, trailers and semi-trailers",27.6,67.3,0.0,4.9,
150,30: manufacture of other transport equipment,40.7,57.7,,1.0,
150,31: manufacture of furniture,17.4,69.5,0.0,13.0,0.0
150,32: other manufacturing,2.9,67.7,0.0,29.0,
150,33: repair and installation of machinery and equipment,15.6,75.5,0.0,8.9,
150,"36: water collection, treatment and supply",0.0,77.4,0.0,20.2,2.4
150,37: sewerage,21.1,60.5,0.0,18.4,0.0
150,"38: waste collection, treatment and disposal activities; materials recovery",13.7,65.8,0.0,20.5,0.0
150,41: construction of buildings,9.8,64.6,4.4,14.2,7.0
150,42: civil engineering,18.8,54.0,,15.6,11.4
150,43: specialised construction activities,17.2,60.7,0.0,15.4,6.6
150,45: wholesale and retail trade and repair of motor vehicles and motorcycles,17.6,66.3,1.1,12.7,2.4
150,"46: wholesale trade, except of motor vehicles and motorcycles",23.9,60.7,1.2,11.9,2.4
150,"47: retail trade, except of motor vehicles and motorcycles",29.3,48.2,3.1,18.2,1.3
150,49: land transport and transport via pipelines,25.2,54.5,0.0,16.9,3.4
150,52: warehousing and support activities for transportation,16.0,64.6,,10.2,8.7
150,53: postal and courier activities,15.2,81.0,0.0,1.5,2.3
150,55: accommodation,30.1,49.4,3.0,11.7,5.8
150,56: food and beverage service activities,39.6,44.5,1.9,10.5,3.5
150,58: publishing activities,18.6,55.9,0.0,18.6,6.8
150,"59: motion picture, video and television programme production, sound recording and music publishing activities",1.5,63.7,5.2,8.1,21.5
150,61: telecommunications,5.6,64.1,0.0,23.7,6.6
150,"62: computer programming, consultancy and related activities",13.7,68.5,1.0,9.2,7.6
150,63: information service activities,16.0,52.6,0.0,17.1,14.3
150,68: real estate activities,13.5,46.8,2.5,10.9,26.3
150,69: legal and accounting activities,21.5,67.0,1.0,4.2,6.3
150,70: activities of head offices; management consultancy activities,4.4,78.8,3.4,6.5,7.0
150,71: architectural and engineering activities; technical testing and analysis,19.5,63.3,,11.3,5.6
150,72: scientific research and development,7.3,39.0,5.9,9.3,38.5
150,73: advertising and market research,14.8,72.0,3.2,5.7,4.3
150,"74: other professional, scientific and technical activities",16.1,76.8,0.0,4.1,3.0
150,75: veterinary activities,23.1,67.7,,8.4,0.0
150,77: rental and leasing activities,17.6,64.7,2.4,12.6,2.7
150,78: employment activities,5.3,68.9,,9.8,15.5
150,"79: travel agency, tour operator and other reservation service and related activities",11.7,62.3,0.0,6.4,19.6
150,80: security and investigation activities,13.1,75.2,0.0,10.1,1.6
150,81: services to buildings and landscape activities,21.4,57.0,5.4,13.0,3.2
150,"82: office administrative, office support and other business support activities",7.4,67.3,0.0,10.7,14.6
150,85: education,,77.6,,8.9,12.4
150,86: human health activities,7.9,47.8,1.7,7.2,35.3
150,"90: creative, arts and entertainment activities",16.9,61.9,0.0,14.7,6.5
150,"91: libraries, archives, museums and other cultural activities",35.5,58.7,1.5,2.6,1.6
150,93: sports activities and amusement and recreation activities,20.3,62.8,,8.7,8.0
150,95: repair of computers and personal and household goods,23.2,43.2,0.0,33.6,0.0
150,96: other personal service activities,27.0,56.9,2.9,8.1,5.2
150,All businesses,21.3,58.7,1.5,11.6,7.0
152,10: manufacture of food products,25.0,55.9,6.9,12.1,
152,11: manufacture of beverages,82.1,14.9,0.0,3.0,0.0
152,13: manufacture of textiles,33.5,47.7,0.0,18.8,0.0
152,14: manufacture of wearing apparel,31.7,62.4,1.4,4.4,0.0
152,"16: manufacture of wood and of products of wood and cork, except furniture; manufacture of articles of straw and plaiting materials",27.7,59.0,,12.5,
152,17: manufacture of paper and paper products,11.9,77.2,4.0,6.9,0.0
152,18: printing and reproduction of recorded media,25.0,62.2,5.3,6.9,
152,20: manufacture of chemicals and chemical products,18.6,63.1,,17.7,0.0
152,21: manufacture of basic pharmaceutical products and pharmaceutical preparations,8.4,82.4,0.0,9.2,0.0
152,22: manufacture of rubber and plastic products,35.3,54.7,4.7,5.0,
152,23: manufacture of other non-metallic mineral products,44.0,45.1,,10.3,0.0
152,24: manufacture of basic metals,3.3,64.8,0.0,31.9,0.0
152,"25: manufacture of fabricated metal products, except machinery and equipment",29.2,55.6,1.4,12.4,1.5
152,"26: manufacture of computer, electronic and optical products",18.4,80.4,0.0,1.3,0.0
152,27: manufacture of electrical equipment,46.0,45.9,,7.4,
152,28: manufacture of machinery and equipment n.e.c.,20.7,62.1,,16.3,
152,"29: manufacture of motor vehicles, trailers and semi-trailers",13.3,71.1,0.0,14.7,1.0
152,30: manufacture of other transport equipment,20.5,69.7,2.6,7.2,0.0
152,31: manufacture of furniture,22.1,50.6,1.1,26.2,0.0
152,32: other manufacturing,34.3,41.7,0.0,23.5,
152,33: repair and installation of machinery and equipment,53.1,35.3,0.0,11.0,
152,"36: water collection, treatment and supply",72.1,22.1,0.0,5.8,0.0
152,37: sewerage,25.7,70.2,0.0,2.2,1.9
152,"38: waste collection, treatment and disposal activities; materials recovery",42.7,33.3,7.5,16.5,
152,41: construction of buildings,26.8,55.1,2.5,5.3,10.3
152,42: civil engineering,34.5,45.9,0.0,7.0,12.6
152,43: specialised construction activities,26.7,53.8,,14.2,4.4
152,45: wholesale and retail trade and repair of motor vehicles and motorcycles,33.2,53.2,,12.1,1.4
152,"46: wholesale trade, except of motor vehicles and motorcycles",33.7,49.4,1.6,13.5,1.9
152,"47: retail trade, except of motor vehicles and motorcycles",35.2,45.6,3.2,14.7,1.4
152,49: land transport and transport via pipelines,38.9,40.9,1.2,15.1,3.9
152,52: warehousing and support activities for transportation,35.6,44.9,5.2,3.1,11.2
152,53: postal and courier activities,27.0,69.7,0.0,2.4,
152,55: accommodation,46.9,32.3,,14.4,5.9
152,56: food and beverage service activities,47.2,34.7,1.2,14.1,2.8
152,58: publishing activities,13.1,66.5,0.0,7.5,12.9
152,"59: motion picture, video and television programme production, sound recording and music publishing activities",7.2,51.8,,13.9,26.6
152,61: telecommunications,42.8,26.9,0.0,23.3,7.0
152,"62: computer programming, consultancy and related activities",19.6,62.0,,12.8,4.8
152,63: information service activities,6.9,64.4,,27.8,
152,68: real estate activities,16.9,41.9,0.0,16.0,25.2
152,69: legal and accounting activities,26.5,58.4,,5.0,9.2
152,70: activities of head offices; management consultancy activities,18.8,63.7,2.2,9.3,5.9
152,71: architectural and engineering activities; technical testing and analysis,18.3,66.5,0.0,9.6,5.7
152,72: scientific research and development,11.3,39.4,7.5,12.0,29.9
152,73: advertising and market research,21.9,63.6,6.0,7.5,1.0
152,"74: other professional, scientific and technical activities",30.8,50.0,2.8,16.0,
152,75: veterinary activities,17.1,80.5,0.0,1.4,
152,77: rental and leasing activities,11.2,69.3,4.9,9.3,5.3
152,78: employment activities,35.0,34.5,1.0,8.2,21.2
152,"79: travel agency, tour operator and other reservation service and related activities",19.2,48.9,12.6,4.3,15.0
152,80: security and investigation activities,39.6,31.1,0.0,21.4,7.9
152,81: services to buildings and landscape activities,53.2,30.3,0.0,16.2,
152,"82: office administrative, office support and other business support activities",11.9,59.8,,10.4,17.9
152,85: education,10.5,65.7,,13.7,9.8
152,86: human health activities,21.6,33.7,1.3,8.8,34.6
152,"90: creative, arts and entertainment activities",19.1,61.4,0.0,12.8,6.6
152,"91: libraries, archives, museums and other cultural activities",36.5,60.2,0.0,3.0,
152,93: sports activities and amusement and recreation activities,35.5,51.6,0.0,7.1,5.7
152,95: repair of computers and personal and household goods,38.9,60.1,,,0.0
152,96: other personal service activities,50.5,40.7,0.0,6.4,2.4
152,All businesses,31.7,48.2,1.5,12.0,6.6
154,10: manufacture of food products,34.3,51.4,1.0,13.3,0.0
154,11: manufacture of beverages,84.2,13.1,0.0,2.7,0.0
154,13: manufacture of textiles,60.9,27.6,0.0,11.5,0.0
154,14: manufacture of wearing apparel,44.6,50.0,1.4,4.0,0.0
154,"16: manufacture of wood and of products of wood and cork, except furniture; manufacture of articles of straw and plaiting materials",69.2,19.9,0.0,10.5,
154,17: manufacture of paper and paper products,48.5,45.1,0.0,5.8,
154,18: printing and reproduction of recorded media,40.3,48.5,,10.2,
154,20: manufacture of chemicals and chemical products,35.7,44.3,4.9,15.1,0.0
154,21: manufacture of basic pharmaceutical products and pharmaceutical preparations,6.9,78.7,0.0,14.5,0.0
154,22: manufacture of rubber and plastic products,51.8,32.8,0.0,15.4,0.0
154,23: manufacture of other non-metallic mineral products,64.3,32.6,,3.0,0.0
154,24: manufacture of basic metals,52.9,27.0,0.0,19.8,
154,"25: manufacture of fabricated metal products, except machinery and equipment",42.0,43.7,3.4,10.9,0.0
154,"26: manufacture of computer, electronic and optical products",28.2,65.2,0.0,6.6,0.0
154,27: manufacture of electrical equipment,42.2,46.7,,6.4,4.1
154,28: manufacture of machinery and equipment n.e.c.,35.3,56.5,3.2,4.7,
154,"29: manufacture of motor vehicles, trailers and semi-trailers",36.6,55.5,2.3,4.0,1.6
154,30: manufacture of other transport equipment,59.4,32.1,1.5,5.0,2.0
154,31: manufacture of furniture,41.7,37.6,0.0,20.7,0.0
154,32: other manufacturing,37.2,39.2,0.0,22.9,
154,33: repair and installation of machinery and equipment,54.7,40.4,0.0,4.4,
154,37: sewerage,55.1,25.4,0.0,17.6,1.9
154,"38: waste collection, treatment and disposal activities; materials recovery",45.9,38.4,,14.4,1.0
154,41: construction of buildings,42.2,41.7,,6.2,9.5
154,42: civil engineering,50.0,38.6,,6.1,5.0
154,43: specialised construction activities,38.1,46.8,1.0,11.1,2.9
154,45: wholesale and retail trade and repair of motor vehicles and motorcycles,29.8,51.9,1.3,15.5,1.4
154,"46: wholesale trade, except of motor vehicles and motorcycles",39.7,44.2,1.9,13.2,1.1
154,"47: retail trade, except of motor vehicles and motorcycles",41.9,39.0,1.5,14.0,3.5
154,49: land transport and transport via pipelines,46.5,30.9,0.0,18.3,4.3
154,52: warehousing and support activities for transportation,43.2,46.9,,3.3,6.3
154,53: postal and courier activities,39.9,57.2,0.0,1.8,1.1
154,55: accommodation,45.4,37.0,5.3,10.7,1.6
154,56: food and beverage service activities,46.6,33.4,3.0,14.5,2.5
154,58: publishing activities,10.2,75.8,0.0,4.5,9.5
154,"59: motion picture, video and television programme production, sound recording and music publishing activities",14.7,39.2,,13.5,32.1
154,61: telecommunications,39.4,33.1,0.0,12.4,15.1
154,"62: computer programming, consultancy and related activities",18.9,62.2,,12.9,5.7
154,63: information service activities,44.9,51.6,,2.9,
154,68: real estate activities,9.9,47.2,3.7,23.2,16.0
154,69: legal and accounting activities,33.3,53.9,,5.3,6.6
154,70: activities of head offices; management consultancy activities,14.2,67.6,,13.7,4.1
154,71: architectural and engineering activities; technical testing and analysis,25.8,55.2,1.7,10.3,7.1
154,72: scientific research and development,11.4,37.5,0.0,23.5,27.5
154,73: advertising and market research,22.5,63.4,0.0,9.9,4.1
154,"74: other professional, scientific and technical activities",30.0,53.1,0.0,13.4,3.5
154,75: veterinary activities,12.8,70.0,0.0,17.0,
154,77: rental and leasing activities,23.7,53.6,,18.2,4.3
154,78: employment activities,35.1,43.2,,12.2,8.9
154,"79: travel agency, tour operator and other reservation service and related activities",6.0,66.1,1.6,14.4,11.9
154,80: security and investigation activities,38.6,42.6,0.0,18.8,0.0
154,81: services to buildings and landscape activities,47.7,28.4,,19.1,4.3
154,"82: office administrative, office support and other business support activities",31.8,50.3,,7.7,10.1
154,85: education,13.0,68.3,2.8,12.7,3.1
154,86: human health activities,22.9,33.9,,12.1,30.9
154,"90: creative, arts and entertainment activities",23.9,52.4,0.0,17.0,6.7
154,"91: libraries, archives, museums and other cultural activities",50.9,29.7,0.0,17.8,1.6
154,93: sports activities and amusement and recreation activities,35.8,55.8,,3.5,4.5
154,95: repair of computers and personal and household goods,38.6,60.2,1.2,0.0,0.0
154,96: other personal service activities,38.3,50.4,0.0,11.2,0.0
154,All businesses,36.2,44.6,1.4,12.3,5.4
156,10: manufacture of food products,19.9,68.5,,10.2,
156,11: manufacture of beverages,81.9,16.8,0.0,1.1,
156,13: manufacture of textiles,25.5,43.6,7.3,23.7,0.0
156,14: manufacture of wearing apparel,34.8,59.9,2.0,3.3,0.0
156,"16: manufacture of wood and of products of wood and cork, except furniture; manufacture of articles of straw and plaiting materials",29.8,54.8,0.0,15.4,0.0
156,17: manufacture of paper and paper products,41.7,54.6,0.0,3.7,0.0
156,18: printing and reproduction of recorded media,40.8,52.2,0.0,6.6,
156,20: manufacture of chemicals and chemical products,34.8,50.7,0.0,10.7,3.8
156,21: manufacture of basic pharmaceutical products and pharmaceutical preparations,5.9,79.0,0.0,15.1,0.0
156,22: manufacture of rubber and plastic products,34.3,49.7,0.0,16.0,0.0
156,23: manufacture of other non-metallic mineral products,15.1,71.5,,12.7,
156,24: manufacture of basic metals,43.0,53.9,0.0,3.2,0.0
156,"25: manufacture of fabricated metal products, except machinery and equipment",25.0,59.2,,15.6,0.0
156,"26: manufacture of computer, electronic and optical products",26.6,58.8,0.0,14.6,0.0
156,27: manufacture of electrical equipment,42.0,49.8,0.0,8.1,
156,28: manufacture of machinery and equipment n.e.c.,26.3,59.4,,13.6,
156,"29: manufacture of motor vehicles, trailers and semi-trailers",43.0,42.6,0.0,13.7,
156,30: manufacture of other transport equipment,5.6,90.0,0.0,4.3,0.0
156,31: manufacture of furniture,32.9,50.7,0.0,16.4,0.0
156,32: other manufacturing,3.1,70.2,0.0,26.7,0.0
156,33: repair and installation of machinery and equipment,25.1,73.2,0.0,1.7,
156,37: sewerage,60.6,38.0,0.0,1.5,0.0
156,"38: waste collection, treatment and disposal activities; materials recovery",37.4,38.8,0.0,23.8,0.0
156,41: construction of buildings,19.4,59.5,2.5,3.9,14.8
156,42: civil engineering,47.4,40.0,,6.8,5.5
156,43: specialised construction activities,23.3,59.9,,11.6,5.0
156,45: wholesale and retail trade and repair of motor vehicles and motorcycles,33.5,54.5,,10.6,1.3
156,"46: wholesale trade, except of motor vehicles and motorcycles",34.9,49.5,2.1,12.6,1.0
156,"47: retail trade, except of motor vehicles and motorcycles",32.6,49.1,1.9,13.3,3.1
156,49: land transport and transport via pipelines,19.5,58.5,2.4,16.7,2.9
156,52: warehousing and support activities for transportation,35.8,51.7,1.1,4.8,6.7
156,53: postal and courier activities,,95.3,1.2,1.3,1.4
156,55: accommodation,28.7,48.6,6.1,11.8,4.9
156,56: food and beverage service activities,33.7,49.0,1.6,13.5,2.2
156,58: publishing activities,9.3,80.2,0.0,3.2,7.3
156,"59: motion picture, video and television programme production, sound recording and music publishing activities",9.9,48.7,,7.6,33.4
156,61: telecommunications,10.5,54.9,0.0,28.8,5.8
156,"62: computer programming, consultancy and related activities",13.7,69.3,3.1,9.2,4.7
156,63: information service activities,1.3,95.1,,1.5,2.0
156,68: real estate activities,17.3,39.6,0.0,21.4,21.7
156,69: legal and accounting activities,21.3,63.2,0.0,5.7,9.8
156,70: activities of head offices; management consultancy activities,10.5,71.0,2.0,11.0,5.5
156,71: architectural and engineering activities; technical testing and analysis,20.3,69.8,1.9,5.4,2.6
156,72: scientific research and development,2.9,41.2,,12.0,43.1
156,73: advertising and market research,7.0,74.4,5.8,6.4,6.4
156,"74: other professional, scientific and technical activities",19.0,63.1,3.0,10.8,4.2
156,75: veterinary activities,16.1,82.1,0.0,1.7,
156,77: rental and leasing activities,11.2,72.9,0.0,13.2,2.7
156,78: employment activities,13.7,56.6,,14.0,15.5
156,"79: travel agency, tour operator and other reservation service and related activities",14.6,57.8,9.5,6.2,11.9
156,80: security and investigation activities,24.6,62.0,0.0,12.8,
156,81: services to buildings and landscape activities,20.8,58.3,,14.0,6.8
156,"82: office administrative, office support and other business support activities",8.2,67.2,,10.8,13.5
156,85: education,4.5,85.1,,4.8,5.5
156,86: human health activities,18.3,39.7,1.4,8.0,32.7
156,"90: creative, arts and entertainment activities",11.7,80.8,0.0,6.8,
156,"91: libraries, archives, museums and other cultural activities",20.3,75.6,0.0,2.3,1.8
156,93: sports activities and amusement and recreation activities,12.4,76.7,,4.8,5.7
156,95: repair of computers and personal and household goods,2.8,43.9,0.0,52.6,
156,96: other personal service activities,11.6,79.2,0.0,3.0,6.3
156,All businesses,24.1,57.2,1.3,11.2,6.2
158,10: manufacture of food products,24.7,55.1,1.4,18.5,
158,11: manufacture of beverages,41.9,57.4,0.0,,0.0
158,13: manufacture of textiles,16.3,45.6,0.0,38.1,0.0
158,14: manufacture of wearing apparel,30.8,67.9,1.3,0.0,0.0
158,"16: manufacture of wood and of products of wood and cork, except furniture; manufacture of articles of straw and plaiting materials",28.8,56.1,0.0,14.6,
158,17: manufacture of paper and paper products,53.2,45.5,0.0,,
158,18: printing and reproduction of recorded media,23.3,64.6,0.0,11.7,
158,20: manufacture of chemicals and chemical products,20.4,64.3,,10.6,4.0
158,21: manufacture of basic pharmaceutical products and pharmaceutical preparations,3.4,76.5,0.0,20.2,0.0
158,22: manufacture of rubber and plastic products,22.7,65.2,,11.6,
158,23: manufacture of other non-metallic mineral products,12.1,84.4,0.0,3.5,0.0
158,24: manufacture of basic metals,25.5,71.5,0.0,3.0,0.0
158,"25: manufacture of fabricated metal products, except machinery and equipment",26.9,52.9,3.2,17.0,0.0
158,"26: manufacture of computer, electronic and optical products",13.2,79.2,0.0,7.6,0.0
158,27: manufacture of electrical equipment,40.7,51.8,,6.8,
158,28: manufacture of machinery and equipment n.e.c.,20.5,71.4,0.0,7.3,
158,"29: manufacture of motor vehicles, trailers and semi-trailers",31.2,55.4,0.0,12.4,1.0
158,30: manufacture of other transport equipment,50.9,46.8,0.0,2.3,0.0
158,31: manufacture of furniture,31.8,57.5,0.0,10.6,0.0
158,32: other manufacturing,3.3,46.5,0.0,50.2,0.0
158,33: repair and installation of machinery and equipment,29.6,61.2,0.0,8.3,
158,"38: waste collection, treatment and disposal activities; materials recovery",63.0,15.0,,21.7,0.0
158,41: construction of buildings,19.9,53.8,3.0,9.3,14.0
158,42: civil engineering,20.1,56.3,0.0,14.4,9.2
158,43: specialised construction activities,22.9,62.8,0.0,11.7,2.5
158,45: wholesale and retail trade and repair of motor vehicles and motorcycles,15.4,60.3,1.3,19.0,4.0
158,"46: wholesale trade, except of motor vehicles and motorcycles",28.8,52.7,2.0,15.6,1.0
158,"47: retail trade, except of motor vehicles and motorcycles",26.3,54.3,2.0,15.5,1.9
158,49: land transport and transport via pipelines,21.7,60.3,,16.9,
158,52: warehousing and support activities for transportation,9.5,76.2,,3.5,10.3
158,53: postal and courier activities,1.4,78.9,16.1,,2.6
158,55: accommodation,28.4,53.6,6.8,7.6,3.6
158,56: food and beverage service activities,33.1,53.8,1.0,11.0,1.0
158,58: publishing activities,2.1,87.5,0.0,3.8,6.6
158,"59: motion picture, video and television programme production, sound recording and music publishing activities",5.2,45.5,,3.7,45.5
158,61: telecommunications,17.9,48.5,0.0,22.7,10.9
158,"62: computer programming, consultancy and related activities",13.6,67.3,1.0,10.4,7.7
158,63: information service activities,27.3,68.9,0.0,1.9,1.9
158,68: real estate activities,5.0,47.8,,19.4,27.7
158,69: legal and accounting activities,10.1,70.5,,11.1,7.4
158,70: activities of head offices; management consultancy activities,8.3,68.6,1.9,7.7,13.6
158,71: architectural and engineering activities; technical testing and analysis,8.6,72.4,2.9,11.3,4.8
158,72: scientific research and development,7.8,53.4,0.0,8.5,30.4
158,73: advertising and market research,13.3,77.4,,5.4,3.6
158,"74: other professional, scientific and technical activities",17.1,66.2,0.0,8.2,8.4
158,75: veterinary activities,8.7,82.3,0.0,8.8,
158,77: rental and leasing activities,15.1,66.5,,10.2,7.9
158,78: employment activities,11.9,61.5,,9.5,16.4
158,"79: travel agency, tour operator and other reservation service and related activities",10.7,73.6,,4.4,10.6
158,80: security and investigation activities,14.0,47.7,12.6,24.7,1.0
158,81: services to buildings and landscape activities,11.8,70.4,4.9,9.8,3.1
158,"82: office administrative, office support and other business support activities",11.1,65.5,,14.1,9.2
158,85: education,12.5,77.6,,4.4,5.4
158,86: human health activities,10.6,44.1,0.0,8.1,37.2
158,"90: creative, arts and entertainment activities",12.7,74.0,5.9,6.5,
158,"91: libraries, archives, museums and other cultural activities",14.5,66.5,1.5,2.5,15.1
158,93: sports activities and amusement and recreation activities,15.6,69.9,,7.6,6.4
158,95: repair of computers and personal and household goods,4.7,92.9,0.0,2.4,0.0
158,96: other personal service activities,12.2,69.9,0.0,9.0,8.9
158,All businesses,20.6,59.7,1.3,11.9,6.5
160,10: manufacture of food products,15.6,64.6,3.9,15.8,
160,11: manufacture of beverages,3.0,94.9,,1.8,
160,13: manufacture of textiles,16.4,73.5,,9.3,0.0
160,14: manufacture of wearing apparel,,98.4,0.0,1.3,0.0
160,"16: manufacture of wood and of products of wood and cork, except furniture; manufacture of articles of straw and plaiting materials",37.5,51.6,,9.8,
160,17: manufacture of paper and paper products,29.9,42.8,0.0,27.0,
160,18: printing and reproduction of recorded media,11.2,74.9,1.0,12.9,0.0
160,20: manufacture of chemicals and chemical products,14.6,68.2,1.0,11.1,5.0
160,21: manufacture of basic pharmaceutical products and pharmaceutical preparations,7.2,36.9,0.0,51.3,4.6
160,22: manufacture of rubber and plastic products,18.8,68.4,2.1,10.7,0.0
160,23: manufacture of other non-metallic mineral products,9.3,79.7,1.0,9.9,
160,24: manufacture of basic metals,8.9,83.6,0.0,7.5,0.0
160,"25: manufacture of fabricated metal products, except machinery and equipment",19.2,67.1,1.7,11.7,
160,"26: manufacture of computer, electronic and optical products",7.6,75.9,0.0,16.1,
160,27: manufacture of electrical equipment,22.3,68.5,,9.1,
160,28: manufacture of machinery and equipment n.e.c.,23.2,70.1,,5.5,
160,"29: manufacture of motor vehicles, trailers and semi-trailers",30.8,66.0,,2.5,
160,30: manufacture of other transport equipment,34.1,56.6,,6.1,2.3
160,31: manufacture of furniture,13.8,65.9,0.0,20.3,0.0
160,32: other manufacturing,29.5,41.9,0.0,28.6,0.0
160,33: repair and installation of machinery and equipment,1.7,95.8,0.0,2.1,
160,"38: waste collection, treatment and disposal activities; materials recovery",12.3,44.5,1.3,41.4,
160,41: construction of buildings,8.7,59.1,5.4,14.3,12.5
160,42: civil engineering,10.0,70.2,,13.0,6.1
160,43: specialised construction activities,18.3,66.5,,14.0,1.1
160,45: wholesale and retail trade and repair of motor vehicles and motorcycles,17.6,69.4,1.4,11.4,
160,"46: wholesale trade, except of motor vehicles and motorcycles",24.0,61.3,1.6,11.8,1.4
160,"47: retail trade, except of motor vehicles and motorcycles",22.3,53.2,5.3,16.7,2.5
160,49: land transport and transport via pipelines,10.4,65.7,6.1,10.4,7.5
160,52: warehousing and support activities for transportation,17.9,64.5,0.0,12.1,5.5
160,53: postal and courier activities,1.6,94.8,1.5,,1.6
160,55: accommodation,21.5,62.9,4.0,9.8,1.7
160,56: food and beverage service activities,19.2,66.5,,11.2,3.0
160,58: publishing activities,9.5,73.9,0.0,16.1,
160,"59: motion picture, video and television programme production, sound recording and music publishing activities",,52.7,,11.4,35.4
160,61: telecommunications,7.8,64.0,0.0,19.7,8.4
160,"62: computer programming, consultancy and related activities",5.7,81.4,1.1,7.1,4.8
160,63: information service activities,1.0,55.9,0.0,21.5,21.5
160,68: real estate activities,13.9,48.5,3.5,13.9,20.2
160,69: legal and accounting activities,6.8,72.6,0.0,9.4,11.1
160,70: activities of head offices; management consultancy activities,4.3,75.3,2.0,11.1,7.3
160,71: architectural and engineering activities; technical testing and analysis,11.5,69.9,0.0,9.0,9.5
160,72: scientific research and development,1.0,59.2,0.0,11.7,28.1
160,73: advertising and market research,7.0,76.9,,12.0,3.7
160,"74: other professional, scientific and technical activities",21.3,63.2,2.3,5.2,8.0
160,75: veterinary activities,2.2,88.4,0.0,9.4,0.0
160,77: rental and leasing activities,5.8,76.9,2.6,9.7,5.0
160,78: employment activities,6.6,59.3,2.5,14.4,17.2
160,"79: travel agency, tour operator and other reservation service and related activities",20.7,66.3,,4.3,8.2
160,80: security and investigation activities,22.7,55.9,0.0,10.8,10.6
160,81: services to buildings and landscape activities,14.2,67.8,,14.8,2.8
160,"82: office administrative, office support and other business support activities",9.9,63.6,,8.6,17.4
160,85: education,7.4,65.1,,8.9,18.5
160,86: human health activities,11.0,46.3,,6.7,35.9
160,"90: creative, arts and entertainment activities",1.9,82.5,1.4,,13.6
160,"91: libraries, archives, museums and other cultural activities",3.3,78.5,13.2,3.0,2.0
160,93: sports activities and amusement and recreation activities,14.3,70.4,1.9,4.5,8.9
160,95: repair of computers and personal and household goods,12.9,86.9,,0.0,0.0
160,96: other personal service activities,12.1,79.0,0.0,5.8,3.1
160,All businesses,15.2,65.0,1.5,11.3,7.0
162,10: manufacture of food products,20.9,58.3,,20.1,
162,11: manufacture of beverages,,98.1,0.0,,0.0
162,13: manufacture of textiles,15.5,59.0,0.0,19.3,6.1
162,"16: manufacture of wood and of products of wood and cork, except furniture; manufacture of articles of straw and plaiting materials",9.9,68.6,6.5,14.5,
162,17: manufacture of paper and paper products,17.5,75.4,,6.6,
162,18: printing and reproduction of recorded media,10.0,79.4,0.0,10.6,0.0
162,20: manufacture of chemicals and chemical products,15.9,70.0,1.9,4.6,7.5
162,21: manufacture of basic pharmaceutical products and pharmaceutical preparations,7.7,77.5,0.0,8.6,6.2
162,22: manufacture of rubber and plastic products,24.1,53.4,6.9,15.7,
162,23: manufacture of other non-metallic mineral products,,76.1,0.0,23.4,0.0
162,24: manufacture of basic metals,17.5,54.2,2.2,26.0,0.0
162,"25: manufacture of fabricated metal products, except machinery and equipment",22.0,65.1,2.0,10.8,
162,"26: manufacture of computer, electronic and optical products",17.4,57.1,0.0,25.6,0.0
162,27: manufacture of electrical equipment,18.7,69.6,,10.4,
162,28: manufacture of machinery and equipment n.e.c.,25.5,66.4,0.0,7.7,
162,"29: manufacture of motor vehicles, trailers and semi-trailers",26.7,55.8,0.0,16.8,
162,30: manufacture of other transport equipment,27.8,63.9,0.0,7.3,
162,31: manufacture of furniture,9.4,81.2,0.0,9.4,0.0
162,32: other manufacturing,11.1,78.6,0.0,9.7,
162,33: repair and installation of machinery and equipment,,96.4,0.0,2.9,
162,"36: water collection, treatment and supply",5.0,64.2,0.0,15.0,15.8
162,"38: waste collection, treatment and disposal activities; materials recovery",30.1,41.0,,28.4,
162,41: construction of buildings,6.0,74.4,,7.7,11.6
162,42: civil engineering,17.8,68.8,,7.6,5.5
162,43: specialised construction activities,18.7,63.4,,13.5,4.3
162,45: wholesale and retail trade and repair of motor vehicles and motorcycles,14.8,59.0,0.0,23.5,2.7
162,"46: wholesale trade, except of motor vehicles and motorcycles",24.5,60.1,1.5,12.2,1.7
162,"47: retail trade, except of motor vehicles and motorcycles",23.0,56.4,3.1,14.3,3.2
162,49: land transport and transport via pipelines,12.0,56.1,3.2,18.5,10.2
162,52: warehousing and support activities for transportation,23.3,56.2,5.6,4.3,10.7
162,53: postal and courier activities,2.1,78.4,0.0,17.9,1.6
162,55: accommodation,16.3,64.5,9.4,8.8,1.1
162,56: food and beverage service activities,22.9,61.0,1.3,14.0,
162,58: publishing activities,19.2,77.8,,2.4,0.0
162,"59: motion picture, video and television programme production, sound recording and music publishing activities",1.4,46.9,0.0,10.2,41.4
162,61: telecommunications,16.2,49.6,0.0,26.3,7.8
162,"62: computer programming, consultancy and related activities",7.7,73.9,2.4,11.9,4.1
162,63: information service activities,3.8,77.0,0.0,15.9,3.3
162,68: real estate activities,13.7,32.4,,35.2,18.6
162,69: legal and accounting activities,8.2,76.0,,9.5,5.6
162,70: activities of head offices; management consultancy activities,4.6,76.5,4.1,11.3,3.5
162,71: architectural and engineering activities; technical testing and analysis,5.3,76.3,1.9,9.1,7.4
162,72: scientific research and development,11.7,40.6,5.6,15.7,26.4
162,73: advertising and market research,4.4,84.6,,6.2,4.6
162,"74: other professional, scientific and technical activities",14.6,68.5,2.4,10.9,3.6
162,75: veterinary activities,9.3,80.8,0.0,9.7,
162,77: rental and leasing activities,11.9,67.4,,16.1,4.1
162,78: employment activities,6.6,62.8,,15.2,14.9
162,"79: travel agency, tour operator and other reservation service and related activities",14.0,59.6,7.3,5.1,14.1
162,80: security and investigation activities,1.9,68.3,0.0,29.7,0.0
162,81: services to buildings and landscape activities,10.5,67.8,0.0,11.3,10.4
162,"82: office administrative, office support and other business support activities",9.0,57.3,,10.9,22.6
162,85: education,27.7,51.0,3.0,4.8,13.4
162,86: human health activities,6.1,55.0,,9.3,29.6
162,"90: creative, arts and entertainment activities",22.3,60.8,,7.8,9.0
162,"91: libraries, archives, museums and other cultural activities",27.8,66.2,0.0,2.9,3.1
162,93: sports activities and amusement and recreation activities,16.2,61.9,,14.3,7.2
162,95: repair of computers and personal and household goods,,99.4,0.0,,0.0
162,96: other personal service activities,14.0,78.9,0.0,6.9,
162,All businesses,16.0,63.2,1.6,12.9,6.3
