wave,breakdown,Yes,No,Not sure,Not applicable
102,10: manufacture of food products,10.3,69.1,14.7,5.9
102,11: manufacture of beverages,19.4,59.5,1.2,19.9
102,13: manufacture of textiles,27.9,38.5,3.0,30.5
102,14: manufacture of wearing apparel,4.5,43.9,27.0,24.6
102,"16: manufacture of wood and of products of wood and cork, except furniture; manufacture of articles of straw and plaiting materials",1.7,72.6,15.3,10.4
102,17: manufacture of paper and paper products,3.9,87.7,5.8,2.6
102,18: printing and reproduction of recorded media,9.3,71.9,6.9,11.9
102,20: manufacture of chemicals and chemical products,15.4,77.7,6.2,
102,21: manufacture of basic pharmaceutical products and pharmaceutical preparations,5.9,25.5,24.8,43.8
102,22: manufacture of rubber and plastic products,6.5,77.5,8.3,7.7
102,23: manufacture of other non-metallic mineral products,6.0,76.3,2.5,15.2
102,24: manufacture of basic metals,19.3,63.6,1.0,16.1
102,"25: manufacture of fabricated metal products, except machinery and equipment",7.1,77.8,5.3,9.8
102,"26: manufacture of computer, electronic and optical products",17.0,64.3,18.3,
102,27: manufacture of electrical equipment,12.2,71.0,10.5,6.3
102,28: manufacture of machinery and equipment n.e.c.,8.3,68.8,18.6,4.2
102,"29: manufacture of motor vehicles, trailers and semi-trailers",17.5,66.9,15.7,0.0
102,30: manufacture of other transport equipment,26.9,60.2,10.7,2.3
102,31: manufacture of furniture,15.1,60.5,14.4,9.9
102,32: other manufacturing,19.7,68.8,4.8,6.7
102,33: repair and installation of machinery and equipment,1.7,56.3,20.3,21.7
102,"36: water collection, treatment and supply",0.0,63.5,30.8,5.8
102,"38: waste collection, treatment and disposal activities; materials recovery",2.0,41.4,26.3,30.2
102,41: construction of buildings,,60.3,8.6,30.7
102,42: civil engineering,,53.3,8.0,37.7
102,43: specialised construction activities,3.4,60.6,12.2,23.8
102,45: wholesale and retail trade and repair of motor vehicles and motorcycles,8.8,57.1,9.6,24.5
102,"46: wholesale trade, except of motor vehicles and motorcycles",18.6,66.3,8.4,6.7
102,"47: retail trade, except of motor vehicles and motorcycles",12.3,50.0,13.3,24.5
102,49: land transport and transport via pipelines,5.7,43.0,13.6,37.7
102,52: warehousing and support activities for transportation,11.5,51.6,7.7,29.1
102,53: postal and courier activities,,56.1,20.8,23.0
102,55: accommodation,1.2,51.3,13.8,33.8
102,56: food and beverage service activities,3.3,54.0,9.1,33.6
102,58: publishing activities,7.6,50.9,9.9,31.5
102,"59: motion picture, video and television programme production, sound recording and music publishing activities",0.0,63.1,10.3,26.7
102,61: telecommunications,1.2,64.6,6.6,27.6
102,"62: computer programming, consultancy and related activities",5.4,60.2,3.0,31.4
102,63: information service activities,,51.6,16.0,32.2
102,68: real estate activities,0.0,33.2,7.8,59.1
102,69: legal and accounting activities,,42.9,2.8,54.1
102,70: activities of head offices; management consultancy activities,,49.8,6.4,43.7
102,71: architectural and engineering activities; technical testing and analysis,4.7,58.0,6.8,30.5
102,72: scientific research and development,8.1,49.6,14.5,27.8
102,73: advertising and market research,6.0,58.7,2.7,32.6
102,"74: other professional, scientific and technical activities",1.2,57.2,5.6,36.0
102,75: veterinary activities,1.5,68.4,14.3,15.8
102,77: rental and leasing activities,8.4,56.0,14.7,20.9
102,78: employment activities,,29.8,8.1,61.9
102,"79: travel agency, tour operator and other reservation service and related activities",,47.7,8.0,44.2
102,80: security and investigation activities,,63.3,,34.9
102,81: services to buildings and landscape activities,,44.9,13.4,41.6
102,"82: office administrative, office support and other business support activities",3.0,48.6,6.9,41.5
102,85: education,2.2,39.5,7.7,50.6
102,86: human health activities,5.9,36.4,16.6,41.0
102,"90: creative, arts and entertainment activities",,55.4,7.5,36.6
102,"91: libraries, archives, museums and other cultural activities",0.0,21.4,6.4,72.2
102,93: sports activities and amusement and recreation activities,3.7,60.7,4.9,30.7
102,95: repair of computers and personal and household goods,1.4,80.3,,18.1
102,96: other personal service activities,,60.8,13.0,25.9
102,All businesses,6.0,54.4,9.7,29.9
104,10: manufacture of food products,23.5,61.2,11.0,4.3
104,11: manufacture of beverages,20.1,37.4,22.6,19.9
104,13: manufacture of textiles,24.6,73.5,1.0,
104,14: manufacture of wearing apparel,1.2,79.0,2.4,17.4
104,"16: manufacture of wood and of products of wood and cork, except furniture; manufacture of articles of straw and plaiting materials",2.4,86.5,6.1,5.0
104,17: manufacture of paper and paper products,2.1,93.5,3.5,
104,18: printing and reproduction of recorded media,21.1,76.5,2.3,
104,20: manufacture of chemicals and chemical products,27.1,57.9,8.9,6.1
104,21: manufacture of basic pharmaceutical products and pharmaceutical preparations,17.6,39.1,43.2,0.0
104,22: manufacture of rubber and plastic products,4.5,84.2,7.5,3.8
104,23: manufacture of other non-metallic mineral products,8.8,80.5,3.2,7.5
104,24: manufacture of basic metals,3.7,48.8,2.4,45.1
104,"25: manufacture of fabricated metal products, except machinery and equipment",5.6,69.6,12.1,12.7
104,"26: manufacture of computer, electronic and optical products",4.4,74.7,20.5,
104,27: manufacture of electrical equipment,16.4,61.9,15.7,6.0
104,28: manufacture of machinery and equipment n.e.c.,18.2,64.9,13.8,3.1
104,"29: manufacture of motor vehicles, trailers and semi-trailers",22.8,47.6,29.6,0.0
104,30: manufacture of other transport equipment,6.1,90.4,3.5,0.0
104,31: manufacture of furniture,9.5,68.7,20.8,1.0
104,32: other manufacturing,13.9,78.9,6.5,
104,33: repair and installation of machinery and equipment,7.2,66.1,8.6,18.1
104,"36: water collection, treatment and supply",0.0,79.9,2.8,17.4
104,"38: waste collection, treatment and disposal activities; materials recovery",13.2,63.5,6.5,16.7
104,39: remediation activities and other waste management services,0.0,76.2,0.0,23.8
104,41: construction of buildings,,56.1,5.4,37.8
104,42: civil engineering,4.5,57.5,5.3,32.7
104,43: specialised construction activities,3.5,57.7,10.6,28.2
104,45: wholesale and retail trade and repair of motor vehicles and motorcycles,12.7,50.5,9.3,27.6
104,"46: wholesale trade, except of motor vehicles and motorcycles",19.0,62.5,10.8,7.7
104,"47: retail trade, except of motor vehicles and motorcycles",13.5,49.4,11.8,25.2
104,49: land transport and transport via pipelines,3.4,45.9,9.1,41.6
104,52: warehousing and support activities for transportation,12.2,54.1,7.4,26.4
104,53: postal and courier activities,1.3,62.2,16.8,19.8
104,55: accommodation,,52.2,11.4,36.1
104,56: food and beverage service activities,1.8,53.2,7.5,37.5
104,58: publishing activities,4.8,52.5,10.8,31.9
104,"59: motion picture, video and television programme production, sound recording and music publishing activities",,61.2,16.8,21.5
104,61: telecommunications,5.5,62.4,7.6,24.6
104,"62: computer programming, consultancy and related activities",3.0,62.8,4.0,30.1
104,63: information service activities,0.0,61.2,,38.6
104,68: real estate activities,0.0,44.3,,55.3
104,69: legal and accounting activities,,41.0,4.4,54.5
104,70: activities of head offices; management consultancy activities,2.6,44.4,3.7,49.3
104,71: architectural and engineering activities; technical testing and analysis,2.2,70.4,,26.5
104,72: scientific research and development,0.0,41.7,16.3,42.0
104,73: advertising and market research,3.1,64.5,1.7,30.7
104,"74: other professional, scientific and technical activities",,52.7,,46.6
104,75: veterinary activities,1.9,43.8,,53.4
104,77: rental and leasing activities,9.1,56.0,14.9,20.0
104,78: employment activities,,29.1,4.4,66.1
104,"79: travel agency, tour operator and other reservation service and related activities",0.0,63.9,1.6,34.6
104,80: security and investigation activities,4.9,48.5,2.8,43.7
104,81: services to buildings and landscape activities,,48.4,9.7,41.6
104,"82: office administrative, office support and other business support activities",5.3,46.7,3.0,45.0
104,85: education,0.0,44.4,7.2,48.3
104,86: human health activities,16.4,40.6,5.8,37.1
104,"90: creative, arts and entertainment activities",0.0,47.0,1.2,51.8
104,"91: libraries, archives, museums and other cultural activities",1.0,21.7,3.9,73.4
104,93: sports activities and amusement and recreation activities,3.3,57.8,7.0,31.9
104,95: repair of computers and personal and household goods,18.3,81.7,0.0,0.0
104,96: other personal service activities,7.3,57.1,9.9,25.7
104,All businesses,6.8,54.4,7.8,31.0
106,10: manufacture of food products,17.9,64.8,6.7,10.5
106,11: manufacture of beverages,,96.4,3.4,0.0
106,13: manufacture of textiles,35.1,52.6,1.4,10.9
106,14: manufacture of wearing apparel,0.0,75.6,24.4,0.0
106,"16: manufacture of wood and of products of wood and cork, except furniture; manufacture of articles of straw and plaiting materials",2.6,77.2,7.6,12.6
106,17: manufacture of paper and paper products,16.9,79.6,3.5,0.0
106,18: printing and reproduction of recorded media,12.0,70.1,11.6,6.3
106,20: manufacture of chemicals and chemical products,11.1,58.4,9.1,21.4
106,21: manufacture of basic pharmaceutical products and pharmaceutical preparations,59.3,33.2,7.6,0.0
106,22: manufacture of rubber and plastic products,9.0,78.0,6.2,6.9
106,23: manufacture of other non-metallic mineral products,6.8,73.1,2.3,17.8
106,24: manufacture of basic metals,19.2,46.7,,33.7
106,"25: manufacture of fabricated metal products, except machinery and equipment",7.8,68.9,10.5,12.7
106,"26: manufacture of computer, electronic and optical products",8.4,68.8,10.5,12.4
106,27: manufacture of electrical equipment,11.0,76.4,5.4,7.2
106,28: manufacture of machinery and equipment n.e.c.,7.6,75.5,13.9,3.0
106,"29: manufacture of motor vehicles, trailers and semi-trailers",3.9,45.5,39.1,11.5
106,30: manufacture of other transport equipment,35.3,55.4,9.3,0.0
106,31: manufacture of furniture,7.7,72.5,14.8,5.0
106,32: other manufacturing,1.4,80.3,6.9,11.5
106,33: repair and installation of machinery and equipment,2.4,56.9,16.8,23.9
106,"36: water collection, treatment and supply",0.0,78.4,0.0,21.6
106,"38: waste collection, treatment and disposal activities; materials recovery",6.9,57.0,8.1,27.9
106,41: construction of buildings,5.7,55.9,4.9,33.5
106,42: civil engineering,,69.1,11.3,18.7
106,43: specialised construction activities,3.7,63.8,8.8,23.7
106,45: wholesale and retail trade and repair of motor vehicles and motorcycles,10.4,52.5,7.4,29.7
106,"46: wholesale trade, except of motor vehicles and motorcycles",16.5,64.7,9.6,9.2
106,"47: retail trade, except of motor vehicles and motorcycles",12.9,51.7,10.9,24.4
106,49: land transport and transport via pipelines,5.9,50.4,11.9,31.8
106,52: warehousing and support activities for transportation,6.5,72.8,7.8,12.9
106,53: postal and courier activities,0.0,33.4,62.0,4.6
106,55: accommodation,1.7,47.7,7.0,43.6
106,56: food and beverage service activities,3.8,55.7,8.7,31.7
106,58: publishing activities,0.0,58.8,8.2,33.1
106,"59: motion picture, video and television programme production, sound recording and music publishing activities",0.0,54.4,8.1,37.4
106,61: telecommunications,1.3,66.1,25.0,7.6
106,"62: computer programming, consultancy and related activities",3.4,58.2,5.6,32.9
106,63: information service activities,0.0,66.1,0.0,33.9
106,68: real estate activities,0.0,34.8,3.7,61.5
106,69: legal and accounting activities,,38.5,2.5,58.9
106,70: activities of head offices; management consultancy activities,0.0,48.1,3.6,48.3
106,71: architectural and engineering activities; technical testing and analysis,,59.4,5.3,35.0
106,72: scientific research and development,0.0,43.0,16.5,40.5
106,73: advertising and market research,2.8,65.5,4.9,26.8
106,"74: other professional, scientific and technical activities",2.9,54.3,5.6,37.3
106,75: veterinary activities,18.5,75.9,1.6,4.0
106,77: rental and leasing activities,7.4,44.3,15.5,32.7
106,78: employment activities,,30.1,4.5,64.8
106,"79: travel agency, tour operator and other reservation service and related activities",0.0,58.5,1.2,40.3
106,80: security and investigation activities,6.6,50.6,8.6,34.2
106,81: services to buildings and landscape activities,2.8,56.8,12.5,27.9
106,"82: office administrative, office support and other business support activities",4.8,52.9,3.9,38.5
106,85: education,2.3,49.0,3.7,44.9
106,86: human health activities,5.7,38.8,11.2,44.3
106,"90: creative, arts and entertainment activities",0.0,40.2,1.9,57.9
106,"91: libraries, archives, museums and other cultural activities",13.7,37.5,2.7,46.2
106,93: sports activities and amusement and recreation activities,2.4,56.4,5.3,35.9
106,95: repair of computers and personal and household goods,2.5,79.5,2.5,15.6
106,96: other personal service activities,2.6,53.7,10.8,32.8
106,All businesses,6.0,55.3,8.3,30.5
108,10: manufacture of food products,16.5,61.3,9.8,12.4
108,11: manufacture of beverages,1.3,54.9,4.3,39.5
108,13: manufacture of textiles,21.9,64.2,3.3,10.5
108,14: manufacture of wearing apparel,26.2,60.0,13.8,0.0
108,"16: manufacture of wood and of products of wood and cork, except furniture; manufacture of articles of straw and plaiting materials",14.2,66.7,9.1,10.0
108,17: manufacture of paper and paper products,5.7,89.4,3.0,1.9
108,18: printing and reproduction of recorded media,9.8,74.1,6.3,9.9
108,20: manufacture of chemicals and chemical products,12.8,72.1,15.1,0.0
108,21: manufacture of basic pharmaceutical products and pharmaceutical preparations,0.0,81.6,18.4,0.0
108,22: manufacture of rubber and plastic products,2.2,83.4,6.5,7.9
108,23: manufacture of other non-metallic mineral products,1.3,77.3,2.0,19.4
108,24: manufacture of basic metals,4.6,50.0,22.9,22.5
108,"25: manufacture of fabricated metal products, except machinery and equipment",4.3,75.2,9.4,11.1
108,"26: manufacture of computer, electronic and optical products",13.1,69.0,6.4,11.5
108,27: manufacture of electrical equipment,12.0,56.5,21.9,9.6
108,28: manufacture of machinery and equipment n.e.c.,8.6,74.3,11.9,5.3
108,"29: manufacture of motor vehicles, trailers and semi-trailers",6.5,51.1,29.1,13.4
108,30: manufacture of other transport equipment,10.9,73.5,8.1,7.6
108,31: manufacture of furniture,6.1,65.9,16.2,11.7
108,32: other manufacturing,7.4,70.3,15.5,6.8
108,33: repair and installation of machinery and equipment,7.4,57.4,1.1,34.2
108,"36: water collection, treatment and supply",0.0,73.5,0.0,26.5
108,"38: waste collection, treatment and disposal activities; materials recovery",,76.1,6.0,17.8
108,41: construction of buildings,,49.6,8.7,41.0
108,42: civil engineering,1.0,63.7,5.3,30.0
108,43: specialised construction activities,3.2,48.2,12.6,36.0
108,45: wholesale and retail trade and repair of motor vehicles and motorcycles,14.7,47.4,6.5,31.4
108,"46: wholesale trade, except of motor vehicles and motorcycles",15.1,68.1,7.6,9.3
108,"47: retail trade, except of motor vehicles and motorcycles",11.8,53.7,10.9,23.6
108,49: land transport and transport via pipelines,4.3,44.2,12.1,39.4
108,52: warehousing and support activities for transportation,11.3,63.2,3.6,21.9
108,53: postal and courier activities,0.0,62.4,0.0,37.6
108,55: accommodation,2.0,58.7,6.7,32.6
108,56: food and beverage service activities,6.0,45.6,10.9,37.5
108,58: publishing activities,6.4,60.0,12.3,21.3
108,"59: motion picture, video and television programme production, sound recording and music publishing activities",,47.1,9.8,42.7
108,60: programming and broadcasting activities,0.0,51.3,,47.8
108,61: telecommunications,1.2,57.0,15.6,26.2
108,"62: computer programming, consultancy and related activities",2.0,62.1,5.8,30.0
108,63: information service activities,0.0,65.9,1.2,32.9
108,68: real estate activities,0.0,37.1,,62.4
108,69: legal and accounting activities,,42.6,1.6,55.7
108,70: activities of head offices; management consultancy activities,1.3,47.3,6.0,45.4
108,71: architectural and engineering activities; technical testing and analysis,1.9,66.1,2.9,29.0
108,72: scientific research and development,0.0,47.7,4.9,47.4
108,73: advertising and market research,,47.2,7.7,44.2
108,"74: other professional, scientific and technical activities",4.9,47.5,7.8,39.8
108,75: veterinary activities,13.4,82.1,1.0,3.5
108,77: rental and leasing activities,13.7,36.5,24.8,25.1
108,78: employment activities,,29.7,6.7,63.4
108,"79: travel agency, tour operator and other reservation service and related activities",,54.0,7.6,37.8
108,80: security and investigation activities,5.7,42.4,7.0,45.0
108,81: services to buildings and landscape activities,0.0,45.9,8.2,45.9
108,"82: office administrative, office support and other business support activities",5.8,48.8,7.1,38.3
108,85: education,3.8,42.0,3.3,50.9
108,86: human health activities,8.5,41.7,6.2,43.6
108,"90: creative, arts and entertainment activities",0.0,35.2,15.1,49.8
108,"91: libraries, archives, museums and other cultural activities",0.0,64.5,4.7,30.8
108,93: sports activities and amusement and recreation activities,,53.2,6.3,40.0
108,95: repair of computers and personal and household goods,15.8,60.5,11.2,12.5
108,96: other personal service activities,,52.2,9.2,38.5
108,All businesses,6.1,52.9,8.4,32.6
110,10: manufacture of food products,18.2,58.6,13.4,9.8
110,11: manufacture of beverages,42.2,15.7,2.7,39.5
110,13: manufacture of textiles,32.0,65.5,1.7,
110,14: manufacture of wearing apparel,18.4,79.7,2.0,0.0
110,"16: manufacture of wood and of products of wood and cork, except furniture; manufacture of articles of straw and plaiting materials",6.0,69.9,6.0,18.1
110,17: manufacture of paper and paper products,4.6,88.7,5.5,1.3
110,18: printing and reproduction of recorded media,5.8,74.1,8.8,11.3
110,20: manufacture of chemicals and chemical products,9.2,75.2,9.1,6.4
110,21: manufacture of basic pharmaceutical products and pharmaceutical preparations,0.0,73.5,26.5,0.0
110,22: manufacture of rubber and plastic products,6.1,78.1,8.5,7.3
110,23: manufacture of other non-metallic mineral products,15.1,60.0,10.5,14.4
110,24: manufacture of basic metals,2.0,61.9,19.3,16.8
110,"25: manufacture of fabricated metal products, except machinery and equipment",5.1,76.0,9.2,9.7
110,"26: manufacture of computer, electronic and optical products",4.1,72.1,17.3,6.5
110,27: manufacture of electrical equipment,13.1,74.2,12.7,0.0
110,28: manufacture of machinery and equipment n.e.c.,14.1,74.4,4.1,7.4
110,"29: manufacture of motor vehicles, trailers and semi-trailers",5.8,51.0,17.5,25.7
110,30: manufacture of other transport equipment,5.7,86.4,7.8,0.0
110,31: manufacture of furniture,11.4,56.9,16.4,15.3
110,32: other manufacturing,2.8,81.4,9.1,6.7
110,33: repair and installation of machinery and equipment,9.3,48.9,8.7,33.1
110,"36: water collection, treatment and supply",0.0,100.0,0.0,0.0
110,"38: waste collection, treatment and disposal activities; materials recovery",,56.7,6.4,36.8
110,41: construction of buildings,,52.2,10.2,37.4
110,42: civil engineering,,50.7,5.0,43.7
110,43: specialised construction activities,1.4,64.9,5.5,28.2
110,45: wholesale and retail trade and repair of motor vehicles and motorcycles,12.3,53.8,9.6,24.3
110,"46: wholesale trade, except of motor vehicles and motorcycles",13.4,67.2,10.3,9.1
110,"47: retail trade, except of motor vehicles and motorcycles",11.4,52.3,12.3,24.0
110,49: land transport and transport via pipelines,6.8,44.9,5.1,43.3
110,52: warehousing and support activities for transportation,2.2,71.3,7.6,18.9
110,53: postal and courier activities,16.6,45.1,17.6,20.6
110,55: accommodation,4.0,53.0,8.4,34.6
110,56: food and beverage service activities,3.8,46.4,10.7,39.1
110,58: publishing activities,0.0,66.6,5.0,28.4
110,"59: motion picture, video and television programme production, sound recording and music publishing activities",0.0,32.4,7.6,60.1
110,61: telecommunications,,69.5,17.4,13.1
110,"62: computer programming, consultancy and related activities",5.0,60.7,2.5,31.9
110,63: information service activities,0.0,95.9,,4.0
110,68: real estate activities,0.0,40.1,,59.7
110,69: legal and accounting activities,,40.8,2.3,56.7
110,70: activities of head offices; management consultancy activities,1.3,51.1,2.0,45.7
110,71: architectural and engineering activities; technical testing and analysis,,53.2,9.1,37.0
110,72: scientific research and development,1.0,63.9,12.4,22.8
110,73: advertising and market research,5.4,46.9,7.3,40.4
110,"74: other professional, scientific and technical activities",5.2,53.7,8.2,32.9
110,75: veterinary activities,15.2,44.2,13.5,27.1
110,77: rental and leasing activities,17.3,42.5,15.0,25.2
110,78: employment activities,0.0,37.1,5.1,57.8
110,"79: travel agency, tour operator and other reservation service and related activities",,68.5,1.4,29.4
110,80: security and investigation activities,5.3,45.2,12.6,36.9
110,81: services to buildings and landscape activities,,51.5,6.6,41.7
110,"82: office administrative, office support and other business support activities",5.8,53.1,4.7,36.4
110,85: education,0.0,34.9,5.7,59.4
110,86: human health activities,9.4,42.7,6.5,41.4
110,"90: creative, arts and entertainment activities",0.0,49.7,13.0,37.3
110,"91: libraries, archives, museums and other cultural activities",0.0,71.4,3.2,25.4
110,93: sports activities and amusement and recreation activities,,50.6,5.2,43.8
110,95: repair of computers and personal and household goods,4.9,78.1,2.3,14.7
110,96: other personal service activities,0.0,47.4,10.0,42.6
110,All businesses,5.8,53.9,8.1,32.3
112,10: manufacture of food products,15.1,67.4,9.0,8.5
112,11: manufacture of beverages,,96.9,2.9,0.0
112,13: manufacture of textiles,16.2,80.0,,3.0
112,14: manufacture of wearing apparel,0.0,97.8,2.2,0.0
112,"16: manufacture of wood and of products of wood and cork, except furniture; manufacture of articles of straw and plaiting materials",,66.7,13.9,18.5
112,17: manufacture of paper and paper products,11.6,82.8,4.6,1.0
112,18: printing and reproduction of recorded media,6.5,85.0,3.0,5.5
112,20: manufacture of chemicals and chemical products,21.7,64.9,6.7,6.7
112,21: manufacture of basic pharmaceutical products and pharmaceutical preparations,0.0,80.3,19.7,0.0
112,22: manufacture of rubber and plastic products,5.9,78.1,10.0,6.0
112,23: manufacture of other non-metallic mineral products,13.1,69.9,9.9,7.1
112,24: manufacture of basic metals,2.4,72.7,24.9,0.0
112,"25: manufacture of fabricated metal products, except machinery and equipment",2.5,71.4,12.9,13.2
112,"26: manufacture of computer, electronic and optical products",7.3,78.0,14.8,0.0
112,27: manufacture of electrical equipment,19.6,65.4,15.0,0.0
112,28: manufacture of machinery and equipment n.e.c.,11.3,78.2,4.3,6.2
112,"29: manufacture of motor vehicles, trailers and semi-trailers",15.7,55.8,26.8,1.7
112,30: manufacture of other transport equipment,32.5,51.8,13.1,2.6
112,31: manufacture of furniture,13.3,34.8,35.9,16.1
112,32: other manufacturing,3.0,66.4,,29.7
112,33: repair and installation of machinery and equipment,8.7,64.2,10.0,17.1
112,"36: water collection, treatment and supply",0.0,67.6,13.5,18.9
112,"38: waste collection, treatment and disposal activities; materials recovery",,51.9,6.2,41.8
112,41: construction of buildings,2.5,47.7,11.9,37.9
112,42: civil engineering,,67.3,5.3,27.0
112,43: specialised construction activities,2.0,60.7,9.3,28.0
112,45: wholesale and retail trade and repair of motor vehicles and motorcycles,10.6,49.9,12.9,26.6
112,"46: wholesale trade, except of motor vehicles and motorcycles",13.9,66.2,12.2,7.7
112,"47: retail trade, except of motor vehicles and motorcycles",10.6,55.0,11.2,23.1
112,49: land transport and transport via pipelines,7.7,52.5,7.3,32.4
112,52: warehousing and support activities for transportation,2.2,72.8,2.7,22.2
112,53: postal and courier activities,0.0,79.8,0.0,20.2
112,55: accommodation,,49.9,10.4,39.5
112,56: food and beverage service activities,4.7,51.7,9.5,34.1
112,58: publishing activities,0.0,57.6,6.5,35.9
112,"59: motion picture, video and television programme production, sound recording and music publishing activities",0.0,46.3,8.5,45.1
112,60: programming and broadcasting activities,0.0,88.6,7.5,3.9
112,61: telecommunications,1.0,68.2,10.8,20.0
112,"62: computer programming, consultancy and related activities",2.1,57.5,6.7,33.6
112,63: information service activities,0.0,61.7,,37.5
112,68: real estate activities,0.0,41.0,3.4,55.6
112,69: legal and accounting activities,0.0,39.1,1.6,59.4
112,70: activities of head offices; management consultancy activities,0.0,43.6,4.7,51.7
112,71: architectural and engineering activities; technical testing and analysis,,60.1,4.3,35.0
112,72: scientific research and development,0.0,65.8,5.0,29.2
112,73: advertising and market research,2.6,54.1,6.1,37.2
112,"74: other professional, scientific and technical activities",5.2,59.2,3.0,32.6
112,75: veterinary activities,33.9,38.9,2.3,24.9
112,77: rental and leasing activities,3.9,63.0,10.1,23.0
112,78: employment activities,,29.2,5.5,64.6
112,"79: travel agency, tour operator and other reservation service and related activities",,58.1,2.2,39.0
112,80: security and investigation activities,4.6,37.2,5.2,52.9
112,81: services to buildings and landscape activities,,41.5,11.7,46.6
112,"82: office administrative, office support and other business support activities",5.6,49.5,5.8,39.1
112,85: education,2.1,39.5,1.6,56.8
112,86: human health activities,12.1,31.7,11.3,44.9
112,"90: creative, arts and entertainment activities",0.0,60.9,7.2,31.9
112,"91: libraries, archives, museums and other cultural activities",0.0,43.2,24.7,32.1
112,93: sports activities and amusement and recreation activities,,46.4,6.2,46.9
112,95: repair of computers and personal and household goods,1.8,70.8,26.2,1.1
112,96: other personal service activities,3.8,48.0,3.5,44.6
112,All businesses,5.6,53.8,8.6,32.0
114,10: manufacture of food products,18.4,54.7,13.2,13.7
114,11: manufacture of beverages,26.5,44.1,3.1,26.3
114,13: manufacture of textiles,32.4,58.8,,8.7
114,14: manufacture of wearing apparel,0.0,79.3,3.1,17.5
114,"16: manufacture of wood and of products of wood and cork, except furniture; manufacture of articles of straw and plaiting materials",1.2,67.3,17.6,13.9
114,17: manufacture of paper and paper products,22.2,71.3,5.3,1.2
114,18: printing and reproduction of recorded media,5.8,70.1,6.4,17.8
114,20: manufacture of chemicals and chemical products,17.4,73.4,9.3,0.0
114,21: manufacture of basic pharmaceutical products and pharmaceutical preparations,25.5,28.1,14.0,32.5
114,22: manufacture of rubber and plastic products,2.2,79.9,5.6,12.2
114,23: manufacture of other non-metallic mineral products,2.0,81.9,2.9,13.3
114,24: manufacture of basic metals,22.5,55.0,22.5,0.0
114,"25: manufacture of fabricated metal products, except machinery and equipment",3.5,75.1,9.0,12.4
114,"26: manufacture of computer, electronic and optical products",2.2,86.5,11.2,
114,27: manufacture of electrical equipment,7.9,67.0,12.3,12.8
114,28: manufacture of machinery and equipment n.e.c.,12.5,80.1,4.2,3.2
114,"29: manufacture of motor vehicles, trailers and semi-trailers",4.0,78.2,16.1,1.8
114,30: manufacture of other transport equipment,6.9,61.7,14.7,16.8
114,31: manufacture of furniture,7.9,45.8,22.5,23.9
114,32: other manufacturing,11.1,78.7,1.3,8.9
114,33: repair and installation of machinery and equipment,6.6,29.4,15.1,48.9
114,"36: water collection, treatment and supply",0.0,44.7,21.1,34.2
114,"38: waste collection, treatment and disposal activities; materials recovery",,60.6,,38.4
114,41: construction of buildings,,43.9,10.9,44.7
114,42: civil engineering,0.0,64.6,7.8,27.5
114,43: specialised construction activities,2.8,55.4,9.6,32.2
114,45: wholesale and retail trade and repair of motor vehicles and motorcycles,6.9,50.4,9.1,33.5
114,"46: wholesale trade, except of motor vehicles and motorcycles",13.0,70.6,7.2,9.2
114,"47: retail trade, except of motor vehicles and motorcycles",10.7,53.1,12.4,23.9
114,49: land transport and transport via pipelines,2.5,42.3,12.1,43.1
114,52: warehousing and support activities for transportation,5.1,70.6,6.8,17.5
114,53: postal and courier activities,0.0,61.2,,37.9
114,55: accommodation,1.5,64.3,2.1,32.1
114,56: food and beverage service activities,2.1,48.4,7.0,42.5
114,58: publishing activities,4.3,67.1,5.0,23.6
114,"59: motion picture, video and television programme production, sound recording and music publishing activities",0.0,35.3,14.8,49.8
114,61: telecommunications,,68.8,14.6,16.5
114,"62: computer programming, consultancy and related activities",1.2,67.2,6.7,24.9
114,63: information service activities,0.0,91.4,1.8,6.8
114,68: real estate activities,0.0,40.9,0.0,59.1
114,69: legal and accounting activities,,35.0,2.7,62.2
114,70: activities of head offices; management consultancy activities,,45.5,3.6,50.7
114,71: architectural and engineering activities; technical testing and analysis,1.4,52.9,7.0,38.7
114,72: scientific research and development,0.0,62.1,4.7,33.1
114,73: advertising and market research,0.0,52.7,8.6,38.7
114,"74: other professional, scientific and technical activities",,68.3,5.1,26.2
114,75: veterinary activities,9.8,61.3,2.4,26.5
114,77: rental and leasing activities,13.1,49.8,13.3,23.8
114,78: employment activities,,34.1,2.8,62.8
114,"79: travel agency, tour operator and other reservation service and related activities",,68.6,1.6,29.1
114,80: security and investigation activities,10.6,38.8,,50.5
114,81: services to buildings and landscape activities,0.0,47.3,7.7,45.0
114,"82: office administrative, office support and other business support activities",3.9,50.4,7.6,38.1
114,85: education,0.0,42.3,6.7,51.0
114,86: human health activities,12.9,29.6,9.4,48.2
114,"90: creative, arts and entertainment activities",0.0,45.1,12.5,42.5
114,"91: libraries, archives, museums and other cultural activities",0.0,49.9,28.6,21.4
114,93: sports activities and amusement and recreation activities,,41.5,7.6,50.5
114,95: repair of computers and personal and household goods,0.0,69.1,1.5,29.4
114,96: other personal service activities,0.0,46.7,10.7,42.5
114,All businesses,4.9,53.2,7.8,34.1
116,10: manufacture of food products,16.4,57.7,9.0,16.9
116,11: manufacture of beverages,0.0,55.4,3.6,41.0
116,13: manufacture of textiles,9.1,75.8,13.6,1.6
116,14: manufacture of wearing apparel,0.0,94.5,3.1,2.3
116,"16: manufacture of wood and of products of wood and cork, except furniture; manufacture of articles of straw and plaiting materials",6.0,66.1,5.0,22.8
116,17: manufacture of paper and paper products,11.2,82.7,3.8,2.3
116,18: printing and reproduction of recorded media,1.9,83.8,1.2,13.1
116,20: manufacture of chemicals and chemical products,9.7,64.0,16.8,9.5
116,21: manufacture of basic pharmaceutical products and pharmaceutical preparations,0.0,30.9,15.9,53.1
116,22: manufacture of rubber and plastic products,1.6,75.2,2.6,20.7
116,23: manufacture of other non-metallic mineral products,3.1,79.8,1.1,15.9
116,24: manufacture of basic metals,47.3,50.2,2.4,0.0
116,"25: manufacture of fabricated metal products, except machinery and equipment",4.5,65.8,9.3,20.5
116,"26: manufacture of computer, electronic and optical products",3.1,74.7,22.2,0.0
116,27: manufacture of electrical equipment,18.4,56.5,19.9,5.2
116,28: manufacture of machinery and equipment n.e.c.,6.9,86.3,5.8,1.1
116,"29: manufacture of motor vehicles, trailers and semi-trailers",1.5,91.5,5.5,1.6
116,30: manufacture of other transport equipment,5.2,61.1,20.0,13.7
116,31: manufacture of furniture,5.0,61.4,17.1,16.5
116,32: other manufacturing,7.3,82.9,8.4,1.5
116,33: repair and installation of machinery and equipment,,52.6,23.6,22.9
116,"36: water collection, treatment and supply",0.0,97.4,0.0,2.6
116,"38: waste collection, treatment and disposal activities; materials recovery",,58.3,7.0,34.6
116,41: construction of buildings,,58.5,4.4,36.7
116,42: civil engineering,,61.7,9.8,28.3
116,43: specialised construction activities,2.2,59.0,9.0,29.7
116,45: wholesale and retail trade and repair of motor vehicles and motorcycles,8.0,52.9,11.0,28.2
116,"46: wholesale trade, except of motor vehicles and motorcycles",12.6,69.8,7.1,10.5
116,"47: retail trade, except of motor vehicles and motorcycles",7.1,52.1,11.3,29.5
116,49: land transport and transport via pipelines,2.6,38.8,12.5,46.1
116,52: warehousing and support activities for transportation,1.7,67.8,3.9,26.6
116,53: postal and courier activities,0.0,65.0,1.2,33.8
116,55: accommodation,2.8,49.8,8.3,39.0
116,56: food and beverage service activities,2.0,50.1,6.0,41.9
116,58: publishing activities,3.9,54.8,9.3,32.0
116,"59: motion picture, video and television programme production, sound recording and music publishing activities",0.0,37.0,17.4,45.6
116,60: programming and broadcasting activities,0.0,91.2,4.4,4.4
116,61: telecommunications,,74.0,4.2,21.7
116,"62: computer programming, consultancy and related activities",2.1,63.5,5.2,29.2
116,63: information service activities,0.0,54.2,,45.2
116,68: real estate activities,0.0,26.0,3.8,70.2
116,69: legal and accounting activities,,41.0,4.2,54.7
116,70: activities of head offices; management consultancy activities,1.3,49.9,3.4,45.3
116,71: architectural and engineering activities; technical testing and analysis,1.7,49.6,7.3,41.4
116,72: scientific research and development,0.0,71.9,3.1,25.0
116,73: advertising and market research,0.0,52.4,1.4,46.2
116,"74: other professional, scientific and technical activities",2.9,49.2,5.3,42.6
116,75: veterinary activities,10.0,44.1,9.0,36.9
116,77: rental and leasing activities,9.4,61.3,10.3,19.0
116,78: employment activities,,36.8,7.4,55.3
116,"79: travel agency, tour operator and other reservation service and related activities",0.0,62.6,8.1,29.3
116,80: security and investigation activities,0.0,37.1,1.2,61.7
116,81: services to buildings and landscape activities,0.0,54.6,8.1,37.3
116,"82: office administrative, office support and other business support activities",4.3,46.3,10.0,39.3
116,85: education,2.4,53.4,1.4,42.7
116,86: human health activities,9.2,41.2,7.2,42.5
116,"90: creative, arts and entertainment activities",0.0,43.3,8.8,47.9
116,"91: libraries, archives, museums and other cultural activities",0.0,29.2,17.2,53.6
116,93: sports activities and amusement and recreation activities,,51.8,2.3,45.6
116,95: repair of computers and personal and household goods,0.0,66.6,13.8,19.6
116,96: other personal service activities,10.0,45.1,6.8,38.1
116,All businesses,4.3,54.1,7.4,34.2
118,10: manufacture of food products,18.2,58.8,7.9,15.1
118,11: manufacture of beverages,26.6,43.3,2.1,27.9
118,13: manufacture of textiles,9.1,87.8,1.0,2.2
118,14: manufacture of wearing apparel,0.0,96.7,2.0,1.4
118,15: manufacture of leather and related products,11.8,88.2,0.0,0.0
118,"16: manufacture of wood and of products of wood and cork, except furniture; manufacture of articles of straw and plaiting materials",4.4,65.7,7.2,22.8
118,17: manufacture of paper and paper products,1.2,92.4,6.4,0.0
118,18: printing and reproduction of recorded media,,75.8,2.6,20.8
118,20: manufacture of chemicals and chemical products,5.0,87.3,6.5,1.3
118,21: manufacture of basic pharmaceutical products and pharmaceutical preparations,0.0,90.1,9.9,0.0
118,22: manufacture of rubber and plastic products,2.3,81.9,9.3,6.5
118,23: manufacture of other non-metallic mineral products,2.0,54.1,15.5,28.3
118,24: manufacture of basic metals,0.0,92.2,4.7,3.1
118,"25: manufacture of fabricated metal products, except machinery and equipment",2.4,80.0,7.2,10.4
118,"26: manufacture of computer, electronic and optical products",2.5,85.4,3.2,8.9
118,27: manufacture of electrical equipment,13.3,73.0,8.7,5.0
118,28: manufacture of machinery and equipment n.e.c.,9.4,82.1,4.7,3.7
118,"29: manufacture of motor vehicles, trailers and semi-trailers",1.3,74.7,21.8,2.2
118,30: manufacture of other transport equipment,8.7,64.9,10.0,16.4
118,31: manufacture of furniture,9.5,72.7,15.3,2.4
118,32: other manufacturing,1.9,75.9,9.2,13.0
118,33: repair and installation of machinery and equipment,1.3,41.8,37.4,19.6
118,"36: water collection, treatment and supply",0.0,76.6,18.0,5.4
118,37: sewerage,0.0,100.0,0.0,0.0
118,"38: waste collection, treatment and disposal activities; materials recovery",,64.3,1.1,34.5
118,39: remediation activities and other waste management services,0.0,100.0,0.0,0.0
118,41: construction of buildings,,58.9,10.7,30.2
118,42: civil engineering,,68.3,5.0,25.8
118,43: specialised construction activities,1.4,62.2,6.5,29.9
118,45: wholesale and retail trade and repair of motor vehicles and motorcycles,12.3,54.6,10.3,22.8
118,"46: wholesale trade, except of motor vehicles and motorcycles",13.4,66.9,9.2,10.5
118,"47: retail trade, except of motor vehicles and motorcycles",9.8,56.5,12.3,21.5
118,49: land transport and transport via pipelines,,48.6,11.4,39.3
118,52: warehousing and support activities for transportation,11.3,65.1,5.6,18.0
118,53: postal and courier activities,0.0,43.8,1.4,54.7
118,55: accommodation,1.5,48.5,11.6,38.4
118,56: food and beverage service activities,5.4,55.2,9.8,29.6
118,58: publishing activities,9.7,54.1,7.6,28.6
118,"59: motion picture, video and television programme production, sound recording and music publishing activities",0.0,31.7,14.2,54.1
118,60: programming and broadcasting activities,0.0,13.2,2.6,84.2
118,61: telecommunications,,54.3,19.2,26.3
118,"62: computer programming, consultancy and related activities",2.9,64.6,3.4,29.1
118,63: information service activities,0.0,90.5,,9.4
118,68: real estate activities,0.0,30.4,,69.1
118,69: legal and accounting activities,0.0,43.3,3.2,53.5
118,70: activities of head offices; management consultancy activities,0.0,55.9,4.7,39.4
118,71: architectural and engineering activities; technical testing and analysis,1.5,55.6,7.1,35.8
118,72: scientific research and development,,55.0,4.2,39.9
118,73: advertising and market research,3.0,55.0,1.3,40.6
118,"74: other professional, scientific and technical activities",3.0,52.0,6.3,38.7
118,75: veterinary activities,1.1,64.7,20.5,13.7
118,77: rental and leasing activities,5.6,62.7,9.4,22.3
118,78: employment activities,,33.9,1.1,64.8
118,"79: travel agency, tour operator and other reservation service and related activities",6.7,56.5,1.4,35.5
118,80: security and investigation activities,4.4,50.5,6.4,38.7
118,81: services to buildings and landscape activities,0.0,58.9,3.7,37.4
118,"82: office administrative, office support and other business support activities",6.4,46.1,7.7,39.8
118,85: education,,39.6,11.2,49.1
118,86: human health activities,8.9,39.5,8.1,43.5
118,"90: creative, arts and entertainment activities",11.8,49.8,14.5,23.8
118,"91: libraries, archives, museums and other cultural activities",0.0,44.7,,55.1
118,93: sports activities and amusement and recreation activities,,48.9,8.1,42.8
118,95: repair of computers and personal and household goods,2.5,64.6,11.0,22.0
118,96: other personal service activities,3.0,59.8,6.1,31.2
118,All businesses,5.0,56.4,8.1,30.5
120,10: manufacture of food products,6.5,66.7,12.9,13.8
120,11: manufacture of beverages,26.5,70.2,2.0,1.3
120,13: manufacture of textiles,8.7,80.6,,10.3
120,14: manufacture of wearing apparel,43.2,51.2,5.6,0.0
120,"16: manufacture of wood and of products of wood and cork, except furniture; manufacture of articles of straw and plaiting materials",2.4,67.3,12.8,17.6
120,17: manufacture of paper and paper products,1.2,91.9,3.0,3.8
120,18: printing and reproduction of recorded media,,72.1,14.0,13.1
120,20: manufacture of chemicals and chemical products,2.7,92.7,3.4,1.2
120,21: manufacture of basic pharmaceutical products and pharmaceutical preparations,25.6,64.9,8.8,
120,22: manufacture of rubber and plastic products,6.1,69.6,11.4,13.0
120,23: manufacture of other non-metallic mineral products,1.8,65.8,9.7,22.8
120,24: manufacture of basic metals,,97.6,2.0,0.0
120,"25: manufacture of fabricated metal products, except machinery and equipment",2.4,77.6,3.2,16.8
120,"26: manufacture of computer, electronic and optical products",1.5,82.0,16.4,0.0
120,27: manufacture of electrical equipment,9.2,79.6,4.5,6.7
120,28: manufacture of machinery and equipment n.e.c.,8.5,76.5,10.3,4.8
120,"29: manufacture of motor vehicles, trailers and semi-trailers",1.9,81.9,2.9,13.3
120,30: manufacture of other transport equipment,,60.5,10.1,28.8
120,31: manufacture of furniture,1.6,57.9,10.4,30.1
120,32: other manufacturing,8.0,76.1,15.2,
120,33: repair and installation of machinery and equipment,26.4,51.6,11.5,10.5
120,"36: water collection, treatment and supply",0.0,68.4,26.3,5.3
120,"38: waste collection, treatment and disposal activities; materials recovery",,53.7,,45.1
120,41: construction of buildings,,47.6,12.8,39.0
120,42: civil engineering,,68.6,4.9,25.9
120,43: specialised construction activities,,59.4,7.1,32.6
120,45: wholesale and retail trade and repair of motor vehicles and motorcycles,9.1,48.8,5.3,36.8
120,"46: wholesale trade, except of motor vehicles and motorcycles",11.6,64.5,10.0,14.0
120,"47: retail trade, except of motor vehicles and motorcycles",9.4,51.7,9.8,29.1
120,49: land transport and transport via pipelines,2.1,48.8,11.0,38.0
120,52: warehousing and support activities for transportation,13.0,58.0,3.7,25.3
120,53: postal and courier activities,1.4,71.6,1.4,25.5
120,55: accommodation,0.0,49.9,13.5,36.6
120,56: food and beverage service activities,3.5,54.1,9.7,32.7
120,58: publishing activities,5.5,56.8,2.7,35.0
120,"59: motion picture, video and television programme production, sound recording and music publishing activities",0.0,33.8,2.6,63.7
120,61: telecommunications,,68.8,4.4,25.9
120,"62: computer programming, consultancy and related activities",,55.8,2.1,42.0
120,63: information service activities,0.0,71.6,20.8,7.5
120,68: real estate activities,0.0,21.5,3.3,75.2
120,69: legal and accounting activities,0.0,40.0,2.3,57.7
120,70: activities of head offices; management consultancy activities,0.0,46.4,6.2,47.4
120,71: architectural and engineering activities; technical testing and analysis,3.8,49.8,7.6,38.8
120,72: scientific research and development,1.9,61.8,9.1,27.2
120,73: advertising and market research,3.1,49.8,4.8,42.3
120,"74: other professional, scientific and technical activities",,53.5,,45.7
120,75: veterinary activities,16.3,53.8,2.8,27.1
120,77: rental and leasing activities,,53.4,9.0,36.8
120,78: employment activities,,32.1,6.0,61.7
120,"79: travel agency, tour operator and other reservation service and related activities",0.0,62.1,6.3,31.6
120,80: security and investigation activities,0.0,56.0,3.2,40.8
120,81: services to buildings and landscape activities,2.6,63.6,2.0,31.8
120,"82: office administrative, office support and other business support activities",1.4,55.5,2.8,40.3
120,85: education,0.0,52.4,1.4,46.2
120,86: human health activities,2.5,37.6,7.9,52.0
120,"90: creative, arts and entertainment activities",0.0,46.8,16.4,36.8
120,"91: libraries, archives, museums and other cultural activities",0.0,35.8,20.0,44.2
120,93: sports activities and amusement and recreation activities,,50.3,4.2,44.9
120,95: repair of computers and personal and household goods,0.0,82.5,1.1,16.4
120,96: other personal service activities,4.0,63.5,8.1,24.4
120,All businesses,3.9,54.5,7.4,34.2
122,10: manufacture of food products,6.6,74.9,8.6,9.9
122,11: manufacture of beverages,,71.6,1.7,26.5
122,13: manufacture of textiles,1.4,87.6,10.1,
122,14: manufacture of wearing apparel,0.0,39.6,1.7,58.7
122,"16: manufacture of wood and of products of wood and cork, except furniture; manufacture of articles of straw and plaiting materials",4.4,67.2,10.2,18.2
122,17: manufacture of paper and paper products,1.5,92.3,3.5,2.7
122,18: printing and reproduction of recorded media,1.7,79.5,6.6,12.2
122,20: manufacture of chemicals and chemical products,,91.4,6.6,1.3
122,21: manufacture of basic pharmaceutical products and pharmaceutical preparations,,39.3,9.2,50.9
122,22: manufacture of rubber and plastic products,1.2,80.7,8.2,9.9
122,23: manufacture of other non-metallic mineral products,2.6,76.2,1.0,20.2
122,24: manufacture of basic metals,0.0,91.9,2.0,6.1
122,"25: manufacture of fabricated metal products, except machinery and equipment",2.4,71.2,9.1,17.4
122,"26: manufacture of computer, electronic and optical products",9.9,86.2,3.9,0.0
122,27: manufacture of electrical equipment,15.1,62.7,10.2,12.0
122,28: manufacture of machinery and equipment n.e.c.,10.5,73.4,12.1,3.9
122,"29: manufacture of motor vehicles, trailers and semi-trailers",14.8,69.5,14.7,
122,30: manufacture of other transport equipment,2.9,58.3,21.6,17.1
122,31: manufacture of furniture,,57.6,29.5,12.2
122,32: other manufacturing,0.0,65.5,8.8,25.6
122,33: repair and installation of machinery and equipment,14.5,45.9,23.3,16.3
122,"36: water collection, treatment and supply",0.0,71.1,10.5,18.4
122,"38: waste collection, treatment and disposal activities; materials recovery",,64.2,,35.0
122,41: construction of buildings,5.1,46.6,14.8,33.5
122,42: civil engineering,,68.3,8.3,22.7
122,43: specialised construction activities,1.4,55.9,7.0,35.7
122,45: wholesale and retail trade and repair of motor vehicles and motorcycles,9.0,47.9,11.0,32.1
122,"46: wholesale trade, except of motor vehicles and motorcycles",10.3,68.1,9.1,12.5
122,"47: retail trade, except of motor vehicles and motorcycles",9.9,51.2,11.6,27.3
122,49: land transport and transport via pipelines,,52.2,9.3,38.2
122,52: warehousing and support activities for transportation,12.0,55.7,7.8,24.5
122,53: postal and courier activities,0.0,51.0,15.2,33.8
122,55: accommodation,,57.5,4.0,38.4
122,56: food and beverage service activities,4.5,45.5,12.4,37.7
122,58: publishing activities,0.0,49.2,7.4,43.4
122,"59: motion picture, video and television programme production, sound recording and music publishing activities",0.0,36.4,,63.4
122,61: telecommunications,,68.7,15.2,16.0
122,"62: computer programming, consultancy and related activities",0.0,55.3,4.6,40.2
122,63: information service activities,0.0,64.6,0.0,35.4
122,68: real estate activities,0.0,27.1,,72.7
122,69: legal and accounting activities,0.0,37.3,2.4,60.3
122,70: activities of head offices; management consultancy activities,1.5,50.4,2.4,45.6
122,71: architectural and engineering activities; technical testing and analysis,1.3,56.5,8.1,34.1
122,72: scientific research and development,,60.5,10.9,28.2
122,73: advertising and market research,2.8,46.5,2.4,48.4
122,"74: other professional, scientific and technical activities",,50.3,8.4,41.1
122,75: veterinary activities,1.0,56.5,9.2,33.3
122,77: rental and leasing activities,3.8,53.4,10.0,32.8
122,78: employment activities,1.5,25.8,4.7,68.0
122,"79: travel agency, tour operator and other reservation service and related activities",0.0,61.2,2.1,36.7
122,80: security and investigation activities,0.0,56.7,1.6,41.7
122,81: services to buildings and landscape activities,2.6,54.9,1.5,41.0
122,"82: office administrative, office support and other business support activities",2.6,49.7,4.9,42.7
122,85: education,0.0,44.5,3.5,51.9
122,86: human health activities,2.7,36.7,12.8,47.8
122,"90: creative, arts and entertainment activities",0.0,75.3,10.4,14.3
122,"91: libraries, archives, museums and other cultural activities",0.0,44.4,22.3,33.3
122,93: sports activities and amusement and recreation activities,1.7,50.9,3.1,44.3
122,95: repair of computers and personal and household goods,11.2,65.6,23.2,0.0
122,96: other personal service activities,3.5,66.6,,29.8
122,All businesses,3.9,53.0,8.3,34.8
124,10: manufacture of food products,7.3,77.6,10.9,4.1
124,11: manufacture of beverages,2.1,94.3,2.3,1.2
124,13: manufacture of textiles,9.0,66.2,8.4,16.5
124,14: manufacture of wearing apparel,1.5,96.7,1.8,0.0
124,"16: manufacture of wood and of products of wood and cork, except furniture; manufacture of articles of straw and plaiting materials",4.9,83.0,,11.5
124,17: manufacture of paper and paper products,1.5,92.8,3.1,2.6
124,18: printing and reproduction of recorded media,,75.2,6.5,17.9
124,20: manufacture of chemicals and chemical products,13.1,58.7,6.3,21.9
124,21: manufacture of basic pharmaceutical products and pharmaceutical preparations,0.0,72.1,15.1,12.8
124,22: manufacture of rubber and plastic products,4.6,76.6,6.7,12.1
124,23: manufacture of other non-metallic mineral products,2.9,78.1,4.0,15.0
124,24: manufacture of basic metals,0.0,99.3,,0.0
124,"25: manufacture of fabricated metal products, except machinery and equipment",3.9,65.0,10.5,20.5
124,"26: manufacture of computer, electronic and optical products",11.9,78.4,9.6,
124,27: manufacture of electrical equipment,7.1,87.1,4.3,1.4
124,28: manufacture of machinery and equipment n.e.c.,9.8,79.6,7.6,3.1
124,"29: manufacture of motor vehicles, trailers and semi-trailers",1.9,90.7,6.5,
124,30: manufacture of other transport equipment,3.6,72.2,7.0,17.2
124,31: manufacture of furniture,13.9,77.7,2.3,6.1
124,32: other manufacturing,8.3,57.4,7.6,26.8
124,33: repair and installation of machinery and equipment,14.8,55.2,16.1,13.8
124,"36: water collection, treatment and supply",0.0,52.9,44.8,2.3
124,"38: waste collection, treatment and disposal activities; materials recovery",,53.8,1.4,44.2
124,41: construction of buildings,0.0,59.1,8.8,32.1
124,42: civil engineering,,75.7,5.0,18.4
124,43: specialised construction activities,2.7,62.6,5.7,29.0
124,45: wholesale and retail trade and repair of motor vehicles and motorcycles,9.0,56.7,9.4,24.9
124,"46: wholesale trade, except of motor vehicles and motorcycles",9.7,72.1,6.5,11.7
124,"47: retail trade, except of motor vehicles and motorcycles",12.8,45.4,16.5,25.3
124,49: land transport and transport via pipelines,1.9,58.5,7.4,32.2
124,52: warehousing and support activities for transportation,4.7,64.0,10.9,20.3
124,53: postal and courier activities,0.0,95.8,,4.0
124,55: accommodation,1.8,45.1,6.6,46.5
124,56: food and beverage service activities,6.4,51.8,10.8,31.1
124,58: publishing activities,4.5,57.1,5.3,33.1
124,"59: motion picture, video and television programme production, sound recording and music publishing activities",0.0,63.9,1.4,34.8
124,60: programming and broadcasting activities,0.0,15.2,4.1,80.7
124,61: telecommunications,,69.4,18.2,12.2
124,"62: computer programming, consultancy and related activities",1.1,54.1,7.2,37.7
124,63: information service activities,0.0,91.3,3.0,5.7
124,68: real estate activities,2.6,25.1,2.8,69.6
124,69: legal and accounting activities,0.0,35.6,4.0,60.4
124,70: activities of head offices; management consultancy activities,1.5,50.6,3.4,44.5
124,71: architectural and engineering activities; technical testing and analysis,4.8,51.5,8.5,35.3
124,72: scientific research and development,,47.8,10.0,41.5
124,73: advertising and market research,0.0,48.1,8.7,43.2
124,"74: other professional, scientific and technical activities",5.0,56.2,5.7,33.0
124,75: veterinary activities,14.0,56.9,8.1,21.0
124,77: rental and leasing activities,1.2,59.0,8.5,31.4
124,78: employment activities,1.4,27.5,2.6,68.5
124,"79: travel agency, tour operator and other reservation service and related activities",0.0,44.5,8.8,46.7
124,80: security and investigation activities,0.0,65.7,7.4,26.9
124,81: services to buildings and landscape activities,,47.4,1.5,50.8
124,"82: office administrative, office support and other business support activities",2.4,52.8,4.3,40.5
124,85: education,2.0,53.1,3.0,41.9
124,86: human health activities,5.1,46.3,8.8,39.7
124,"90: creative, arts and entertainment activities",0.0,45.1,6.4,48.5
124,"91: libraries, archives, museums and other cultural activities",0.0,39.1,22.8,38.1
124,93: sports activities and amusement and recreation activities,4.5,55.3,5.8,34.4
124,95: repair of computers and personal and household goods,12.6,74.7,12.6,0.0
124,96: other personal service activities,,72.1,9.1,18.6
124,All businesses,5.0,55.5,8.0,31.4
126,10: manufacture of food products,6.8,74.7,2.0,16.5
126,11: manufacture of beverages,,91.2,5.8,2.7
126,13: manufacture of textiles,16.9,65.1,1.0,16.9
126,14: manufacture of wearing apparel,1.3,67.5,31.2,0.0
126,"16: manufacture of wood and of products of wood and cork, except furniture; manufacture of articles of straw and plaiting materials",4.2,68.0,1.3,26.5
126,17: manufacture of paper and paper products,1.0,80.6,4.2,14.1
126,18: printing and reproduction of recorded media,1.0,78.8,9.8,10.4
126,20: manufacture of chemicals and chemical products,2.9,84.3,4.4,8.5
126,21: manufacture of basic pharmaceutical products and pharmaceutical preparations,3.7,88.8,7.5,0.0
126,22: manufacture of rubber and plastic products,4.9,77.9,7.9,9.3
126,23: manufacture of other non-metallic mineral products,3.0,58.8,12.5,25.7
126,24: manufacture of basic metals,17.0,63.7,19.3,0.0
126,"25: manufacture of fabricated metal products, except machinery and equipment",3.3,70.9,11.3,14.5
126,"26: manufacture of computer, electronic and optical products",16.9,73.3,9.8,0.0
126,27: manufacture of electrical equipment,2.2,80.7,12.7,4.4
126,28: manufacture of machinery and equipment n.e.c.,9.6,72.3,11.3,6.8
126,"29: manufacture of motor vehicles, trailers and semi-trailers",1.2,57.8,19.2,21.8
126,30: manufacture of other transport equipment,14.7,66.7,6.9,11.7
126,31: manufacture of furniture,9.2,64.5,2.6,23.7
126,32: other manufacturing,7.6,67.2,10.8,14.4
126,33: repair and installation of machinery and equipment,19.8,31.3,21.9,26.9
126,"36: water collection, treatment and supply",0.0,77.3,18.0,4.7
126,"38: waste collection, treatment and disposal activities; materials recovery",,59.1,,39.9
126,41: construction of buildings,2.1,46.0,13.2,38.7
126,42: civil engineering,,54.0,4.2,41.1
126,43: specialised construction activities,2.1,58.9,4.4,34.6
126,45: wholesale and retail trade and repair of motor vehicles and motorcycles,5.1,44.7,15.8,34.4
126,"46: wholesale trade, except of motor vehicles and motorcycles",12.9,69.8,7.8,9.6
126,"47: retail trade, except of motor vehicles and motorcycles",5.7,52.1,12.6,29.6
126,49: land transport and transport via pipelines,2.9,48.7,3.5,44.9
126,52: warehousing and support activities for transportation,4.6,61.6,7.3,26.5
126,53: postal and courier activities,0.0,70.2,1.2,28.6
126,55: accommodation,2.7,52.6,6.2,38.6
126,56: food and beverage service activities,4.6,45.7,11.5,38.2
126,58: publishing activities,4.5,46.9,1.3,47.2
126,"59: motion picture, video and television programme production, sound recording and music publishing activities",,45.1,10.9,43.6
126,60: programming and broadcasting activities,0.0,16.6,41.7,41.7
126,61: telecommunications,,69.4,11.3,19.2
126,"62: computer programming, consultancy and related activities",,49.9,4.9,45.0
126,63: information service activities,,50.6,14.8,34.5
126,68: real estate activities,0.0,26.4,4.1,69.5
126,69: legal and accounting activities,0.0,35.3,1.5,63.2
126,70: activities of head offices; management consultancy activities,3.2,40.0,10.2,46.6
126,71: architectural and engineering activities; technical testing and analysis,2.9,48.2,6.1,42.8
126,72: scientific research and development,,56.2,12.9,30.4
126,73: advertising and market research,2.4,28.8,6.3,62.5
126,"74: other professional, scientific and technical activities",,54.4,,44.9
126,75: veterinary activities,,71.3,12.8,15.1
126,77: rental and leasing activities,2.3,51.5,10.0,36.2
126,78: employment activities,,25.0,4.4,70.5
126,"79: travel agency, tour operator and other reservation service and related activities",7.1,61.4,2.2,29.3
126,80: security and investigation activities,0.0,46.7,6.4,47.0
126,81: services to buildings and landscape activities,2.4,49.5,5.9,42.2
126,"82: office administrative, office support and other business support activities",1.2,45.0,5.2,48.7
126,85: education,1.7,39.6,1.0,57.8
126,86: human health activities,2.5,36.7,7.6,53.3
126,"90: creative, arts and entertainment activities",0.0,45.7,9.9,44.3
126,"91: libraries, archives, museums and other cultural activities",0.0,44.8,16.2,39.0
126,93: sports activities and amusement and recreation activities,1.9,46.5,5.8,45.8
126,95: repair of computers and personal and household goods,12.6,74.8,12.6,0.0
126,96: other personal service activities,0.0,40.4,10.5,49.1
126,All businesses,4.0,50.7,8.2,37.2
128,10: manufacture of food products,12.3,60.1,8.9,18.7
128,11: manufacture of beverages,1.8,55.2,3.1,39.9
128,13: manufacture of textiles,17.0,64.3,2.5,16.3
128,14: manufacture of wearing apparel,1.7,57.8,19.5,21.0
128,"16: manufacture of wood and of products of wood and cork, except furniture; manufacture of articles of straw and plaiting materials",1.2,69.1,15.2,14.6
128,17: manufacture of paper and paper products,6.4,65.3,3.4,24.9
128,18: printing and reproduction of recorded media,,60.4,14.1,25.1
128,20: manufacture of chemicals and chemical products,9.3,77.0,6.0,7.7
128,21: manufacture of basic pharmaceutical products and pharmaceutical preparations,0.0,65.6,22.0,12.4
128,22: manufacture of rubber and plastic products,4.6,73.6,16.6,5.2
128,23: manufacture of other non-metallic mineral products,7.6,72.5,10.7,9.2
128,24: manufacture of basic metals,0.0,71.7,26.3,2.0
128,"25: manufacture of fabricated metal products, except machinery and equipment",3.4,71.6,4.6,20.4
128,"26: manufacture of computer, electronic and optical products",15.6,71.9,7.9,4.7
128,27: manufacture of electrical equipment,9.6,78.6,11.2,
128,28: manufacture of machinery and equipment n.e.c.,5.2,70.9,18.6,5.3
128,"29: manufacture of motor vehicles, trailers and semi-trailers",3.4,78.7,13.4,4.5
128,30: manufacture of other transport equipment,11.2,61.0,8.8,19.0
128,31: manufacture of furniture,6.6,69.5,2.1,21.9
128,32: other manufacturing,,73.0,26.9,0.0
128,33: repair and installation of machinery and equipment,15.8,43.1,24.4,16.7
128,"36: water collection, treatment and supply",0.0,54.7,22.1,23.3
128,"38: waste collection, treatment and disposal activities; materials recovery",,52.5,,46.7
128,41: construction of buildings,5.0,46.0,6.7,42.3
128,42: civil engineering,3.5,59.9,4.8,31.8
128,43: specialised construction activities,2.5,57.6,9.8,30.1
128,45: wholesale and retail trade and repair of motor vehicles and motorcycles,7.3,56.3,9.6,26.8
128,"46: wholesale trade, except of motor vehicles and motorcycles",9.5,70.4,6.7,13.3
128,"47: retail trade, except of motor vehicles and motorcycles",10.1,44.8,10.1,35.0
128,49: land transport and transport via pipelines,1.6,41.7,7.6,49.2
128,52: warehousing and support activities for transportation,9.5,60.9,6.9,22.6
128,53: postal and courier activities,1.2,92.3,,6.3
128,55: accommodation,3.1,54.1,12.2,30.6
128,56: food and beverage service activities,9.8,45.7,10.3,34.2
128,58: publishing activities,4.3,57.1,1.7,36.9
128,"59: motion picture, video and television programme production, sound recording and music publishing activities",0.0,35.8,11.9,52.4
128,60: programming and broadcasting activities,0.0,19.4,2.1,78.5
128,61: telecommunications,0.0,57.2,23.2,19.6
128,"62: computer programming, consultancy and related activities",2.3,53.6,4.9,39.2
128,63: information service activities,0.0,50.9,15.0,34.1
128,68: real estate activities,2.4,19.3,2.5,75.7
128,69: legal and accounting activities,0.0,33.6,1.6,64.8
128,70: activities of head offices; management consultancy activities,1.6,46.8,2.6,49.0
128,71: architectural and engineering activities; technical testing and analysis,0.0,50.8,5.7,43.5
128,72: scientific research and development,1.3,39.3,10.2,49.2
128,73: advertising and market research,2.7,46.9,5.3,45.1
128,"74: other professional, scientific and technical activities",,48.8,8.9,42.0
128,75: veterinary activities,7.5,60.1,22.8,9.6
128,77: rental and leasing activities,2.8,53.2,13.4,30.6
128,78: employment activities,,28.9,2.9,67.9
128,"79: travel agency, tour operator and other reservation service and related activities",0.0,55.3,2.5,42.2
128,80: security and investigation activities,0.0,47.1,10.7,42.2
128,81: services to buildings and landscape activities,2.2,54.0,5.3,38.4
128,"82: office administrative, office support and other business support activities",2.3,50.3,4.1,43.3
128,85: education,,48.2,1.1,50.5
128,86: human health activities,4.2,32.8,10.8,52.2
128,"90: creative, arts and entertainment activities",0.0,28.7,11.0,60.3
128,"91: libraries, archives, museums and other cultural activities",0.0,74.0,12.0,14.0
128,93: sports activities and amusement and recreation activities,,43.8,4.0,51.8
128,95: repair of computers and personal and household goods,0.0,76.7,22.1,1.3
128,96: other personal service activities,0.0,63.5,6.3,30.2
128,All businesses,5.0,50.8,8.1,36.1
130,10: manufacture of food products,11.8,70.7,6.3,11.3
130,11: manufacture of beverages,22.6,55.1,2.3,20.0
130,13: manufacture of textiles,9.6,79.2,2.1,9.0
130,14: manufacture of wearing apparel,3.5,48.3,25.2,23.0
130,"16: manufacture of wood and of products of wood and cork, except furniture; manufacture of articles of straw and plaiting materials",,77.5,9.4,12.6
130,17: manufacture of paper and paper products,0.0,63.8,5.0,31.2
130,18: printing and reproduction of recorded media,,71.7,7.0,20.9
130,20: manufacture of chemicals and chemical products,1.8,83.5,6.6,8.1
130,21: manufacture of basic pharmaceutical products and pharmaceutical preparations,,60.3,14.8,24.3
130,22: manufacture of rubber and plastic products,1.3,87.2,7.0,4.5
130,23: manufacture of other non-metallic mineral products,13.6,75.0,10.0,1.4
130,24: manufacture of basic metals,3.0,97.0,0.0,0.0
130,"25: manufacture of fabricated metal products, except machinery and equipment",6.0,64.0,16.9,13.1
130,"26: manufacture of computer, electronic and optical products",16.5,78.9,3.8,
130,27: manufacture of electrical equipment,11.9,70.2,14.0,3.9
130,28: manufacture of machinery and equipment n.e.c.,12.8,74.7,6.6,5.8
130,"29: manufacture of motor vehicles, trailers and semi-trailers",3.4,87.6,9.0,0.0
130,30: manufacture of other transport equipment,25.0,47.3,11.5,16.2
130,31: manufacture of furniture,6.4,78.2,2.9,12.4
130,32: other manufacturing,8.3,87.6,4.1,0.0
130,33: repair and installation of machinery and equipment,2.7,44.4,18.9,34.1
130,"36: water collection, treatment and supply",0.0,65.9,15.5,18.6
130,"38: waste collection, treatment and disposal activities; materials recovery",,57.1,12.4,30.4
130,41: construction of buildings,0.0,53.6,11.5,34.8
130,42: civil engineering,,48.4,9.5,41.8
130,43: specialised construction activities,1.8,59.7,11.7,26.9
130,45: wholesale and retail trade and repair of motor vehicles and motorcycles,5.6,55.9,10.7,27.8
130,"46: wholesale trade, except of motor vehicles and motorcycles",11.1,67.2,9.2,12.4
130,"47: retail trade, except of motor vehicles and motorcycles",11.5,52.7,8.8,27.0
130,49: land transport and transport via pipelines,1.7,52.9,3.6,41.8
130,52: warehousing and support activities for transportation,7.7,61.4,9.1,21.8
130,53: postal and courier activities,1.3,51.8,22.1,24.8
130,55: accommodation,2.4,57.6,10.6,29.4
130,56: food and beverage service activities,6.0,46.2,13.0,34.8
130,58: publishing activities,0.0,59.4,,39.8
130,"59: motion picture, video and television programme production, sound recording and music publishing activities",0.0,54.7,11.7,33.6
130,60: programming and broadcasting activities,0.0,16.6,39.2,44.3
130,61: telecommunications,7.2,74.4,10.2,8.2
130,"62: computer programming, consultancy and related activities",1.2,57.8,6.0,35.0
130,63: information service activities,0.0,60.6,17.5,21.9
130,68: real estate activities,2.6,28.2,5.1,64.1
130,69: legal and accounting activities,0.0,43.0,,56.2
130,70: activities of head offices; management consultancy activities,0.0,37.1,8.5,54.4
130,71: architectural and engineering activities; technical testing and analysis,,58.8,12.0,28.7
130,72: scientific research and development,1.2,42.2,10.1,46.5
130,73: advertising and market research,2.4,48.1,9.4,40.0
130,"74: other professional, scientific and technical activities",0.0,55.0,7.2,37.8
130,75: veterinary activities,1.5,78.0,13.7,6.8
130,77: rental and leasing activities,3.1,57.7,8.2,30.9
130,78: employment activities,0.0,29.9,4.4,65.7
130,"79: travel agency, tour operator and other reservation service and related activities",1.4,56.4,1.7,40.5
130,80: security and investigation activities,,46.0,14.6,38.7
130,81: services to buildings and landscape activities,4.5,55.1,1.9,38.5
130,"82: office administrative, office support and other business support activities",1.6,55.3,5.1,38.0
130,85: education,,49.1,1.0,49.7
130,86: human health activities,5.1,42.1,12.1,40.7
130,"90: creative, arts and entertainment activities",0.0,44.1,5.2,50.8
130,"91: libraries, archives, museums and other cultural activities",0.0,72.6,6.8,20.6
130,93: sports activities and amusement and recreation activities,1.9,43.1,7.1,47.9
130,95: repair of computers and personal and household goods,22.0,50.2,26.8,1.0
130,96: other personal service activities,,71.5,6.5,21.7
130,All businesses,4.7,54.0,9.1,32.3
132,10: manufacture of food products,6.0,70.8,10.8,12.4
132,11: manufacture of beverages,3.4,92.6,1.8,2.2
132,13: manufacture of textiles,10.4,71.6,9.9,8.1
132,14: manufacture of wearing apparel,32.5,63.5,2.2,1.7
132,"16: manufacture of wood and of products of wood and cork, except furniture; manufacture of articles of straw and plaiting materials",,53.7,9.8,36.0
132,17: manufacture of paper and paper products,1.9,59.0,6.0,33.1
132,18: printing and reproduction of recorded media,0.0,77.4,6.1,16.5
132,20: manufacture of chemicals and chemical products,4.4,80.9,8.4,6.4
132,21: manufacture of basic pharmaceutical products and pharmaceutical preparations,0.0,69.2,30.8,0.0
132,22: manufacture of rubber and plastic products,5.0,71.0,9.0,15.1
132,23: manufacture of other non-metallic mineral products,15.5,67.3,8.8,8.5
132,24: manufacture of basic metals,,59.8,20.3,19.2
132,"25: manufacture of fabricated metal products, except machinery and equipment",5.7,71.1,11.4,11.7
132,"26: manufacture of computer, electronic and optical products",18.4,72.8,8.8,0.0
132,27: manufacture of electrical equipment,11.4,74.2,9.7,4.7
132,28: manufacture of machinery and equipment n.e.c.,16.7,71.4,11.2,
132,"29: manufacture of motor vehicles, trailers and semi-trailers",28.2,35.3,21.0,15.5
132,30: manufacture of other transport equipment,6.9,57.3,4.9,30.8
132,31: manufacture of furniture,6.8,81.0,5.4,6.8
132,32: other manufacturing,2.0,70.6,27.3,
132,33: repair and installation of machinery and equipment,9.9,49.5,11.8,28.8
132,"36: water collection, treatment and supply",0.0,89.3,6.0,4.8
132,"38: waste collection, treatment and disposal activities; materials recovery",,38.4,,61.4
132,41: construction of buildings,0.0,61.3,8.2,30.5
132,42: civil engineering,,56.0,11.3,32.4
132,43: specialised construction activities,2.4,60.1,9.5,28.0
132,45: wholesale and retail trade and repair of motor vehicles and motorcycles,9.7,47.8,14.0,28.6
132,"46: wholesale trade, except of motor vehicles and motorcycles",10.1,66.7,11.3,11.9
132,"47: retail trade, except of motor vehicles and motorcycles",9.9,47.8,13.0,29.3
132,49: land transport and transport via pipelines,3.1,31.6,9.2,56.1
132,52: warehousing and support activities for transportation,7.3,52.8,7.8,32.0
132,53: postal and courier activities,0.0,47.8,3.3,48.9
132,55: accommodation,2.8,42.6,13.5,41.1
132,56: food and beverage service activities,4.0,42.2,14.2,39.6
132,58: publishing activities,0.0,51.6,,47.6
132,"59: motion picture, video and television programme production, sound recording and music publishing activities",,48.6,9.1,41.7
132,60: programming and broadcasting activities,0.0,58.3,41.7,0.0
132,61: telecommunications,1.2,63.1,22.5,13.3
132,"62: computer programming, consultancy and related activities",1.4,49.0,7.9,41.7
132,63: information service activities,0.0,51.4,15.3,33.3
132,68: real estate activities,2.4,19.4,,78.0
132,69: legal and accounting activities,2.0,28.2,1.7,68.1
132,70: activities of head offices; management consultancy activities,0.0,41.8,6.5,51.7
132,71: architectural and engineering activities; technical testing and analysis,,43.5,8.6,47.6
132,72: scientific research and development,1.4,39.6,11.5,47.5
132,73: advertising and market research,0.0,49.0,2.5,48.6
132,"74: other professional, scientific and technical activities",3.5,60.2,,35.5
132,75: veterinary activities,,56.1,14.4,29.3
132,77: rental and leasing activities,2.7,59.2,11.5,26.5
132,78: employment activities,,27.7,3.4,68.8
132,"79: travel agency, tour operator and other reservation service and related activities",0.0,76.1,3.0,20.9
132,80: security and investigation activities,0.0,49.2,6.6,44.1
132,81: services to buildings and landscape activities,2.5,43.6,4.1,49.8
132,"82: office administrative, office support and other business support activities",1.7,48.7,14.5,35.1
132,85: education,1.8,39.9,1.1,57.3
132,86: human health activities,1.3,39.9,7.1,51.7
132,"90: creative, arts and entertainment activities",0.0,53.1,6.4,40.5
132,"91: libraries, archives, museums and other cultural activities",,51.3,3.3,45.2
132,93: sports activities and amusement and recreation activities,1.2,52.4,4.5,41.9
132,95: repair of computers and personal and household goods,0.0,42.8,39.9,17.3
132,96: other personal service activities,,54.7,11.8,33.2
132,All businesses,4.2,49.6,9.7,36.6
134,10: manufacture of food products,11.8,75.5,3.0,9.8
134,11: manufacture of beverages,0.0,95.0,,4.4
134,13: manufacture of textiles,1.2,94.7,4.0,0.0
134,14: manufacture of wearing apparel,17.4,76.2,4.3,2.1
134,"16: manufacture of wood and of products of wood and cork, except furniture; manufacture of articles of straw and plaiting materials",,57.0,7.2,35.3
134,17: manufacture of paper and paper products,3.8,57.4,7.6,31.3
134,18: printing and reproduction of recorded media,5.1,74.6,10.0,10.3
134,20: manufacture of chemicals and chemical products,4.8,84.0,4.7,6.4
134,21: manufacture of basic pharmaceutical products and pharmaceutical preparations,0.0,86.5,13.5,0.0
134,22: manufacture of rubber and plastic products,,83.1,12.3,3.8
134,23: manufacture of other non-metallic mineral products,1.5,58.1,17.0,23.4
134,24: manufacture of basic metals,2.9,77.2,17.0,2.9
134,"25: manufacture of fabricated metal products, except machinery and equipment",8.9,70.1,5.8,15.3
134,"26: manufacture of computer, electronic and optical products",11.9,79.8,8.3,0.0
134,27: manufacture of electrical equipment,7.3,77.2,10.7,4.8
134,28: manufacture of machinery and equipment n.e.c.,22.1,65.1,6.3,6.5
134,"29: manufacture of motor vehicles, trailers and semi-trailers",14.7,55.5,16.5,13.3
134,30: manufacture of other transport equipment,19.0,56.9,10.8,13.3
134,31: manufacture of furniture,,78.0,2.6,18.8
134,32: other manufacturing,1.1,77.1,21.8,0.0
134,33: repair and installation of machinery and equipment,10.3,59.8,10.6,19.3
134,"36: water collection, treatment and supply",0.0,59.5,38.1,2.4
134,"38: waste collection, treatment and disposal activities; materials recovery",,43.8,3.4,51.8
134,41: construction of buildings,2.3,48.3,10.2,39.1
134,42: civil engineering,,65.9,5.0,28.4
134,43: specialised construction activities,1.0,56.2,10.5,32.3
134,45: wholesale and retail trade and repair of motor vehicles and motorcycles,1.7,59.1,10.5,28.8
134,"46: wholesale trade, except of motor vehicles and motorcycles",10.4,67.5,9.4,12.8
134,"47: retail trade, except of motor vehicles and motorcycles",5.9,54.3,12.2,27.6
134,49: land transport and transport via pipelines,4.3,36.8,10.4,48.5
134,52: warehousing and support activities for transportation,,49.1,7.9,42.2
134,53: postal and courier activities,0.0,36.3,2.0,61.7
134,55: accommodation,2.9,50.9,6.3,39.8
134,56: food and beverage service activities,2.3,46.3,9.9,41.5
134,58: publishing activities,0.0,52.6,1.6,45.8
134,"59: motion picture, video and television programme production, sound recording and music publishing activities",0.0,35.8,11.4,52.8
134,60: programming and broadcasting activities,0.0,21.6,4.3,74.1
134,61: telecommunications,1.4,60.6,22.3,15.6
134,"62: computer programming, consultancy and related activities",,64.1,6.2,29.5
134,63: information service activities,0.0,33.0,16.0,51.1
134,68: real estate activities,2.6,28.8,,68.4
134,69: legal and accounting activities,0.0,33.2,1.9,64.9
134,70: activities of head offices; management consultancy activities,0.0,46.4,8.7,44.9
134,71: architectural and engineering activities; technical testing and analysis,2.0,50.0,10.0,38.0
134,72: scientific research and development,,45.2,20.3,34.0
134,73: advertising and market research,0.0,30.0,10.3,59.7
134,"74: other professional, scientific and technical activities",3.3,50.4,3.8,42.6
134,75: veterinary activities,,54.0,7.6,37.7
134,77: rental and leasing activities,,59.8,8.6,31.3
134,78: employment activities,,25.4,3.1,71.1
134,"79: travel agency, tour operator and other reservation service and related activities",,68.5,2.4,28.6
134,80: security and investigation activities,,58.9,7.7,32.6
134,81: services to buildings and landscape activities,,40.2,6.0,53.5
134,"82: office administrative, office support and other business support activities",1.6,47.0,4.9,46.4
134,85: education,0.0,43.5,1.7,54.8
134,86: human health activities,4.2,38.1,9.0,48.8
134,"90: creative, arts and entertainment activities",0.0,66.7,6.4,27.0
134,"91: libraries, archives, museums and other cultural activities",,69.1,14.6,16.1
134,93: sports activities and amusement and recreation activities,,51.7,6.0,41.8
134,95: repair of computers and personal and household goods,0.0,77.5,20.8,1.7
134,96: other personal service activities,5.3,56.3,5.6,32.8
134,All businesses,3.3,52.2,8.3,36.1
136,10: manufacture of food products,13.7,64.4,4.8,17.1
136,11: manufacture of beverages,,72.0,,26.6
136,13: manufacture of textiles,10.6,77.1,12.3,0.0
136,"16: manufacture of wood and of products of wood and cork, except furniture; manufacture of articles of straw and plaiting materials",,76.0,8.4,15.2
136,17: manufacture of paper and paper products,,58.5,7.6,33.0
136,18: printing and reproduction of recorded media,4.4,71.7,9.9,14.0
136,20: manufacture of chemicals and chemical products,10.2,81.7,6.7,1.5
136,21: manufacture of basic pharmaceutical products and pharmaceutical preparations,3.6,78.6,17.9,0.0
136,22: manufacture of rubber and plastic products,8.8,73.5,8.8,8.9
136,23: manufacture of other non-metallic mineral products,8.9,77.7,10.4,3.1
136,24: manufacture of basic metals,3.3,58.6,16.9,21.2
136,"25: manufacture of fabricated metal products, except machinery and equipment",7.8,62.7,15.0,14.5
136,"26: manufacture of computer, electronic and optical products",15.6,70.1,9.4,4.8
136,27: manufacture of electrical equipment,10.8,78.1,5.8,5.4
136,28: manufacture of machinery and equipment n.e.c.,16.6,77.2,3.0,3.1
136,"29: manufacture of motor vehicles, trailers and semi-trailers",5.5,89.0,4.7,
136,30: manufacture of other transport equipment,10.0,77.4,10.7,1.9
136,31: manufacture of furniture,8.6,79.7,3.3,8.3
136,32: other manufacturing,,77.3,20.8,
136,33: repair and installation of machinery and equipment,13.8,63.4,8.9,13.8
136,"36: water collection, treatment and supply",0.0,67.1,30.5,2.4
136,"38: waste collection, treatment and disposal activities; materials recovery",,63.8,2.5,33.0
136,41: construction of buildings,,54.6,8.8,36.4
136,42: civil engineering,,45.5,14.0,39.8
136,43: specialised construction activities,1.0,67.0,10.7,21.3
136,45: wholesale and retail trade and repair of motor vehicles and motorcycles,5.8,59.1,8.3,26.8
136,"46: wholesale trade, except of motor vehicles and motorcycles",11.8,68.4,7.2,12.6
136,"47: retail trade, except of motor vehicles and motorcycles",4.5,56.0,15.4,24.2
136,49: land transport and transport via pipelines,3.8,46.8,9.9,39.6
136,52: warehousing and support activities for transportation,10.3,60.4,6.8,22.4
136,53: postal and courier activities,1.3,50.2,2.0,46.5
136,55: accommodation,1.4,53.5,10.7,34.4
136,56: food and beverage service activities,4.4,48.8,10.9,35.9
136,58: publishing activities,,51.3,7.4,40.6
136,"59: motion picture, video and television programme production, sound recording and music publishing activities",0.0,42.5,8.8,48.7
136,60: programming and broadcasting activities,0.0,14.0,3.4,82.6
136,61: telecommunications,0.0,79.5,18.1,2.4
136,"62: computer programming, consultancy and related activities",2.1,59.5,4.4,34.1
136,63: information service activities,0.0,54.2,14.8,31.0
136,68: real estate activities,2.5,35.1,,62.2
136,69: legal and accounting activities,0.0,37.9,1.8,60.3
136,70: activities of head offices; management consultancy activities,0.0,40.3,4.0,55.7
136,71: architectural and engineering activities; technical testing and analysis,2.0,69.8,3.6,24.7
136,72: scientific research and development,7.1,67.3,8.1,17.5
136,73: advertising and market research,2.4,36.6,4.8,56.2
136,"74: other professional, scientific and technical activities",,64.4,3.4,31.6
136,75: veterinary activities,11.9,54.0,26.2,7.9
136,77: rental and leasing activities,,54.9,3.3,41.5
136,78: employment activities,,34.6,2.0,63.3
136,"79: travel agency, tour operator and other reservation service and related activities",0.0,58.8,3.4,37.8
136,80: security and investigation activities,0.0,41.4,12.2,46.3
136,81: services to buildings and landscape activities,4.8,46.4,6.7,42.2
136,"82: office administrative, office support and other business support activities",1.5,54.9,10.5,33.0
136,85: education,0.0,44.6,3.1,52.3
136,86: human health activities,5.5,35.2,7.1,52.2
136,"90: creative, arts and entertainment activities",0.0,42.9,10.1,47.0
136,"91: libraries, archives, museums and other cultural activities",1.1,77.4,2.0,19.5
136,93: sports activities and amusement and recreation activities,1.5,50.2,9.0,39.4
136,95: repair of computers and personal and household goods,0.0,76.7,23.3,0.0
136,96: other personal service activities,2.5,60.3,5.9,31.2
136,All businesses,4.2,54.9,8.6,32.3
138,10: manufacture of food products,11.5,70.8,2.4,15.3
138,11: manufacture of beverages,,74.1,,25.5
138,13: manufacture of textiles,,68.8,1.2,29.1
138,14: manufacture of wearing apparel,1.5,96.7,,1.5
138,"16: manufacture of wood and of products of wood and cork, except furniture; manufacture of articles of straw and plaiting materials",,57.3,1.7,40.5
138,17: manufacture of paper and paper products,20.8,51.5,4.5,23.2
138,18: printing and reproduction of recorded media,3.5,75.0,7.1,14.4
138,20: manufacture of chemicals and chemical products,4.9,81.5,13.0,
138,21: manufacture of basic pharmaceutical products and pharmaceutical preparations,4.2,89.8,6.0,0.0
138,22: manufacture of rubber and plastic products,,69.1,17.3,12.9
138,23: manufacture of other non-metallic mineral products,1.0,80.4,7.8,10.8
138,24: manufacture of basic metals,5.9,57.3,33.9,2.9
138,"25: manufacture of fabricated metal products, except machinery and equipment",3.8,72.4,15.2,8.6
138,"26: manufacture of computer, electronic and optical products",4.0,92.2,3.8,0.0
138,27: manufacture of electrical equipment,12.0,76.9,10.5,
138,28: manufacture of machinery and equipment n.e.c.,11.8,69.6,12.3,6.3
138,"29: manufacture of motor vehicles, trailers and semi-trailers",1.9,76.8,12.5,8.9
138,30: manufacture of other transport equipment,6.6,66.7,24.8,1.9
138,31: manufacture of furniture,7.8,82.2,8.2,1.8
138,32: other manufacturing,14.5,55.6,16.5,13.4
138,33: repair and installation of machinery and equipment,20.3,55.9,3.4,20.4
138,"38: waste collection, treatment and disposal activities; materials recovery",,52.6,10.4,36.9
138,41: construction of buildings,0.0,54.8,4.2,41.0
138,42: civil engineering,0.0,58.0,7.5,34.6
138,43: specialised construction activities,1.0,60.8,4.9,33.4
138,45: wholesale and retail trade and repair of motor vehicles and motorcycles,4.1,52.4,9.9,33.6
138,"46: wholesale trade, except of motor vehicles and motorcycles",7.3,69.3,10.6,12.9
138,"47: retail trade, except of motor vehicles and motorcycles",5.2,56.6,11.3,26.8
138,49: land transport and transport via pipelines,1.6,42.8,10.0,45.6
138,52: warehousing and support activities for transportation,3.7,62.3,3.1,31.0
138,53: postal and courier activities,,8.8,2.3,88.0
138,55: accommodation,1.5,49.4,7.9,41.2
138,56: food and beverage service activities,4.0,43.7,11.2,41.1
138,58: publishing activities,5.4,49.7,6.0,39.0
138,"59: motion picture, video and television programme production, sound recording and music publishing activities",0.0,33.9,10.4,55.7
138,61: telecommunications,1.1,70.6,16.4,11.8
138,"62: computer programming, consultancy and related activities",2.7,56.1,4.7,36.5
138,63: information service activities,0.0,31.6,13.4,55.0
138,68: real estate activities,0.0,28.2,5.1,66.7
138,69: legal and accounting activities,,31.4,1.7,66.0
138,70: activities of head offices; management consultancy activities,0.0,42.1,3.1,54.8
138,71: architectural and engineering activities; technical testing and analysis,,58.5,4.4,36.8
138,72: scientific research and development,1.2,66.3,11.4,21.0
138,73: advertising and market research,0.0,41.2,3.9,54.9
138,"74: other professional, scientific and technical activities",0.0,68.7,3.6,27.7
138,75: veterinary activities,12.6,38.2,13.1,36.1
138,77: rental and leasing activities,,55.9,7.4,36.3
138,78: employment activities,,25.6,3.3,71.0
138,"79: travel agency, tour operator and other reservation service and related activities",0.0,48.3,9.0,42.7
138,80: security and investigation activities,0.0,33.2,15.9,50.9
138,81: services to buildings and landscape activities,2.5,45.4,11.5,40.6
138,"82: office administrative, office support and other business support activities",,48.0,9.8,41.9
138,85: education,0.0,42.0,5.4,52.6
138,86: human health activities,1.5,36.0,5.9,56.5
138,"90: creative, arts and entertainment activities",0.0,50.3,5.1,44.6
138,"91: libraries, archives, museums and other cultural activities",0.0,69.9,4.0,26.1
138,93: sports activities and amusement and recreation activities,1.3,45.5,7.4,45.8
138,95: repair of computers and personal and household goods,0.0,48.3,26.5,25.2
138,96: other personal service activities,7.6,51.1,7.9,33.4
138,All businesses,3.1,51.9,8.2,36.8
140,10: manufacture of food products,15.5,66.2,1.9,16.3
140,11: manufacture of beverages,2.3,95.0,,2.5
140,13: manufacture of textiles,2.5,83.3,4.6,9.6
140,"16: manufacture of wood and of products of wood and cork, except furniture; manufacture of articles of straw and plaiting materials",,74.8,1.7,23.1
140,17: manufacture of paper and paper products,0.0,54.0,31.5,14.6
140,18: printing and reproduction of recorded media,,76.9,4.3,18.5
140,20: manufacture of chemicals and chemical products,1.9,83.3,13.4,1.4
140,21: manufacture of basic pharmaceutical products and pharmaceutical preparations,0.0,88.6,10.8,
140,22: manufacture of rubber and plastic products,4.9,68.9,10.1,16.2
140,23: manufacture of other non-metallic mineral products,8.8,71.1,10.1,9.9
140,24: manufacture of basic metals,,59.5,37.2,2.9
140,"25: manufacture of fabricated metal products, except machinery and equipment",3.8,78.0,7.5,10.6
140,"26: manufacture of computer, electronic and optical products",9.4,83.5,7.1,0.0
140,27: manufacture of electrical equipment,7.9,71.7,13.1,7.2
140,28: manufacture of machinery and equipment n.e.c.,11.9,77.4,3.9,6.8
140,"29: manufacture of motor vehicles, trailers and semi-trailers",25.3,68.3,4.6,1.7
140,30: manufacture of other transport equipment,5.9,65.6,26.0,2.6
140,31: manufacture of furniture,1.5,76.2,8.5,13.8
140,32: other manufacturing,12.8,72.5,4.2,10.6
140,33: repair and installation of machinery and equipment,6.5,82.5,2.9,8.1
140,"38: waste collection, treatment and disposal activities; materials recovery",7.1,47.3,1.3,44.3
140,41: construction of buildings,0.0,56.7,4.2,39.1
140,42: civil engineering,0.0,51.8,11.4,36.8
140,43: specialised construction activities,,59.8,8.1,31.2
140,45: wholesale and retail trade and repair of motor vehicles and motorcycles,1.4,61.4,8.9,28.3
140,"46: wholesale trade, except of motor vehicles and motorcycles",7.7,68.2,9.4,14.6
140,"47: retail trade, except of motor vehicles and motorcycles",7.3,51.1,9.2,32.4
140,49: land transport and transport via pipelines,1.3,46.6,4.7,47.3
140,52: warehousing and support activities for transportation,,53.8,9.3,36.1
140,53: postal and courier activities,,48.5,3.2,47.5
140,55: accommodation,1.5,54.3,5.6,38.5
140,56: food and beverage service activities,3.0,49.4,9.5,38.1
140,58: publishing activities,,37.9,10.4,50.9
140,"59: motion picture, video and television programme production, sound recording and music publishing activities",0.0,44.9,9.7,45.4
140,60: programming and broadcasting activities,0.0,10.9,46.8,42.3
140,61: telecommunications,8.0,46.9,20.4,24.7
140,"62: computer programming, consultancy and related activities",2.1,60.7,7.7,29.4
140,63: information service activities,0.0,19.4,13.5,67.0
140,68: real estate activities,2.9,36.1,3.6,57.4
140,69: legal and accounting activities,0.0,31.8,1.8,66.4
140,70: activities of head offices; management consultancy activities,,38.4,4.9,56.4
140,71: architectural and engineering activities; technical testing and analysis,3.7,48.9,12.4,35.0
140,72: scientific research and development,1.9,73.1,12.5,12.4
140,73: advertising and market research,3.2,52.7,1.8,42.3
140,"74: other professional, scientific and technical activities",4.7,53.4,6.0,35.9
140,75: veterinary activities,11.2,36.8,16.7,35.3
140,77: rental and leasing activities,3.2,66.2,4.0,26.6
140,78: employment activities,1.3,22.5,2.9,73.2
140,"79: travel agency, tour operator and other reservation service and related activities",0.0,52.4,13.1,34.5
140,80: security and investigation activities,1.0,43.1,18.2,37.7
140,81: services to buildings and landscape activities,0.0,50.7,6.8,42.4
140,"82: office administrative, office support and other business support activities",,48.1,9.8,41.7
140,85: education,,38.9,3.5,57.1
140,86: human health activities,2.4,36.7,3.7,57.2
140,"90: creative, arts and entertainment activities",0.0,51.5,5.2,43.3
140,"91: libraries, archives, museums and other cultural activities",0.0,77.3,17.2,5.4
140,93: sports activities and amusement and recreation activities,0.0,41.4,5.2,53.4
140,95: repair of computers and personal and household goods,0.0,54.0,31.3,14.7
140,96: other personal service activities,2.7,53.6,6.1,37.7
140,All businesses,3.3,52.7,7.6,36.4
142,10: manufacture of food products,15.9,63.4,3.0,17.6
142,11: manufacture of beverages,26.7,69.7,1.6,2.0
142,13: manufacture of textiles,2.7,53.7,19.4,24.2
142,14: manufacture of wearing apparel,3.0,72.6,22.3,2.1
142,"16: manufacture of wood and of products of wood and cork, except furniture; manufacture of articles of straw and plaiting materials",0.0,79.0,1.6,19.5
142,17: manufacture of paper and paper products,2.6,60.6,3.2,33.5
142,18: printing and reproduction of recorded media,1.6,76.4,17.1,4.9
142,20: manufacture of chemicals and chemical products,14.8,73.9,10.0,1.4
142,21: manufacture of basic pharmaceutical products and pharmaceutical preparations,9.3,55.8,33.7,1.1
142,22: manufacture of rubber and plastic products,9.2,75.0,6.2,9.6
142,23: manufacture of other non-metallic mineral products,7.6,66.4,9.8,16.2
142,24: manufacture of basic metals,3.0,56.4,33.6,7.0
142,"25: manufacture of fabricated metal products, except machinery and equipment",3.8,70.5,12.7,12.9
142,"26: manufacture of computer, electronic and optical products",1.3,88.1,10.5,0.0
142,27: manufacture of electrical equipment,7.6,74.6,16.3,1.5
142,28: manufacture of machinery and equipment n.e.c.,5.0,83.9,7.0,4.2
142,"29: manufacture of motor vehicles, trailers and semi-trailers",15.0,66.2,17.6,1.2
142,30: manufacture of other transport equipment,7.3,52.5,37.1,3.1
142,31: manufacture of furniture,0.0,76.5,3.5,19.9
142,32: other manufacturing,18.9,63.2,17.3,
142,33: repair and installation of machinery and equipment,17.8,54.4,11.2,16.7
142,"38: waste collection, treatment and disposal activities; materials recovery",7.3,49.4,1.9,41.3
142,41: construction of buildings,2.2,59.6,5.8,32.5
142,42: civil engineering,0.0,62.1,5.0,32.8
142,43: specialised construction activities,,64.4,7.1,28.3
142,45: wholesale and retail trade and repair of motor vehicles and motorcycles,7.8,59.0,10.6,22.6
142,"46: wholesale trade, except of motor vehicles and motorcycles",6.1,72.6,7.9,13.5
142,"47: retail trade, except of motor vehicles and motorcycles",5.4,54.7,12.8,27.2
142,49: land transport and transport via pipelines,1.7,41.9,8.9,47.5
142,52: warehousing and support activities for transportation,1.1,63.6,4.1,31.1
142,53: postal and courier activities,0.0,31.1,21.4,47.5
142,55: accommodation,,51.3,4.7,43.8
142,56: food and beverage service activities,3.8,47.7,9.3,39.1
142,58: publishing activities,0.0,32.6,8.7,58.7
142,"59: motion picture, video and television programme production, sound recording and music publishing activities",0.0,37.3,12.5,50.3
142,60: programming and broadcasting activities,0.0,46.7,5.2,48.1
142,61: telecommunications,7.4,53.2,9.1,30.3
142,"62: computer programming, consultancy and related activities",2.2,68.8,5.1,23.9
142,63: information service activities,,57.0,18.8,23.3
142,68: real estate activities,0.0,25.2,6.3,68.5
142,69: legal and accounting activities,0.0,36.7,1.0,62.3
142,70: activities of head offices; management consultancy activities,,50.0,1.5,48.4
142,71: architectural and engineering activities; technical testing and analysis,3.9,61.0,5.6,29.5
142,72: scientific research and development,,70.5,10.1,18.9
142,73: advertising and market research,0.0,48.8,1.5,49.8
142,"74: other professional, scientific and technical activities",,68.6,1.5,29.6
142,75: veterinary activities,4.2,51.0,17.6,27.2
142,77: rental and leasing activities,0.0,62.1,6.6,31.2
142,78: employment activities,,33.8,3.2,62.8
142,"79: travel agency, tour operator and other reservation service and related activities",0.0,64.0,,35.2
142,80: security and investigation activities,0.0,41.7,11.5,46.8
142,81: services to buildings and landscape activities,5.1,47.7,3.9,43.3
142,"82: office administrative, office support and other business support activities",2.8,54.3,8.3,34.5
142,85: education,0.0,43.3,3.6,53.1
142,86: human health activities,1.5,45.9,5.1,47.5
142,"90: creative, arts and entertainment activities",0.0,47.3,4.8,47.9
142,"91: libraries, archives, museums and other cultural activities",0.0,54.9,10.2,35.0
142,93: sports activities and amusement and recreation activities,,51.1,8.5,40.0
142,95: repair of computers and personal and household goods,0.0,64.2,27.8,8.0
142,96: other personal service activities,3.0,53.3,6.6,37.1
142,All businesses,3.3,55.4,7.7,33.7
144,10: manufacture of food products,15.3,62.9,5.1,16.6
144,11: manufacture of beverages,0.0,77.7,,21.7
144,13: manufacture of textiles,15.2,67.0,11.1,6.7
144,14: manufacture of wearing apparel,3.5,92.0,3.7,
144,"16: manufacture of wood and of products of wood and cork, except furniture; manufacture of articles of straw and plaiting materials",5.0,48.4,15.9,30.7
144,17: manufacture of paper and paper products,21.3,51.1,3.8,23.8
144,18: printing and reproduction of recorded media,5.2,78.1,2.0,14.6
144,20: manufacture of chemicals and chemical products,7.1,74.3,16.9,1.7
144,21: manufacture of basic pharmaceutical products and pharmaceutical preparations,5.5,78.2,16.4,0.0
144,22: manufacture of rubber and plastic products,5.2,71.7,6.0,17.2
144,23: manufacture of other non-metallic mineral products,8.3,64.4,17.8,9.5
144,24: manufacture of basic metals,,74.8,24.8,0.0
144,"25: manufacture of fabricated metal products, except machinery and equipment",5.3,61.3,16.1,17.2
144,"26: manufacture of computer, electronic and optical products",3.6,82.4,8.8,5.1
144,27: manufacture of electrical equipment,15.1,73.3,3.6,8.0
144,28: manufacture of machinery and equipment n.e.c.,8.3,71.9,13.6,6.1
144,"29: manufacture of motor vehicles, trailers and semi-trailers",6.7,75.6,14.2,3.5
144,30: manufacture of other transport equipment,6.7,86.6,5.2,1.4
144,31: manufacture of furniture,,71.5,7.4,21.0
144,32: other manufacturing,1.8,55.7,42.5,0.0
144,33: repair and installation of machinery and equipment,1.2,77.0,7.9,13.9
144,"38: waste collection, treatment and disposal activities; materials recovery",6.4,38.2,3.3,52.2
144,41: construction of buildings,0.0,53.5,8.8,37.7
144,42: civil engineering,,47.4,4.8,47.2
144,43: specialised construction activities,0.0,51.4,6.0,42.7
144,45: wholesale and retail trade and repair of motor vehicles and motorcycles,5.2,61.8,9.4,23.6
144,"46: wholesale trade, except of motor vehicles and motorcycles",7.4,66.4,9.2,17.0
144,"47: retail trade, except of motor vehicles and motorcycles",5.5,48.6,15.3,30.6
144,49: land transport and transport via pipelines,3.9,42.4,8.5,45.2
144,52: warehousing and support activities for transportation,1.3,52.9,11.2,34.6
144,53: postal and courier activities,0.0,60.5,,39.1
144,55: accommodation,,53.8,4.0,41.9
144,56: food and beverage service activities,3.7,44.2,11.8,40.3
144,58: publishing activities,,48.3,10.8,40.2
144,"59: motion picture, video and television programme production, sound recording and music publishing activities",0.0,43.6,13.5,42.9
144,61: telecommunications,7.5,43.0,23.4,26.1
144,"62: computer programming, consultancy and related activities",2.9,61.4,6.1,29.7
144,63: information service activities,0.0,37.6,3.4,58.9
144,68: real estate activities,0.0,39.5,8.6,51.9
144,69: legal and accounting activities,,32.1,1.5,65.5
144,70: activities of head offices; management consultancy activities,,52.6,,46.3
144,71: architectural and engineering activities; technical testing and analysis,,55.0,7.0,37.7
144,72: scientific research and development,15.3,42.7,10.5,31.4
144,73: advertising and market research,0.0,56.4,10.1,33.5
144,"74: other professional, scientific and technical activities",,54.9,7.9,36.9
144,75: veterinary activities,0.0,50.7,21.4,27.9
144,77: rental and leasing activities,0.0,54.9,11.9,33.2
144,78: employment activities,1.4,26.7,3.4,68.6
144,"79: travel agency, tour operator and other reservation service and related activities",0.0,56.7,14.0,29.3
144,80: security and investigation activities,0.0,44.1,12.3,43.6
144,81: services to buildings and landscape activities,0.0,37.2,4.4,58.4
144,"82: office administrative, office support and other business support activities",1.5,41.5,8.2,48.8
144,85: education,1.8,34.3,3.2,60.8
144,86: human health activities,1.4,27.4,6.6,64.6
144,"90: creative, arts and entertainment activities",0.0,38.3,5.8,55.8
144,"91: libraries, archives, museums and other cultural activities",0.0,61.6,17.0,21.4
144,93: sports activities and amusement and recreation activities,,45.8,4.1,50.0
144,95: repair of computers and personal and household goods,0.0,66.9,11.1,22.0
144,96: other personal service activities,2.5,46.2,5.4,45.9
144,All businesses,3.1,49.8,8.9,38.2
146,10: manufacture of food products,11.9,62.4,9.7,15.9
146,11: manufacture of beverages,0.0,72.3,1.2,26.6
146,13: manufacture of textiles,12.5,65.9,2.9,18.6
146,14: manufacture of wearing apparel,2.1,73.9,24.0,0.0
146,"16: manufacture of wood and of products of wood and cork, except furniture; manufacture of articles of straw and plaiting materials",0.0,64.6,1.9,33.5
146,17: manufacture of paper and paper products,17.3,41.4,21.9,19.4
146,18: printing and reproduction of recorded media,,71.1,8.3,20.1
146,20: manufacture of chemicals and chemical products,13.2,67.5,18.7,
146,21: manufacture of basic pharmaceutical products and pharmaceutical preparations,0.0,67.7,32.3,0.0
146,22: manufacture of rubber and plastic products,4.6,73.2,7.2,14.9
146,23: manufacture of other non-metallic mineral products,7.5,64.7,3.1,24.6
146,24: manufacture of basic metals,,72.0,24.7,2.9
146,"25: manufacture of fabricated metal products, except machinery and equipment",3.9,72.7,13.9,9.5
146,"26: manufacture of computer, electronic and optical products",15.3,75.8,8.9,0.0
146,27: manufacture of electrical equipment,11.5,85.2,1.1,2.2
146,28: manufacture of machinery and equipment n.e.c.,1.7,82.7,11.6,4.0
146,"29: manufacture of motor vehicles, trailers and semi-trailers",12.2,79.0,5.2,3.5
146,30: manufacture of other transport equipment,8.9,85.8,3.6,1.7
146,31: manufacture of furniture,9.9,66.2,12.8,11.1
146,32: other manufacturing,1.0,69.8,28.7,
146,33: repair and installation of machinery and equipment,,70.8,18.2,10.4
146,"38: waste collection, treatment and disposal activities; materials recovery",,59.7,1.4,38.8
146,41: construction of buildings,2.3,60.9,4.5,32.4
146,42: civil engineering,,58.4,12.1,29.2
146,43: specialised construction activities,1.7,55.8,6.2,36.3
146,45: wholesale and retail trade and repair of motor vehicles and motorcycles,2.2,56.7,3.2,37.9
146,"46: wholesale trade, except of motor vehicles and motorcycles",5.5,68.8,9.5,16.2
146,"47: retail trade, except of motor vehicles and motorcycles",5.7,53.5,12.1,28.6
146,49: land transport and transport via pipelines,1.4,41.2,10.7,46.7
146,52: warehousing and support activities for transportation,,70.4,6.3,22.6
146,53: postal and courier activities,0.0,51.9,,47.9
146,55: accommodation,5.3,58.7,4.2,31.8
146,56: food and beverage service activities,3.7,55.6,7.4,33.3
146,58: publishing activities,1.2,51.4,1.6,45.9
146,"59: motion picture, video and television programme production, sound recording and music publishing activities",0.0,36.9,19.4,43.8
146,61: telecommunications,1.0,64.8,13.5,20.8
146,"62: computer programming, consultancy and related activities",2.7,68.8,5.6,23.0
146,63: information service activities,0.0,48.5,2.8,48.7
146,68: real estate activities,0.0,32.6,12.9,54.5
146,69: legal and accounting activities,0.0,29.5,1.4,69.1
146,70: activities of head offices; management consultancy activities,2.3,51.8,3.6,42.3
146,71: architectural and engineering activities; technical testing and analysis,5.2,55.6,8.1,31.1
146,72: scientific research and development,,73.0,10.2,16.3
146,73: advertising and market research,0.0,57.3,8.5,34.2
146,"74: other professional, scientific and technical activities",3.0,56.8,3.1,37.2
146,75: veterinary activities,0.0,44.1,17.0,38.9
146,77: rental and leasing activities,2.6,58.3,6.5,32.7
146,78: employment activities,0.0,30.0,3.9,66.1
146,"79: travel agency, tour operator and other reservation service and related activities",9.8,40.6,11.6,38.0
146,80: security and investigation activities,0.0,39.0,16.4,44.6
146,81: services to buildings and landscape activities,,47.0,7.4,45.5
146,"82: office administrative, office support and other business support activities",1.6,48.6,5.5,44.3
146,85: education,0.0,41.5,4.0,54.5
146,86: human health activities,2.8,48.9,6.0,42.4
146,"90: creative, arts and entertainment activities",0.0,44.7,10.3,45.0
146,"91: libraries, archives, museums and other cultural activities",2.0,49.6,3.7,44.8
146,93: sports activities and amusement and recreation activities,,49.8,3.2,46.7
146,95: repair of computers and personal and household goods,0.0,87.5,1.3,11.2
146,96: other personal service activities,2.8,47.7,11.3,38.1
146,All businesses,3.2,55.3,7.7,33.8
148,10: manufacture of food products,11.1,69.9,6.6,12.4
148,11: manufacture of beverages,0.0,93.3,6.7,0.0
148,13: manufacture of textiles,5.8,81.9,1.5,10.8
148,14: manufacture of wearing apparel,1.4,74.0,24.6,0.0
148,"16: manufacture of wood and of products of wood and cork, except furniture; manufacture of articles of straw and plaiting materials",0.0,73.0,7.3,19.7
148,17: manufacture of paper and paper products,16.3,78.1,4.2,1.4
148,18: printing and reproduction of recorded media,1.0,70.0,4.4,24.6
148,20: manufacture of chemicals and chemical products,11.4,74.2,9.9,4.5
148,21: manufacture of basic pharmaceutical products and pharmaceutical preparations,8.1,71.2,20.7,0.0
148,22: manufacture of rubber and plastic products,1.6,74.9,10.4,13.2
148,23: manufacture of other non-metallic mineral products,7.1,68.4,2.7,21.8
148,24: manufacture of basic metals,,80.8,16.7,2.1
148,"25: manufacture of fabricated metal products, except machinery and equipment",1.8,79.4,8.7,10.1
148,"26: manufacture of computer, electronic and optical products",7.6,68.3,9.5,14.6
148,27: manufacture of electrical equipment,10.8,86.2,2.3,
148,28: manufacture of machinery and equipment n.e.c.,5.9,90.3,3.8,0.0
148,"29: manufacture of motor vehicles, trailers and semi-trailers",3.2,81.5,5.9,9.4
148,30: manufacture of other transport equipment,9.9,68.2,21.9,0.0
148,31: manufacture of furniture,7.8,76.2,16.1,0.0
148,32: other manufacturing,,73.4,13.8,12.1
148,33: repair and installation of machinery and equipment,,78.4,13.4,7.3
148,"38: waste collection, treatment and disposal activities; materials recovery",6.9,54.9,12.8,25.4
148,41: construction of buildings,2.0,66.4,6.1,25.5
148,42: civil engineering,0.0,56.3,12.7,31.1
148,43: specialised construction activities,2.3,62.1,6.3,29.3
148,45: wholesale and retail trade and repair of motor vehicles and motorcycles,5.0,61.2,10.3,23.5
148,"46: wholesale trade, except of motor vehicles and motorcycles",6.3,69.0,9.0,15.6
148,"47: retail trade, except of motor vehicles and motorcycles",3.5,57.9,12.5,26.1
148,49: land transport and transport via pipelines,3.7,46.4,9.6,40.4
148,52: warehousing and support activities for transportation,1.3,61.3,2.6,34.8
148,53: postal and courier activities,1.5,59.7,17.0,21.8
148,55: accommodation,2.3,53.8,10.5,33.5
148,56: food and beverage service activities,3.9,56.2,8.3,31.5
148,58: publishing activities,,55.3,5.5,38.6
148,"59: motion picture, video and television programme production, sound recording and music publishing activities",0.0,61.7,2.7,35.7
148,61: telecommunications,5.4,60.3,17.2,17.0
148,"62: computer programming, consultancy and related activities",2.8,72.4,3.1,21.7
148,63: information service activities,0.0,37.9,2.9,59.3
148,68: real estate activities,0.0,37.0,9.0,53.9
148,69: legal and accounting activities,,37.4,3.7,58.8
148,70: activities of head offices; management consultancy activities,,53.6,1.2,44.9
148,71: architectural and engineering activities; technical testing and analysis,6.7,51.9,5.9,35.4
148,72: scientific research and development,7.9,66.8,11.8,13.5
148,73: advertising and market research,0.0,66.1,5.3,28.6
148,"74: other professional, scientific and technical activities",5.3,55.6,3.7,35.4
148,75: veterinary activities,12.6,51.2,19.8,16.5
148,77: rental and leasing activities,,57.7,10.9,31.1
148,78: employment activities,,36.7,1.2,61.9
148,"79: travel agency, tour operator and other reservation service and related activities",0.0,50.6,11.5,37.8
148,80: security and investigation activities,0.0,52.6,3.5,43.9
148,81: services to buildings and landscape activities,2.2,43.4,3.1,51.2
148,"82: office administrative, office support and other business support activities",1.6,54.7,4.0,39.7
148,85: education,,43.0,3.0,53.9
148,86: human health activities,2.5,39.5,7.4,50.5
148,"90: creative, arts and entertainment activities",,59.5,5.9,34.0
148,"91: libraries, archives, museums and other cultural activities",,63.8,1.5,34.1
148,93: sports activities and amusement and recreation activities,3.3,50.1,5.3,41.4
148,95: repair of computers and personal and household goods,0.0,78.7,1.9,19.5
148,96: other personal service activities,2.8,51.0,8.5,37.6
148,All businesses,3.2,57.4,7.4,31.9
150,10: manufacture of food products,13.2,67.7,8.4,10.8
150,11: manufacture of beverages,0.0,69.4,28.9,1.7
150,13: manufacture of textiles,5.0,72.5,2.7,19.9
150,14: manufacture of wearing apparel,2.9,71.3,3.9,21.9
150,"16: manufacture of wood and of products of wood and cork, except furniture; manufacture of articles of straw and plaiting materials",6.0,66.5,7.9,19.7
150,17: manufacture of paper and paper products,16.3,53.8,2.8,27.2
150,18: printing and reproduction of recorded media,0.0,76.6,5.5,17.9
150,20: manufacture of chemicals and chemical products,3.6,88.0,7.6,
150,21: manufacture of basic pharmaceutical products and pharmaceutical preparations,0.0,80.8,19.2,0.0
150,22: manufacture of rubber and plastic products,1.0,83.6,2.6,12.8
150,23: manufacture of other non-metallic mineral products,12.6,60.8,2.5,24.2
150,24: manufacture of basic metals,2.3,44.0,35.0,18.6
150,"25: manufacture of fabricated metal products, except machinery and equipment",4.0,67.3,18.2,10.6
150,"26: manufacture of computer, electronic and optical products",9.5,68.5,11.2,10.8
150,27: manufacture of electrical equipment,5.3,60.6,17.9,16.1
150,28: manufacture of machinery and equipment n.e.c.,8.0,74.4,7.8,9.9
150,"29: manufacture of motor vehicles, trailers and semi-trailers",14.8,64.7,5.0,15.5
150,30: manufacture of other transport equipment,27.0,66.2,4.2,2.6
150,31: manufacture of furniture,,74.1,12.8,12.5
150,32: other manufacturing,1.0,82.2,16.3,
150,33: repair and installation of machinery and equipment,,76.1,8.1,15.7
150,"38: waste collection, treatment and disposal activities; materials recovery",0.0,56.4,11.1,32.5
150,41: construction of buildings,2.1,54.4,4.1,39.4
150,42: civil engineering,0.0,50.7,7.6,41.7
150,43: specialised construction activities,2.2,53.8,9.2,34.8
150,45: wholesale and retail trade and repair of motor vehicles and motorcycles,2.4,57.7,9.4,30.5
150,"46: wholesale trade, except of motor vehicles and motorcycles",5.9,70.9,8.7,14.5
150,"47: retail trade, except of motor vehicles and motorcycles",6.9,50.0,13.1,30.1
150,49: land transport and transport via pipelines,,42.4,6.3,50.6
150,52: warehousing and support activities for transportation,4.6,60.3,9.6,25.6
150,53: postal and courier activities,15.0,50.2,,34.6
150,55: accommodation,,47.9,6.4,45.3
150,56: food and beverage service activities,2.5,44.6,10.4,42.5
150,58: publishing activities,,61.0,8.0,30.4
150,"59: motion picture, video and television programme production, sound recording and music publishing activities",0.0,34.9,16.5,48.6
150,61: telecommunications,6.1,45.8,14.8,33.3
150,"62: computer programming, consultancy and related activities",3.0,60.9,8.0,28.1
150,63: information service activities,1.1,77.0,1.8,20.0
150,68: real estate activities,0.0,38.7,2.7,58.6
150,69: legal and accounting activities,0.0,33.4,3.1,63.5
150,70: activities of head offices; management consultancy activities,1.8,55.9,1.1,41.2
150,71: architectural and engineering activities; technical testing and analysis,5.1,47.8,6.5,40.6
150,72: scientific research and development,1.4,60.8,11.5,26.4
150,73: advertising and market research,0.0,55.3,5.4,39.3
150,"74: other professional, scientific and technical activities",0.0,62.0,7.2,30.9
150,75: veterinary activities,14.3,33.1,22.1,30.4
150,77: rental and leasing activities,2.4,52.9,8.4,36.3
150,78: employment activities,,33.8,2.1,63.7
150,"79: travel agency, tour operator and other reservation service and related activities",0.0,38.0,11.8,50.2
150,80: security and investigation activities,8.8,62.1,18.0,11.0
150,81: services to buildings and landscape activities,2.6,43.3,3.9,50.2
150,"82: office administrative, office support and other business support activities",0.0,49.0,9.1,41.9
150,85: education,0.0,33.7,9.1,57.2
150,86: human health activities,3.6,32.1,3.8,60.6
150,"90: creative, arts and entertainment activities",0.0,66.0,15.9,18.0
150,"91: libraries, archives, museums and other cultural activities",1.2,56.6,5.3,37.0
150,93: sports activities and amusement and recreation activities,0.0,48.1,5.1,46.8
150,95: repair of computers and personal and household goods,0.0,76.1,,23.2
150,96: other personal service activities,0.0,52.3,5.5,42.2
150,All businesses,3.1,51.9,8.4,36.7
152,10: manufacture of food products,7.7,73.9,10.0,8.4
152,11: manufacture of beverages,,96.9,2.8,
152,13: manufacture of textiles,6.8,67.5,8.8,16.9
152,14: manufacture of wearing apparel,2.9,91.5,5.6,0.0
152,"16: manufacture of wood and of products of wood and cork, except furniture; manufacture of articles of straw and plaiting materials",,75.4,7.7,16.5
152,17: manufacture of paper and paper products,2.7,74.1,7.3,15.9
152,18: printing and reproduction of recorded media,5.4,82.3,1.0,11.3
152,20: manufacture of chemicals and chemical products,9.1,69.4,14.8,6.7
152,21: manufacture of basic pharmaceutical products and pharmaceutical preparations,14.3,61.3,24.4,0.0
152,22: manufacture of rubber and plastic products,,76.2,13.0,10.0
152,23: manufacture of other non-metallic mineral products,,67.5,17.1,14.7
152,24: manufacture of basic metals,1.9,67.5,16.0,14.6
152,"25: manufacture of fabricated metal products, except machinery and equipment",4.7,68.7,11.8,14.8
152,"26: manufacture of computer, electronic and optical products",15.0,66.1,18.9,0.0
152,27: manufacture of electrical equipment,10.5,62.9,13.8,12.8
152,28: manufacture of machinery and equipment n.e.c.,1.8,83.3,11.7,3.2
152,"29: manufacture of motor vehicles, trailers and semi-trailers",13.4,79.4,6.6,
152,30: manufacture of other transport equipment,10.4,78.4,11.2,0.0
152,31: manufacture of furniture,,79.0,8.2,12.2
152,32: other manufacturing,,80.5,18.3,
152,33: repair and installation of machinery and equipment,,78.0,20.1,1.0
152,"38: waste collection, treatment and disposal activities; materials recovery",8.3,41.3,16.3,34.2
152,41: construction of buildings,1.9,56.8,1.9,39.4
152,42: civil engineering,4.6,59.3,8.0,28.1
152,43: specialised construction activities,,52.9,9.0,37.2
152,45: wholesale and retail trade and repair of motor vehicles and motorcycles,6.5,58.8,11.4,23.3
152,"46: wholesale trade, except of motor vehicles and motorcycles",7.2,68.0,9.8,15.0
152,"47: retail trade, except of motor vehicles and motorcycles",9.1,50.0,12.0,28.9
152,49: land transport and transport via pipelines,5.2,45.6,2.7,46.5
152,52: warehousing and support activities for transportation,6.0,56.1,7.6,30.3
152,53: postal and courier activities,23.7,50.0,,25.7
152,55: accommodation,2.9,60.4,10.4,26.3
152,56: food and beverage service activities,3.4,51.8,7.5,37.3
152,58: publishing activities,0.0,52.7,9.1,38.3
152,"59: motion picture, video and television programme production, sound recording and music publishing activities",,39.4,14.3,46.0
152,61: telecommunications,6.5,55.6,15.2,22.7
152,"62: computer programming, consultancy and related activities",2.1,58.4,9.3,30.3
152,63: information service activities,,69.3,,29.5
152,68: real estate activities,0.0,31.5,12.3,56.2
152,69: legal and accounting activities,0.0,33.0,2.1,64.9
152,70: activities of head offices; management consultancy activities,0.0,52.2,3.2,44.5
152,71: architectural and engineering activities; technical testing and analysis,1.8,55.4,7.8,35.0
152,72: scientific research and development,0.0,77.2,4.9,17.9
152,73: advertising and market research,,60.6,4.7,34.3
152,"74: other professional, scientific and technical activities",5.6,61.9,6.9,25.5
152,75: veterinary activities,7.0,49.3,22.0,21.6
152,77: rental and leasing activities,,59.4,7.2,33.0
152,78: employment activities,0.0,31.9,6.0,62.1
152,"79: travel agency, tour operator and other reservation service and related activities",1.2,35.1,5.5,58.2
152,80: security and investigation activities,0.0,40.9,21.7,37.4
152,81: services to buildings and landscape activities,,43.8,8.0,48.0
152,"82: office administrative, office support and other business support activities",,47.1,8.2,44.6
152,85: education,,28.2,9.7,61.9
152,86: human health activities,2.7,41.7,9.9,45.7
152,"90: creative, arts and entertainment activities",0.0,62.0,7.9,30.2
152,"91: libraries, archives, museums and other cultural activities",,43.2,3.6,52.3
152,93: sports activities and amusement and recreation activities,0.0,53.4,3.2,43.4
152,95: repair of computers and personal and household goods,0.0,60.1,1.8,38.1
152,96: other personal service activities,0.0,60.6,2.2,37.1
152,All businesses,3.4,53.9,8.6,34.1
154,10: manufacture of food products,13.6,70.1,6.5,9.7
154,11: manufacture of beverages,4.3,92.6,3.1,0.0
154,13: manufacture of textiles,22.7,56.4,10.8,10.1
154,14: manufacture of wearing apparel,2.9,90.0,5.7,1.4
154,"16: manufacture of wood and of products of wood and cork, except furniture; manufacture of articles of straw and plaiting materials",25.2,47.5,10.8,16.5
154,17: manufacture of paper and paper products,17.5,78.0,4.0,
154,18: printing and reproduction of recorded media,14.6,68.6,10.4,6.5
154,20: manufacture of chemicals and chemical products,39.6,40.4,15.6,4.5
154,21: manufacture of basic pharmaceutical products and pharmaceutical preparations,22.8,56.0,21.2,0.0
154,22: manufacture of rubber and plastic products,23.6,59.5,11.5,5.3
154,23: manufacture of other non-metallic mineral products,17.4,61.0,12.5,9.1
154,24: manufacture of basic metals,14.1,66.5,19.4,0.0
154,"25: manufacture of fabricated metal products, except machinery and equipment",20.0,60.0,7.6,12.4
154,"26: manufacture of computer, electronic and optical products",27.2,68.3,4.5,0.0
154,27: manufacture of electrical equipment,13.5,60.3,21.7,4.5
154,28: manufacture of machinery and equipment n.e.c.,14.5,61.1,21.5,2.9
154,"29: manufacture of motor vehicles, trailers and semi-trailers",22.1,56.4,7.3,14.3
154,30: manufacture of other transport equipment,15.2,75.4,7.4,2.0
154,31: manufacture of furniture,10.4,69.2,14.3,6.0
154,32: other manufacturing,11.7,73.3,13.9,1.1
154,33: repair and installation of machinery and equipment,9.1,77.6,3.9,9.4
154,"38: waste collection, treatment and disposal activities; materials recovery",11.3,58.3,9.2,21.3
154,41: construction of buildings,10.1,53.6,8.0,28.3
154,42: civil engineering,19.2,43.9,13.0,23.9
154,43: specialised construction activities,9.2,55.8,9.4,25.6
154,45: wholesale and retail trade and repair of motor vehicles and motorcycles,12.8,53.7,11.5,21.9
154,"46: wholesale trade, except of motor vehicles and motorcycles",25.5,52.1,10.4,12.1
154,"47: retail trade, except of motor vehicles and motorcycles",20.9,50.3,11.7,17.1
154,49: land transport and transport via pipelines,17.3,36.2,17.1,29.4
154,52: warehousing and support activities for transportation,38.4,36.0,2.6,23.0
154,53: postal and courier activities,17.5,44.2,16.9,21.4
154,55: accommodation,6.0,54.3,11.5,28.2
154,56: food and beverage service activities,5.0,58.1,10.5,26.4
154,58: publishing activities,,73.0,5.0,21.3
154,"59: motion picture, video and television programme production, sound recording and music publishing activities",,37.7,13.3,48.5
154,61: telecommunications,8.3,53.9,14.0,23.7
154,"62: computer programming, consultancy and related activities",7.6,60.2,7.8,24.3
154,63: information service activities,,51.5,1.5,46.2
154,68: real estate activities,,15.9,19.1,64.9
154,69: legal and accounting activities,,40.3,4.0,55.5
154,70: activities of head offices; management consultancy activities,,55.0,3.5,40.9
154,71: architectural and engineering activities; technical testing and analysis,16.3,52.5,6.6,24.6
154,72: scientific research and development,1.7,76.6,5.8,15.9
154,73: advertising and market research,,57.3,5.8,36.4
154,"74: other professional, scientific and technical activities",3.0,59.0,7.7,30.3
154,75: veterinary activities,16.2,32.3,41.5,10.0
154,77: rental and leasing activities,4.4,64.1,14.4,17.1
154,78: employment activities,2.3,32.2,3.3,62.2
154,"79: travel agency, tour operator and other reservation service and related activities",5.9,45.5,13.2,35.5
154,80: security and investigation activities,,49.3,18.9,31.0
154,81: services to buildings and landscape activities,7.6,51.4,9.4,31.5
154,"82: office administrative, office support and other business support activities",6.7,41.1,11.4,40.8
154,85: education,2.9,44.0,13.0,40.2
154,86: human health activities,2.0,43.9,11.7,42.4
154,"90: creative, arts and entertainment activities",0.0,75.1,11.9,13.0
154,"91: libraries, archives, museums and other cultural activities",5.3,51.0,15.1,28.6
154,93: sports activities and amusement and recreation activities,6.7,48.5,8.5,36.4
154,95: repair of computers and personal and household goods,,99.0,,
154,96: other personal service activities,5.7,53.9,20.2,20.2
154,All businesses,10.4,52.4,10.3,26.9
156,10: manufacture of food products,16.2,62.2,13.4,8.3
156,11: manufacture of beverages,5.7,91.8,2.1,
156,13: manufacture of textiles,20.4,47.1,9.9,22.7
156,14: manufacture of wearing apparel,22.6,69.8,5.6,2.0
156,"16: manufacture of wood and of products of wood and cork, except furniture; manufacture of articles of straw and plaiting materials",13.5,63.3,10.2,13.0
156,17: manufacture of paper and paper products,38.2,55.2,3.9,2.7
156,18: printing and reproduction of recorded media,7.7,62.3,11.6,18.4
156,20: manufacture of chemicals and chemical products,39.4,39.3,13.8,7.5
156,21: manufacture of basic pharmaceutical products and pharmaceutical preparations,22.4,45.8,31.8,0.0
156,22: manufacture of rubber and plastic products,30.3,36.4,15.9,17.4
156,23: manufacture of other non-metallic mineral products,12.8,65.7,11.9,9.6
156,24: manufacture of basic metals,20.4,76.2,3.4,0.0
156,"25: manufacture of fabricated metal products, except machinery and equipment",11.4,59.2,17.4,12.0
156,"26: manufacture of computer, electronic and optical products",27.6,62.1,4.1,6.2
156,27: manufacture of electrical equipment,21.5,61.1,16.5,
156,28: manufacture of machinery and equipment n.e.c.,11.9,73.2,14.3,
156,"29: manufacture of motor vehicles, trailers and semi-trailers",31.7,49.2,1.9,17.1
156,30: manufacture of other transport equipment,12.6,75.1,12.2,0.0
156,31: manufacture of furniture,18.4,51.5,15.4,14.7
156,32: other manufacturing,14.0,70.3,15.3,
156,33: repair and installation of machinery and equipment,8.1,79.1,11.2,1.6
156,"38: waste collection, treatment and disposal activities; materials recovery",26.8,33.9,11.5,27.9
156,41: construction of buildings,8.6,45.0,9.1,37.3
156,42: civil engineering,5.9,45.2,20.9,28.0
156,43: specialised construction activities,7.7,57.1,12.4,22.8
156,45: wholesale and retail trade and repair of motor vehicles and motorcycles,12.3,46.1,14.3,27.3
156,"46: wholesale trade, except of motor vehicles and motorcycles",23.2,51.9,10.1,14.8
156,"47: retail trade, except of motor vehicles and motorcycles",11.6,44.4,20.0,24.0
156,49: land transport and transport via pipelines,14.3,42.7,11.3,31.7
156,52: warehousing and support activities for transportation,29.6,44.6,4.9,20.9
156,53: postal and courier activities,1.9,91.5,,5.7
156,55: accommodation,3.7,53.6,12.2,30.5
156,56: food and beverage service activities,5.5,52.2,16.2,26.2
156,58: publishing activities,1.0,58.8,3.6,36.6
156,"59: motion picture, video and television programme production, sound recording and music publishing activities",,36.9,18.3,44.8
156,61: telecommunications,12.0,47.0,17.8,23.2
156,"62: computer programming, consultancy and related activities",10.3,57.0,9.1,23.6
156,63: information service activities,1.0,90.8,3.0,5.2
156,68: real estate activities,4.0,33.3,8.8,53.8
156,69: legal and accounting activities,,38.9,4.4,56.6
156,70: activities of head offices; management consultancy activities,3.8,60.5,3.3,32.4
156,71: architectural and engineering activities; technical testing and analysis,11.0,44.8,9.5,34.6
156,72: scientific research and development,8.6,58.6,10.9,21.9
156,73: advertising and market research,3.2,43.8,,52.1
156,"74: other professional, scientific and technical activities",6.2,47.0,1.5,45.4
156,75: veterinary activities,27.2,46.7,3.3,22.8
156,77: rental and leasing activities,4.1,44.2,14.4,37.2
156,78: employment activities,7.1,23.1,2.6,67.2
156,"79: travel agency, tour operator and other reservation service and related activities",3.8,37.4,3.6,55.3
156,80: security and investigation activities,10.8,43.4,12.7,33.1
156,81: services to buildings and landscape activities,,37.1,2.5,59.9
156,"82: office administrative, office support and other business support activities",6.4,31.1,14.7,47.9
156,85: education,,27.7,12.2,59.3
156,86: human health activities,8.7,35.2,14.3,41.7
156,"90: creative, arts and entertainment activities",0.0,57.0,2.9,40.1
156,"91: libraries, archives, museums and other cultural activities",1.0,49.0,6.2,43.8
156,93: sports activities and amusement and recreation activities,2.9,46.2,10.5,40.3
156,95: repair of computers and personal and household goods,0.0,60.7,1.4,37.8
156,96: other personal service activities,3.0,46.8,11.9,38.3
156,All businesses,9.5,48.1,11.9,30.5
158,10: manufacture of food products,19.3,40.0,20.5,20.1
158,11: manufacture of beverages,3.1,93.6,3.1,
158,13: manufacture of textiles,32.9,33.7,14.1,19.3
158,14: manufacture of wearing apparel,2.6,94.3,1.6,1.6
158,"16: manufacture of wood and of products of wood and cork, except furniture; manufacture of articles of straw and plaiting materials",13.6,52.2,3.3,31.0
158,17: manufacture of paper and paper products,44.8,49.5,3.6,2.1
158,18: printing and reproduction of recorded media,3.7,63.3,22.8,10.2
158,20: manufacture of chemicals and chemical products,35.8,47.7,11.7,4.9
158,21: manufacture of basic pharmaceutical products and pharmaceutical preparations,8.4,69.7,21.8,0.0
158,22: manufacture of rubber and plastic products,28.4,46.7,19.6,5.3
158,23: manufacture of other non-metallic mineral products,14.9,50.4,5.4,29.3
158,24: manufacture of basic metals,19.4,65.8,2.3,12.5
158,"25: manufacture of fabricated metal products, except machinery and equipment",11.0,55.8,17.4,15.7
158,"26: manufacture of computer, electronic and optical products",14.3,71.6,14.1,0.0
158,27: manufacture of electrical equipment,21.6,72.3,5.4,
158,28: manufacture of machinery and equipment n.e.c.,20.4,60.2,14.7,4.6
158,"29: manufacture of motor vehicles, trailers and semi-trailers",33.5,46.2,10.3,9.9
158,30: manufacture of other transport equipment,10.7,71.3,15.7,2.3
158,31: manufacture of furniture,7.8,78.6,7.7,5.9
158,32: other manufacturing,2.6,76.7,20.3,
158,33: repair and installation of machinery and equipment,17.8,62.1,13.7,6.3
158,"38: waste collection, treatment and disposal activities; materials recovery",1.9,32.0,42.1,23.9
158,41: construction of buildings,,60.5,2.8,36.4
158,42: civil engineering,13.1,36.6,13.9,36.5
158,43: specialised construction activities,5.7,48.7,13.3,32.2
158,45: wholesale and retail trade and repair of motor vehicles and motorcycles,12.1,48.0,12.0,27.9
158,"46: wholesale trade, except of motor vehicles and motorcycles",20.1,54.3,13.0,12.5
158,"47: retail trade, except of motor vehicles and motorcycles",11.9,46.9,15.7,25.5
158,49: land transport and transport via pipelines,12.0,46.0,7.6,34.4
158,52: warehousing and support activities for transportation,19.3,39.2,5.4,36.1
158,53: postal and courier activities,,76.2,,23.0
158,55: accommodation,5.6,48.4,9.9,36.1
158,56: food and beverage service activities,7.5,50.8,12.9,28.8
158,58: publishing activities,6.9,56.1,3.3,33.7
158,"59: motion picture, video and television programme production, sound recording and music publishing activities",,49.8,2.3,47.4
158,61: telecommunications,4.8,57.6,12.1,25.5
158,"62: computer programming, consultancy and related activities",8.2,52.8,8.6,30.3
158,63: information service activities,,64.6,2.0,33.2
158,68: real estate activities,0.0,29.9,12.1,58.0
158,69: legal and accounting activities,,30.0,2.7,67.1
158,70: activities of head offices; management consultancy activities,,54.3,3.1,42.6
158,71: architectural and engineering activities; technical testing and analysis,9.2,44.1,8.4,38.3
158,72: scientific research and development,5.9,60.0,14.5,19.6
158,73: advertising and market research,,49.7,2.1,48.0
158,"74: other professional, scientific and technical activities",2.7,53.4,3.5,40.4
158,75: veterinary activities,16.1,32.0,33.6,18.3
158,77: rental and leasing activities,11.0,49.2,9.0,30.9
158,78: employment activities,,23.5,8.9,67.1
158,"79: travel agency, tour operator and other reservation service and related activities",,56.3,12.5,30.9
158,80: security and investigation activities,11.9,35.3,14.4,38.5
158,81: services to buildings and landscape activities,2.8,33.8,9.3,54.2
158,"82: office administrative, office support and other business support activities",4.1,31.7,9.6,54.6
158,85: education,,30.9,5.7,63.1
158,86: human health activities,6.8,39.3,6.5,47.3
158,"90: creative, arts and entertainment activities",0.0,70.2,1.4,28.4
158,"91: libraries, archives, museums and other cultural activities",1.0,53.5,4.8,40.7
158,93: sports activities and amusement and recreation activities,2.5,53.5,9.5,34.5
158,95: repair of computers and personal and household goods,0.0,75.5,2.2,22.3
158,96: other personal service activities,0.0,48.2,9.1,42.7
158,All businesses,8.5,47.7,10.8,33.0
160,10: manufacture of food products,9.2,62.6,18.8,9.4
160,11: manufacture of beverages,,96.6,3.0,
160,13: manufacture of textiles,18.1,65.8,7.8,8.2
160,14: manufacture of wearing apparel,3.9,92.2,2.6,1.3
160,"16: manufacture of wood and of products of wood and cork, except furniture; manufacture of articles of straw and plaiting materials",8.0,59.5,10.4,22.1
160,17: manufacture of paper and paper products,13.4,55.5,27.0,4.2
160,18: printing and reproduction of recorded media,17.7,40.2,13.1,29.0
160,20: manufacture of chemicals and chemical products,19.4,56.3,14.3,10.1
160,21: manufacture of basic pharmaceutical products and pharmaceutical preparations,14.4,71.3,9.7,4.6
160,22: manufacture of rubber and plastic products,22.8,52.8,15.2,9.3
160,23: manufacture of other non-metallic mineral products,13.3,42.7,4.7,39.3
160,24: manufacture of basic metals,3.0,68.2,27.7,1.1
160,"25: manufacture of fabricated metal products, except machinery and equipment",5.2,65.1,19.1,10.6
160,"26: manufacture of computer, electronic and optical products",25.9,56.6,12.6,4.9
160,27: manufacture of electrical equipment,18.5,69.4,3.9,8.3
160,28: manufacture of machinery and equipment n.e.c.,7.2,61.3,21.1,10.4
160,"29: manufacture of motor vehicles, trailers and semi-trailers",23.4,46.1,14.1,16.4
160,30: manufacture of other transport equipment,9.5,80.1,10.4,0.0
160,31: manufacture of furniture,1.2,65.5,27.3,6.0
160,32: other manufacturing,14.6,66.8,18.1,
160,33: repair and installation of machinery and equipment,19.1,58.4,21.5,1.0
160,"38: waste collection, treatment and disposal activities; materials recovery",1.7,54.0,11.7,32.6
160,41: construction of buildings,,47.4,11.1,41.3
160,42: civil engineering,11.6,44.9,9.7,33.8
160,43: specialised construction activities,8.9,54.0,9.1,28.0
160,45: wholesale and retail trade and repair of motor vehicles and motorcycles,6.4,57.6,15.1,20.9
160,"46: wholesale trade, except of motor vehicles and motorcycles",12.3,62.6,11.8,13.2
160,"47: retail trade, except of motor vehicles and motorcycles",6.6,49.7,16.7,27.0
160,49: land transport and transport via pipelines,10.7,51.6,7.5,30.3
160,52: warehousing and support activities for transportation,8.8,52.9,12.9,25.4
160,53: postal and courier activities,2.0,52.7,,45.1
160,55: accommodation,2.9,59.3,18.2,19.6
160,56: food and beverage service activities,2.6,54.6,12.5,30.3
160,58: publishing activities,6.2,80.0,4.2,9.6
160,"59: motion picture, video and television programme production, sound recording and music publishing activities",0.0,58.5,11.3,30.1
160,61: telecommunications,0.0,31.0,8.0,60.9
160,"62: computer programming, consultancy and related activities",7.1,53.2,11.3,28.4
160,63: information service activities,0.0,31.0,2.5,66.5
160,68: real estate activities,0.0,26.0,9.9,64.1
160,69: legal and accounting activities,,35.0,2.3,62.6
160,70: activities of head offices; management consultancy activities,0.0,49.4,8.3,42.3
160,71: architectural and engineering activities; technical testing and analysis,7.5,57.3,5.5,29.7
160,72: scientific research and development,0.0,60.1,18.2,21.6
160,73: advertising and market research,3.1,44.3,4.5,48.1
160,"74: other professional, scientific and technical activities",7.4,51.6,3.6,37.4
160,75: veterinary activities,27.6,43.0,28.7,
160,77: rental and leasing activities,12.6,47.9,15.1,24.4
160,78: employment activities,,32.7,6.9,59.9
160,"79: travel agency, tour operator and other reservation service and related activities",1.7,34.8,9.5,53.9
160,80: security and investigation activities,0.0,22.0,31.2,46.7
160,81: services to buildings and landscape activities,2.6,39.3,8.5,49.6
160,"82: office administrative, office support and other business support activities",,35.5,10.3,53.7
160,85: education,2.6,27.6,5.1,64.8
160,86: human health activities,8.7,29.1,17.3,45.0
160,"90: creative, arts and entertainment activities",6.3,55.2,1.7,36.8
160,"91: libraries, archives, museums and other cultural activities",1.8,59.8,1.7,36.6
160,93: sports activities and amusement and recreation activities,3.0,33.9,8.0,55.1
160,95: repair of computers and personal and household goods,0.0,45.2,14.6,40.2
160,96: other personal service activities,8.7,41.2,11.7,38.4
160,All businesses,6.1,49.7,11.9,32.3
162,10: manufacture of food products,7.6,41.1,24.7,26.6
162,11: manufacture of beverages,2.7,95.0,1.9,
162,13: manufacture of textiles,17.0,50.3,25.7,7.0
162,"16: manufacture of wood and of products of wood and cork, except furniture; manufacture of articles of straw and plaiting materials",,64.4,15.2,19.8
162,17: manufacture of paper and paper products,13.0,65.7,15.1,6.2
162,18: printing and reproduction of recorded media,17.3,28.8,19.3,34.6
162,20: manufacture of chemicals and chemical products,31.5,45.5,14.6,8.5
162,21: manufacture of basic pharmaceutical products and pharmaceutical preparations,7.0,67.5,19.3,6.2
162,22: manufacture of rubber and plastic products,9.9,65.0,14.3,10.7
162,23: manufacture of other non-metallic mineral products,10.4,49.4,22.3,17.9
162,24: manufacture of basic metals,27.1,55.0,17.1,
162,"25: manufacture of fabricated metal products, except machinery and equipment",5.0,72.0,12.0,11.0
162,"26: manufacture of computer, electronic and optical products",21.4,57.3,15.6,5.8
162,27: manufacture of electrical equipment,2.0,83.3,14.0,
162,28: manufacture of machinery and equipment n.e.c.,10.3,66.1,19.5,4.1
162,"29: manufacture of motor vehicles, trailers and semi-trailers",4.6,55.0,15.7,24.7
162,30: manufacture of other transport equipment,6.7,74.8,18.5,0.0
162,31: manufacture of furniture,,66.4,4.6,28.4
162,32: other manufacturing,1.7,87.6,10.6,0.0
162,33: repair and installation of machinery and equipment,14.2,74.4,10.4,1.0
162,"36: water collection, treatment and supply",2.5,58.3,13.3,25.8
162,"38: waste collection, treatment and disposal activities; materials recovery",10.4,56.8,2.8,30.0
162,41: construction of buildings,2.7,50.2,11.6,35.4
162,42: civil engineering,1.6,36.8,19.0,42.6
162,43: specialised construction activities,3.5,47.5,14.2,34.9
162,45: wholesale and retail trade and repair of motor vehicles and motorcycles,11.8,48.3,11.7,28.2
162,"46: wholesale trade, except of motor vehicles and motorcycles",11.9,62.1,11.5,14.5
162,"47: retail trade, except of motor vehicles and motorcycles",13.2,53.2,12.0,21.6
162,49: land transport and transport via pipelines,7.9,49.1,8.4,34.6
162,52: warehousing and support activities for transportation,17.5,55.0,13.1,14.4
162,53: postal and courier activities,1.4,43.3,16.9,38.4
162,55: accommodation,2.5,57.2,13.4,27.0
162,56: food and beverage service activities,3.4,51.3,10.8,34.5
162,58: publishing activities,8.6,69.2,2.9,19.2
162,"59: motion picture, video and television programme production, sound recording and music publishing activities",0.0,47.3,16.7,36.0
162,61: telecommunications,0.0,68.0,5.6,26.4
162,"62: computer programming, consultancy and related activities",7.2,57.6,8.0,27.1
162,63: information service activities,0.0,59.8,18.4,21.8
162,68: real estate activities,0.0,49.9,5.0,45.1
162,69: legal and accounting activities,0.0,31.9,4.7,63.3
162,70: activities of head offices; management consultancy activities,0.0,52.3,9.5,38.2
162,71: architectural and engineering activities; technical testing and analysis,6.9,56.9,6.9,29.3
162,72: scientific research and development,,67.1,16.7,15.9
162,73: advertising and market research,3.8,40.6,5.4,50.2
162,"74: other professional, scientific and technical activities",8.0,54.5,1.1,36.3
162,75: veterinary activities,25.6,29.9,10.8,33.7
162,77: rental and leasing activities,4.7,49.2,11.1,35.0
162,78: employment activities,3.8,20.8,13.3,62.1
162,"79: travel agency, tour operator and other reservation service and related activities",7.2,44.4,16.1,32.3
162,80: security and investigation activities,,15.5,28.7,55.3
162,81: services to buildings and landscape activities,,42.5,7.9,49.0
162,"82: office administrative, office support and other business support activities",2.5,35.7,10.1,51.7
162,85: education,3.0,26.2,8.8,62.0
162,86: human health activities,2.3,40.9,10.8,45.9
162,"90: creative, arts and entertainment activities",,57.1,2.3,40.6
162,"91: libraries, archives, museums and other cultural activities",2.4,60.1,3.3,34.2
162,93: sports activities and amusement and recreation activities,4.2,45.4,4.5,45.9
162,95: repair of computers and personal and household goods,12.7,59.5,2.9,24.9
162,96: other personal service activities,13.9,47.6,10.6,28.0
162,All businesses,6.1,50.4,10.9,32.6
