wave,breakdown,Energy prices,Finance costs,Labour costs,Raw material prices,Transportation or haulage costs,Other,Not sure,Business is not considering raising prices
120,10: manufacture of food products,22.5,7.4,44.9,52.6,17.8,,10.3,20.3
120,11: manufacture of beverages,28.2,1.6,58.1,31.4,29.2,2.6,3.1,36.4
120,13: manufacture of textiles,11.2,1.0,33.9,35.4,11.0,,,47.3
120,14: manufacture of wearing apparel,1.2,43.5,47.1,2.6,,85.5,2.4,7.6
120,"16: manufacture of wood and of products of wood and cork, except furniture; manufacture of articles of straw and plaiting materials",10.8,1.1,31.2,16.2,11.0,8.4,8.5,50.4
120,17: manufacture of paper and paper products,5.8,1.6,69.6,74.8,3.7,,3.3,17.5
120,18: printing and reproduction of recorded media,19.4,7.1,38.7,19.5,23.2,,8.8,39.2
120,20: manufacture of chemicals and chemical products,16.2,,19.1,16.2,13.1,1.2,6.2,61.1
120,21: manufacture of basic pharmaceutical products and pharmaceutical preparations,31.2,5.7,58.8,32.7,27.1,8.9,5.7,29.2
120,22: manufacture of rubber and plastic products,24.1,4.9,42.4,26.3,15.0,4.4,3.0,42.2
120,23: manufacture of other non-metallic mineral products,25.6,7.4,31.0,20.1,11.1,,3.0,51.2
120,24: manufacture of basic metals,49.5,5.5,51.0,24.6,47.2,22.0,1.9,44.0
120,"25: manufacture of fabricated metal products, except machinery and equipment",24.9,5.5,40.2,28.6,10.9,1.7,4.8,36.3
120,"26: manufacture of computer, electronic and optical products",9.7,5.7,23.9,31.4,1.5,,16.7,38.4
120,27: manufacture of electrical equipment,14.3,13.4,41.7,25.8,8.9,,9.5,38.7
120,28: manufacture of machinery and equipment n.e.c.,7.7,1.7,30.0,21.7,13.1,4.7,13.6,44.0
120,"29: manufacture of motor vehicles, trailers and semi-trailers",26.2,3.5,56.0,22.7,16.2,20.0,4.5,35.8
120,30: manufacture of other transport equipment,20.8,15.7,27.1,43.6,3.2,0.0,5.3,43.5
120,31: manufacture of furniture,24.5,17.4,41.9,26.4,17.2,,22.6,31.9
120,32: other manufacturing,20.6,25.8,42.9,35.8,26.7,0.0,3.1,47.0
120,33: repair and installation of machinery and equipment,19.2,9.5,31.1,12.1,11.0,8.2,11.0,41.3
120,"36: water collection, treatment and supply",10.2,4.1,38.8,16.3,2.0,2.0,20.4,36.7
120,"38: waste collection, treatment and disposal activities; materials recovery",13.8,9.1,25.4,2.5,29.2,13.5,1.3,46.7
120,41: construction of buildings,13.2,17.4,41.4,24.3,10.1,,8.9,44.3
120,42: civil engineering,16.3,8.2,41.3,31.3,14.5,4.1,5.6,36.8
120,43: specialised construction activities,11.0,10.6,38.6,13.8,14.0,2.9,10.2,44.8
120,45: wholesale and retail trade and repair of motor vehicles and motorcycles,20.3,14.0,41.5,15.4,8.9,5.2,8.4,41.6
120,"46: wholesale trade, except of motor vehicles and motorcycles",14.8,9.6,28.4,20.5,16.7,3.2,9.6,43.4
120,"47: retail trade, except of motor vehicles and motorcycles",25.0,12.8,38.7,17.1,9.7,4.1,10.2,31.7
120,49: land transport and transport via pipelines,25.8,24.9,52.9,11.8,17.9,2.7,10.5,25.9
120,52: warehousing and support activities for transportation,16.0,14.4,31.4,6.1,11.1,3.7,6.1,54.6
120,53: postal and courier activities,25.3,20.8,49.1,1.4,45.6,,1.9,48.4
120,55: accommodation,40.3,19.6,45.9,14.2,1.7,7.2,11.3,30.0
120,56: food and beverage service activities,41.7,19.5,53.4,32.8,2.4,2.1,6.9,28.7
120,58: publishing activities,0.0,5.7,17.5,0.0,5.0,14.7,6.9,61.4
120,"59: motion picture, video and television programme production, sound recording and music publishing activities",8.5,,10.0,7.9,,7.8,4.4,69.9
120,61: telecommunications,15.3,4.4,24.0,1.9,2.5,7.2,22.2,37.1
120,"62: computer programming, consultancy and related activities",6.4,8.5,31.4,4.3,1.4,2.2,7.6,55.4
120,63: information service activities,,,22.1,,,0.0,20.7,56.2
120,68: real estate activities,8.8,23.6,36.8,2.5,0.0,,10.6,49.6
120,69: legal and accounting activities,6.7,6.8,35.0,0.0,0.0,7.3,5.1,55.2
120,70: activities of head offices; management consultancy activities,3.1,7.3,28.2,,0.0,,11.6,55.9
120,71: architectural and engineering activities; technical testing and analysis,11.9,8.0,36.2,9.1,4.0,3.9,14.1,41.1
120,72: scientific research and development,2.0,1.9,11.2,13.7,6.2,11.1,17.0,59.4
120,73: advertising and market research,3.0,15.0,29.5,3.0,3.0,,11.1,51.0
120,"74: other professional, scientific and technical activities",12.5,10.4,31.9,,5.0,2.6,8.9,51.6
120,75: veterinary activities,9.5,1.5,55.6,41.6,,0.0,0.0,28.4
120,77: rental and leasing activities,15.9,16.4,28.2,10.3,13.6,,9.6,51.9
120,78: employment activities,13.0,13.8,24.1,,,2.2,9.9,58.3
120,"79: travel agency, tour operator and other reservation service and related activities",6.1,12.0,26.7,10.9,5.7,11.2,4.7,52.3
120,80: security and investigation activities,6.7,23.6,44.5,,1.0,4.8,8.5,31.3
120,81: services to buildings and landscape activities,6.7,8.7,52.3,14.0,8.1,,1.9,42.7
120,"82: office administrative, office support and other business support activities",12.6,8.6,32.8,8.4,4.1,,10.0,51.5
120,85: education,6.6,7.0,31.9,4.6,2.4,2.7,8.8,56.3
120,86: human health activities,22.5,14.7,36.3,9.2,0.0,4.1,5.7,49.4
120,"90: creative, arts and entertainment activities",1.9,,20.0,1.5,,1.2,8.9,69.7
120,"91: libraries, archives, museums and other cultural activities",15.2,17.3,46.7,22.0,2.5,3.7,,34.0
120,93: sports activities and amusement and recreation activities,23.1,12.9,46.0,8.1,1.9,6.1,2.7,43.1
120,95: repair of computers and personal and household goods,13.0,,13.7,,12.4,0.0,14.6,58.9
120,96: other personal service activities,27.5,12.0,43.5,15.7,3.9,3.8,,48.1
120,All businesses,19.6,12.3,38.5,16.0,7.1,3.4,8.3,42.3
122,10: manufacture of food products,28.5,9.2,48.4,44.2,19.8,,8.1,27.5
122,11: manufacture of beverages,35.9,30.0,63.4,63.5,33.1,1.8,3.7,29.0
122,13: manufacture of textiles,34.7,,39.6,28.5,16.5,1.4,,37.2
122,14: manufacture of wearing apparel,32.5,1.7,63.2,33.9,,,3.9,30.9
122,"16: manufacture of wood and of products of wood and cork, except furniture; manufacture of articles of straw and plaiting materials",16.3,1.4,33.5,22.9,2.2,8.8,2.7,58.2
122,17: manufacture of paper and paper products,12.3,3.4,77.0,77.2,8.8,0.0,3.3,13.6
122,18: printing and reproduction of recorded media,18.8,7.3,40.0,33.7,19.1,,13.7,38.5
122,20: manufacture of chemicals and chemical products,15.4,0.0,43.6,11.3,13.4,,5.7,45.1
122,21: manufacture of basic pharmaceutical products and pharmaceutical preparations,7.2,5.7,12.4,21.3,7.2,0.0,11.9,64.8
122,22: manufacture of rubber and plastic products,28.2,6.0,50.3,39.5,16.6,8.4,2.5,31.4
122,23: manufacture of other non-metallic mineral products,52.0,12.1,51.0,43.4,33.6,,10.6,19.4
122,24: manufacture of basic metals,6.8,6.5,14.7,13.1,9.1,3.9,,75.8
122,"25: manufacture of fabricated metal products, except machinery and equipment",32.3,9.3,51.8,34.4,14.1,3.2,11.3,23.6
122,"26: manufacture of computer, electronic and optical products",33.0,15.9,56.1,62.4,12.2,7.5,10.6,21.5
122,27: manufacture of electrical equipment,29.2,12.7,44.2,65.4,27.7,1.1,9.6,12.2
122,28: manufacture of machinery and equipment n.e.c.,20.3,9.2,33.9,27.1,21.8,7.7,7.3,33.9
122,"29: manufacture of motor vehicles, trailers and semi-trailers",9.6,14.4,75.4,39.5,19.7,22.2,5.8,14.4
122,30: manufacture of other transport equipment,26.7,4.6,55.9,22.9,4.6,0.0,3.0,38.2
122,31: manufacture of furniture,34.7,13.9,57.9,40.8,14.7,7.2,7.0,13.3
122,32: other manufacturing,28.0,13.8,53.1,44.6,22.6,6.2,2.7,30.5
122,33: repair and installation of machinery and equipment,36.9,21.7,47.8,33.0,24.0,,10.3,27.3
122,"36: water collection, treatment and supply",0.0,0.0,18.1,20.1,2.1,2.1,14.6,61.1
122,"38: waste collection, treatment and disposal activities; materials recovery",21.9,13.9,37.3,1.6,27.6,6.5,,46.9
122,41: construction of buildings,14.7,16.5,44.9,48.7,11.3,2.8,6.4,32.2
122,42: civil engineering,14.8,8.5,45.0,41.9,19.4,6.9,8.5,24.7
122,43: specialised construction activities,20.5,14.7,53.8,32.7,17.3,3.7,5.9,28.5
122,45: wholesale and retail trade and repair of motor vehicles and motorcycles,26.6,16.1,51.1,27.6,14.5,2.6,8.5,33.7
122,"46: wholesale trade, except of motor vehicles and motorcycles",19.9,9.3,40.2,33.1,24.5,3.6,11.3,27.2
122,"47: retail trade, except of motor vehicles and motorcycles",34.2,20.8,47.3,22.1,18.7,4.3,5.7,25.2
122,49: land transport and transport via pipelines,30.8,18.2,52.4,15.0,26.6,2.9,6.9,24.9
122,52: warehousing and support activities for transportation,16.1,6.8,31.9,7.9,23.5,7.2,6.9,40.4
122,53: postal and courier activities,15.2,15.9,8.9,1.2,6.6,1.9,27.9,32.2
122,55: accommodation,38.6,16.4,38.6,14.9,,2.2,5.7,38.4
122,56: food and beverage service activities,47.8,24.0,63.0,38.9,4.9,4.0,6.4,19.5
122,58: publishing activities,6.0,,26.7,1.5,6.2,6.1,2.7,58.1
122,"59: motion picture, video and television programme production, sound recording and music publishing activities",,1.0,3.3,,,8.0,17.7,70.1
122,61: telecommunications,14.2,8.5,35.7,24.0,0.0,3.7,14.6,39.6
122,"62: computer programming, consultancy and related activities",13.1,13.5,41.4,6.1,,1.3,12.2,39.8
122,63: information service activities,,1.6,30.6,,0.0,1.8,29.0,38.0
122,68: real estate activities,19.7,20.2,28.5,2.3,2.3,5.2,5.3,46.7
122,69: legal and accounting activities,19.0,11.3,42.7,0.0,0.0,8.5,6.1,46.1
122,70: activities of head offices; management consultancy activities,6.7,11.6,26.4,3.1,1.7,1.8,16.9,51.7
122,71: architectural and engineering activities; technical testing and analysis,18.4,7.7,38.9,8.1,3.4,2.3,12.8,39.5
122,72: scientific research and development,4.2,6.6,19.7,11.0,8.4,,23.3,54.6
122,73: advertising and market research,3.5,17.5,30.7,3.7,3.3,10.9,5.9,46.4
122,"74: other professional, scientific and technical activities",25.0,18.1,56.7,10.2,7.7,4.9,3.5,32.0
122,75: veterinary activities,39.3,2.7,51.4,32.9,1.0,8.3,2.1,23.7
122,77: rental and leasing activities,27.6,28.4,47.6,17.1,32.0,2.8,10.3,32.1
122,78: employment activities,14.9,17.2,35.2,,,1.8,9.1,49.6
122,"79: travel agency, tour operator and other reservation service and related activities",7.3,3.0,28.9,1.3,,13.8,6.3,55.4
122,80: security and investigation activities,3.0,23.0,46.9,,,6.0,8.6,31.4
122,81: services to buildings and landscape activities,11.8,12.8,44.7,8.4,5.7,3.1,4.3,42.8
122,"82: office administrative, office support and other business support activities",18.1,11.0,34.8,8.4,5.5,1.4,9.4,46.7
122,85: education,21.6,12.7,45.3,4.5,4.2,8.1,6.0,42.8
122,86: human health activities,24.1,19.2,30.8,6.1,1.4,10.7,13.2,44.2
122,"90: creative, arts and entertainment activities",11.7,,52.3,,9.0,,11.3,35.8
122,"91: libraries, archives, museums and other cultural activities",26.5,25.7,64.5,6.2,2.1,24.0,19.9,11.4
122,93: sports activities and amusement and recreation activities,30.4,18.6,50.5,12.8,1.5,9.9,4.3,36.2
122,95: repair of computers and personal and household goods,43.6,11.3,46.7,32.9,43.7,0.0,33.8,19.2
122,96: other personal service activities,33.8,25.6,69.7,18.0,7.7,0.0,,22.9
122,All businesses,26.1,15.5,45.8,21.5,10.3,4.5,8.3,33.3
124,10: manufacture of food products,24.5,7.4,57.9,55.1,23.4,,3.4,20.6
124,11: manufacture of beverages,43.4,22.1,26.0,30.0,8.8,4.5,3.7,20.9
124,13: manufacture of textiles,50.7,17.1,62.4,52.8,27.9,,1.7,26.9
124,14: manufacture of wearing apparel,52.0,28.2,97.8,32.0,2.5,22.0,,0.0
124,"16: manufacture of wood and of products of wood and cork, except furniture; manufacture of articles of straw and plaiting materials",22.5,8.7,44.9,41.8,16.0,11.4,4.0,36.2
124,17: manufacture of paper and paper products,7.7,1.7,70.5,13.6,4.3,1.1,3.5,19.0
124,18: printing and reproduction of recorded media,31.2,2.1,44.3,48.9,19.0,,2.0,34.6
124,20: manufacture of chemicals and chemical products,38.1,10.7,53.1,43.2,3.9,1.2,8.2,19.5
124,21: manufacture of basic pharmaceutical products and pharmaceutical preparations,20.6,16.6,49.0,34.3,24.2,0.0,6.6,41.9
124,22: manufacture of rubber and plastic products,34.3,12.1,41.3,40.4,19.0,4.5,2.5,26.0
124,23: manufacture of other non-metallic mineral products,43.7,16.2,43.1,40.0,37.1,,,33.6
124,24: manufacture of basic metals,54.9,0.0,77.9,56.2,22.2,4.0,,9.3
124,"25: manufacture of fabricated metal products, except machinery and equipment",39.1,10.3,56.4,41.5,27.1,4.4,4.8,20.6
124,"26: manufacture of computer, electronic and optical products",16.0,12.5,43.8,58.1,30.9,7.6,3.4,26.1
124,27: manufacture of electrical equipment,30.6,20.3,80.8,46.1,18.5,0.0,3.8,8.0
124,28: manufacture of machinery and equipment n.e.c.,34.0,10.7,53.1,38.1,21.7,,4.2,26.6
124,"29: manufacture of motor vehicles, trailers and semi-trailers",22.9,13.3,57.2,38.0,20.5,2.6,5.7,23.8
124,30: manufacture of other transport equipment,21.4,18.8,52.1,51.0,9.5,0.0,3.9,21.3
124,31: manufacture of furniture,30.3,19.6,60.9,32.8,19.3,,12.9,17.0
124,32: other manufacturing,23.2,21.2,36.6,41.1,22.1,0.0,1.9,35.3
124,33: repair and installation of machinery and equipment,28.0,20.3,58.6,30.8,23.2,0.0,10.7,29.5
124,"36: water collection, treatment and supply",4.6,0.0,27.8,17.1,4.6,1.9,31.0,37.5
124,"38: waste collection, treatment and disposal activities; materials recovery",17.7,2.9,33.1,23.4,30.2,1.4,2.5,55.6
124,41: construction of buildings,16.7,9.5,38.3,27.8,8.5,,8.5,42.3
124,42: civil engineering,15.6,10.0,57.7,32.0,16.2,0.0,6.5,21.7
124,43: specialised construction activities,17.9,12.8,52.6,31.5,14.6,2.3,8.2,27.7
124,45: wholesale and retail trade and repair of motor vehicles and motorcycles,31.8,10.9,47.0,20.4,14.8,4.6,8.2,32.2
124,"46: wholesale trade, except of motor vehicles and motorcycles",21.0,9.9,37.2,34.1,24.7,5.8,10.3,28.3
124,"47: retail trade, except of motor vehicles and motorcycles",35.5,21.3,48.4,25.4,17.5,6.1,9.0,23.3
124,49: land transport and transport via pipelines,34.9,22.6,56.3,11.5,29.0,4.0,9.8,20.7
124,52: warehousing and support activities for transportation,18.8,11.2,29.6,5.3,25.3,7.0,5.0,44.5
124,53: postal and courier activities,30.6,3.0,33.8,,5.8,,2.0,35.9
124,55: accommodation,35.1,20.0,45.5,18.1,,1.1,5.8,36.0
124,56: food and beverage service activities,49.6,21.1,56.3,37.7,4.1,3.3,8.0,20.0
124,58: publishing activities,,5.2,30.8,4.6,4.4,1.5,2.1,61.3
124,"59: motion picture, video and television programme production, sound recording and music publishing activities",32.2,11.4,65.2,10.7,0.0,,3.9,20.7
124,60: programming and broadcasting activities,,0.0,67.5,0.0,0.0,1.7,11.2,19.7
124,61: telecommunications,17.1,15.1,33.8,16.6,15.4,5.5,19.4,35.2
124,"62: computer programming, consultancy and related activities",10.8,14.2,35.7,2.5,1.2,5.3,13.7,39.9
124,63: information service activities,1.3,,29.3,14.3,13.8,26.6,17.6,25.7
124,68: real estate activities,13.5,14.3,30.5,5.0,0.0,7.8,6.3,54.6
124,69: legal and accounting activities,14.2,15.8,44.4,1.1,,6.2,8.1,39.3
124,70: activities of head offices; management consultancy activities,9.4,13.9,31.7,4.8,3.1,3.7,19.6,42.3
124,71: architectural and engineering activities; technical testing and analysis,17.6,13.9,42.0,12.4,6.7,3.9,10.2,36.3
124,72: scientific research and development,3.5,13.0,23.2,7.9,8.0,13.1,17.6,38.5
124,73: advertising and market research,5.6,8.1,34.6,5.2,,3.3,12.5,52.4
124,"74: other professional, scientific and technical activities",13.2,15.1,49.8,10.2,8.3,4.8,8.6,34.1
124,75: veterinary activities,31.7,13.4,70.4,32.3,,0.0,1.1,22.0
124,77: rental and leasing activities,24.4,20.4,43.9,23.1,29.6,5.5,6.5,40.5
124,78: employment activities,13.2,10.1,29.5,1.5,2.8,1.5,10.7,56.8
124,"79: travel agency, tour operator and other reservation service and related activities",11.1,16.7,25.1,5.9,1.7,6.5,3.8,56.8
124,80: security and investigation activities,9.3,15.6,31.8,12.8,18.4,6.6,7.3,30.8
124,81: services to buildings and landscape activities,2.7,15.9,49.5,10.3,8.9,3.1,6.2,40.8
124,"82: office administrative, office support and other business support activities",12.5,6.7,38.6,10.3,9.8,1.3,11.0,42.8
124,85: education,23.2,15.5,48.3,2.4,4.0,6.6,7.5,39.4
124,86: human health activities,21.7,15.6,33.5,8.6,1.5,7.7,12.8,42.3
124,"90: creative, arts and entertainment activities",3.4,9.7,36.4,,4.4,17.4,15.8,33.7
124,"91: libraries, archives, museums and other cultural activities",55.2,7.7,36.9,8.0,1.9,0.0,15.9,13.9
124,93: sports activities and amusement and recreation activities,41.8,19.2,54.0,13.4,2.1,5.1,5.4,23.4
124,95: repair of computers and personal and household goods,13.0,24.7,39.3,37.1,24.7,0.0,28.6,19.6
124,96: other personal service activities,36.4,22.3,54.7,35.9,5.1,0.0,,31.8
124,All businesses,26.7,15.2,45.8,22.4,10.9,4.3,8.7,31.6
126,10: manufacture of food products,39.7,5.5,56.7,58.3,17.1,6.2,3.0,21.1
126,11: manufacture of beverages,44.7,38.5,91.4,86.6,43.4,3.2,3.7,2.4
126,13: manufacture of textiles,28.3,2.7,43.1,30.3,10.7,0.0,8.5,31.5
126,14: manufacture of wearing apparel,62.6,16.0,94.9,49.5,14.7,14.7,1.0,2.9
126,"16: manufacture of wood and of products of wood and cork, except furniture; manufacture of articles of straw and plaiting materials",29.9,11.9,48.0,46.1,22.6,11.0,,30.9
126,17: manufacture of paper and paper products,20.9,3.4,38.2,42.3,19.7,12.0,29.7,24.6
126,18: printing and reproduction of recorded media,19.8,1.7,34.1,39.2,7.5,,7.2,31.1
126,20: manufacture of chemicals and chemical products,35.5,13.1,41.7,41.2,24.0,,4.9,35.0
126,21: manufacture of basic pharmaceutical products and pharmaceutical preparations,13.1,5.7,60.8,14.1,13.1,,15.3,21.8
126,22: manufacture of rubber and plastic products,33.9,5.7,46.9,28.1,19.4,1.0,3.0,35.7
126,23: manufacture of other non-metallic mineral products,38.3,16.7,39.5,35.9,21.6,,11.0,36.1
126,24: manufacture of basic metals,59.7,4.9,35.0,54.8,53.9,16.5,,15.0
126,"25: manufacture of fabricated metal products, except machinery and equipment",33.9,6.8,55.4,33.7,24.9,4.4,9.8,23.2
126,"26: manufacture of computer, electronic and optical products",18.5,6.0,34.6,31.9,28.4,5.5,10.0,40.2
126,27: manufacture of electrical equipment,19.2,17.6,54.8,25.5,16.9,0.0,16.3,21.0
126,28: manufacture of machinery and equipment n.e.c.,20.5,5.0,44.7,30.8,24.9,7.8,3.3,34.4
126,"29: manufacture of motor vehicles, trailers and semi-trailers",5.6,7.6,48.3,32.4,3.0,7.6,13.4,27.6
126,30: manufacture of other transport equipment,9.1,6.2,36.1,30.0,4.0,0.0,5.8,38.0
126,31: manufacture of furniture,27.6,10.3,49.4,57.4,21.4,,8.8,13.3
126,32: other manufacturing,30.9,1.8,46.3,38.7,14.8,0.0,2.1,36.1
126,33: repair and installation of machinery and equipment,34.5,26.2,57.2,29.6,34.5,,10.8,25.1
126,"36: water collection, treatment and supply",21.3,1.9,57.9,27.8,16.2,5.6,16.2,18.5
126,"38: waste collection, treatment and disposal activities; materials recovery",10.3,3.3,43.2,20.9,29.1,7.6,7.6,20.6
126,41: construction of buildings,14.4,20.7,45.3,29.0,3.8,0.0,5.4,44.3
126,42: civil engineering,20.4,19.2,39.2,33.4,20.7,8.0,4.8,26.4
126,43: specialised construction activities,16.4,14.8,48.2,33.0,15.6,4.3,6.1,29.4
126,45: wholesale and retail trade and repair of motor vehicles and motorcycles,26.5,14.1,48.1,13.4,7.5,7.0,14.8,29.0
126,"46: wholesale trade, except of motor vehicles and motorcycles",19.1,8.9,38.2,32.4,27.1,4.0,9.5,29.0
126,"47: retail trade, except of motor vehicles and motorcycles",31.3,18.6,54.0,22.4,12.2,5.0,8.1,22.8
126,49: land transport and transport via pipelines,37.0,19.7,59.6,14.4,29.0,4.9,5.1,24.4
126,52: warehousing and support activities for transportation,4.0,7.0,28.3,10.1,26.4,9.3,11.0,40.7
126,53: postal and courier activities,22.2,41.7,86.5,1.3,64.3,1.1,3.4,8.4
126,55: accommodation,47.8,29.3,64.7,21.8,3.1,3.3,5.7,17.0
126,56: food and beverage service activities,48.4,20.0,67.0,45.2,5.7,5.6,5.1,16.9
126,58: publishing activities,,9.4,39.0,5.7,5.5,9.4,2.4,53.7
126,"59: motion picture, video and television programme production, sound recording and music publishing activities",10.5,11.4,22.8,9.0,0.0,,30.0,45.2
126,60: programming and broadcasting activities,1.7,0.0,36.0,0.0,0.0,1.7,36.0,25.4
126,61: telecommunications,20.1,10.7,40.8,12.3,10.7,6.6,10.3,41.7
126,"62: computer programming, consultancy and related activities",10.3,8.9,34.6,4.6,4.4,5.9,9.8,46.0
126,63: information service activities,14.6,,29.0,0.0,,14.2,17.1,38.7
126,68: real estate activities,6.4,21.0,31.7,4.0,0.0,8.8,6.8,48.9
126,69: legal and accounting activities,20.6,12.5,46.0,2.0,1.0,6.9,4.5,42.3
126,70: activities of head offices; management consultancy activities,5.6,11.6,27.2,6.2,3.3,,18.4,52.1
126,71: architectural and engineering activities; technical testing and analysis,14.1,11.5,44.9,15.2,5.0,2.7,8.2,35.1
126,72: scientific research and development,9.1,8.8,17.9,10.5,9.3,6.6,16.8,55.5
126,73: advertising and market research,7.0,8.2,35.1,7.7,4.7,1.0,9.4,49.6
126,"74: other professional, scientific and technical activities",14.1,16.4,41.5,6.8,11.2,3.2,3.2,46.4
126,75: veterinary activities,23.7,11.9,59.3,33.2,,10.9,1.5,28.1
126,77: rental and leasing activities,28.5,21.3,38.8,12.4,30.4,2.6,8.8,38.0
126,78: employment activities,12.0,15.4,26.6,,2.0,4.0,9.3,54.3
126,"79: travel agency, tour operator and other reservation service and related activities",,1.1,27.9,,1.4,8.2,11.1,53.9
126,80: security and investigation activities,21.1,14.3,28.7,12.5,12.5,6.7,13.6,27.8
126,81: services to buildings and landscape activities,12.1,19.2,65.8,18.1,11.5,2.8,4.1,27.7
126,"82: office administrative, office support and other business support activities",6.3,6.5,28.6,5.0,5.2,2.4,7.6,57.6
126,85: education,21.1,16.2,31.1,5.5,,3.9,9.5,50.0
126,86: human health activities,15.1,13.5,26.4,5.3,1.3,6.4,11.7,49.3
126,"90: creative, arts and entertainment activities",11.0,5.6,31.0,1.4,,8.7,10.8,53.3
126,"91: libraries, archives, museums and other cultural activities",29.4,22.8,73.5,25.9,20.3,2.4,14.3,10.8
126,93: sports activities and amusement and recreation activities,32.3,18.1,53.5,17.3,,3.6,5.9,29.2
126,95: repair of computers and personal and household goods,37.9,13.2,38.3,26.8,24.5,2.3,12.2,34.6
126,96: other personal service activities,42.8,25.2,68.3,28.0,7.5,3.9,3.5,21.4
126,All businesses,25.2,14.7,47.0,22.8,10.8,4.7,8.0,32.5
128,10: manufacture of food products,39.2,14.6,67.9,60.1,24.0,3.6,2.0,13.0
128,11: manufacture of beverages,48.4,,91.3,48.7,6.1,9.5,3.7,1.7
128,13: manufacture of textiles,53.7,16.8,53.2,39.5,19.3,0.0,1.8,27.8
128,14: manufacture of wearing apparel,55.9,21.0,75.1,38.5,19.5,0.0,17.6,7.3
128,"16: manufacture of wood and of products of wood and cork, except furniture; manufacture of articles of straw and plaiting materials",13.8,7.2,47.5,35.1,8.4,18.8,6.0,23.2
128,17: manufacture of paper and paper products,5.4,3.1,38.5,15.4,9.9,20.1,4.8,34.7
128,18: printing and reproduction of recorded media,31.7,7.0,51.9,27.3,26.8,,1.6,27.4
128,20: manufacture of chemicals and chemical products,20.3,,49.0,37.3,25.0,,12.0,28.1
128,21: manufacture of basic pharmaceutical products and pharmaceutical preparations,17.1,7.7,40.0,16.6,10.8,3.0,4.4,46.7
128,22: manufacture of rubber and plastic products,34.5,4.9,65.5,38.5,31.7,7.7,2.8,17.6
128,23: manufacture of other non-metallic mineral products,35.1,8.1,46.7,39.5,17.8,0.0,8.6,39.6
128,24: manufacture of basic metals,54.0,2.9,68.1,54.5,29.8,1.7,,7.6
128,"25: manufacture of fabricated metal products, except machinery and equipment",36.1,8.6,65.0,33.1,24.6,5.1,4.2,23.1
128,"26: manufacture of computer, electronic and optical products",12.7,20.2,55.6,45.8,26.3,,4.3,28.1
128,27: manufacture of electrical equipment,29.0,7.2,61.4,33.5,17.5,0.0,12.2,17.9
128,28: manufacture of machinery and equipment n.e.c.,20.2,4.1,38.4,30.0,14.1,,13.9,31.8
128,"29: manufacture of motor vehicles, trailers and semi-trailers",34.9,15.5,65.0,45.6,26.2,14.7,3.8,13.9
128,30: manufacture of other transport equipment,22.7,2.0,37.9,40.4,8.3,0.0,5.0,33.1
128,31: manufacture of furniture,38.4,8.5,73.0,54.8,22.6,1.8,2.7,6.9
128,32: other manufacturing,36.1,2.1,54.6,46.0,19.1,0.0,2.2,41.1
128,33: repair and installation of machinery and equipment,33.2,8.4,68.5,28.6,33.4,1.0,10.0,13.7
128,"36: water collection, treatment and supply",21.3,16.7,47.2,23.1,21.3,22.2,25.0,22.2
128,"38: waste collection, treatment and disposal activities; materials recovery",21.6,4.2,52.4,10.5,38.7,18.1,8.8,20.0
128,41: construction of buildings,17.3,19.9,45.4,31.2,9.6,,11.3,35.9
128,42: civil engineering,26.1,14.8,61.4,41.6,26.2,1.1,7.8,20.7
128,43: specialised construction activities,26.6,20.3,58.3,39.8,14.9,5.7,6.7,21.0
128,45: wholesale and retail trade and repair of motor vehicles and motorcycles,21.6,6.8,44.7,18.9,4.8,4.4,10.4,31.7
128,"46: wholesale trade, except of motor vehicles and motorcycles",16.9,10.1,42.5,28.3,26.4,3.8,8.2,30.6
128,"47: retail trade, except of motor vehicles and motorcycles",37.6,18.1,59.1,22.4,14.0,5.1,7.4,19.1
128,49: land transport and transport via pipelines,30.8,23.2,62.8,12.8,30.9,2.4,6.6,19.0
128,52: warehousing and support activities for transportation,19.2,13.9,33.3,5.8,26.0,10.4,7.2,34.6
128,53: postal and courier activities,59.6,54.9,62.5,1.4,60.0,1.4,3.1,5.6
128,55: accommodation,44.2,17.3,69.7,20.7,3.5,5.0,5.7,18.5
128,56: food and beverage service activities,52.8,19.3,78.9,42.3,5.3,5.5,6.4,9.1
128,58: publishing activities,5.6,5.5,31.1,5.1,4.6,10.0,2.7,60.9
128,"59: motion picture, video and television programme production, sound recording and music publishing activities",37.9,36.6,34.4,,,,21.3,35.2
128,60: programming and broadcasting activities,,,40.9,1.7,1.7,0.0,39.6,18.7
128,61: telecommunications,9.5,4.4,33.6,13.0,19.3,8.9,23.0,38.9
128,"62: computer programming, consultancy and related activities",10.8,9.2,37.4,1.7,3.6,3.1,11.5,46.4
128,63: information service activities,1.5,2.3,31.4,0.0,,2.1,16.3,49.1
128,68: real estate activities,21.2,21.4,52.2,9.7,2.4,12.5,8.0,36.3
128,69: legal and accounting activities,22.9,10.4,58.1,1.2,,10.3,5.8,28.4
128,70: activities of head offices; management consultancy activities,5.7,7.2,38.5,1.8,2.1,2.2,17.0,40.6
128,71: architectural and engineering activities; technical testing and analysis,18.1,12.6,43.4,8.6,4.3,4.6,11.4,34.1
128,72: scientific research and development,3.7,8.4,22.1,8.4,7.7,7.2,22.0,47.0
128,73: advertising and market research,8.3,11.2,39.5,3.1,3.1,8.0,11.4,43.5
128,"74: other professional, scientific and technical activities",19.4,16.6,47.6,14.4,5.9,,9.2,34.6
128,75: veterinary activities,31.4,7.6,63.8,15.4,7.4,,8.3,12.4
128,77: rental and leasing activities,26.7,19.7,48.1,12.6,24.1,,17.9,29.0
128,78: employment activities,14.5,20.4,43.7,3.1,2.8,2.5,13.3,35.1
128,"79: travel agency, tour operator and other reservation service and related activities",7.5,8.5,38.4,1.2,0.0,14.5,5.0,41.1
128,80: security and investigation activities,17.4,25.5,68.8,14.9,5.8,13.1,16.2,4.7
128,81: services to buildings and landscape activities,14.9,23.5,77.3,24.4,11.6,11.3,1.6,11.7
128,"82: office administrative, office support and other business support activities",14.4,6.6,38.2,7.0,9.9,1.5,10.1,43.5
128,85: education,20.1,18.0,41.5,,4.0,7.4,6.3,42.4
128,86: human health activities,19.6,20.9,37.6,9.2,1.5,8.7,7.3,43.6
128,"90: creative, arts and entertainment activities",21.4,10.1,33.3,1.8,,5.1,12.6,48.3
128,"91: libraries, archives, museums and other cultural activities",57.5,6.6,72.6,23.7,4.7,1.0,10.9,5.5
128,93: sports activities and amusement and recreation activities,27.7,12.2,63.3,18.4,3.5,2.0,6.9,23.3
128,95: repair of computers and personal and household goods,11.7,4.0,35.3,22.0,10.9,,24.6,14.9
128,96: other personal service activities,39.9,18.6,67.3,24.5,12.0,8.7,11.7,14.9
128,All businesses,28.0,14.9,55.0,22.4,11.2,5.2,8.3,26.4
130,10: manufacture of food products,24.6,9.7,66.9,60.6,19.5,1.0,2.3,16.6
130,11: manufacture of beverages,20.2,0.0,71.6,6.2,21.9,3.9,3.2,3.3
130,13: manufacture of textiles,37.1,17.5,42.5,30.4,26.7,1.7,,39.7
130,14: manufacture of wearing apparel,25.7,3.4,93.4,27.1,5.3,22.7,,3.1
130,"16: manufacture of wood and of products of wood and cork, except furniture; manufacture of articles of straw and plaiting materials",13.8,9.4,57.3,45.1,8.4,8.8,9.8,15.3
130,17: manufacture of paper and paper products,32.2,0.0,43.4,11.5,4.9,33.3,6.0,10.6
130,18: printing and reproduction of recorded media,26.6,10.6,63.5,42.7,36.4,1.3,2.3,32.4
130,20: manufacture of chemicals and chemical products,13.9,1.1,39.6,30.6,24.2,1.5,11.2,25.0
130,21: manufacture of basic pharmaceutical products and pharmaceutical preparations,13.6,6.9,38.7,35.3,7.9,3.6,9.6,41.6
130,22: manufacture of rubber and plastic products,32.0,10.0,63.2,43.5,20.0,1.1,6.6,22.7
130,23: manufacture of other non-metallic mineral products,39.7,14.7,37.1,48.9,20.1,0.0,20.4,24.3
130,24: manufacture of basic metals,42.3,,21.9,76.6,72.0,5.6,,7.3
130,"25: manufacture of fabricated metal products, except machinery and equipment",43.8,8.4,59.0,42.2,16.2,5.7,8.3,19.8
130,"26: manufacture of computer, electronic and optical products",26.1,12.6,38.5,51.7,24.6,8.6,8.5,22.8
130,27: manufacture of electrical equipment,18.0,12.1,44.2,39.3,14.7,4.6,10.7,28.7
130,28: manufacture of machinery and equipment n.e.c.,24.2,1.9,54.5,36.5,19.8,10.4,3.1,23.5
130,"29: manufacture of motor vehicles, trailers and semi-trailers",36.1,22.3,63.1,44.2,19.5,19.3,3.4,13.2
130,30: manufacture of other transport equipment,17.3,17.6,48.2,35.6,20.4,1.5,10.5,36.4
130,31: manufacture of furniture,24.9,12.4,68.1,64.6,28.5,6.0,2.1,8.7
130,32: other manufacturing,24.8,7.2,58.7,57.0,18.4,10.5,1.0,7.2
130,33: repair and installation of machinery and equipment,36.3,10.1,56.4,39.3,28.2,8.6,2.2,23.0
130,"36: water collection, treatment and supply",0.0,0.0,40.9,20.8,17.0,11.3,34.6,17.0
130,"38: waste collection, treatment and disposal activities; materials recovery",14.2,3.8,47.6,3.7,19.2,14.5,1.4,38.5
130,41: construction of buildings,14.0,20.9,53.5,38.1,8.8,,4.0,31.1
130,42: civil engineering,20.9,8.5,53.4,33.0,9.9,4.3,15.9,17.5
130,43: specialised construction activities,20.8,15.0,57.0,37.8,10.8,5.6,13.2,19.8
130,45: wholesale and retail trade and repair of motor vehicles and motorcycles,31.2,11.6,53.3,22.2,12.8,6.6,7.1,26.2
130,"46: wholesale trade, except of motor vehicles and motorcycles",19.2,11.9,42.5,30.9,27.9,6.6,9.9,23.2
130,"47: retail trade, except of motor vehicles and motorcycles",34.1,21.2,56.1,24.6,17.1,5.4,5.8,21.3
130,49: land transport and transport via pipelines,25.6,22.8,70.1,12.0,31.7,4.6,5.1,13.7
130,52: warehousing and support activities for transportation,8.7,11.8,32.2,7.8,23.6,1.3,12.2,41.3
130,53: postal and courier activities,45.1,40.7,91.5,,47.6,4.0,2.0,2.2
130,55: accommodation,42.2,23.0,70.6,23.2,2.4,5.4,6.9,13.4
130,56: food and beverage service activities,50.5,22.8,72.0,47.3,9.1,5.2,9.2,10.0
130,58: publishing activities,15.0,5.6,30.9,,4.2,9.9,12.5,45.4
130,"59: motion picture, video and television programme production, sound recording and music publishing activities",18.8,11.9,31.7,17.7,0.0,1.5,12.5,53.0
130,60: programming and broadcasting activities,0.0,0.0,35.4,,1.7,2.5,4.0,58.1
130,61: telecommunications,13.3,4.0,30.6,14.8,5.8,14.2,24.3,30.0
130,"62: computer programming, consultancy and related activities",7.6,14.5,37.7,7.4,3.6,4.4,13.8,39.6
130,63: information service activities,,,36.3,0.0,,1.6,20.7,40.2
130,68: real estate activities,21.3,19.1,44.1,8.0,0.0,5.8,3.5,38.1
130,69: legal and accounting activities,15.4,17.1,55.0,1.9,0.0,6.4,9.0,30.3
130,70: activities of head offices; management consultancy activities,8.3,10.2,34.3,,,8.0,19.0,39.2
130,71: architectural and engineering activities; technical testing and analysis,14.6,5.7,33.8,13.3,8.0,2.6,12.0,42.6
130,72: scientific research and development,2.3,,15.3,6.8,11.3,,15.2,67.1
130,73: advertising and market research,3.5,16.1,36.0,5.7,5.2,1.4,18.4,40.0
130,"74: other professional, scientific and technical activities",23.5,17.4,57.6,20.0,3.7,4.1,,33.3
130,75: veterinary activities,22.6,8.0,76.4,22.8,1.5,,1.8,21.5
130,77: rental and leasing activities,35.5,28.1,57.2,23.0,28.2,2.8,6.7,29.9
130,78: employment activities,13.2,20.4,41.1,1.5,1.7,2.4,13.3,36.8
130,"79: travel agency, tour operator and other reservation service and related activities",1.4,3.3,32.4,,1.4,7.9,13.9,45.7
130,80: security and investigation activities,12.8,18.0,50.7,10.9,10.5,11.7,10.5,22.8
130,81: services to buildings and landscape activities,16.3,14.9,74.3,18.8,9.2,7.6,3.8,16.6
130,"82: office administrative, office support and other business support activities",22.1,16.0,43.8,15.3,10.4,3.5,10.3,37.2
130,85: education,23.4,23.9,50.3,4.2,4.2,10.4,9.9,30.8
130,86: human health activities,29.0,19.5,41.0,10.6,,7.1,5.8,42.2
130,"90: creative, arts and entertainment activities",9.9,12.2,18.0,1.6,,,9.2,63.6
130,"91: libraries, archives, museums and other cultural activities",36.4,3.9,69.6,16.4,2.3,,19.9,9.9
130,93: sports activities and amusement and recreation activities,27.0,13.4,59.5,16.3,4.8,8.0,7.2,24.4
130,95: repair of computers and personal and household goods,12.6,,47.8,22.0,,2.3,34.2,14.9
130,96: other personal service activities,53.3,24.7,63.7,16.2,12.7,,6.0,18.0
130,All businesses,27.2,16.3,53.7,24.9,11.6,5.5,9.0,25.4
132,10: manufacture of food products,20.8,5.8,56.7,39.6,13.7,3.9,3.0,22.8
132,11: manufacture of beverages,39.8,,44.4,4.6,3.2,,1.1,14.3
132,13: manufacture of textiles,29.4,8.3,50.6,26.4,20.3,,,39.6
132,14: manufacture of wearing apparel,7.2,3.4,37.9,7.5,7.5,28.7,,59.4
132,"16: manufacture of wood and of products of wood and cork, except furniture; manufacture of articles of straw and plaiting materials",19.7,9.4,39.6,41.2,20.6,,6.0,44.1
132,17: manufacture of paper and paper products,5.3,1.8,47.3,16.4,8.0,31.0,4.7,11.7
132,18: printing and reproduction of recorded media,26.5,5.9,51.8,30.0,31.8,0.0,7.1,30.2
132,20: manufacture of chemicals and chemical products,25.1,1.4,41.7,27.0,3.5,,4.8,35.3
132,21: manufacture of basic pharmaceutical products and pharmaceutical preparations,20.8,6.0,31.8,33.9,21.4,3.9,20.1,29.0
132,22: manufacture of rubber and plastic products,35.9,8.5,50.0,26.1,21.0,1.1,9.3,30.0
132,23: manufacture of other non-metallic mineral products,34.4,15.6,51.0,67.4,26.4,,1.1,20.1
132,24: manufacture of basic metals,19.3,16.5,46.5,39.0,37.9,0.0,19.3,31.7
132,"25: manufacture of fabricated metal products, except machinery and equipment",19.5,5.1,47.1,31.3,15.1,3.7,7.6,35.5
132,"26: manufacture of computer, electronic and optical products",18.9,15.6,31.4,48.4,33.2,7.0,8.8,34.2
132,27: manufacture of electrical equipment,16.8,9.7,34.5,31.4,10.5,5.8,3.1,49.5
132,28: manufacture of machinery and equipment n.e.c.,20.6,11.8,45.6,28.5,20.8,2.4,7.3,35.4
132,"29: manufacture of motor vehicles, trailers and semi-trailers",31.6,25.7,73.7,38.8,25.5,13.1,3.1,14.3
132,30: manufacture of other transport equipment,33.8,29.2,33.8,28.9,5.5,,17.5,31.2
132,31: manufacture of furniture,26.4,6.9,69.2,54.5,22.1,,1.0,21.4
132,32: other manufacturing,18.6,1.9,45.9,28.4,27.0,9.6,1.7,41.0
132,33: repair and installation of machinery and equipment,11.8,19.6,51.2,13.6,49.5,,4.5,32.3
132,"36: water collection, treatment and supply",20.8,1.9,29.2,20.8,3.8,0.0,44.3,24.5
132,"38: waste collection, treatment and disposal activities; materials recovery",13.4,1.8,28.2,2.6,4.9,2.3,2.8,67.2
132,41: construction of buildings,7.0,9.5,34.8,20.6,7.5,2.7,9.7,45.3
132,42: civil engineering,15.9,8.5,46.0,32.8,21.9,3.6,5.2,34.1
132,43: specialised construction activities,15.9,13.0,46.8,29.7,9.1,,11.0,33.9
132,45: wholesale and retail trade and repair of motor vehicles and motorcycles,27.0,7.0,44.9,19.8,7.7,2.7,7.9,36.5
132,"46: wholesale trade, except of motor vehicles and motorcycles",13.9,10.8,34.7,30.4,23.3,3.5,7.7,34.7
132,"47: retail trade, except of motor vehicles and motorcycles",28.8,23.3,51.4,20.7,12.9,6.7,7.4,23.0
132,49: land transport and transport via pipelines,30.2,17.0,54.3,3.3,24.2,5.7,10.2,25.5
132,52: warehousing and support activities for transportation,9.0,11.8,25.2,3.0,20.2,1.7,6.5,51.4
132,53: postal and courier activities,40.9,42.1,89.1,,47.8,,2.0,6.8
132,55: accommodation,31.8,16.8,65.3,24.7,4.6,2.5,4.3,20.5
132,56: food and beverage service activities,46.9,19.3,67.7,38.7,6.1,2.4,7.3,15.7
132,58: publishing activities,,,33.1,0.0,5.0,,13.2,47.2
132,"59: motion picture, video and television programme production, sound recording and music publishing activities",7.4,8.1,18.4,,,6.6,11.0,63.7
132,60: programming and broadcasting activities,0.0,1.7,35.7,0.0,,,6.3,57.1
132,61: telecommunications,12.3,9.9,42.5,13.5,6.7,,21.0,34.4
132,"62: computer programming, consultancy and related activities",10.6,13.4,29.1,4.3,4.2,4.4,13.2,48.5
132,63: information service activities,,15.6,16.6,0.0,0.0,,18.6,63.4
132,68: real estate activities,17.4,20.5,37.8,5.0,2.3,4.9,7.5,46.5
132,69: legal and accounting activities,20.4,16.7,46.5,0.0,0.0,13.1,4.2,39.8
132,70: activities of head offices; management consultancy activities,4.9,9.5,32.2,2.3,,4.0,13.9,50.2
132,71: architectural and engineering activities; technical testing and analysis,9.9,4.6,33.2,9.8,4.2,7.5,13.1,44.3
132,72: scientific research and development,8.4,1.5,15.5,2.3,,,16.5,66.1
132,73: advertising and market research,6.3,3.4,38.0,,0.0,2.9,11.1,50.3
132,"74: other professional, scientific and technical activities",17.2,7.1,51.0,13.7,6.9,9.7,1.1,40.9
132,75: veterinary activities,15.8,1.6,59.2,21.1,,0.0,8.1,25.9
132,77: rental and leasing activities,26.4,20.7,43.3,13.7,24.6,2.4,7.2,38.6
132,78: employment activities,11.4,14.7,29.2,1.8,,2.1,6.1,52.1
132,"79: travel agency, tour operator and other reservation service and related activities",1.2,1.2,26.3,1.2,0.0,7.9,4.6,61.1
132,80: security and investigation activities,9.2,17.3,37.3,11.5,1.6,,16.4,32.4
132,81: services to buildings and landscape activities,13.4,17.6,51.9,7.5,7.2,,4.0,41.4
132,"82: office administrative, office support and other business support activities",7.6,6.6,29.6,7.9,3.0,2.9,12.6,51.3
132,85: education,14.1,13.4,30.6,,,4.2,6.9,52.2
132,86: human health activities,16.1,12.8,30.9,6.2,1.2,4.0,11.0,51.9
132,"90: creative, arts and entertainment activities",11.3,9.9,18.9,,,0.0,11.1,64.3
132,"91: libraries, archives, museums and other cultural activities",22.5,19.0,47.6,4.8,5.5,,15.4,35.6
132,93: sports activities and amusement and recreation activities,28.1,7.6,49.5,15.0,4.1,2.7,4.5,35.6
132,95: repair of computers and personal and household goods,26.2,29.4,29.1,12.4,12.4,0.0,14.5,41.9
132,96: other personal service activities,35.8,11.8,54.4,9.3,6.1,9.1,6.1,36.2
132,All businesses,22.5,13.5,45.4,19.4,9.5,3.9,8.2,35.3
134,10: manufacture of food products,18.4,13.7,51.0,49.1,9.8,5.3,2.5,30.2
134,11: manufacture of beverages,21.3,2.1,38.5,19.4,38.3,2.3,5.1,52.2
134,13: manufacture of textiles,11.5,,38.5,16.2,12.0,10.1,2.0,48.7
134,14: manufacture of wearing apparel,40.8,38.8,58.3,38.5,36.5,,,23.8
134,"16: manufacture of wood and of products of wood and cork, except furniture; manufacture of articles of straw and plaiting materials",15.7,13.2,32.8,35.9,19.0,5.3,1.8,43.7
134,17: manufacture of paper and paper products,4.3,4.9,15.6,50.7,13.0,29.8,2.7,10.2
134,18: printing and reproduction of recorded media,21.9,10.9,54.2,46.8,30.2,4.6,5.9,24.0
134,20: manufacture of chemicals and chemical products,13.8,5.5,21.3,26.1,15.1,,6.8,49.5
134,21: manufacture of basic pharmaceutical products and pharmaceutical preparations,47.4,44.6,52.2,47.9,46.9,2.3,8.5,37.0
134,22: manufacture of rubber and plastic products,13.4,2.0,37.7,32.1,10.9,3.4,14.9,40.8
134,23: manufacture of other non-metallic mineral products,23.0,14.5,37.4,30.6,10.6,,1.8,51.5
134,24: manufacture of basic metals,37.9,2.1,41.0,54.5,16.9,0.0,18.3,20.1
134,"25: manufacture of fabricated metal products, except machinery and equipment",22.8,8.0,41.4,36.4,18.9,3.0,6.9,37.8
134,"26: manufacture of computer, electronic and optical products",10.7,5.2,26.0,27.3,11.0,6.7,2.8,52.2
134,27: manufacture of electrical equipment,22.2,22.5,28.2,34.4,19.8,1.2,11.8,37.0
134,28: manufacture of machinery and equipment n.e.c.,18.6,8.1,42.6,36.6,25.8,,2.7,43.6
134,"29: manufacture of motor vehicles, trailers and semi-trailers",35.8,14.3,68.7,42.0,16.8,12.2,7.5,20.2
134,30: manufacture of other transport equipment,12.6,26.7,43.1,47.3,20.6,2.8,4.7,31.6
134,31: manufacture of furniture,20.8,14.1,38.0,43.5,16.5,0.0,,51.0
134,32: other manufacturing,27.4,9.7,47.8,20.3,19.9,2.9,3.0,36.4
134,33: repair and installation of machinery and equipment,11.2,9.9,41.0,21.0,10.2,1.0,3.3,54.0
134,"36: water collection, treatment and supply",5.7,1.9,26.4,18.9,3.8,0.0,32.1,41.5
134,"38: waste collection, treatment and disposal activities; materials recovery",5.1,4.2,9.7,2.6,6.8,1.5,2.9,84.3
134,41: construction of buildings,1.7,5.5,30.4,20.1,5.7,,13.7,50.1
134,42: civil engineering,16.4,6.0,50.4,33.2,13.6,,16.8,30.6
134,43: specialised construction activities,6.8,11.6,38.1,30.1,8.1,5.3,6.7,37.9
134,45: wholesale and retail trade and repair of motor vehicles and motorcycles,19.8,10.3,33.1,10.3,5.7,4.9,11.1,44.4
134,"46: wholesale trade, except of motor vehicles and motorcycles",12.5,9.2,29.9,30.2,17.9,3.1,8.8,39.5
134,"47: retail trade, except of motor vehicles and motorcycles",28.4,17.6,51.9,23.8,10.1,7.0,7.6,25.8
134,49: land transport and transport via pipelines,27.7,17.3,45.5,7.8,30.7,5.7,6.6,33.5
134,52: warehousing and support activities for transportation,3.3,1.3,18.0,3.9,16.5,,4.0,63.7
134,53: postal and courier activities,3.0,1.4,33.8,1.2,3.2,,27.7,38.3
134,55: accommodation,32.1,18.7,59.2,28.6,4.7,2.4,5.7,23.7
134,56: food and beverage service activities,40.3,18.8,67.4,42.8,3.9,4.2,8.1,16.4
134,58: publishing activities,,,36.2,10.2,9.5,,13.2,45.1
134,"59: motion picture, video and television programme production, sound recording and music publishing activities",36.7,18.9,13.9,18.5,8.9,,3.3,55.6
134,60: programming and broadcasting activities,,,4.8,0.0,1.7,,7.3,88.0
134,61: telecommunications,13.1,11.6,24.7,18.5,7.5,6.5,22.8,29.0
134,"62: computer programming, consultancy and related activities",7.6,7.2,22.2,8.1,4.1,3.6,9.8,54.9
134,63: information service activities,0.0,2.4,14.1,0.0,0.0,,17.7,64.8
134,68: real estate activities,20.4,13.8,32.9,2.7,0.0,5.5,3.6,52.5
134,69: legal and accounting activities,14.5,13.7,50.8,0.0,0.0,8.1,4.7,37.7
134,70: activities of head offices; management consultancy activities,8.1,4.5,30.8,9.8,2.1,,13.3,53.8
134,71: architectural and engineering activities; technical testing and analysis,10.4,8.9,35.7,7.6,5.1,2.0,11.0,44.4
134,72: scientific research and development,2.0,,10.0,1.1,,,20.0,68.9
134,73: advertising and market research,1.2,8.8,36.5,,,,7.2,53.5
134,"74: other professional, scientific and technical activities",19.5,14.0,52.5,13.8,,,4.6,41.7
134,75: veterinary activities,19.1,,56.7,13.4,,5.9,12.7,24.5
134,77: rental and leasing activities,29.7,14.2,43.6,15.9,23.3,,11.0,38.9
134,78: employment activities,13.0,8.6,22.5,,,,14.0,58.8
134,"79: travel agency, tour operator and other reservation service and related activities",2.4,9.2,29.8,9.2,1.0,9.1,11.5,41.5
134,80: security and investigation activities,6.4,7.7,46.9,5.2,1.0,1.5,10.9,41.4
134,81: services to buildings and landscape activities,6.1,14.7,52.0,21.4,7.6,2.5,15.5,27.5
134,"82: office administrative, office support and other business support activities",11.2,7.9,19.4,8.1,9.1,1.4,10.2,61.4
134,85: education,10.9,13.2,33.3,2.4,2.0,2.6,7.8,50.7
134,86: human health activities,24.2,16.7,36.7,6.5,2.5,5.8,4.4,49.4
134,"90: creative, arts and entertainment activities",16.1,10.9,36.3,5.7,,4.6,10.4,48.7
134,"91: libraries, archives, museums and other cultural activities",28.1,1.1,52.6,4.1,1.6,0.0,,32.8
134,93: sports activities and amusement and recreation activities,19.3,11.6,35.7,9.5,2.7,2.2,5.3,54.3
134,95: repair of computers and personal and household goods,,19.5,3.1,34.8,,0.0,18.4,24.9
134,96: other personal service activities,41.2,29.4,47.0,8.5,8.4,10.6,8.2,36.6
134,All businesses,20.2,12.7,42.0,21.1,8.1,3.9,8.2,38.6
136,10: manufacture of food products,23.4,8.1,37.3,44.6,11.1,6.3,5.0,29.6
136,11: manufacture of beverages,51.7,25.6,55.3,28.3,27.8,0.0,,42.8
136,13: manufacture of textiles,3.8,9.8,17.8,15.0,20.8,0.0,1.9,70.1
136,"16: manufacture of wood and of products of wood and cork, except furniture; manufacture of articles of straw and plaiting materials",26.4,0.0,59.4,50.6,28.5,,8.0,15.2
136,17: manufacture of paper and paper products,36.0,2.7,9.6,46.4,6.0,1.8,4.1,46.2
136,18: printing and reproduction of recorded media,20.4,5.7,50.3,34.9,12.6,9.5,1.4,28.8
136,20: manufacture of chemicals and chemical products,14.2,11.4,16.4,29.7,14.8,5.1,9.1,53.4
136,21: manufacture of basic pharmaceutical products and pharmaceutical preparations,10.2,1.5,10.7,12.2,9.6,0.0,13.9,72.4
136,22: manufacture of rubber and plastic products,21.5,2.0,34.5,21.5,8.3,3.6,7.9,46.7
136,23: manufacture of other non-metallic mineral products,28.7,1.7,31.7,16.9,11.9,8.7,,53.7
136,24: manufacture of basic metals,34.8,16.2,26.7,10.2,21.0,,33.0,20.9
136,"25: manufacture of fabricated metal products, except machinery and equipment",26.6,8.1,41.4,34.9,18.7,1.6,7.6,42.7
136,"26: manufacture of computer, electronic and optical products",6.8,6.7,39.4,34.8,22.2,6.6,7.4,35.6
136,27: manufacture of electrical equipment,11.0,11.6,37.6,34.1,6.4,7.1,5.2,39.5
136,28: manufacture of machinery and equipment n.e.c.,27.6,8.2,41.6,36.2,19.7,,6.6,42.5
136,"29: manufacture of motor vehicles, trailers and semi-trailers",19.3,2.4,41.5,25.9,19.9,16.3,21.5,16.6
136,30: manufacture of other transport equipment,5.5,36.7,55.8,54.8,20.0,0.0,5.7,31.3
136,31: manufacture of furniture,1.9,9.0,30.7,28.8,1.6,0.0,1.6,57.9
136,32: other manufacturing,29.3,1.9,48.6,38.1,11.0,1.9,12.0,36.5
136,33: repair and installation of machinery and equipment,21.1,7.1,38.5,36.0,16.3,,2.8,44.2
136,"36: water collection, treatment and supply",22.6,22.6,7.5,6.6,1.9,1.9,20.8,48.1
136,"38: waste collection, treatment and disposal activities; materials recovery",11.2,10.4,29.9,2.6,11.2,1.9,,58.1
136,41: construction of buildings,7.5,8.4,46.3,24.8,9.7,2.4,1.7,41.8
136,42: civil engineering,11.6,7.7,41.8,43.5,8.3,0.0,11.0,35.8
136,43: specialised construction activities,13.7,11.7,43.8,25.5,13.9,,9.5,38.4
136,45: wholesale and retail trade and repair of motor vehicles and motorcycles,22.1,13.6,43.2,9.5,13.0,2.5,5.3,41.1
136,"46: wholesale trade, except of motor vehicles and motorcycles",12.1,7.5,24.7,25.5,18.3,3.2,9.5,44.2
136,"47: retail trade, except of motor vehicles and motorcycles",24.7,16.8,42.3,22.4,14.6,6.5,9.1,30.2
136,49: land transport and transport via pipelines,19.2,18.5,39.5,8.5,22.0,3.2,10.8,36.5
136,52: warehousing and support activities for transportation,7.4,6.3,27.6,5.9,23.6,,7.1,51.6
136,53: postal and courier activities,1.4,1.1,4.1,1.3,3.6,,45.0,49.4
136,55: accommodation,40.5,22.0,58.6,28.5,2.9,2.5,7.6,23.8
136,56: food and beverage service activities,43.2,21.0,59.6,38.9,6.5,1.6,8.5,20.9
136,58: publishing activities,6.4,6.0,23.7,6.0,6.0,1.1,13.5,60.5
136,"59: motion picture, video and television programme production, sound recording and music publishing activities",11.9,12.2,23.4,6.4,5.6,,15.1,60.8
136,60: programming and broadcasting activities,0.0,0.0,3.9,1.7,3.1,,73.0,21.4
136,61: telecommunications,6.8,7.3,25.1,6.7,2.3,,24.8,40.3
136,"62: computer programming, consultancy and related activities",5.7,8.6,26.1,8.7,3.1,3.7,10.8,55.2
136,63: information service activities,,,13.6,1.3,0.0,11.4,15.6,59.2
136,68: real estate activities,10.3,16.0,20.9,0.0,2.5,3.0,8.2,57.7
136,69: legal and accounting activities,15.1,10.1,48.5,,1.5,5.9,3.6,38.8
136,70: activities of head offices; management consultancy activities,2.2,10.2,32.2,1.9,,6.5,11.0,50.1
136,71: architectural and engineering activities; technical testing and analysis,6.6,5.0,34.9,10.3,6.2,,14.2,41.3
136,72: scientific research and development,1.0,,9.5,7.5,6.8,6.1,21.2,62.2
136,73: advertising and market research,6.4,11.0,21.4,5.8,3.4,2.6,8.1,60.8
136,"74: other professional, scientific and technical activities",15.0,9.9,39.0,10.4,2.4,5.4,6.3,49.9
136,75: veterinary activities,25.3,18.2,62.8,12.5,5.9,5.8,6.7,29.8
136,77: rental and leasing activities,21.5,10.9,41.7,20.6,27.8,,4.1,45.6
136,78: employment activities,10.5,13.1,23.7,,3.1,3.1,7.3,60.8
136,"79: travel agency, tour operator and other reservation service and related activities",8.9,3.4,30.2,2.4,2.7,,4.8,61.5
136,80: security and investigation activities,2.3,7.6,20.3,1.0,,6.5,7.4,65.5
136,81: services to buildings and landscape activities,7.5,8.0,54.0,17.1,9.4,,12.0,30.9
136,"82: office administrative, office support and other business support activities",8.5,8.2,20.3,7.0,6.4,3.8,13.2,58.7
136,85: education,16.1,15.3,24.1,6.2,7.9,4.9,9.0,56.3
136,86: human health activities,27.0,14.6,28.4,8.9,2.3,6.2,11.8,45.1
136,"90: creative, arts and entertainment activities",19.0,9.7,32.0,9.6,0.0,1.1,10.3,52.1
136,"91: libraries, archives, museums and other cultural activities",30.7,1.4,50.7,,14.9,1.0,4.1,17.9
136,93: sports activities and amusement and recreation activities,29.4,8.6,38.4,11.3,,5.7,6.5,51.3
136,95: repair of computers and personal and household goods,3.3,3.6,46.8,23.6,11.1,1.9,12.3,15.8
136,96: other personal service activities,33.6,25.2,44.1,15.4,5.3,5.0,3.2,47.2
136,All businesses,20.7,12.6,39.0,19.7,9.2,3.4,8.9,40.5
138,10: manufacture of food products,11.5,13.7,43.2,47.9,13.0,,4.9,24.2
138,11: manufacture of beverages,19.4,40.9,77.6,23.0,20.0,19.1,3.5,12.8
138,13: manufacture of textiles,36.6,0.0,22.8,22.6,12.5,0.0,10.0,38.6
138,14: manufacture of wearing apparel,23.3,1.5,48.6,26.3,3.0,0.0,,48.2
138,"16: manufacture of wood and of products of wood and cork, except furniture; manufacture of articles of straw and plaiting materials",34.9,6.2,51.4,61.8,24.8,11.5,7.4,11.7
138,17: manufacture of paper and paper products,30.2,22.3,34.6,35.5,28.2,19.9,6.5,34.0
138,18: printing and reproduction of recorded media,14.1,9.4,41.4,34.3,21.0,,4.1,41.2
138,20: manufacture of chemicals and chemical products,23.3,1.3,31.8,21.3,20.3,,14.1,41.8
138,21: manufacture of basic pharmaceutical products and pharmaceutical preparations,56.8,8.8,58.8,58.8,12.5,0.0,7.1,34.1
138,22: manufacture of rubber and plastic products,20.2,,35.0,41.1,21.0,,2.2,42.4
138,23: manufacture of other non-metallic mineral products,18.6,8.2,22.8,22.9,18.2,0.0,9.3,58.1
138,24: manufacture of basic metals,10.8,2.1,14.0,44.6,,0.0,33.0,14.7
138,"25: manufacture of fabricated metal products, except machinery and equipment",27.3,10.9,47.4,38.4,16.2,,12.4,36.9
138,"26: manufacture of computer, electronic and optical products",8.0,1.6,26.0,38.0,9.3,7.0,3.9,48.2
138,27: manufacture of electrical equipment,13.8,21.0,35.9,39.7,20.5,,2.8,42.1
138,28: manufacture of machinery and equipment n.e.c.,19.4,6.6,24.4,28.1,20.2,5.5,7.9,46.2
138,"29: manufacture of motor vehicles, trailers and semi-trailers",17.1,8.9,40.1,15.6,16.2,9.2,12.9,33.7
138,30: manufacture of other transport equipment,1.7,12.8,22.7,34.3,16.5,0.0,26.3,36.6
138,31: manufacture of furniture,2.6,8.2,27.0,13.0,4.4,,8.5,52.8
138,32: other manufacturing,28.6,15.3,43.2,30.0,27.8,2.3,3.4,49.2
138,33: repair and installation of machinery and equipment,26.8,,43.8,29.0,22.6,6.8,2.2,33.3
138,"38: waste collection, treatment and disposal activities; materials recovery",12.3,2.3,29.4,10.0,12.5,1.3,1.9,58.5
138,41: construction of buildings,5.4,15.0,39.5,26.9,12.5,,14.2,37.9
138,42: civil engineering,13.6,9.8,39.5,26.2,11.0,0.0,11.5,46.9
138,43: specialised construction activities,9.9,6.7,35.7,18.9,8.3,1.5,13.3,44.6
138,45: wholesale and retail trade and repair of motor vehicles and motorcycles,20.8,11.3,29.4,13.9,11.2,1.3,11.3,49.9
138,"46: wholesale trade, except of motor vehicles and motorcycles",12.5,8.9,24.3,28.9,18.9,3.5,9.5,38.6
138,"47: retail trade, except of motor vehicles and motorcycles",22.8,15.2,36.8,23.2,7.7,6.2,11.6,35.3
138,49: land transport and transport via pipelines,24.2,13.5,39.6,7.2,24.5,4.4,13.2,31.1
138,52: warehousing and support activities for transportation,11.4,4.5,25.8,3.9,23.2,,6.4,61.1
138,53: postal and courier activities,2.9,43.1,47.4,41.0,5.7,,4.5,6.0
138,55: accommodation,38.9,22.1,60.4,18.7,1.7,4.0,10.0,21.2
138,56: food and beverage service activities,42.0,20.3,62.6,38.9,5.1,2.8,8.6,19.2
138,58: publishing activities,5.9,6.2,27.0,5.8,9.9,1.0,7.3,53.8
138,"59: motion picture, video and television programme production, sound recording and music publishing activities",21.8,14.4,19.7,,,,9.9,61.9
138,61: telecommunications,1.9,8.9,28.0,8.1,3.0,8.3,26.2,35.4
138,"62: computer programming, consultancy and related activities",6.0,10.6,26.4,4.2,3.0,3.2,6.8,57.3
138,63: information service activities,,1.6,3.1,,0.0,,15.1,80.2
138,68: real estate activities,7.8,12.4,19.1,,2.4,2.6,10.2,63.1
138,69: legal and accounting activities,13.1,15.3,35.5,2.6,0.0,4.6,7.7,46.2
138,70: activities of head offices; management consultancy activities,4.3,4.1,24.1,5.8,3.9,2.3,12.2,59.4
138,71: architectural and engineering activities; technical testing and analysis,11.8,8.4,39.8,8.8,3.9,,13.9,39.4
138,72: scientific research and development,7.1,12.8,19.5,7.9,12.8,,3.2,75.3
138,73: advertising and market research,3.4,5.7,31.4,5.0,0.0,2.5,12.3,55.6
138,"74: other professional, scientific and technical activities",11.6,9.4,34.1,7.4,4.5,,8.2,55.1
138,75: veterinary activities,7.8,,27.3,13.8,,,13.1,52.9
138,77: rental and leasing activities,19.1,12.2,39.6,11.1,21.9,4.9,7.0,47.2
138,78: employment activities,7.6,15.8,22.8,,,,10.8,58.2
138,"79: travel agency, tour operator and other reservation service and related activities",1.2,1.7,24.2,8.1,1.8,8.5,6.2,52.5
138,80: security and investigation activities,3.8,11.7,15.4,6.5,6.6,1.4,7.3,62.4
138,81: services to buildings and landscape activities,5.6,5.9,34.9,10.9,8.1,,16.8,45.5
138,"82: office administrative, office support and other business support activities",10.4,6.9,21.0,6.0,5.4,5.0,13.8,55.4
138,85: education,11.2,15.2,34.5,7.4,2.4,5.9,7.1,47.7
138,86: human health activities,20.4,11.9,28.9,6.6,,3.2,10.6,53.6
138,"90: creative, arts and entertainment activities",11.5,5.9,29.4,6.0,0.0,9.8,10.9,44.5
138,"91: libraries, archives, museums and other cultural activities",18.1,2.9,41.6,7.6,2.9,,,55.7
138,93: sports activities and amusement and recreation activities,18.6,8.1,35.2,9.1,2.5,3.2,4.4,53.3
138,95: repair of computers and personal and household goods,12.9,3.8,25.9,49.4,12.5,,13.5,32.5
138,96: other personal service activities,31.1,25.2,34.4,8.3,7.5,7.8,12.9,47.4
138,All businesses,19.2,12.2,37.0,19.2,8.2,3.1,9.9,41.7
140,10: manufacture of food products,24.4,14.9,47.4,44.3,9.9,3.0,6.1,22.8
140,11: manufacture of beverages,,2.4,61.3,25.1,2.7,1.5,,31.9
140,13: manufacture of textiles,19.1,,32.3,14.1,12.9,0.0,2.2,62.6
140,"16: manufacture of wood and of products of wood and cork, except furniture; manufacture of articles of straw and plaiting materials",23.7,2.4,43.1,51.7,13.7,0.0,12.1,22.0
140,17: manufacture of paper and paper products,21.5,3.7,39.4,28.6,20.0,12.1,17.5,27.5
140,18: printing and reproduction of recorded media,26.5,1.3,35.3,33.6,15.2,0.0,5.2,45.4
140,20: manufacture of chemicals and chemical products,11.2,,13.8,28.6,16.6,1.1,11.4,54.4
140,21: manufacture of basic pharmaceutical products and pharmaceutical preparations,26.8,6.1,24.2,44.9,26.3,2.0,7.6,24.7
140,22: manufacture of rubber and plastic products,18.9,1.5,32.4,25.4,7.2,,9.5,47.5
140,23: manufacture of other non-metallic mineral products,11.4,8.9,15.4,21.8,10.5,0.0,16.6,50.4
140,24: manufacture of basic metals,35.4,0.0,12.1,36.1,,0.0,,53.8
140,"25: manufacture of fabricated metal products, except machinery and equipment",33.5,13.5,46.0,31.2,19.2,,11.9,40.2
140,"26: manufacture of computer, electronic and optical products",10.1,3.3,39.4,35.1,18.0,,3.5,43.5
140,27: manufacture of electrical equipment,6.3,14.4,28.8,26.3,6.4,2.0,10.1,42.7
140,28: manufacture of machinery and equipment n.e.c.,16.7,11.7,31.4,25.2,7.4,3.3,13.3,38.9
140,"29: manufacture of motor vehicles, trailers and semi-trailers",27.6,1.8,36.8,21.5,18.2,13.6,4.1,31.9
140,30: manufacture of other transport equipment,21.5,4.3,29.7,10.0,5.2,0.0,7.3,60.0
140,31: manufacture of furniture,13.2,7.2,13.0,22.8,2.4,0.0,15.4,57.2
140,32: other manufacturing,31.9,11.1,45.2,43.5,30.8,,3.9,49.3
140,33: repair and installation of machinery and equipment,2.3,7.9,43.3,22.8,22.9,,8.4,33.9
140,"36: water collection, treatment and supply",1.9,0.0,1.9,0.0,1.9,0.0,34.0,64.2
140,"38: waste collection, treatment and disposal activities; materials recovery",21.5,13.7,30.6,20.7,30.2,1.7,1.9,57.8
140,41: construction of buildings,7.6,7.2,41.5,30.9,14.4,2.5,6.0,47.5
140,42: civil engineering,20.1,7.1,29.9,28.5,13.2,,11.2,41.7
140,43: specialised construction activities,13.2,11.2,32.5,25.4,13.2,1.5,11.2,40.3
140,45: wholesale and retail trade and repair of motor vehicles and motorcycles,18.9,11.7,28.4,14.3,10.7,5.1,7.5,49.4
140,"46: wholesale trade, except of motor vehicles and motorcycles",13.9,7.9,23.1,24.1,18.5,3.4,8.1,46.2
140,"47: retail trade, except of motor vehicles and motorcycles",30.2,17.0,45.5,26.0,13.7,5.2,8.6,29.6
140,49: land transport and transport via pipelines,22.3,11.5,46.3,8.4,26.2,3.1,9.9,32.0
140,52: warehousing and support activities for transportation,10.8,3.5,17.4,2.4,13.3,,12.0,57.5
140,53: postal and courier activities,44.3,44.7,46.1,,3.9,1.8,3.5,46.5
140,55: accommodation,35.7,18.0,52.5,18.2,3.3,2.5,8.8,31.2
140,56: food and beverage service activities,45.3,17.9,59.1,39.7,3.8,2.3,7.0,21.6
140,58: publishing activities,,,10.7,1.3,2.1,,14.7,72.5
140,"59: motion picture, video and television programme production, sound recording and music publishing activities",6.4,7.1,16.9,,,6.0,4.7,65.5
140,60: programming and broadcasting activities,33.5,2.6,38.4,,3.2,0.0,4.9,55.8
140,61: telecommunications,14.8,24.3,20.1,9.4,9.9,0.0,14.9,57.0
140,"62: computer programming, consultancy and related activities",6.6,11.9,28.2,7.7,1.4,5.9,12.3,50.2
140,63: information service activities,13.4,2.5,13.7,,,0.0,16.5,67.9
140,68: real estate activities,6.6,9.6,19.7,,0.0,6.0,6.8,67.0
140,69: legal and accounting activities,14.7,11.8,40.6,1.1,0.0,4.7,4.6,47.9
140,70: activities of head offices; management consultancy activities,4.6,2.7,25.0,6.2,2.1,4.2,9.7,66.9
140,71: architectural and engineering activities; technical testing and analysis,13.1,11.8,26.3,7.9,5.8,2.4,17.7,44.7
140,72: scientific research and development,1.0,,3.1,9.8,,,13.7,73.9
140,73: advertising and market research,11.2,6.3,16.9,3.5,3.1,,11.7,65.4
140,"74: other professional, scientific and technical activities",15.5,6.9,35.1,14.2,7.2,4.7,10.7,49.2
140,75: veterinary activities,6.8,,15.0,17.2,,,7.2,60.8
140,77: rental and leasing activities,21.4,12.3,43.7,17.2,22.6,,4.1,49.7
140,78: employment activities,15.9,18.9,28.5,1.4,2.9,1.7,5.4,55.5
140,"79: travel agency, tour operator and other reservation service and related activities",1.1,2.4,22.2,1.3,1.0,10.2,6.0,60.0
140,80: security and investigation activities,3.8,7.5,24.9,1.0,9.9,4.2,18.2,52.0
140,81: services to buildings and landscape activities,16.7,9.4,39.1,13.7,8.6,3.4,9.4,48.1
140,"82: office administrative, office support and other business support activities",11.9,7.0,20.3,4.0,5.2,5.3,14.6,58.1
140,85: education,13.5,14.3,34.9,4.3,2.1,5.0,10.5,47.8
140,86: human health activities,12.9,16.3,24.8,5.2,,8.1,10.8,53.8
140,"90: creative, arts and entertainment activities",6.5,6.1,29.7,11.3,,,9.4,55.5
140,"91: libraries, archives, museums and other cultural activities",45.3,2.9,52.3,18.0,,1.6,15.1,19.1
140,93: sports activities and amusement and recreation activities,19.3,15.3,40.5,16.2,2.8,,8.9,44.4
140,95: repair of computers and personal and household goods,1.0,2.5,29.8,28.6,14.3,2.3,30.9,34.6
140,96: other personal service activities,38.8,18.9,49.5,5.8,2.7,11.1,13.5,36.3
140,All businesses,21.2,12.2,36.6,19.3,8.3,3.4,9.4,42.6
142,10: manufacture of food products,23.2,13.0,39.1,55.0,16.7,6.8,2.5,24.8
142,11: manufacture of beverages,27.3,1.9,33.7,5.5,29.2,2.1,1.0,62.7
142,13: manufacture of textiles,27.8,,38.5,6.5,3.0,1.0,8.1,50.4
142,14: manufacture of wearing apparel,23.6,3.0,46.9,26.3,1.7,0.0,22.6,27.6
142,"16: manufacture of wood and of products of wood and cork, except furniture; manufacture of articles of straw and plaiting materials",17.5,10.2,43.3,51.3,25.3,,11.0,24.5
142,17: manufacture of paper and paper products,7.7,2.9,13.5,8.4,5.9,30.7,2.2,50.1
142,18: printing and reproduction of recorded media,25.5,,43.3,22.5,18.8,0.0,11.4,35.3
142,20: manufacture of chemicals and chemical products,11.4,5.4,20.8,29.9,16.5,,7.2,60.4
142,21: manufacture of basic pharmaceutical products and pharmaceutical preparations,16.3,5.0,27.4,33.4,21.6,6.2,20.9,39.5
142,22: manufacture of rubber and plastic products,13.9,2.0,39.0,22.8,3.6,,10.9,42.9
142,23: manufacture of other non-metallic mineral products,5.9,,8.8,14.3,3.5,,8.1,73.6
142,24: manufacture of basic metals,8.0,,10.5,45.1,4.4,3.2,33.2,15.2
142,"25: manufacture of fabricated metal products, except machinery and equipment",30.8,15.8,38.3,29.5,18.8,1.5,11.6,40.6
142,"26: manufacture of computer, electronic and optical products",7.3,,6.8,15.0,11.3,1.5,6.2,71.9
142,27: manufacture of electrical equipment,30.9,4.6,31.4,43.3,12.1,,6.9,33.1
142,28: manufacture of machinery and equipment n.e.c.,14.7,5.4,32.1,25.9,10.3,3.7,7.2,43.0
142,"29: manufacture of motor vehicles, trailers and semi-trailers",25.7,2.5,32.2,50.1,35.2,10.3,8.1,27.9
142,30: manufacture of other transport equipment,31.0,1.4,40.3,8.3,2.2,0.0,33.2,24.8
142,31: manufacture of furniture,23.2,7.1,32.1,24.1,15.6,,8.5,50.5
142,32: other manufacturing,20.8,17.5,55.2,37.8,50.9,,18.2,8.7
142,33: repair and installation of machinery and equipment,16.5,,40.9,15.2,23.1,5.6,9.1,37.7
142,"38: waste collection, treatment and disposal activities; materials recovery",17.4,8.2,33.5,9.0,2.4,8.6,2.0,54.4
142,41: construction of buildings,4.9,11.1,32.2,21.8,9.5,4.0,6.3,54.5
142,42: civil engineering,10.6,4.6,25.9,21.4,15.3,0.0,18.0,41.2
142,43: specialised construction activities,11.5,9.6,26.7,14.5,7.6,,13.2,50.8
142,45: wholesale and retail trade and repair of motor vehicles and motorcycles,20.8,22.3,30.8,14.1,11.4,4.4,3.7,48.4
142,"46: wholesale trade, except of motor vehicles and motorcycles",20.3,11.3,29.3,29.6,17.6,3.9,8.8,39.3
142,"47: retail trade, except of motor vehicles and motorcycles",28.0,18.0,42.3,21.6,13.5,5.1,7.1,30.3
142,49: land transport and transport via pipelines,20.6,12.6,38.0,2.3,22.8,2.9,8.6,42.3
142,52: warehousing and support activities for transportation,15.9,9.6,25.2,7.3,27.7,,8.1,49.3
142,53: postal and courier activities,1.1,21.0,27.2,,26.3,,2.5,67.4
142,55: accommodation,32.6,16.7,40.5,19.9,2.4,3.0,10.8,28.7
142,56: food and beverage service activities,41.8,17.7,54.9,35.2,3.5,2.5,5.6,26.4
142,58: publishing activities,6.2,2.8,25.5,1.9,,0.0,12.4,58.4
142,"59: motion picture, video and television programme production, sound recording and music publishing activities",16.6,8.8,24.9,4.2,,5.2,3.4,62.8
142,60: programming and broadcasting activities,36.1,1.7,40.0,0.0,5.7,0.0,5.7,51.7
142,61: telecommunications,13.0,14.9,19.9,12.8,8.3,,25.3,51.4
142,"62: computer programming, consultancy and related activities",5.8,9.5,20.0,4.5,2.2,3.7,9.7,59.4
142,63: information service activities,2.6,2.9,5.5,0.0,0.0,,20.2,72.7
142,68: real estate activities,18.0,13.0,33.2,,2.8,,9.7,48.1
142,69: legal and accounting activities,14.7,12.1,40.8,,0.0,7.6,6.4,45.1
142,70: activities of head offices; management consultancy activities,6.7,4.7,27.9,8.4,2.3,2.3,4.0,64.0
142,71: architectural and engineering activities; technical testing and analysis,16.0,6.0,37.3,16.4,12.1,,13.7,42.7
142,72: scientific research and development,14.2,,15.2,8.3,,6.7,12.3,70.9
142,73: advertising and market research,1.2,13.4,29.7,,,1.5,13.8,49.7
142,"74: other professional, scientific and technical activities",17.3,5.4,48.7,17.3,7.4,2.9,7.7,40.9
142,75: veterinary activities,28.6,5.1,34.6,17.8,1.5,1.8,12.6,40.8
142,77: rental and leasing activities,16.7,11.6,32.8,8.0,22.0,,12.3,47.3
142,78: employment activities,11.6,12.2,21.2,1.4,1.6,1.9,8.7,59.2
142,"79: travel agency, tour operator and other reservation service and related activities",1.0,20.5,21.4,11.2,10.3,,5.7,52.0
142,80: security and investigation activities,6.8,12.4,28.4,10.0,5.6,,7.2,62.5
142,81: services to buildings and landscape activities,11.0,15.6,40.9,8.3,8.0,,7.0,49.2
142,"82: office administrative, office support and other business support activities",12.0,9.9,18.2,3.8,6.2,1.7,10.2,61.2
142,85: education,18.5,7.9,28.4,,2.3,5.1,7.0,61.6
142,86: human health activities,18.5,13.8,26.3,6.2,1.7,3.5,9.2,56.7
142,"90: creative, arts and entertainment activities",10.3,5.8,40.3,1.7,,4.1,13.1,45.7
142,"91: libraries, archives, museums and other cultural activities",34.0,3.2,56.2,3.6,3.4,2.7,3.0,37.4
142,93: sports activities and amusement and recreation activities,27.8,11.2,38.8,14.7,2.5,,5.9,48.9
142,95: repair of computers and personal and household goods,17.8,,17.6,34.1,24.7,8.0,12.0,45.3
142,96: other personal service activities,39.5,24.4,52.0,6.2,6.0,3.1,3.1,35.5
142,All businesses,21.4,12.3,35.6,17.7,8.5,2.9,8.4,43.7
144,10: manufacture of food products,25.2,12.5,31.5,50.4,16.6,1.2,2.8,35.2
144,11: manufacture of beverages,27.0,24.2,88.8,25.1,5.7,39.9,1.1,7.6
144,13: manufacture of textiles,37.6,21.1,44.9,38.2,30.9,6.6,8.1,37.8
144,14: manufacture of wearing apparel,2.5,2.5,26.4,4.2,4.2,0.0,21.7,48.5
144,"16: manufacture of wood and of products of wood and cork, except furniture; manufacture of articles of straw and plaiting materials",12.3,6.0,36.1,39.5,7.6,,6.4,41.3
144,17: manufacture of paper and paper products,28.9,23.1,9.8,47.6,25.6,0.0,2.7,42.6
144,18: printing and reproduction of recorded media,23.9,6.0,41.2,20.2,6.7,,2.7,42.2
144,20: manufacture of chemicals and chemical products,23.6,2.5,14.0,26.7,13.6,7.5,12.2,50.9
144,21: manufacture of basic pharmaceutical products and pharmaceutical preparations,14.8,7.1,58.2,17.9,14.8,2.3,10.5,26.8
144,22: manufacture of rubber and plastic products,28.1,1.5,30.2,27.3,17.6,,9.0,49.4
144,23: manufacture of other non-metallic mineral products,27.4,1.3,37.6,37.2,17.1,1.2,9.1,42.3
144,24: manufacture of basic metals,38.7,0.0,16.2,34.3,31.5,0.0,21.8,15.2
144,"25: manufacture of fabricated metal products, except machinery and equipment",30.5,16.9,39.5,35.3,20.3,2.2,7.6,39.3
144,"26: manufacture of computer, electronic and optical products",13.5,6.9,28.7,24.9,13.4,1.6,8.9,53.9
144,27: manufacture of electrical equipment,10.1,6.2,33.6,24.8,8.8,,3.7,50.2
144,28: manufacture of machinery and equipment n.e.c.,19.1,10.7,41.1,23.6,19.2,4.6,6.0,45.0
144,"29: manufacture of motor vehicles, trailers and semi-trailers",23.1,,33.9,31.0,13.8,10.6,4.8,49.2
144,30: manufacture of other transport equipment,8.0,4.2,16.2,18.3,6.5,0.0,8.7,71.0
144,31: manufacture of furniture,22.5,5.6,27.3,26.6,9.7,,5.6,55.6
144,32: other manufacturing,14.4,1.7,56.3,44.8,41.6,13.5,16.7,9.9
144,33: repair and installation of machinery and equipment,9.2,1.4,37.4,16.9,7.9,,15.5,46.5
144,"38: waste collection, treatment and disposal activities; materials recovery",25.3,8.3,34.4,12.7,20.7,12.7,2.6,48.4
144,41: construction of buildings,7.5,5.7,28.8,15.2,7.6,2.4,4.8,62.3
144,42: civil engineering,21.1,11.6,37.3,31.1,5.1,,11.1,45.8
144,43: specialised construction activities,11.1,8.7,31.6,22.6,8.6,,8.8,50.8
144,45: wholesale and retail trade and repair of motor vehicles and motorcycles,23.2,11.0,31.3,14.0,6.0,3.4,5.8,53.2
144,"46: wholesale trade, except of motor vehicles and motorcycles",18.7,9.5,25.2,26.1,22.2,2.8,8.0,45.0
144,"47: retail trade, except of motor vehicles and motorcycles",23.5,15.0,37.1,17.1,10.5,,14.2,37.4
144,49: land transport and transport via pipelines,20.7,13.0,34.1,6.0,19.8,4.2,8.9,47.4
144,52: warehousing and support activities for transportation,13.5,7.3,23.0,2.2,26.9,,5.8,53.3
144,53: postal and courier activities,19.2,34.8,39.1,0.0,37.3,,1.4,40.3
144,55: accommodation,40.5,21.4,56.3,25.0,3.6,2.6,7.9,22.3
144,56: food and beverage service activities,42.4,15.4,50.0,37.8,3.4,4.7,8.2,25.1
144,58: publishing activities,0.0,6.3,21.4,0.0,0.0,,24.1,53.2
144,"59: motion picture, video and television programme production, sound recording and music publishing activities",6.2,10.8,8.0,,,,13.8,73.0
144,61: telecommunications,2.0,14.8,28.3,20.7,8.4,,19.5,47.8
144,"62: computer programming, consultancy and related activities",5.6,5.8,23.5,4.7,2.8,5.3,8.7,60.2
144,63: information service activities,1.5,0.0,2.2,0.0,0.0,,6.9,89.9
144,68: real estate activities,11.7,11.9,21.1,,0.0,,8.9,63.6
144,69: legal and accounting activities,12.0,9.9,39.6,0.0,0.0,4.2,7.8,47.6
144,70: activities of head offices; management consultancy activities,4.7,5.4,29.2,2.0,,2.3,7.0,62.7
144,71: architectural and engineering activities; technical testing and analysis,13.5,8.7,28.8,5.4,4.5,3.8,12.5,50.9
144,72: scientific research and development,14.3,6.7,24.1,11.6,2.9,,12.5,59.9
144,73: advertising and market research,1.3,7.7,22.9,1.2,1.2,,12.0,60.2
144,"74: other professional, scientific and technical activities",22.0,18.1,43.5,13.3,13.0,0.0,9.4,44.6
144,75: veterinary activities,12.5,16.3,29.4,6.1,0.0,5.3,5.9,53.3
144,77: rental and leasing activities,15.2,12.5,35.0,7.0,22.2,6.1,9.7,50.0
144,78: employment activities,6.0,8.9,22.7,0.0,2.6,1.7,9.4,60.5
144,"79: travel agency, tour operator and other reservation service and related activities",12.3,1.1,24.7,1.1,1.1,1.4,5.7,67.2
144,80: security and investigation activities,13.4,6.8,24.8,11.0,1.3,,13.3,55.5
144,81: services to buildings and landscape activities,4.3,12.9,32.2,3.9,3.5,,7.9,59.6
144,"82: office administrative, office support and other business support activities",14.1,3.5,26.6,11.0,6.4,,15.3,48.6
144,85: education,19.2,13.5,32.2,5.4,,3.9,7.8,54.4
144,86: human health activities,21.4,13.5,22.1,3.2,1.7,8.9,4.1,60.5
144,"90: creative, arts and entertainment activities",10.8,5.4,31.0,1.6,,,10.3,52.3
144,"91: libraries, archives, museums and other cultural activities",23.4,3.6,54.4,3.2,2.4,,1.8,43.2
144,93: sports activities and amusement and recreation activities,24.9,13.5,36.6,14.2,3.6,2.6,4.1,52.2
144,95: repair of computers and personal and household goods,20.0,,22.2,28.7,10.1,0.0,11.4,46.9
144,96: other personal service activities,43.4,22.7,44.4,10.7,2.8,2.5,5.4,40.1
144,All businesses,21.1,11.4,34.2,17.7,8.1,3.1,8.8,45.9
146,10: manufacture of food products,31.0,15.6,60.4,68.3,26.4,4.0,3.8,17.8
146,11: manufacture of beverages,34.9,5.4,38.1,36.0,9.7,26.6,,30.2
146,13: manufacture of textiles,29.4,12.4,37.7,47.3,28.6,,7.0,35.3
146,14: manufacture of wearing apparel,4.6,4.1,47.7,30.6,2.8,0.0,23.7,24.2
146,"16: manufacture of wood and of products of wood and cork, except furniture; manufacture of articles of straw and plaiting materials",24.0,12.1,46.6,50.3,19.0,,12.0,23.6
146,17: manufacture of paper and paper products,26.1,21.2,45.8,43.6,9.6,3.5,3.8,30.9
146,18: printing and reproduction of recorded media,25.9,2.3,62.4,42.3,25.8,,1.9,22.0
146,20: manufacture of chemicals and chemical products,37.6,12.5,30.5,45.7,33.5,,6.3,27.0
146,21: manufacture of basic pharmaceutical products and pharmaceutical preparations,30.5,2.5,31.5,37.5,18.6,0.0,15.4,42.0
146,22: manufacture of rubber and plastic products,33.2,3.3,54.5,37.2,23.1,,6.4,31.0
146,23: manufacture of other non-metallic mineral products,20.1,,39.9,49.7,19.3,0.0,7.9,36.8
146,24: manufacture of basic metals,34.0,3.2,17.5,57.6,29.8,21.4,27.0,6.7
146,"25: manufacture of fabricated metal products, except machinery and equipment",33.8,14.5,49.0,45.9,22.7,2.3,8.5,27.1
146,"26: manufacture of computer, electronic and optical products",10.7,11.6,55.6,30.6,25.5,1.4,3.2,35.8
146,27: manufacture of electrical equipment,23.1,10.0,42.3,28.0,7.8,1.0,3.6,44.4
146,28: manufacture of machinery and equipment n.e.c.,23.4,9.3,47.9,34.8,26.5,10.6,6.4,31.3
146,"29: manufacture of motor vehicles, trailers and semi-trailers",20.9,10.3,47.6,49.0,22.5,,20.5,10.4
146,30: manufacture of other transport equipment,8.3,1.5,20.6,18.3,5.4,1.1,6.1,66.5
146,31: manufacture of furniture,23.4,11.3,38.6,33.3,9.8,,10.6,42.7
146,32: other manufacturing,47.5,20.6,54.4,59.5,11.7,1.2,19.8,6.2
146,33: repair and installation of machinery and equipment,12.7,4.2,59.9,31.5,29.2,,11.4,27.7
146,"38: waste collection, treatment and disposal activities; materials recovery",29.3,9.6,44.4,15.4,30.5,13.6,2.1,38.2
146,41: construction of buildings,8.5,15.4,35.3,25.2,10.9,5.6,6.4,47.0
146,42: civil engineering,26.2,11.8,37.9,26.4,15.9,3.8,11.1,32.5
146,43: specialised construction activities,14.2,12.2,41.7,27.0,11.5,1.6,8.9,38.7
146,45: wholesale and retail trade and repair of motor vehicles and motorcycles,23.4,16.9,42.4,17.1,11.0,3.7,8.4,37.6
146,"46: wholesale trade, except of motor vehicles and motorcycles",21.0,13.7,36.6,38.0,26.1,4.7,6.4,31.7
146,"47: retail trade, except of motor vehicles and motorcycles",32.2,16.9,46.2,22.4,15.3,4.3,8.6,31.2
146,49: land transport and transport via pipelines,25.3,22.1,41.1,10.4,27.8,1.8,16.9,25.2
146,52: warehousing and support activities for transportation,11.8,4.0,23.5,15.3,29.5,6.3,7.1,45.8
146,53: postal and courier activities,3.1,2.5,47.0,2.0,48.5,,22.5,24.3
146,55: accommodation,32.0,21.5,53.6,20.2,2.9,4.7,11.3,26.5
146,56: food and beverage service activities,52.2,24.1,70.3,50.6,5.6,3.4,8.0,12.5
146,58: publishing activities,5.6,5.6,42.5,6.2,5.0,6.5,14.0,37.9
146,"59: motion picture, video and television programme production, sound recording and music publishing activities",1.0,5.9,15.4,1.0,1.0,1.1,13.8,64.1
146,61: telecommunications,11.6,3.8,20.7,9.6,0.0,7.6,20.2,42.7
146,"62: computer programming, consultancy and related activities",13.3,8.8,35.0,9.0,3.7,8.8,9.6,46.8
146,63: information service activities,2.4,21.1,64.8,0.0,0.0,,6.3,28.1
146,68: real estate activities,19.3,16.5,25.8,3.4,0.0,3.8,10.6,41.2
146,69: legal and accounting activities,15.7,11.9,44.4,1.6,0.0,6.6,5.6,43.0
146,70: activities of head offices; management consultancy activities,10.1,6.4,42.9,1.9,1.9,,9.4,45.1
146,71: architectural and engineering activities; technical testing and analysis,25.2,16.9,49.3,12.4,12.3,2.6,6.6,37.1
146,72: scientific research and development,13.9,7.4,29.5,10.1,2.5,,10.1,57.8
146,73: advertising and market research,2.2,15.7,27.9,4.1,1.4,2.5,10.1,57.5
146,"74: other professional, scientific and technical activities",10.7,11.7,37.4,9.4,3.8,2.7,5.9,49.9
146,75: veterinary activities,22.4,16.3,42.5,35.2,,10.4,6.1,34.0
146,77: rental and leasing activities,17.3,15.6,40.9,22.7,17.8,3.1,12.6,41.0
146,78: employment activities,15.6,18.6,36.1,1.3,3.9,,6.6,46.0
146,"79: travel agency, tour operator and other reservation service and related activities",12.1,11.8,33.6,2.8,10.8,10.9,3.9,40.5
146,80: security and investigation activities,18.0,1.4,44.0,24.5,8.7,1.2,5.1,34.9
146,81: services to buildings and landscape activities,9.6,7.1,48.7,9.2,9.4,3.1,5.1,40.1
146,"82: office administrative, office support and other business support activities",14.2,7.2,28.2,12.4,6.8,2.0,17.9,44.2
146,85: education,17.5,3.3,32.0,0.0,4.5,1.0,9.4,53.2
146,86: human health activities,20.6,18.3,34.7,4.5,1.5,5.5,10.3,47.5
146,"90: creative, arts and entertainment activities",16.1,10.4,33.5,7.1,1.5,5.2,19.4,45.5
146,"91: libraries, archives, museums and other cultural activities",43.6,1.1,60.7,7.2,1.9,12.9,12.9,22.1
146,93: sports activities and amusement and recreation activities,28.7,9.3,40.5,18.9,5.1,5.0,4.5,46.6
146,95: repair of computers and personal and household goods,1.0,,26.1,24.8,,0.0,12.8,39.5
146,96: other personal service activities,40.6,20.2,60.8,17.2,8.5,8.8,11.3,21.7
146,All businesses,25.4,14.6,45.3,24.0,10.9,3.9,8.8,34.3
148,10: manufacture of food products,29.7,9.5,46.9,56.1,20.1,7.4,3.2,30.0
148,11: manufacture of beverages,23.1,13.0,44.8,36.3,30.2,20.7,8.7,24.8
148,13: manufacture of textiles,19.6,,45.5,37.5,8.9,,,43.1
148,14: manufacture of wearing apparel,2.2,1.7,69.7,26.7,3.1,0.0,24.3,2.9
148,"16: manufacture of wood and of products of wood and cork, except furniture; manufacture of articles of straw and plaiting materials",16.7,5.9,30.9,48.0,27.3,5.0,20.3,14.6
148,17: manufacture of paper and paper products,23.3,2.7,31.6,26.8,24.9,15.8,3.6,61.6
148,18: printing and reproduction of recorded media,32.9,1.7,61.0,48.4,31.9,,1.5,31.4
148,20: manufacture of chemicals and chemical products,28.5,,21.6,32.4,15.4,10.2,12.6,27.5
148,21: manufacture of basic pharmaceutical products and pharmaceutical preparations,27.1,7.8,53.9,34.5,18.0,0.0,16.0,30.1
148,22: manufacture of rubber and plastic products,30.1,,51.1,42.4,9.3,1.2,2.4,34.2
148,23: manufacture of other non-metallic mineral products,25.0,,53.2,45.3,39.8,,8.7,21.4
148,24: manufacture of basic metals,32.9,1.1,67.6,32.1,26.6,2.1,16.1,10.1
148,"25: manufacture of fabricated metal products, except machinery and equipment",36.2,16.4,50.7,42.5,22.2,2.1,9.2,25.7
148,"26: manufacture of computer, electronic and optical products",18.1,6.5,37.8,40.5,16.1,1.7,11.1,31.5
148,27: manufacture of electrical equipment,38.8,5.0,54.4,54.6,27.7,,2.0,23.7
148,28: manufacture of machinery and equipment n.e.c.,21.4,17.1,36.2,45.7,14.1,1.1,3.1,31.6
148,"29: manufacture of motor vehicles, trailers and semi-trailers",31.3,3.0,35.8,40.6,20.1,,6.0,40.1
148,30: manufacture of other transport equipment,23.3,0.0,43.8,17.9,7.2,2.2,9.1,40.7
148,31: manufacture of furniture,18.3,8.7,31.7,35.9,11.1,,8.9,35.9
148,32: other manufacturing,14.8,13.9,32.4,19.7,27.1,2.6,13.7,28.6
148,33: repair and installation of machinery and equipment,20.4,11.7,63.7,34.7,35.9,,8.2,25.6
148,"36: water collection, treatment and supply",36.5,1.9,7.7,3.8,3.8,0.0,1.9,57.7
148,"38: waste collection, treatment and disposal activities; materials recovery",10.0,8.2,18.8,12.8,29.6,1.5,6.8,54.1
148,41: construction of buildings,6.4,11.2,30.8,23.3,15.6,1.9,14.7,43.7
148,42: civil engineering,13.1,4.7,38.8,18.7,9.8,,8.8,46.7
148,43: specialised construction activities,15.1,10.3,45.3,35.5,13.8,,11.6,34.9
148,45: wholesale and retail trade and repair of motor vehicles and motorcycles,21.9,10.8,38.7,12.1,9.7,4.7,7.3,40.7
148,"46: wholesale trade, except of motor vehicles and motorcycles",21.8,12.6,33.4,37.4,26.9,5.2,8.2,31.8
148,"47: retail trade, except of motor vehicles and motorcycles",31.4,20.2,45.2,24.7,17.9,6.1,12.7,24.7
148,49: land transport and transport via pipelines,30.5,14.3,48.4,6.0,29.9,1.7,10.0,27.6
148,52: warehousing and support activities for transportation,17.1,7.6,26.5,4.0,28.4,5.9,5.9,41.0
148,53: postal and courier activities,53.6,48.5,56.5,1.6,54.7,,3.2,36.6
148,55: accommodation,36.5,23.4,53.4,23.7,3.0,5.0,10.1,26.1
148,56: food and beverage service activities,47.9,20.5,63.5,50.5,11.7,6.4,10.6,15.1
148,58: publishing activities,4.6,0.0,28.5,4.2,0.0,1.8,12.5,57.7
148,"59: motion picture, video and television programme production, sound recording and music publishing activities",10.0,10.0,17.3,,,,9.1,68.0
148,61: telecommunications,15.2,12.9,32.4,25.6,10.6,0.0,22.3,34.8
148,"62: computer programming, consultancy and related activities",7.8,9.9,34.5,10.1,2.1,6.9,10.1,43.8
148,63: information service activities,,27.4,57.0,0.0,0.0,1.0,4.4,11.1
148,68: real estate activities,25.0,25.3,36.3,3.4,,,12.7,37.5
148,69: legal and accounting activities,20.1,15.0,44.6,1.0,1.9,5.4,5.0,39.4
148,70: activities of head offices; management consultancy activities,7.0,9.2,33.3,2.1,4.2,4.2,7.8,52.5
148,71: architectural and engineering activities; technical testing and analysis,18.7,16.9,48.3,24.4,12.2,3.9,13.3,29.6
148,72: scientific research and development,8.4,0.0,19.9,8.6,1.0,,11.2,67.3
148,73: advertising and market research,1.4,5.8,25.4,1.2,5.1,4.4,13.9,56.0
148,"74: other professional, scientific and technical activities",27.9,20.4,50.2,15.3,15.3,5.5,4.0,42.2
148,75: veterinary activities,18.5,12.1,21.2,25.2,,18.5,13.2,28.6
148,77: rental and leasing activities,16.2,7.3,45.9,19.2,23.0,4.6,13.0,37.7
148,78: employment activities,14.1,15.3,29.4,1.6,1.9,1.1,10.1,52.8
148,"79: travel agency, tour operator and other reservation service and related activities",2.4,2.5,23.0,1.5,1.0,10.4,6.0,59.9
148,80: security and investigation activities,10.2,37.8,63.5,14.9,4.0,1.7,10.8,16.1
148,81: services to buildings and landscape activities,5.7,12.1,53.8,9.2,6.9,2.5,6.4,34.9
148,"82: office administrative, office support and other business support activities",11.5,8.4,36.2,8.8,6.9,5.3,8.7,49.6
148,85: education,19.7,10.4,30.5,2.9,,2.4,6.5,53.6
148,86: human health activities,14.2,11.6,31.2,6.7,1.5,6.1,6.3,53.9
148,"90: creative, arts and entertainment activities",12.3,,39.9,11.3,,5.7,17.0,41.0
148,"91: libraries, archives, museums and other cultural activities",53.9,24.9,59.6,16.7,2.8,0.0,1.8,35.2
148,93: sports activities and amusement and recreation activities,29.7,9.0,45.2,14.8,3.7,3.8,7.6,41.7
148,95: repair of computers and personal and household goods,3.1,,30.1,17.9,9.5,0.0,3.1,57.8
148,96: other personal service activities,59.2,42.2,69.1,23.1,8.5,2.8,11.8,10.7
148,All businesses,24.8,14.4,44.1,24.4,12.1,4.4,9.5,34.0
150,10: manufacture of food products,40.7,18.6,61.3,57.7,26.5,4.3,3.2,21.5
150,11: manufacture of beverages,29.1,30.4,30.4,30.7,28.8,29.6,3.9,31.2
150,13: manufacture of textiles,29.8,15.0,52.8,36.5,15.0,,5.7,33.8
150,14: manufacture of wearing apparel,45.2,0.0,49.7,65.7,0.0,0.0,25.5,2.8
150,"16: manufacture of wood and of products of wood and cork, except furniture; manufacture of articles of straw and plaiting materials",27.3,13.2,43.7,48.5,26.7,6.4,14.1,29.1
150,17: manufacture of paper and paper products,31.0,15.1,42.3,36.2,21.6,13.8,3.0,52.8
150,18: printing and reproduction of recorded media,31.4,5.5,47.6,37.2,27.1,0.0,6.6,37.4
150,20: manufacture of chemicals and chemical products,38.6,7.2,29.0,34.9,27.2,4.7,6.6,30.0
150,21: manufacture of basic pharmaceutical products and pharmaceutical preparations,21.2,6.0,36.9,26.0,15.9,0.0,16.7,41.4
150,22: manufacture of rubber and plastic products,33.3,11.8,57.7,47.9,24.5,5.9,7.3,25.8
150,23: manufacture of other non-metallic mineral products,23.6,,50.1,70.5,34.3,,1.5,24.6
150,24: manufacture of basic metals,32.6,2.7,46.3,34.5,9.8,0.0,17.9,27.9
150,"25: manufacture of fabricated metal products, except machinery and equipment",31.2,6.1,43.4,47.1,20.2,2.3,13.0,27.4
150,"26: manufacture of computer, electronic and optical products",18.3,1.0,31.0,26.9,19.1,0.0,13.6,42.7
150,27: manufacture of electrical equipment,33.6,16.0,49.5,50.5,22.0,,13.4,15.4
150,28: manufacture of machinery and equipment n.e.c.,22.2,17.7,40.9,31.0,16.5,3.4,4.8,41.2
150,"29: manufacture of motor vehicles, trailers and semi-trailers",35.1,8.1,39.6,42.4,19.1,0.0,3.3,29.0
150,30: manufacture of other transport equipment,23.3,0.0,46.3,46.6,19.0,1.7,7.7,40.7
150,31: manufacture of furniture,16.2,7.1,46.1,19.6,16.2,5.6,13.1,39.9
150,32: other manufacturing,17.1,14.9,35.0,47.3,42.4,,16.1,33.9
150,33: repair and installation of machinery and equipment,37.2,27.6,68.7,46.3,29.7,0.0,3.8,20.6
150,"36: water collection, treatment and supply",3.8,1.9,7.7,1.9,1.9,1.9,0.0,90.4
150,37: sewerage,3.9,20.8,42.2,1.3,,0.0,0.0,57.8
150,"38: waste collection, treatment and disposal activities; materials recovery",30.4,12.0,34.2,38.6,43.3,10.9,1.8,35.0
150,41: construction of buildings,13.6,7.2,31.7,16.9,13.6,2.4,13.8,48.7
150,42: civil engineering,16.1,8.8,46.1,35.7,19.3,,8.9,33.4
150,43: specialised construction activities,15.7,11.0,33.8,25.6,10.5,,10.9,40.5
150,45: wholesale and retail trade and repair of motor vehicles and motorcycles,18.8,10.4,33.2,11.8,11.1,3.7,12.8,45.8
150,"46: wholesale trade, except of motor vehicles and motorcycles",19.8,13.0,31.3,34.4,21.1,5.7,9.3,34.4
150,"47: retail trade, except of motor vehicles and motorcycles",28.3,16.3,43.4,23.4,15.9,5.3,13.6,24.0
150,49: land transport and transport via pipelines,23.1,13.8,40.2,7.1,27.9,3.6,7.0,38.3
150,52: warehousing and support activities for transportation,9.6,3.2,19.1,3.2,20.2,5.4,7.0,55.6
150,53: postal and courier activities,44.2,15.9,59.2,2.2,32.2,27.2,14.4,22.5
150,55: accommodation,40.6,21.6,53.4,27.1,5.1,11.8,11.8,22.5
150,56: food and beverage service activities,55.4,26.9,72.6,47.7,4.9,5.7,6.6,12.8
150,58: publishing activities,,6.0,30.9,,0.0,5.4,13.5,49.9
150,"59: motion picture, video and television programme production, sound recording and music publishing activities",10.7,6.1,13.7,,0.0,,7.6,73.1
150,61: telecommunications,11.6,8.9,18.5,9.1,6.3,5.2,26.3,42.5
150,"62: computer programming, consultancy and related activities",6.6,11.9,26.8,4.2,4.1,3.5,10.3,52.1
150,63: information service activities,,1.5,31.7,0.0,0.0,0.0,5.4,62.5
150,68: real estate activities,15.4,18.1,42.0,2.7,2.5,3.1,15.7,34.2
150,69: legal and accounting activities,11.9,11.4,44.9,2.9,0.0,4.1,8.8,37.3
150,70: activities of head offices; management consultancy activities,7.2,10.9,24.8,5.1,5.4,2.3,14.4,55.2
150,71: architectural and engineering activities; technical testing and analysis,24.7,14.7,49.9,14.3,15.1,1.9,11.4,36.4
150,72: scientific research and development,1.0,0.0,27.0,3.1,2.1,,12.3,59.0
150,73: advertising and market research,13.3,10.7,38.4,6.9,3.4,3.6,16.2,41.4
150,"74: other professional, scientific and technical activities",21.5,19.0,47.1,12.5,12.0,3.0,7.8,41.2
150,75: veterinary activities,15.1,28.1,32.7,22.4,0.0,,14.7,24.9
150,77: rental and leasing activities,24.9,16.0,34.1,15.1,25.3,3.3,13.6,37.9
150,78: employment activities,13.4,16.4,39.9,1.8,4.1,7.3,5.5,44.2
150,"79: travel agency, tour operator and other reservation service and related activities",1.9,10.6,19.6,1.1,1.6,1.7,23.7,45.2
150,80: security and investigation activities,2.5,10.7,21.9,16.7,1.4,8.7,9.4,44.0
150,81: services to buildings and landscape activities,17.1,21.9,57.8,9.0,8.1,,2.5,39.1
150,"82: office administrative, office support and other business support activities",9.7,6.7,26.7,8.7,9.5,3.3,12.7,47.6
150,85: education,14.7,15.9,28.6,2.7,,5.1,9.6,51.2
150,86: human health activities,24.6,14.8,33.8,13.5,1.7,5.5,8.3,50.7
150,"90: creative, arts and entertainment activities",17.1,,31.2,17.4,0.0,4.8,21.7,42.3
150,"91: libraries, archives, museums and other cultural activities",54.5,14.7,85.7,47.2,4.9,0.0,2.0,9.9
150,93: sports activities and amusement and recreation activities,24.9,12.3,45.1,19.0,2.7,6.4,7.0,36.1
150,95: repair of computers and personal and household goods,2.9,0.0,6.1,1.5,,12.0,11.6,70.0
150,96: other personal service activities,50.3,28.6,61.0,18.7,5.8,5.5,7.8,30.4
150,All businesses,26.0,15.3,43.8,23.7,10.8,4.5,9.8,34.7
152,10: manufacture of food products,37.4,23.3,56.0,50.9,32.6,1.1,3.0,25.5
152,11: manufacture of beverages,45.4,42.2,87.8,83.3,82.1,,2.2,6.8
152,13: manufacture of textiles,31.1,10.9,65.7,40.6,26.3,,7.3,18.9
152,14: manufacture of wearing apparel,16.1,0.0,62.7,45.2,31.7,0.0,3.9,3.1
152,"16: manufacture of wood and of products of wood and cork, except furniture; manufacture of articles of straw and plaiting materials",36.1,7.2,35.6,45.3,21.3,6.0,7.6,33.1
152,17: manufacture of paper and paper products,41.0,1.8,60.0,43.6,43.4,,5.4,25.7
152,18: printing and reproduction of recorded media,24.2,6.8,46.9,40.0,20.0,1.5,1.8,37.4
152,20: manufacture of chemicals and chemical products,20.2,6.6,21.7,30.0,16.3,,18.4,33.2
152,21: manufacture of basic pharmaceutical products and pharmaceutical preparations,11.8,0.0,26.1,5.9,24.4,4.2,21.8,46.2
152,22: manufacture of rubber and plastic products,41.0,7.7,49.1,57.6,39.7,1.6,8.5,11.3
152,23: manufacture of other non-metallic mineral products,64.5,,32.8,54.7,35.7,0.0,1.9,13.5
152,24: manufacture of basic metals,35.5,1.1,35.5,39.9,34.7,14.3,27.6,7.3
152,"25: manufacture of fabricated metal products, except machinery and equipment",38.3,12.0,41.2,42.3,18.3,1.8,7.5,31.2
152,"26: manufacture of computer, electronic and optical products",15.5,6.0,30.1,28.6,10.7,1.5,2.6,55.9
152,27: manufacture of electrical equipment,21.8,5.6,46.2,39.8,26.5,5.0,6.8,22.3
152,28: manufacture of machinery and equipment n.e.c.,34.0,13.5,41.1,36.2,19.0,4.4,10.3,31.9
152,"29: manufacture of motor vehicles, trailers and semi-trailers",26.7,3.5,26.9,21.5,14.5,9.1,4.5,42.7
152,30: manufacture of other transport equipment,48.1,2.9,55.9,43.0,23.4,0.0,4.6,33.5
152,31: manufacture of furniture,30.3,1.0,49.0,39.8,24.7,,13.8,29.1
152,32: other manufacturing,34.0,15.8,43.3,52.0,33.3,,9.7,28.5
152,33: repair and installation of machinery and equipment,35.9,9.6,64.3,20.5,29.1,25.0,11.6,14.1
152,"36: water collection, treatment and supply",40.4,22.1,36.5,21.2,9.6,9.6,5.8,5.8
152,37: sewerage,26.6,21.9,46.9,0.0,45.6,0.0,1.3,27.0
152,"38: waste collection, treatment and disposal activities; materials recovery",38.2,9.9,53.6,33.9,53.7,11.5,15.7,16.7
152,41: construction of buildings,26.4,13.3,42.4,42.1,27.9,,5.2,38.3
152,42: civil engineering,23.1,10.1,35.8,30.0,26.3,,8.9,32.2
152,43: specialised construction activities,19.3,14.4,38.1,31.4,15.8,1.8,9.4,39.8
152,45: wholesale and retail trade and repair of motor vehicles and motorcycles,28.9,17.4,46.6,17.9,13.0,2.9,9.4,34.8
152,"46: wholesale trade, except of motor vehicles and motorcycles",25.2,16.7,33.1,34.1,32.7,3.6,9.8,28.2
152,"47: retail trade, except of motor vehicles and motorcycles",31.5,18.9,48.4,24.8,17.4,2.9,12.2,24.3
152,49: land transport and transport via pipelines,38.9,16.6,44.1,11.0,34.6,5.0,7.6,16.1
152,52: warehousing and support activities for transportation,12.9,7.3,25.7,8.7,38.3,11.8,8.2,33.8
152,53: postal and courier activities,23.3,20.8,49.1,1.5,64.7,20.6,,28.1
152,55: accommodation,55.2,34.2,62.3,22.7,8.6,6.5,9.8,11.1
152,56: food and beverage service activities,55.7,23.9,70.3,44.8,7.1,4.5,8.9,11.0
152,58: publishing activities,1.3,1.3,36.8,5.3,0.0,6.0,19.3,43.3
152,"59: motion picture, video and television programme production, sound recording and music publishing activities",11.3,10.2,14.0,1.7,,11.0,17.8,57.8
152,61: telecommunications,14.2,2.8,27.2,,13.8,23.6,23.6,36.8
152,"62: computer programming, consultancy and related activities",8.3,11.9,35.0,10.9,5.5,4.4,12.7,40.7
152,63: information service activities,29.2,27.8,60.9,1.2,1.0,1.2,2.9,8.3
152,68: real estate activities,28.0,21.9,36.5,6.1,3.1,3.4,18.8,32.3
152,69: legal and accounting activities,18.1,10.4,51.4,2.5,0.0,8.9,6.1,34.3
152,70: activities of head offices; management consultancy activities,4.4,12.1,25.2,,1.8,6.0,11.7,52.9
152,71: architectural and engineering activities; technical testing and analysis,21.8,15.9,41.3,18.6,13.0,1.0,9.3,36.0
152,72: scientific research and development,22.1,13.3,23.1,9.2,7.3,,12.3,48.6
152,73: advertising and market research,6.5,4.3,30.9,3.3,3.6,4.3,13.5,48.7
152,"74: other professional, scientific and technical activities",23.1,11.6,46.1,17.7,17.4,5.9,12.6,31.9
152,75: veterinary activities,30.9,35.1,53.4,49.9,6.9,,,38.2
152,77: rental and leasing activities,25.5,18.1,30.3,9.8,33.2,2.6,6.9,46.2
152,78: employment activities,12.4,19.4,46.2,1.8,,7.0,10.9,30.0
152,"79: travel agency, tour operator and other reservation service and related activities",2.9,14.7,32.4,2.1,3.1,2.6,4.4,46.7
152,80: security and investigation activities,8.8,11.8,48.0,20.6,28.0,,21.3,16.2
152,81: services to buildings and landscape activities,22.7,24.9,72.2,18.2,20.9,,8.0,10.4
152,"82: office administrative, office support and other business support activities",15.3,8.9,34.2,5.0,7.0,2.3,13.1,46.7
152,85: education,18.3,7.2,24.0,3.3,,8.0,9.5,53.7
152,86: human health activities,18.9,13.9,30.4,7.8,,3.7,8.0,51.8
152,"90: creative, arts and entertainment activities",24.3,6.8,39.1,12.7,6.0,,12.9,46.8
152,"91: libraries, archives, museums and other cultural activities",29.4,4.4,60.5,30.6,17.3,,,34.1
152,93: sports activities and amusement and recreation activities,39.6,14.8,55.5,24.0,3.1,3.0,2.2,30.3
152,95: repair of computers and personal and household goods,20.4,,58.3,19.2,20.0,0.0,1.6,39.9
152,96: other personal service activities,49.4,29.9,67.2,28.0,13.1,13.0,8.6,21.3
152,All businesses,29.7,16.4,46.3,24.4,14.3,4.2,9.5,29.8
154,10: manufacture of food products,50.4,31.1,48.7,54.5,58.7,5.7,3.0,23.7
154,11: manufacture of beverages,88.2,80.5,87.9,90.1,92.6,0.0,2.9,2.2
154,13: manufacture of textiles,54.6,16.1,64.2,36.1,41.6,8.1,1.9,11.9
154,14: manufacture of wearing apparel,23.5,1.9,26.7,46.6,24.7,21.8,4.0,2.9
154,"16: manufacture of wood and of products of wood and cork, except furniture; manufacture of articles of straw and plaiting materials",59.8,15.9,60.7,61.1,52.3,,1.8,10.9
154,17: manufacture of paper and paper products,59.8,15.4,38.4,61.5,77.2,0.0,1.8,14.8
154,18: printing and reproduction of recorded media,56.6,14.0,44.0,66.8,57.2,,6.7,19.2
154,20: manufacture of chemicals and chemical products,41.9,1.6,17.1,71.3,71.0,,4.6,14.4
154,21: manufacture of basic pharmaceutical products and pharmaceutical preparations,30.1,6.1,25.3,30.5,28.0,0.0,12.6,46.6
154,22: manufacture of rubber and plastic products,46.7,5.9,49.1,73.3,59.8,2.4,6.6,16.2
154,23: manufacture of other non-metallic mineral products,65.2,8.4,46.6,72.2,56.9,,2.2,12.5
154,24: manufacture of basic metals,72.6,,46.0,62.7,66.9,0.0,15.2,2.3
154,"25: manufacture of fabricated metal products, except machinery and equipment",53.1,9.5,47.9,61.8,52.1,,4.7,17.0
154,"26: manufacture of computer, electronic and optical products",26.8,9.9,29.6,52.3,46.5,,4.3,28.9
154,27: manufacture of electrical equipment,41.4,1.5,33.0,70.1,28.0,3.4,5.9,17.7
154,28: manufacture of machinery and equipment n.e.c.,51.0,14.8,36.1,58.4,47.2,1.0,5.2,19.2
154,"29: manufacture of motor vehicles, trailers and semi-trailers",55.8,9.2,37.9,51.6,56.8,0.0,5.0,29.6
154,30: manufacture of other transport equipment,42.9,1.8,56.1,59.9,53.2,0.0,5.3,29.2
154,31: manufacture of furniture,33.8,8.1,40.6,49.1,30.5,,19.8,20.6
154,32: other manufacturing,48.3,21.9,38.1,58.2,25.2,10.7,1.5,35.3
154,33: repair and installation of machinery and equipment,47.1,17.5,54.5,37.2,38.7,8.7,3.6,12.5
154,37: sewerage,56.2,19.1,39.1,6.8,39.4,17.6,0.0,20.6
154,"38: waste collection, treatment and disposal activities; materials recovery",63.8,20.1,47.5,16.2,57.7,9.9,0.0,22.2
154,41: construction of buildings,50.2,12.6,41.9,48.3,47.3,,3.6,28.2
154,42: civil engineering,59.5,13.5,38.6,43.9,49.7,,12.4,14.2
154,43: specialised construction activities,41.5,12.4,46.9,40.8,39.3,2.0,7.9,23.2
154,45: wholesale and retail trade and repair of motor vehicles and motorcycles,36.4,19.6,38.7,30.4,36.4,1.6,15.1,20.1
154,"46: wholesale trade, except of motor vehicles and motorcycles",39.4,11.9,27.9,36.0,51.3,4.2,8.4,23.7
154,"47: retail trade, except of motor vehicles and motorcycles",42.7,20.7,49.5,27.6,34.7,3.8,11.3,19.1
154,49: land transport and transport via pipelines,51.6,12.7,32.6,15.0,44.0,13.2,9.1,9.9
154,52: warehousing and support activities for transportation,30.7,1.6,21.9,4.0,30.8,8.3,2.8,39.2
154,53: postal and courier activities,55.6,16.4,42.1,0.0,70.9,,,21.6
154,55: accommodation,61.5,24.6,66.3,30.9,17.1,8.0,8.6,12.0
154,56: food and beverage service activities,63.3,25.4,73.5,43.3,21.5,4.5,6.1,8.8
154,58: publishing activities,3.1,18.0,23.0,1.5,2.5,,11.8,61.0
154,"59: motion picture, video and television programme production, sound recording and music publishing activities",14.0,6.3,21.5,1.3,6.9,,8.5,68.0
154,61: telecommunications,18.3,5.0,22.2,22.8,7.9,14.4,14.0,40.8
154,"62: computer programming, consultancy and related activities",15.9,14.3,32.0,14.5,5.6,2.8,8.3,40.1
154,63: information service activities,3.2,42.2,47.9,1.9,,,1.5,8.3
154,68: real estate activities,24.9,19.8,25.7,4.1,,4.0,20.1,34.6
154,69: legal and accounting activities,22.9,14.8,50.6,,,7.5,6.5,32.6
154,70: activities of head offices; management consultancy activities,17.0,12.9,26.8,,4.2,2.1,10.5,54.0
154,71: architectural and engineering activities; technical testing and analysis,34.9,16.5,40.3,22.0,25.5,2.3,8.5,30.4
154,72: scientific research and development,23.9,12.7,22.4,21.0,8.3,0.0,12.2,50.3
154,73: advertising and market research,12.3,17.2,29.0,1.8,,,6.1,51.1
154,"74: other professional, scientific and technical activities",38.2,17.7,47.2,20.5,26.4,6.0,7.1,32.4
154,75: veterinary activities,28.4,24.4,15.0,27.6,26.8,,8.9,26.4
154,77: rental and leasing activities,45.1,18.3,40.1,19.0,40.5,3.1,6.1,26.3
154,78: employment activities,27.9,21.1,46.9,3.7,6.3,2.3,9.7,31.5
154,"79: travel agency, tour operator and other reservation service and related activities",12.5,22.6,22.9,,2.8,2.0,13.4,40.0
154,80: security and investigation activities,40.9,1.8,39.6,18.1,21.3,,19.9,20.3
154,81: services to buildings and landscape activities,32.0,19.7,83.8,19.1,30.5,4.0,9.2,6.1
154,"82: office administrative, office support and other business support activities",32.9,15.7,46.0,13.6,15.7,6.3,6.2,34.4
154,85: education,15.1,7.1,39.8,6.2,6.0,8.4,10.9,37.2
154,86: human health activities,31.6,15.3,40.0,6.6,2.8,5.2,8.5,46.2
154,"90: creative, arts and entertainment activities",22.4,6.2,41.0,7.4,2.8,1.2,12.4,43.7
154,"91: libraries, archives, museums and other cultural activities",41.4,5.1,70.8,34.3,3.2,,,24.0
154,93: sports activities and amusement and recreation activities,41.7,11.9,52.9,28.6,15.3,2.4,2.1,32.1
154,95: repair of computers and personal and household goods,40.0,1.8,26.1,36.0,24.4,0.0,,54.9
154,96: other personal service activities,54.5,31.2,66.3,15.2,8.8,5.6,3.1,21.1
154,All businesses,41.1,17.0,47.2,28.2,26.3,4.1,7.9,25.0
156,10: manufacture of food products,48.9,12.9,45.2,44.7,47.9,,5.9,27.0
156,11: manufacture of beverages,12.6,2.0,87.5,86.7,88.9,0.0,1.9,4.5
156,13: manufacture of textiles,28.1,7.3,49.0,39.9,30.6,,16.9,20.5
156,14: manufacture of wearing apparel,1.8,,37.3,73.4,38.6,,5.3,2.0
156,"16: manufacture of wood and of products of wood and cork, except furniture; manufacture of articles of straw and plaiting materials",36.5,13.8,48.9,63.4,46.0,6.4,7.0,13.6
156,17: manufacture of paper and paper products,65.0,18.1,42.3,74.3,88.8,0.0,1.5,2.4
156,18: printing and reproduction of recorded media,48.7,9.8,42.2,57.5,51.8,,7.1,24.4
156,20: manufacture of chemicals and chemical products,28.2,,21.2,51.0,55.0,12.1,9.0,13.4
156,21: manufacture of basic pharmaceutical products and pharmaceutical preparations,32.5,10.1,17.5,17.4,35.0,0.0,10.9,35.7
156,22: manufacture of rubber and plastic products,52.7,5.8,41.7,65.4,58.6,1.4,10.1,13.0
156,23: manufacture of other non-metallic mineral products,51.5,1.1,40.9,62.5,55.7,,11.5,4.6
156,24: manufacture of basic metals,27.1,0.0,33.3,69.8,46.5,0.0,,17.9
156,"25: manufacture of fabricated metal products, except machinery and equipment",44.8,11.7,47.0,63.9,42.0,,5.0,14.9
156,"26: manufacture of computer, electronic and optical products",25.8,,33.2,35.7,44.4,1.8,8.5,26.1
156,27: manufacture of electrical equipment,35.4,5.7,53.4,50.3,26.8,0.0,13.7,23.1
156,28: manufacture of machinery and equipment n.e.c.,35.5,7.3,32.4,45.1,46.9,3.3,6.7,29.1
156,"29: manufacture of motor vehicles, trailers and semi-trailers",61.1,10.0,34.9,60.0,48.3,0.0,2.6,20.6
156,30: manufacture of other transport equipment,44.8,6.0,56.0,57.4,56.5,0.0,8.7,26.0
156,31: manufacture of furniture,21.5,,44.9,65.1,33.4,,,25.1
156,32: other manufacturing,4.9,,15.0,41.0,4.7,0.0,27.0,28.7
156,33: repair and installation of machinery and equipment,38.0,1.7,37.9,25.9,32.5,6.8,3.0,33.2
156,37: sewerage,60.6,29.3,66.8,0.0,29.3,,0.0,3.0
156,"38: waste collection, treatment and disposal activities; materials recovery",40.9,23.9,30.4,13.0,42.7,25.2,11.3,27.3
156,41: construction of buildings,34.2,9.2,33.9,34.7,19.2,2.0,7.4,37.8
156,42: civil engineering,52.2,14.7,54.3,59.2,67.4,,1.9,9.5
156,43: specialised construction activities,29.1,14.1,34.6,43.3,34.8,1.2,6.4,29.8
156,45: wholesale and retail trade and repair of motor vehicles and motorcycles,42.4,15.6,39.5,28.0,36.3,3.4,7.5,29.1
156,"46: wholesale trade, except of motor vehicles and motorcycles",38.5,13.0,30.7,44.1,53.8,3.6,8.1,18.9
156,"47: retail trade, except of motor vehicles and motorcycles",40.8,17.9,47.4,28.0,26.9,3.3,11.3,21.8
156,49: land transport and transport via pipelines,45.6,11.7,29.4,9.5,42.5,8.5,9.1,13.6
156,52: warehousing and support activities for transportation,26.8,1.9,36.2,3.9,45.6,7.0,2.6,33.2
156,53: postal and courier activities,28.8,,6.8,1.4,46.8,,,48.6
156,55: accommodation,57.0,26.1,53.8,23.4,7.2,2.9,5.6,27.5
156,56: food and beverage service activities,62.2,22.1,68.0,46.1,16.7,3.8,7.5,14.0
156,58: publishing activities,15.6,16.1,27.5,8.0,15.6,1.2,10.4,37.4
156,"59: motion picture, video and television programme production, sound recording and music publishing activities",6.8,5.0,7.2,10.1,10.0,0.0,18.1,69.2
156,61: telecommunications,23.3,16.2,24.6,14.2,17.5,1.1,19.9,42.4
156,"62: computer programming, consultancy and related activities",16.8,6.4,32.6,13.1,6.4,2.9,9.8,45.6
156,63: information service activities,,,82.9,,1.1,,3.2,13.4
156,68: real estate activities,18.7,18.2,28.2,0.0,4.4,4.6,21.8,41.1
156,69: legal and accounting activities,17.7,10.4,44.3,2.6,1.8,6.0,8.6,40.9
156,70: activities of head offices; management consultancy activities,14.8,11.5,24.1,1.9,8.0,3.9,8.6,57.1
156,71: architectural and engineering activities; technical testing and analysis,32.6,10.1,41.7,30.5,23.6,,7.7,35.3
156,72: scientific research and development,4.0,8.1,11.3,4.0,11.4,0.0,13.2,70.9
156,73: advertising and market research,12.5,12.6,26.1,3.2,,1.2,9.4,54.4
156,"74: other professional, scientific and technical activities",25.0,3.6,46.8,12.5,15.7,6.1,7.4,39.2
156,75: veterinary activities,22.2,7.8,16.8,15.1,7.6,6.8,1.9,59.4
156,77: rental and leasing activities,38.2,14.4,31.6,19.9,49.1,4.0,10.9,27.5
156,78: employment activities,24.9,24.8,35.3,6.4,11.3,4.9,15.1,35.5
156,"79: travel agency, tour operator and other reservation service and related activities",12.0,21.1,13.3,,21.3,4.2,4.5,47.3
156,80: security and investigation activities,2.3,3.0,48.4,21.6,33.5,,11.9,28.7
156,81: services to buildings and landscape activities,19.0,20.1,61.2,17.1,16.9,3.6,2.1,25.8
156,"82: office administrative, office support and other business support activities",19.6,7.0,36.4,3.4,15.4,4.8,8.8,47.0
156,85: education,27.7,10.4,24.7,3.5,1.2,,9.2,55.7
156,86: human health activities,26.2,17.3,29.0,10.8,8.1,6.7,13.7,45.2
156,"90: creative, arts and entertainment activities",23.7,6.3,44.7,1.3,13.0,0.0,8.7,46.3
156,"91: libraries, archives, museums and other cultural activities",8.7,2.0,30.3,37.8,7.2,,2.0,47.6
156,93: sports activities and amusement and recreation activities,32.6,7.8,38.9,16.8,7.1,,6.2,43.1
156,95: repair of computers and personal and household goods,23.5,3.0,43.3,52.0,21.1,0.0,1.0,37.8
156,96: other personal service activities,44.4,17.4,57.0,11.9,11.9,0.0,6.1,31.1
156,All businesses,36.0,14.1,42.3,27.9,23.8,3.4,8.7,29.8
158,10: manufacture of food products,37.9,16.1,40.7,44.8,37.4,3.3,12.3,25.1
158,11: manufacture of beverages,46.0,3.1,48.2,11.0,48.5,1.3,1.8,7.8
158,13: manufacture of textiles,50.2,19.0,42.3,68.1,41.2,,13.4,3.9
158,14: manufacture of wearing apparel,34.2,29.8,65.3,61.4,33.9,1.3,0.0,2.6
158,"16: manufacture of wood and of products of wood and cork, except furniture; manufacture of articles of straw and plaiting materials",24.4,12.4,42.2,57.5,62.5,,7.1,19.7
158,17: manufacture of paper and paper products,35.7,22.8,30.2,87.9,58.9,,,9.3
158,18: printing and reproduction of recorded media,45.7,10.6,46.7,50.4,46.5,0.0,7.3,25.9
158,20: manufacture of chemicals and chemical products,38.2,0.0,7.4,60.2,47.1,,5.5,21.7
158,21: manufacture of basic pharmaceutical products and pharmaceutical preparations,36.1,10.1,27.7,31.1,24.4,0.0,19.3,31.9
158,22: manufacture of rubber and plastic products,40.7,1.9,32.1,57.7,40.1,0.0,17.6,15.7
158,23: manufacture of other non-metallic mineral products,49.8,0.0,33.0,36.4,44.7,0.0,4.1,27.2
158,24: manufacture of basic metals,45.6,,30.0,55.1,57.4,4.2,15.6,4.9
158,"25: manufacture of fabricated metal products, except machinery and equipment",43.6,6.1,43.9,51.9,31.4,2.0,9.4,21.8
158,"26: manufacture of computer, electronic and optical products",16.0,6.2,27.9,45.2,34.2,,2.9,44.1
158,27: manufacture of electrical equipment,32.9,14.0,47.9,53.8,35.1,0.0,1.5,28.6
158,28: manufacture of machinery and equipment n.e.c.,38.6,6.5,30.9,45.6,38.5,8.3,5.0,28.1
158,"29: manufacture of motor vehicles, trailers and semi-trailers",37.4,3.5,28.6,52.1,37.9,1.0,2.6,40.5
158,30: manufacture of other transport equipment,33.0,27.7,39.6,46.1,33.8,0.0,3.4,48.4
158,31: manufacture of furniture,30.4,,36.6,57.7,45.7,1.1,10.7,24.6
158,32: other manufacturing,3.8,0.0,4.9,21.1,21.2,,18.6,56.5
158,33: repair and installation of machinery and equipment,37.4,23.1,49.4,33.1,32.0,11.3,6.8,18.0
158,"38: waste collection, treatment and disposal activities; materials recovery",65.3,1.3,26.1,2.9,68.3,2.2,1.3,25.1
158,41: construction of buildings,27.0,5.6,23.6,26.4,32.8,,1.9,51.0
158,42: civil engineering,30.4,8.4,34.4,42.8,42.4,4.0,2.0,34.6
158,43: specialised construction activities,32.3,14.7,32.2,37.0,34.5,1.0,6.2,33.6
158,45: wholesale and retail trade and repair of motor vehicles and motorcycles,28.6,16.6,36.7,29.6,25.5,1.4,17.8,27.4
158,"46: wholesale trade, except of motor vehicles and motorcycles",33.9,13.1,27.4,46.5,50.3,3.1,7.8,21.7
158,"47: retail trade, except of motor vehicles and motorcycles",38.2,15.7,42.4,26.9,23.8,2.7,8.3,26.8
158,49: land transport and transport via pipelines,44.3,13.7,31.9,11.1,38.1,10.0,8.0,14.0
158,52: warehousing and support activities for transportation,28.5,2.8,21.4,12.4,30.0,1.0,7.4,38.6
158,53: postal and courier activities,53.5,,18.3,2.4,54.9,,,41.9
158,55: accommodation,56.9,24.6,53.3,26.1,8.5,4.7,4.2,23.6
158,56: food and beverage service activities,57.6,23.6,64.5,41.2,14.2,2.2,6.3,18.3
158,58: publishing activities,21.1,4.6,30.3,13.1,13.6,1.7,17.0,43.6
158,"59: motion picture, video and television programme production, sound recording and music publishing activities",12.0,5.0,19.5,5.2,,0.0,8.4,66.9
158,61: telecommunications,21.2,12.7,20.3,2.4,10.5,6.1,17.3,45.2
158,"62: computer programming, consultancy and related activities",12.0,11.0,29.6,11.3,6.1,5.0,10.9,45.8
158,63: information service activities,1.9,28.4,57.3,,,0.0,3.3,37.1
158,68: real estate activities,24.0,8.5,29.6,3.9,0.0,7.4,19.8,34.9
158,69: legal and accounting activities,18.4,13.2,38.0,0.0,,1.1,10.3,46.9
158,70: activities of head offices; management consultancy activities,8.9,16.4,31.6,6.0,5.9,0.0,6.1,51.6
158,71: architectural and engineering activities; technical testing and analysis,30.1,10.8,37.2,26.2,19.0,1.8,7.3,38.1
158,72: scientific research and development,14.7,6.5,15.0,15.5,18.0,0.0,9.2,62.2
158,73: advertising and market research,10.0,7.5,30.0,3.1,6.4,6.2,7.3,53.9
158,"74: other professional, scientific and technical activities",31.1,16.1,46.8,20.6,28.4,7.8,4.3,31.9
158,75: veterinary activities,33.2,8.0,34.7,33.0,8.1,8.7,,46.7
158,77: rental and leasing activities,45.5,17.2,38.7,20.5,43.4,2.8,5.0,29.3
158,78: employment activities,25.0,18.2,25.4,6.4,3.2,4.5,12.9,40.2
158,"79: travel agency, tour operator and other reservation service and related activities",10.4,9.3,19.3,9.9,10.7,9.2,6.0,55.1
158,80: security and investigation activities,26.9,14.3,22.6,12.1,13.8,,14.3,36.4
158,81: services to buildings and landscape activities,18.6,13.8,47.4,16.1,21.4,3.0,1.5,35.0
158,"82: office administrative, office support and other business support activities",15.3,8.6,39.0,9.1,12.4,6.1,11.2,41.0
158,85: education,20.9,12.5,31.0,3.4,4.3,6.6,11.5,46.9
158,86: human health activities,28.1,12.5,32.6,7.0,2.0,5.1,9.7,52.1
158,"90: creative, arts and entertainment activities",25.7,7.0,40.6,1.1,6.5,1.2,6.7,50.7
158,"91: libraries, archives, museums and other cultural activities",51.5,,55.0,36.0,2.5,,1.2,19.0
158,93: sports activities and amusement and recreation activities,41.4,14.4,40.1,20.0,4.6,3.0,7.3,43.3
158,95: repair of computers and personal and household goods,45.8,,44.0,23.3,23.3,0.0,2.0,50.3
158,96: other personal service activities,52.1,15.2,54.8,3.4,12.2,3.0,3.5,38.1
158,All businesses,34.8,14.4,39.6,26.3,21.0,3.1,8.1,32.5
160,10: manufacture of food products,46.3,10.3,45.1,44.7,38.9,,6.0,32.5
160,11: manufacture of beverages,84.4,82.6,84.4,84.5,84.8,0.0,3.6,7.9
160,13: manufacture of textiles,31.9,7.2,33.3,52.7,35.5,,15.1,23.1
160,14: manufacture of wearing apparel,0.0,0.0,2.6,2.6,2.6,0.0,2.9,91.9
160,"16: manufacture of wood and of products of wood and cork, except furniture; manufacture of articles of straw and plaiting materials",33.3,14.9,40.7,50.1,35.4,6.9,8.8,23.9
160,17: manufacture of paper and paper products,33.7,13.2,20.4,71.5,62.0,0.0,15.7,8.6
160,18: printing and reproduction of recorded media,49.2,16.7,43.2,47.2,38.5,0.0,1.8,32.8
160,20: manufacture of chemicals and chemical products,30.5,0.0,15.0,52.3,29.5,1.3,6.1,30.9
160,21: manufacture of basic pharmaceutical products and pharmaceutical preparations,52.8,7.2,49.2,53.3,50.8,0.0,9.7,23.6
160,22: manufacture of rubber and plastic products,41.1,5.4,28.5,68.6,47.3,,6.8,19.2
160,23: manufacture of other non-metallic mineral products,31.5,13.8,30.9,30.3,21.2,0.0,9.9,35.1
160,24: manufacture of basic metals,73.8,,50.9,57.3,73.8,4.1,3.0,8.2
160,"25: manufacture of fabricated metal products, except machinery and equipment",39.3,11.0,37.9,52.1,27.4,,3.4,33.2
160,"26: manufacture of computer, electronic and optical products",25.6,4.8,41.1,38.3,14.6,,2.9,35.8
160,27: manufacture of electrical equipment,20.0,,40.2,60.4,7.3,,3.1,27.5
160,28: manufacture of machinery and equipment n.e.c.,18.1,2.1,22.0,38.2,34.7,3.2,7.4,42.2
160,"29: manufacture of motor vehicles, trailers and semi-trailers",36.1,3.0,47.4,63.6,39.4,0.0,3.0,30.0
160,30: manufacture of other transport equipment,58.2,17.6,66.7,66.1,56.3,0.0,4.7,23.5
160,31: manufacture of furniture,20.4,1.7,31.0,45.1,34.2,0.0,16.5,36.2
160,32: other manufacturing,29.0,0.0,17.7,45.5,41.6,,17.5,35.3
160,33: repair and installation of machinery and equipment,21.6,,40.6,14.1,21.3,0.0,2.6,52.4
160,"38: waste collection, treatment and disposal activities; materials recovery",36.0,21.4,43.5,20.0,47.1,1.2,10.7,18.3
160,41: construction of buildings,20.1,8.8,35.9,33.5,26.4,2.4,7.8,44.5
160,42: civil engineering,40.8,5.6,40.0,37.1,41.0,0.0,6.5,36.2
160,43: specialised construction activities,24.0,17.2,37.0,36.8,25.1,1.8,6.0,37.5
160,45: wholesale and retail trade and repair of motor vehicles and motorcycles,27.1,12.2,29.9,20.8,10.3,1.5,11.1,43.3
160,"46: wholesale trade, except of motor vehicles and motorcycles",29.3,9.6,27.7,37.9,39.4,4.8,8.8,28.5
160,"47: retail trade, except of motor vehicles and motorcycles",30.2,15.2,32.3,27.1,18.7,3.9,10.0,36.0
160,49: land transport and transport via pipelines,26.5,10.4,25.0,13.1,25.7,3.7,14.4,32.2
160,52: warehousing and support activities for transportation,24.7,10.7,25.1,17.0,36.3,4.7,3.0,37.5
160,53: postal and courier activities,22.3,20.6,42.3,1.2,23.5,,1.1,53.3
160,55: accommodation,53.9,23.9,48.4,29.9,10.9,5.4,5.5,22.3
160,56: food and beverage service activities,50.9,17.7,51.6,37.7,9.8,3.5,7.6,22.2
160,58: publishing activities,7.5,9.5,17.2,7.1,13.2,0.0,23.3,40.1
160,"59: motion picture, video and television programme production, sound recording and music publishing activities",17.4,8.3,11.9,9.1,,,28.7,51.4
160,61: telecommunications,10.4,4.9,4.7,2.1,2.1,1.3,20.0,65.9
160,"62: computer programming, consultancy and related activities",13.8,9.1,31.9,10.2,3.4,6.0,15.1,39.4
160,63: information service activities,0.0,19.7,5.4,,0.0,20.7,44.3,29.3
160,68: real estate activities,21.0,10.9,25.5,9.8,,,17.6,46.0
160,69: legal and accounting activities,14.2,6.9,36.5,0.0,,3.0,10.6,50.4
160,70: activities of head offices; management consultancy activities,9.8,21.3,27.3,1.9,5.6,3.8,11.5,53.0
160,71: architectural and engineering activities; technical testing and analysis,19.0,7.7,35.1,18.9,14.0,2.3,7.8,43.7
160,72: scientific research and development,14.4,6.9,15.9,8.0,1.7,0.0,10.0,67.5
160,73: advertising and market research,7.5,14.2,35.3,6.8,6.9,3.1,15.7,48.0
160,"74: other professional, scientific and technical activities",26.3,12.2,53.1,20.9,23.7,4.6,3.8,30.5
160,75: veterinary activities,30.4,1.1,29.6,29.4,10.8,0.0,1.1,57.8
160,77: rental and leasing activities,32.9,14.5,29.3,6.5,22.9,5.4,9.0,40.9
160,78: employment activities,17.7,17.8,32.6,,2.5,6.0,8.1,48.2
160,"79: travel agency, tour operator and other reservation service and related activities",17.0,36.9,23.4,7.6,22.7,1.2,4.3,41.1
160,80: security and investigation activities,25.1,23.5,30.0,31.4,10.9,0.0,21.5,36.4
160,81: services to buildings and landscape activities,18.0,12.8,42.9,7.9,16.5,2.4,10.6,36.6
160,"82: office administrative, office support and other business support activities",10.6,5.1,29.7,10.0,8.0,6.6,8.9,51.5
160,85: education,24.0,13.9,38.5,3.4,1.2,3.7,7.9,43.8
160,86: human health activities,21.5,10.2,21.2,2.6,,2.3,18.8,51.9
160,"90: creative, arts and entertainment activities",14.4,1.0,29.2,1.9,6.9,,1.6,67.6
160,"91: libraries, archives, museums and other cultural activities",33.0,2.0,35.0,28.1,1.7,1.8,1.9,47.0
160,93: sports activities and amusement and recreation activities,25.8,12.8,34.9,9.0,9.7,1.8,4.9,48.4
160,95: repair of computers and personal and household goods,40.2,,54.5,24.6,37.3,0.0,0.0,44.9
160,96: other personal service activities,26.7,17.7,41.2,11.9,3.3,2.9,5.8,41.1
160,All businesses,29.1,13.0,35.4,24.1,16.4,3.2,9.5,37.2
162,10: manufacture of food products,46.0,13.7,41.9,53.6,29.7,4.2,12.9,17.1
162,11: manufacture of beverages,56.5,25.9,31.3,5.9,33.3,0.0,3.3,33.3
162,13: manufacture of textiles,46.8,13.1,25.9,50.5,25.1,0.0,19.5,14.5
162,"16: manufacture of wood and of products of wood and cork, except furniture; manufacture of articles of straw and plaiting materials",44.6,14.0,31.8,41.6,33.0,1.0,7.6,27.9
162,17: manufacture of paper and paper products,47.2,14.6,19.2,70.2,48.7,,1.9,23.1
162,18: printing and reproduction of recorded media,27.9,,38.6,56.7,38.1,0.0,4.3,37.3
162,20: manufacture of chemicals and chemical products,25.5,0.0,2.9,48.1,27.3,0.0,13.7,35.2
162,21: manufacture of basic pharmaceutical products and pharmaceutical preparations,11.2,2.6,52.8,60.9,12.7,0.0,7.1,31.5
162,22: manufacture of rubber and plastic products,48.8,16.7,29.6,67.9,47.7,0.0,8.1,15.4
162,23: manufacture of other non-metallic mineral products,39.7,1.2,21.0,55.9,23.2,0.0,4.6,35.0
162,24: manufacture of basic metals,59.2,17.1,33.5,43.4,61.1,1.5,3.8,23.5
162,"25: manufacture of fabricated metal products, except machinery and equipment",36.0,6.2,38.2,39.2,26.9,,10.4,27.7
162,"26: manufacture of computer, electronic and optical products",29.4,11.2,32.2,48.7,33.8,0.0,3.7,28.6
162,27: manufacture of electrical equipment,32.9,6.7,45.2,44.7,25.6,0.0,1.8,29.3
162,28: manufacture of machinery and equipment n.e.c.,30.1,6.0,24.0,38.0,27.7,,17.5,25.7
162,"29: manufacture of motor vehicles, trailers and semi-trailers",33.5,1.1,27.6,52.7,32.6,0.0,5.0,38.2
162,30: manufacture of other transport equipment,54.3,27.3,65.5,65.4,56.0,0.0,9.3,18.2
162,31: manufacture of furniture,25.3,7.2,31.2,34.5,26.8,,1.8,54.7
162,32: other manufacturing,19.3,8.4,19.8,36.8,35.6,1.2,18.2,34.8
162,33: repair and installation of machinery and equipment,23.1,7.5,38.1,46.7,29.4,6.8,2.5,35.2
162,"36: water collection, treatment and supply",23.3,5.0,15.0,20.8,18.3,2.5,10.0,56.7
162,"38: waste collection, treatment and disposal activities; materials recovery",33.1,18.0,14.4,19.5,43.6,2.8,9.6,23.7
162,41: construction of buildings,20.2,9.7,25.1,29.8,22.1,,10.7,45.3
162,42: civil engineering,43.4,2.7,50.2,36.9,36.0,0.0,2.1,25.0
162,43: specialised construction activities,23.0,8.9,35.7,23.8,24.5,1.7,12.5,34.3
162,45: wholesale and retail trade and repair of motor vehicles and motorcycles,24.2,18.5,29.4,22.1,19.9,6.2,14.2,39.9
162,"46: wholesale trade, except of motor vehicles and motorcycles",25.8,9.1,24.0,37.1,38.8,4.1,6.1,34.5
162,"47: retail trade, except of motor vehicles and motorcycles",35.9,15.9,34.0,27.8,21.7,,12.4,27.3
162,49: land transport and transport via pipelines,30.6,16.1,24.9,10.6,42.6,7.9,13.0,20.9
162,52: warehousing and support activities for transportation,32.0,6.8,37.1,17.7,33.1,5.3,4.4,42.0
162,53: postal and courier activities,36.8,,53.0,2.6,38.0,,19.0,22.7
162,55: accommodation,44.4,22.9,39.6,28.3,9.4,4.5,5.1,34.9
162,56: food and beverage service activities,50.7,18.8,55.5,38.1,10.4,2.7,8.7,18.8
162,58: publishing activities,8.2,8.6,19.4,8.2,9.4,1.5,20.3,58.4
162,"59: motion picture, video and television programme production, sound recording and music publishing activities",10.2,,11.2,1.4,1.9,,18.8,61.3
162,61: telecommunications,12.6,15.5,22.1,7.2,18.4,1.9,21.8,47.7
162,"62: computer programming, consultancy and related activities",14.8,11.3,29.9,11.9,4.9,2.7,14.9,44.9
162,63: information service activities,0.0,1.0,18.8,0.0,0.0,1.4,21.2,57.6
162,68: real estate activities,18.5,14.0,19.0,4.3,,8.6,23.2,39.2
162,69: legal and accounting activities,16.4,10.0,41.7,1.8,1.6,3.5,8.0,44.6
162,70: activities of head offices; management consultancy activities,6.5,9.2,23.5,2.1,2.0,,16.2,57.4
162,71: architectural and engineering activities; technical testing and analysis,21.3,9.0,29.7,20.3,10.8,2.2,7.7,48.7
162,72: scientific research and development,13.1,6.4,14.8,12.0,11.2,,4.1,74.6
162,73: advertising and market research,7.0,18.0,21.9,6.8,7.4,3.6,6.4,50.5
162,"74: other professional, scientific and technical activities",14.8,17.1,45.4,14.9,15.3,4.7,11.2,28.6
162,75: veterinary activities,18.9,9.5,35.7,26.3,16.8,,17.3,38.0
162,77: rental and leasing activities,24.7,15.3,31.9,10.3,33.3,,4.3,48.2
162,78: employment activities,19.7,18.2,29.4,6.0,4.9,4.4,15.6,42.7
162,"79: travel agency, tour operator and other reservation service and related activities",16.5,20.9,16.8,14.1,14.2,,4.4,57.6
162,80: security and investigation activities,29.7,17.6,37.1,1.7,,,16.7,30.4
162,81: services to buildings and landscape activities,18.0,14.1,30.0,6.7,11.1,0.0,11.1,48.8
162,"82: office administrative, office support and other business support activities",18.2,4.9,17.2,9.6,11.5,2.0,12.5,55.0
162,85: education,26.8,21.5,38.4,9.7,9.4,7.0,14.1,37.0
162,86: human health activities,15.5,3.0,20.6,4.0,6.3,2.3,14.9,59.8
162,"90: creative, arts and entertainment activities",24.5,,32.2,2.3,8.8,,1.6,65.5
162,"91: libraries, archives, museums and other cultural activities",15.5,,21.5,1.6,,11.1,4.9,61.5
162,93: sports activities and amusement and recreation activities,26.2,9.1,34.9,13.2,3.4,2.9,5.0,51.6
162,95: repair of computers and personal and household goods,28.8,,30.8,26.8,,0.0,0.0,44.4
162,96: other personal service activities,41.9,31.1,52.1,17.5,10.9,3.4,7.1,33.5
162,All businesses,29.2,12.8,34.4,23.5,17.1,2.6,10.6,36.4
