wave,breakdown,Prices increased,Prices stayed the same,Prices decreased,Not sure,Not applicable
120,10: manufacture of food products,30.8,52.8,1.5,14.2,
120,11: manufacture of beverages,27.8,70.2,0.0,2.0,0.0
120,13: manufacture of textiles,23.8,68.6,,7.5,0.0
120,14: manufacture of wearing apparel,1.6,96.0,0.0,,1.6
120,"16: manufacture of wood and of products of wood and cork, except furniture; manufacture of articles of straw and plaiting materials",5.1,86.5,0.0,8.5,0.0
120,17: manufacture of paper and paper products,2.4,95.1,0.0,2.5,0.0
120,18: printing and reproduction of recorded media,1.1,91.9,0.0,6.9,
120,20: manufacture of chemicals and chemical products,11.3,83.4,1.3,3.5,
120,21: manufacture of basic pharmaceutical products and pharmaceutical preparations,33.0,65.1,0.0,1.9,0.0
120,22: manufacture of rubber and plastic products,21.4,76.2,,2.2,0.0
120,23: manufacture of other non-metallic mineral products,10.2,81.0,7.0,1.9,0.0
120,24: manufacture of basic metals,2.4,97.6,0.0,0.0,0.0
120,"25: manufacture of fabricated metal products, except machinery and equipment",24.4,67.1,3.1,5.3,
120,"26: manufacture of computer, electronic and optical products",20.4,70.3,,8.1,
120,27: manufacture of electrical equipment,17.8,73.4,0.0,8.9,0.0
120,28: manufacture of machinery and equipment n.e.c.,7.6,75.7,4.4,12.2,0.0
120,"29: manufacture of motor vehicles, trailers and semi-trailers",5.9,78.5,,4.1,10.6
120,30: manufacture of other transport equipment,6.1,78.6,0.0,15.4,0.0
120,31: manufacture of furniture,32.3,49.2,1.3,17.1,0.0
120,32: other manufacturing,8.4,89.5,0.0,2.1,0.0
120,33: repair and installation of machinery and equipment,43.2,45.4,0.0,11.3,
120,"36: water collection, treatment and supply",0.0,71.1,0.0,26.3,2.6
120,"38: waste collection, treatment and disposal activities; materials recovery",21.6,76.0,,,1.0
120,41: construction of buildings,26.5,65.5,0.0,7.4,
120,42: civil engineering,18.4,74.2,0.0,6.8,
120,43: specialised construction activities,15.8,72.5,2.0,8.7,1.0
120,45: wholesale and retail trade and repair of motor vehicles and motorcycles,22.2,64.4,1.2,7.9,4.3
120,"46: wholesale trade, except of motor vehicles and motorcycles",20.7,69.8,3.1,5.9,
120,"47: retail trade, except of motor vehicles and motorcycles",32.6,54.9,,7.4,4.5
120,49: land transport and transport via pipelines,29.5,54.5,2.7,7.3,6.0
120,52: warehousing and support activities for transportation,15.6,69.0,,6.8,8.3
120,53: postal and courier activities,21.0,58.0,0.0,0.0,21.0
120,55: accommodation,18.6,60.0,4.6,13.6,3.1
120,56: food and beverage service activities,40.1,51.7,,5.3,2.5
120,58: publishing activities,5.5,80.6,0.0,7.9,6.0
120,"59: motion picture, video and television programme production, sound recording and music publishing activities",1.4,59.9,0.0,9.6,29.2
120,61: telecommunications,10.4,73.5,0.0,7.5,8.5
120,"62: computer programming, consultancy and related activities",16.8,69.2,0.0,5.6,8.4
120,63: information service activities,1.3,78.0,0.0,20.7,0.0
120,68: real estate activities,13.4,52.0,2.5,3.5,28.6
120,69: legal and accounting activities,19.7,59.7,0.0,6.6,14.0
120,70: activities of head offices; management consultancy activities,8.4,70.4,0.0,10.0,11.3
120,71: architectural and engineering activities; technical testing and analysis,17.0,68.9,,7.6,6.4
120,72: scientific research and development,7.3,64.5,0.0,13.9,14.3
120,73: advertising and market research,13.8,77.9,0.0,2.8,5.4
120,"74: other professional, scientific and technical activities",12.3,66.4,0.0,8.4,12.9
120,75: veterinary activities,18.3,80.3,0.0,1.4,0.0
120,77: rental and leasing activities,10.4,68.5,2.5,10.8,7.8
120,78: employment activities,11.4,61.4,1.8,8.6,16.8
120,"79: travel agency, tour operator and other reservation service and related activities",13.8,56.8,,17.3,11.5
120,80: security and investigation activities,14.0,72.0,0.0,11.2,2.7
120,81: services to buildings and landscape activities,18.2,74.1,,4.5,2.8
120,"82: office administrative, office support and other business support activities",12.1,69.5,0.0,7.0,11.4
120,85: education,11.4,72.0,0.0,2.4,14.3
120,86: human health activities,27.9,46.0,,8.2,17.8
120,"90: creative, arts and entertainment activities",9.1,48.2,0.0,25.5,17.2
120,"91: libraries, archives, museums and other cultural activities",17.4,80.0,0.0,2.6,0.0
120,93: sports activities and amusement and recreation activities,20.3,65.2,1.4,6.9,6.1
120,95: repair of computers and personal and household goods,0.0,73.5,0.0,26.5,0.0
120,96: other personal service activities,23.5,72.1,0.0,4.2,
120,All businesses,22.3,63.5,1.0,7.2,6.0
122,10: manufacture of food products,24.1,63.4,2.9,9.2,
122,11: manufacture of beverages,26.5,71.6,0.0,1.9,0.0
122,13: manufacture of textiles,13.1,86.7,0.0,,0.0
122,14: manufacture of wearing apparel,30.5,67.8,0.0,,1.1
122,"16: manufacture of wood and of products of wood and cork, except furniture; manufacture of articles of straw and plaiting materials",12.2,78.9,0.0,8.9,0.0
122,17: manufacture of paper and paper products,3.8,92.9,0.0,3.3,0.0
122,18: printing and reproduction of recorded media,12.1,81.7,0.0,6.1,
122,20: manufacture of chemicals and chemical products,23.8,59.6,11.3,4.2,1.2
122,21: manufacture of basic pharmaceutical products and pharmaceutical preparations,,90.8,0.0,8.6,0.0
122,22: manufacture of rubber and plastic products,29.2,64.3,,6.1,0.0
122,23: manufacture of other non-metallic mineral products,31.3,67.9,0.0,,0.0
122,24: manufacture of basic metals,4.0,95.3,0.0,,0.0
122,"25: manufacture of fabricated metal products, except machinery and equipment",20.7,70.1,1.5,7.5,
122,"26: manufacture of computer, electronic and optical products",19.6,79.2,0.0,1.1,0.0
122,27: manufacture of electrical equipment,21.1,71.3,,6.9,
122,28: manufacture of machinery and equipment n.e.c.,19.8,76.6,,3.0,0.0
122,"29: manufacture of motor vehicles, trailers and semi-trailers",28.2,56.0,0.0,15.7,0.0
122,30: manufacture of other transport equipment,6.7,87.7,0.0,5.6,0.0
122,31: manufacture of furniture,22.3,63.0,0.0,14.7,0.0
122,32: other manufacturing,32.6,58.8,0.0,8.7,0.0
122,33: repair and installation of machinery and equipment,22.7,67.7,0.0,9.6,0.0
122,"36: water collection, treatment and supply",0.0,86.8,0.0,10.5,2.6
122,"38: waste collection, treatment and disposal activities; materials recovery",20.3,77.4,1.0,,
122,41: construction of buildings,17.3,73.2,,6.1,3.2
122,42: civil engineering,5.7,84.4,0.0,9.6,
122,43: specialised construction activities,21.3,69.7,0.0,6.6,2.3
122,45: wholesale and retail trade and repair of motor vehicles and motorcycles,30.6,59.7,3.3,4.1,2.3
122,"46: wholesale trade, except of motor vehicles and motorcycles",18.7,72.1,2.0,6.2,1.0
122,"47: retail trade, except of motor vehicles and motorcycles",34.9,53.6,,7.3,3.4
122,49: land transport and transport via pipelines,26.3,57.4,1.3,9.3,5.7
122,52: warehousing and support activities for transportation,13.5,77.6,,2.0,6.6
122,53: postal and courier activities,15.0,55.0,0.0,28.9,1.1
122,55: accommodation,32.6,52.5,3.3,6.4,5.2
122,56: food and beverage service activities,40.2,49.4,,6.8,3.5
122,58: publishing activities,17.7,80.2,0.0,1.6,
122,"59: motion picture, video and television programme production, sound recording and music publishing activities",16.3,51.3,0.0,10.4,22.0
122,61: telecommunications,9.1,82.1,0.0,7.5,1.3
122,"62: computer programming, consultancy and related activities",18.5,67.5,1.2,3.7,9.1
122,63: information service activities,1.9,96.8,0.0,1.3,0.0
122,68: real estate activities,13.7,63.3,0.0,5.0,18.0
122,69: legal and accounting activities,22.4,62.6,0.0,4.0,10.9
122,70: activities of head offices; management consultancy activities,10.4,70.4,0.0,7.8,11.4
122,71: architectural and engineering activities; technical testing and analysis,17.5,64.7,,8.5,9.2
122,72: scientific research and development,7.7,55.7,,15.3,21.1
122,73: advertising and market research,8.2,74.5,0.0,13.1,4.1
122,"74: other professional, scientific and technical activities",16.0,73.9,0.0,2.7,7.5
122,75: veterinary activities,37.8,53.8,0.0,8.4,0.0
122,77: rental and leasing activities,21.7,63.5,5.4,6.6,2.7
122,78: employment activities,17.4,61.0,,6.6,14.6
122,"79: travel agency, tour operator and other reservation service and related activities",3.0,69.4,,8.2,18.7
122,80: security and investigation activities,29.2,59.5,0.0,7.1,4.2
122,81: services to buildings and landscape activities,29.5,58.7,2.4,8.4,1.0
122,"82: office administrative, office support and other business support activities",17.2,66.7,0.0,3.6,12.4
122,85: education,20.5,66.3,0.0,6.1,7.1
122,86: human health activities,26.1,46.3,,4.7,22.7
122,"90: creative, arts and entertainment activities",1.9,76.8,0.0,20.1,1.2
122,"91: libraries, archives, museums and other cultural activities",26.6,50.1,0.0,23.3,0.0
122,93: sports activities and amusement and recreation activities,22.5,67.9,1.7,4.1,3.8
122,95: repair of computers and personal and household goods,11.6,69.5,0.0,18.9,0.0
122,96: other personal service activities,43.6,49.1,0.0,3.6,3.7
122,All businesses,24.7,62.3,,6.4,5.8
124,10: manufacture of food products,36.8,58.7,3.7,,0.0
124,11: manufacture of beverages,22.0,74.5,0.0,3.5,0.0
124,13: manufacture of textiles,31.3,68.0,0.0,,0.0
124,14: manufacture of wearing apparel,26.8,73.0,0.0,,0.0
124,"16: manufacture of wood and of products of wood and cork, except furniture; manufacture of articles of straw and plaiting materials",10.3,85.8,0.0,3.9,0.0
124,17: manufacture of paper and paper products,5.0,89.7,1.1,4.2,0.0
124,18: printing and reproduction of recorded media,17.5,76.0,0.0,6.5,0.0
124,20: manufacture of chemicals and chemical products,15.1,59.6,11.3,13.5,
124,21: manufacture of basic pharmaceutical products and pharmaceutical preparations,30.4,63.6,0.0,6.0,0.0
124,22: manufacture of rubber and plastic products,12.0,85.2,,2.3,0.0
124,23: manufacture of other non-metallic mineral products,21.9,71.8,0.0,6.3,0.0
124,24: manufacture of basic metals,1.8,93.7,4.2,,0.0
124,"25: manufacture of fabricated metal products, except machinery and equipment",22.4,70.7,1.5,5.3,
124,"26: manufacture of computer, electronic and optical products",37.1,59.9,1.0,2.0,0.0
124,27: manufacture of electrical equipment,39.9,53.5,0.0,6.0,
124,28: manufacture of machinery and equipment n.e.c.,30.2,61.6,0.0,8.2,0.0
124,"29: manufacture of motor vehicles, trailers and semi-trailers",29.7,65.5,0.0,4.9,0.0
124,30: manufacture of other transport equipment,20.4,58.1,3.1,,17.7
124,31: manufacture of furniture,28.4,63.7,6.1,1.8,0.0
124,32: other manufacturing,14.9,77.1,6.7,1.2,0.0
124,33: repair and installation of machinery and equipment,40.1,51.2,0.0,2.2,6.5
124,"36: water collection, treatment and supply",14.5,44.2,0.0,39.0,2.3
124,"38: waste collection, treatment and disposal activities; materials recovery",23.5,66.8,,1.7,7.5
124,41: construction of buildings,19.7,73.5,0.0,5.8,1.0
124,42: civil engineering,17.4,72.5,0.0,,9.7
124,43: specialised construction activities,19.2,70.2,2.0,6.5,2.1
124,45: wholesale and retail trade and repair of motor vehicles and motorcycles,26.7,61.7,1.2,9.2,1.2
124,"46: wholesale trade, except of motor vehicles and motorcycles",19.7,69.5,1.6,7.4,1.8
124,"47: retail trade, except of motor vehicles and motorcycles",36.7,52.4,,9.0,1.3
124,49: land transport and transport via pipelines,30.8,54.4,,13.2,1.3
124,52: warehousing and support activities for transportation,15.1,69.3,,11.8,3.3
124,53: postal and courier activities,28.1,70.7,0.0,1.3,0.0
124,55: accommodation,33.5,46.6,3.4,11.7,4.8
124,56: food and beverage service activities,32.4,57.9,,8.4,
124,58: publishing activities,9.1,83.0,0.0,1.8,6.1
124,"59: motion picture, video and television programme production, sound recording and music publishing activities",20.8,60.8,0.0,14.6,3.8
124,60: programming and broadcasting activities,0.0,90.4,0.0,3.9,5.7
124,61: telecommunications,8.2,68.4,0.0,23.1,
124,"62: computer programming, consultancy and related activities",17.7,73.2,,7.0,1.9
124,63: information service activities,,82.5,0.0,16.7,0.0
124,68: real estate activities,17.1,52.4,0.0,8.7,21.7
124,69: legal and accounting activities,24.4,56.0,0.0,6.0,13.6
124,70: activities of head offices; management consultancy activities,10.4,62.8,1.5,8.8,16.5
124,71: architectural and engineering activities; technical testing and analysis,18.0,67.7,,4.9,9.2
124,72: scientific research and development,9.8,54.3,,28.8,7.0
124,73: advertising and market research,12.9,76.1,0.0,7.6,3.4
124,"74: other professional, scientific and technical activities",10.2,83.3,0.0,5.8,
124,75: veterinary activities,44.9,53.9,0.0,1.2,0.0
124,77: rental and leasing activities,14.3,79.7,0.0,3.5,2.5
124,78: employment activities,14.9,51.4,1.5,9.4,22.7
124,"79: travel agency, tour operator and other reservation service and related activities",25.8,56.3,0.0,12.0,5.9
124,80: security and investigation activities,28.6,48.1,,13.7,8.9
124,81: services to buildings and landscape activities,28.1,60.4,2.6,6.1,2.8
124,"82: office administrative, office support and other business support activities",19.7,66.4,1.5,4.9,7.5
124,85: education,18.9,66.6,0.0,6.6,7.9
124,86: human health activities,21.1,43.4,,9.4,25.9
124,"90: creative, arts and entertainment activities",1.2,59.0,4.4,20.8,14.6
124,"91: libraries, archives, museums and other cultural activities",40.6,43.4,0.0,16.0,0.0
124,93: sports activities and amusement and recreation activities,17.8,72.2,0.0,8.3,1.8
124,95: repair of computers and personal and household goods,12.6,74.5,0.0,12.8,0.0
124,96: other personal service activities,19.3,80.1,0.0,,
124,All businesses,23.7,62.5,,7.7,5.1
126,10: manufacture of food products,38.3,50.7,5.5,5.2,
126,11: manufacture of beverages,6.3,90.4,0.0,3.3,0.0
126,13: manufacture of textiles,50.0,49.3,0.0,,0.0
126,14: manufacture of wearing apparel,18.8,65.9,0.0,15.3,0.0
126,"16: manufacture of wood and of products of wood and cork, except furniture; manufacture of articles of straw and plaiting materials",33.1,62.4,,4.1,0.0
126,17: manufacture of paper and paper products,16.2,52.7,3.2,15.3,12.5
126,18: printing and reproduction of recorded media,30.5,68.0,1.0,,0.0
126,20: manufacture of chemicals and chemical products,48.9,46.1,,4.3,0.0
126,21: manufacture of basic pharmaceutical products and pharmaceutical preparations,6.1,87.6,5.1,1.2,0.0
126,22: manufacture of rubber and plastic products,23.7,64.4,,11.3,0.0
126,23: manufacture of other non-metallic mineral products,31.7,52.1,5.1,5.9,5.1
126,24: manufacture of basic metals,29.1,70.2,0.0,,0.0
126,"25: manufacture of fabricated metal products, except machinery and equipment",25.8,62.1,,11.8,0.0
126,"26: manufacture of computer, electronic and optical products",32.2,63.1,0.0,4.8,0.0
126,27: manufacture of electrical equipment,52.7,36.5,0.0,10.1,
126,28: manufacture of machinery and equipment n.e.c.,46.6,50.7,,2.1,
126,"29: manufacture of motor vehicles, trailers and semi-trailers",26.6,48.6,0.0,17.9,6.9
126,30: manufacture of other transport equipment,28.7,55.8,0.0,,14.9
126,31: manufacture of furniture,34.9,55.3,0.0,9.3,
126,32: other manufacturing,42.5,55.6,0.0,1.9,0.0
126,33: repair and installation of machinery and equipment,48.3,23.5,0.0,15.3,12.9
126,"36: water collection, treatment and supply",33.1,46.5,0.0,12.2,8.1
126,"38: waste collection, treatment and disposal activities; materials recovery",37.6,59.0,,2.6,
126,41: construction of buildings,33.1,55.8,,5.9,5.0
126,42: civil engineering,29.0,58.1,0.0,8.5,4.5
126,43: specialised construction activities,34.8,56.8,,6.4,1.4
126,45: wholesale and retail trade and repair of motor vehicles and motorcycles,32.9,57.3,2.3,5.1,2.3
126,"46: wholesale trade, except of motor vehicles and motorcycles",32.3,56.2,2.1,7.8,1.6
126,"47: retail trade, except of motor vehicles and motorcycles",44.0,41.9,1.3,9.9,3.0
126,49: land transport and transport via pipelines,52.8,35.8,,5.5,5.8
126,52: warehousing and support activities for transportation,26.9,55.4,1.3,11.2,5.2
126,53: postal and courier activities,45.2,52.6,0.0,1.2,1.0
126,55: accommodation,40.6,39.0,5.6,7.3,7.6
126,56: food and beverage service activities,51.9,38.4,,6.6,2.6
126,58: publishing activities,16.0,71.8,0.0,1.4,10.8
126,"59: motion picture, video and television programme production, sound recording and music publishing activities",12.1,54.0,0.0,29.5,4.4
126,60: programming and broadcasting activities,2.6,53.1,0.0,39.1,5.1
126,61: telecommunications,25.7,58.6,5.2,8.8,1.7
126,"62: computer programming, consultancy and related activities",25.8,65.5,,4.4,4.1
126,63: information service activities,0.0,67.7,13.7,18.6,0.0
126,68: real estate activities,30.0,45.3,0.0,4.9,19.8
126,69: legal and accounting activities,25.8,55.6,0.0,5.5,13.1
126,70: activities of head offices; management consultancy activities,17.6,62.0,1.7,4.6,14.2
126,71: architectural and engineering activities; technical testing and analysis,22.2,61.5,,10.2,6.0
126,72: scientific research and development,23.5,40.5,0.0,16.6,19.5
126,73: advertising and market research,18.3,66.7,0.0,9.7,5.3
126,"74: other professional, scientific and technical activities",16.9,66.4,0.0,11.0,5.7
126,75: veterinary activities,59.5,38.8,0.0,1.7,0.0
126,77: rental and leasing activities,24.7,61.4,,11.0,2.7
126,78: employment activities,8.9,61.0,,7.2,22.2
126,"79: travel agency, tour operator and other reservation service and related activities",11.9,63.5,,8.8,15.0
126,80: security and investigation activities,33.9,35.7,,7.3,22.5
126,81: services to buildings and landscape activities,30.4,56.0,0.0,10.7,2.9
126,"82: office administrative, office support and other business support activities",14.3,65.8,1.3,6.3,12.3
126,85: education,14.0,71.7,0.0,4.7,9.6
126,86: human health activities,29.2,35.1,0.0,7.7,28.0
126,"90: creative, arts and entertainment activities",1.8,50.8,0.0,23.6,23.8
126,"91: libraries, archives, museums and other cultural activities",45.2,30.7,0.0,20.2,3.8
126,93: sports activities and amusement and recreation activities,36.6,54.3,,2.6,6.3
126,95: repair of computers and personal and household goods,39.5,58.7,0.0,0.0,1.8
126,96: other personal service activities,49.3,43.4,,3.7,3.4
126,All businesses,33.8,51.4,,7.3,6.5
128,10: manufacture of food products,50.6,44.6,,3.9,
128,11: manufacture of beverages,42.6,53.9,0.0,3.3,
128,13: manufacture of textiles,27.4,71.6,,,0.0
128,14: manufacture of wearing apparel,24.5,56.0,0.0,,19.3
128,"16: manufacture of wood and of products of wood and cork, except furniture; manufacture of articles of straw and plaiting materials",42.4,47.4,0.0,10.2,0.0
128,17: manufacture of paper and paper products,4.1,67.6,5.0,2.5,20.8
128,18: printing and reproduction of recorded media,38.6,60.1,0.0,1.3,0.0
128,20: manufacture of chemicals and chemical products,33.1,63.1,0.0,3.2,
128,21: manufacture of basic pharmaceutical products and pharmaceutical preparations,21.4,57.4,13.0,8.2,0.0
128,22: manufacture of rubber and plastic products,22.3,68.8,4.4,1.2,3.3
128,23: manufacture of other non-metallic mineral products,26.9,58.9,0.0,14.2,0.0
128,24: manufacture of basic metals,55.1,21.9,0.0,23.0,0.0
128,"25: manufacture of fabricated metal products, except machinery and equipment",27.0,60.9,4.5,6.1,1.5
128,"26: manufacture of computer, electronic and optical products",17.5,74.8,4.7,2.5,
128,27: manufacture of electrical equipment,37.8,48.0,0.0,10.4,3.7
128,28: manufacture of machinery and equipment n.e.c.,28.1,64.0,0.0,7.7,
128,"29: manufacture of motor vehicles, trailers and semi-trailers",35.4,61.5,0.0,2.0,1.1
128,30: manufacture of other transport equipment,33.3,57.7,0.0,,8.3
128,31: manufacture of furniture,37.9,61.3,0.0,,0.0
128,32: other manufacturing,17.8,61.0,8.0,13.2,0.0
128,33: repair and installation of machinery and equipment,16.8,66.2,0.0,9.4,7.6
128,"36: water collection, treatment and supply",39.5,33.7,0.0,24.4,2.3
128,"38: waste collection, treatment and disposal activities; materials recovery",35.5,61.0,,3.1,
128,41: construction of buildings,24.1,60.7,2.5,9.3,3.5
128,42: civil engineering,25.2,61.0,0.0,13.0,
128,43: specialised construction activities,34.9,54.9,1.6,5.3,3.2
128,45: wholesale and retail trade and repair of motor vehicles and motorcycles,31.6,59.2,,6.5,2.5
128,"46: wholesale trade, except of motor vehicles and motorcycles",28.8,63.3,,5.0,2.0
128,"47: retail trade, except of motor vehicles and motorcycles",40.8,48.6,,8.5,2.0
128,49: land transport and transport via pipelines,44.3,43.9,,7.0,4.7
128,52: warehousing and support activities for transportation,10.9,62.2,4.9,13.2,8.8
128,53: postal and courier activities,57.2,37.5,0.0,1.4,3.8
128,55: accommodation,43.1,43.0,,7.1,6.3
128,56: food and beverage service activities,56.5,32.5,1.0,7.3,2.7
128,58: publishing activities,15.7,77.8,0.0,,5.8
128,"59: motion picture, video and television programme production, sound recording and music publishing activities",19.6,37.2,0.0,21.8,21.3
128,60: programming and broadcasting activities,,92.3,0.0,2.1,4.7
128,61: telecommunications,26.2,62.0,,8.1,2.9
128,"62: computer programming, consultancy and related activities",23.9,67.2,,4.3,4.4
128,63: information service activities,1.4,82.5,0.0,14.9,1.2
128,68: real estate activities,16.1,56.2,4.9,7.7,15.2
128,69: legal and accounting activities,26.7,55.1,2.0,5.4,10.7
128,70: activities of head offices; management consultancy activities,13.1,63.5,1.6,9.1,12.8
128,71: architectural and engineering activities; technical testing and analysis,17.2,66.0,1.3,10.1,5.4
128,72: scientific research and development,16.2,58.7,0.0,17.2,7.9
128,73: advertising and market research,19.3,56.8,,13.8,10.0
128,"74: other professional, scientific and technical activities",26.3,53.1,0.0,4.3,16.2
128,75: veterinary activities,61.1,30.8,0.0,7.4,
128,77: rental and leasing activities,23.2,67.5,,6.3,2.5
128,78: employment activities,17.2,54.2,,8.4,20.0
128,"79: travel agency, tour operator and other reservation service and related activities",16.8,50.1,,24.1,8.4
128,80: security and investigation activities,27.3,57.5,0.0,6.6,8.6
128,81: services to buildings and landscape activities,28.9,61.0,2.3,3.3,4.5
128,"82: office administrative, office support and other business support activities",18.8,57.5,1.3,4.9,17.5
128,85: education,15.8,69.1,0.0,4.7,10.5
128,86: human health activities,21.6,50.2,0.0,11.3,16.8
128,"90: creative, arts and entertainment activities",10.8,62.8,0.0,12.1,14.4
128,"91: libraries, archives, museums and other cultural activities",36.4,37.6,0.0,25.9,0.0
128,93: sports activities and amusement and recreation activities,36.3,55.0,0.0,5.7,2.9
128,95: repair of computers and personal and household goods,13.0,74.5,0.0,12.5,0.0
128,96: other personal service activities,47.9,42.7,0.0,,8.7
128,All businesses,32.5,53.4,1.0,7.1,6.0
130,10: manufacture of food products,47.2,42.9,5.4,3.9,
130,11: manufacture of beverages,43.8,53.8,0.0,2.3,0.0
130,13: manufacture of textiles,21.0,77.9,0.0,1.1,0.0
130,14: manufacture of wearing apparel,50.6,26.1,21.8,1.4,0.0
130,"16: manufacture of wood and of products of wood and cork, except furniture; manufacture of articles of straw and plaiting materials",30.4,51.8,0.0,9.4,8.4
130,17: manufacture of paper and paper products,1.8,64.7,0.0,2.2,31.2
130,18: printing and reproduction of recorded media,22.4,76.2,0.0,1.3,
130,20: manufacture of chemicals and chemical products,25.6,70.2,,3.1,
130,21: manufacture of basic pharmaceutical products and pharmaceutical preparations,28.5,63.1,0.0,8.3,0.0
130,22: manufacture of rubber and plastic products,34.4,55.1,,6.2,3.6
130,23: manufacture of other non-metallic mineral products,33.0,47.3,0.0,19.6,0.0
130,24: manufacture of basic metals,75.0,24.6,,0.0,0.0
130,"25: manufacture of fabricated metal products, except machinery and equipment",28.5,61.8,1.4,5.4,2.9
130,"26: manufacture of computer, electronic and optical products",31.7,64.3,,3.5,0.0
130,27: manufacture of electrical equipment,30.2,52.1,0.0,16.1,1.5
130,28: manufacture of machinery and equipment n.e.c.,26.7,65.1,,7.9,0.0
130,"29: manufacture of motor vehicles, trailers and semi-trailers",60.7,36.6,0.0,2.7,0.0
130,30: manufacture of other transport equipment,21.8,75.2,0.0,3.0,0.0
130,31: manufacture of furniture,45.4,52.6,,1.9,0.0
130,32: other manufacturing,60.8,35.4,0.0,3.8,0.0
130,33: repair and installation of machinery and equipment,36.8,61.4,0.0,1.7,
130,"36: water collection, treatment and supply",2.3,68.2,0.0,27.1,2.3
130,"38: waste collection, treatment and disposal activities; materials recovery",5.7,82.0,0.0,12.3,0.0
130,41: construction of buildings,37.3,53.4,0.0,6.7,2.5
130,42: civil engineering,24.7,51.6,,19.7,3.7
130,43: specialised construction activities,39.1,48.2,,9.7,2.3
130,45: wholesale and retail trade and repair of motor vehicles and motorcycles,41.6,47.7,2.4,6.9,1.4
130,"46: wholesale trade, except of motor vehicles and motorcycles",30.4,60.1,1.4,7.1,1.0
130,"47: retail trade, except of motor vehicles and motorcycles",49.5,38.9,,7.2,3.8
130,49: land transport and transport via pipelines,47.5,39.7,1.5,6.4,4.8
130,52: warehousing and support activities for transportation,13.5,68.3,7.0,7.5,3.8
130,53: postal and courier activities,87.7,11.0,0.0,0.0,1.3
130,55: accommodation,49.1,37.6,2.7,6.6,4.0
130,56: food and beverage service activities,63.8,23.8,0.0,8.6,3.9
130,58: publishing activities,14.5,65.3,0.0,5.4,14.9
130,"59: motion picture, video and television programme production, sound recording and music publishing activities",20.7,36.8,0.0,13.0,29.5
130,60: programming and broadcasting activities,6.0,85.4,0.0,,7.7
130,61: telecommunications,20.4,60.8,0.0,10.7,8.1
130,"62: computer programming, consultancy and related activities",30.8,57.6,1.4,3.7,6.6
130,63: information service activities,2.0,78.2,0.0,18.7,1.1
130,68: real estate activities,26.9,50.4,0.0,3.2,19.4
130,69: legal and accounting activities,30.2,49.4,,7.6,12.7
130,70: activities of head offices; management consultancy activities,24.0,51.4,0.0,13.7,10.8
130,71: architectural and engineering activities; technical testing and analysis,23.1,63.3,0.0,10.3,3.3
130,72: scientific research and development,15.7,55.5,0.0,15.6,13.2
130,73: advertising and market research,19.5,61.6,0.0,11.4,7.5
130,"74: other professional, scientific and technical activities",23.4,68.6,0.0,1.3,6.7
130,75: veterinary activities,38.2,54.1,0.0,6.8,
130,77: rental and leasing activities,28.9,58.0,2.3,10.5,
130,78: employment activities,19.5,51.5,0.0,6.8,22.2
130,"79: travel agency, tour operator and other reservation service and related activities",10.5,56.6,,16.6,15.5
130,80: security and investigation activities,24.8,58.4,0.0,10.5,6.3
130,81: services to buildings and landscape activities,31.0,58.3,0.0,5.9,4.8
130,"82: office administrative, office support and other business support activities",24.3,57.2,,7.5,10.7
130,85: education,25.4,61.4,,1.4,11.7
130,86: human health activities,25.9,38.9,0.0,12.1,23.0
130,"90: creative, arts and entertainment activities",14.5,43.5,4.0,13.6,24.4
130,"91: libraries, archives, museums and other cultural activities",35.8,42.7,0.0,19.3,2.2
130,93: sports activities and amusement and recreation activities,33.6,56.0,0.0,7.2,3.1
130,95: repair of computers and personal and household goods,25.4,50.4,0.0,24.2,0.0
130,96: other personal service activities,31.4,56.0,0.0,9.7,3.0
130,All businesses,37.2,47.9,,7.9,6.3
132,10: manufacture of food products,40.4,51.6,4.1,3.7,
132,11: manufacture of beverages,85.0,14.6,,,0.0
132,13: manufacture of textiles,21.1,76.4,0.0,2.4,0.0
132,14: manufacture of wearing apparel,37.9,59.9,1.7,,0.0
132,"16: manufacture of wood and of products of wood and cork, except furniture; manufacture of articles of straw and plaiting materials",46.8,43.3,0.0,9.9,0.0
132,17: manufacture of paper and paper products,5.8,57.8,1.2,3.9,31.3
132,18: printing and reproduction of recorded media,46.6,52.6,0.0,,
132,20: manufacture of chemicals and chemical products,27.6,54.5,7.0,10.9,0.0
132,21: manufacture of basic pharmaceutical products and pharmaceutical preparations,7.6,73.4,0.0,19.0,0.0
132,22: manufacture of rubber and plastic products,21.2,68.4,,9.9,
132,23: manufacture of other non-metallic mineral products,43.1,54.4,1.7,,0.0
132,24: manufacture of basic metals,69.5,27.9,2.2,,0.0
132,"25: manufacture of fabricated metal products, except machinery and equipment",30.0,59.0,1.6,9.3,
132,"26: manufacture of computer, electronic and optical products",45.5,51.1,,2.9,0.0
132,27: manufacture of electrical equipment,30.4,59.0,,9.9,
132,28: manufacture of machinery and equipment n.e.c.,27.0,66.0,,6.4,
132,"29: manufacture of motor vehicles, trailers and semi-trailers",50.1,44.2,,5.0,0.0
132,30: manufacture of other transport equipment,5.1,75.1,2.1,,16.8
132,31: manufacture of furniture,58.8,39.3,0.0,1.5,
132,32: other manufacturing,36.4,45.1,0.0,18.5,0.0
132,33: repair and installation of machinery and equipment,50.2,47.5,0.0,2.2,
132,"36: water collection, treatment and supply",31.0,63.1,0.0,6.0,0.0
132,"38: waste collection, treatment and disposal activities; materials recovery",57.1,40.7,,2.0,0.0
132,41: construction of buildings,36.1,51.5,,10.0,2.2
132,42: civil engineering,37.2,49.7,0.0,2.3,10.8
132,43: specialised construction activities,33.5,48.6,2.2,13.6,2.2
132,45: wholesale and retail trade and repair of motor vehicles and motorcycles,44.6,44.1,,11.0,
132,"46: wholesale trade, except of motor vehicles and motorcycles",32.4,58.7,3.3,5.0,
132,"47: retail trade, except of motor vehicles and motorcycles",49.6,39.0,,8.7,2.6
132,49: land transport and transport via pipelines,42.1,43.6,,11.0,3.0
132,52: warehousing and support activities for transportation,25.7,58.5,,7.9,7.2
132,53: postal and courier activities,89.4,7.7,0.0,1.4,1.4
132,55: accommodation,56.4,33.7,,6.6,3.3
132,56: food and beverage service activities,66.2,25.5,0.0,6.6,1.7
132,58: publishing activities,18.1,58.6,0.0,11.9,11.4
132,"59: motion picture, video and television programme production, sound recording and music publishing activities",8.4,48.6,0.0,16.5,26.5
132,60: programming and broadcasting activities,0.0,94.0,0.0,5.1,
132,61: telecommunications,32.8,50.0,6.0,10.0,1.2
132,"62: computer programming, consultancy and related activities",24.9,62.6,,5.7,6.6
132,63: information service activities,3.7,80.1,0.0,16.2,0.0
132,68: real estate activities,18.2,48.5,0.0,3.4,29.9
132,69: legal and accounting activities,40.0,40.0,1.0,5.9,13.2
132,70: activities of head offices; management consultancy activities,15.1,68.1,1.8,6.8,8.2
132,71: architectural and engineering activities; technical testing and analysis,28.3,57.3,,6.4,7.8
132,72: scientific research and development,23.8,25.9,0.0,16.4,33.9
132,73: advertising and market research,15.8,61.8,0.0,13.7,8.7
132,"74: other professional, scientific and technical activities",47.5,41.2,0.0,1.0,10.2
132,75: veterinary activities,50.8,41.0,0.0,7.5,
132,77: rental and leasing activities,33.9,58.0,,5.6,2.1
132,78: employment activities,32.8,35.3,1.1,7.4,23.5
132,"79: travel agency, tour operator and other reservation service and related activities",9.6,71.2,,2.3,16.1
132,80: security and investigation activities,53.1,25.0,0.0,11.5,10.5
132,81: services to buildings and landscape activities,47.0,41.5,,3.9,7.5
132,"82: office administrative, office support and other business support activities",34.6,40.0,1.3,12.1,12.0
132,85: education,24.4,54.2,0.0,9.4,12.0
132,86: human health activities,33.8,35.3,,10.6,20.2
132,"90: creative, arts and entertainment activities",22.3,47.3,0.0,15.5,14.8
132,"91: libraries, archives, museums and other cultural activities",59.7,18.8,0.0,3.4,18.1
132,93: sports activities and amusement and recreation activities,41.5,46.9,0.0,7.5,4.2
132,95: repair of computers and personal and household goods,52.0,29.8,0.0,13.6,4.6
132,96: other personal service activities,45.8,42.0,0.0,9.0,3.3
132,All businesses,40.7,44.7,,7.8,6.1
134,10: manufacture of food products,39.9,52.9,,6.7,0.0
134,11: manufacture of beverages,22.4,75.4,1.6,,0.0
134,13: manufacture of textiles,33.6,65.7,0.0,,0.0
134,14: manufacture of wearing apparel,6.2,93.6,0.0,,0.0
134,"16: manufacture of wood and of products of wood and cork, except furniture; manufacture of articles of straw and plaiting materials",34.0,59.1,0.0,6.9,0.0
134,17: manufacture of paper and paper products,45.0,19.2,,2.8,32.1
134,18: printing and reproduction of recorded media,30.8,59.1,0.0,10.1,
134,20: manufacture of chemicals and chemical products,21.8,68.2,,9.2,
134,21: manufacture of basic pharmaceutical products and pharmaceutical preparations,52.1,43.3,0.0,4.6,0.0
134,22: manufacture of rubber and plastic products,14.5,71.8,7.8,5.3,
134,23: manufacture of other non-metallic mineral products,45.3,45.2,7.9,1.6,0.0
134,24: manufacture of basic metals,22.1,24.3,19.2,34.4,0.0
134,"25: manufacture of fabricated metal products, except machinery and equipment",31.3,60.8,,7.4,
134,"26: manufacture of computer, electronic and optical products",17.2,78.2,,3.6,
134,27: manufacture of electrical equipment,37.6,57.7,,4.7,0.0
134,28: manufacture of machinery and equipment n.e.c.,24.4,67.3,0.0,8.3,0.0
134,"29: manufacture of motor vehicles, trailers and semi-trailers",41.0,56.4,1.0,1.6,0.0
134,30: manufacture of other transport equipment,36.6,48.1,0.0,5.7,9.6
134,31: manufacture of furniture,30.3,67.5,0.0,2.2,0.0
134,32: other manufacturing,10.6,78.3,0.0,10.4,
134,33: repair and installation of machinery and equipment,29.5,60.3,0.0,1.0,9.2
134,"36: water collection, treatment and supply",4.8,59.5,0.0,35.7,0.0
134,"38: waste collection, treatment and disposal activities; materials recovery",5.4,88.5,2.5,3.6,0.0
134,41: construction of buildings,23.6,61.6,0.0,11.9,2.8
134,42: civil engineering,40.8,49.7,0.0,1.4,8.1
134,43: specialised construction activities,32.0,54.5,,9.6,3.1
134,45: wholesale and retail trade and repair of motor vehicles and motorcycles,32.7,57.4,1.3,8.4,
134,"46: wholesale trade, except of motor vehicles and motorcycles",25.1,65.2,2.2,7.0,
134,"47: retail trade, except of motor vehicles and motorcycles",43.8,44.9,1.3,8.0,2.0
134,49: land transport and transport via pipelines,37.2,47.0,1.4,9.7,4.7
134,52: warehousing and support activities for transportation,17.9,67.6,5.3,3.5,5.6
134,53: postal and courier activities,31.2,66.8,0.0,2.0,0.0
134,55: accommodation,44.3,43.7,,7.4,4.5
134,56: food and beverage service activities,57.5,35.1,0.0,5.8,1.6
134,58: publishing activities,11.3,74.6,0.0,11.5,2.7
134,"59: motion picture, video and television programme production, sound recording and music publishing activities",10.2,73.2,0.0,3.0,13.6
134,60: programming and broadcasting activities,3.4,92.3,0.0,4.3,0.0
134,61: telecommunications,25.0,63.9,,8.8,2.3
134,"62: computer programming, consultancy and related activities",17.5,65.7,1.0,8.9,7.0
134,63: information service activities,2.9,81.1,0.0,16.0,0.0
134,68: real estate activities,22.0,52.5,2.6,3.5,19.4
134,69: legal and accounting activities,34.0,52.8,,5.2,7.9
134,70: activities of head offices; management consultancy activities,18.3,60.9,,8.2,12.4
134,71: architectural and engineering activities; technical testing and analysis,21.2,56.4,,12.1,10.3
134,72: scientific research and development,11.8,36.7,0.0,26.7,24.8
134,73: advertising and market research,15.6,75.7,0.0,4.9,3.9
134,"74: other professional, scientific and technical activities",30.7,56.6,0.0,7.0,5.6
134,75: veterinary activities,14.4,79.7,0.0,5.9,0.0
134,77: rental and leasing activities,31.0,48.9,0.0,15.5,4.7
134,78: employment activities,13.7,49.0,1.5,7.9,28.0
134,"79: travel agency, tour operator and other reservation service and related activities",4.4,82.5,0.0,3.6,9.4
134,80: security and investigation activities,25.2,51.6,0.0,6.8,16.5
134,81: services to buildings and landscape activities,39.8,49.3,,8.0,2.8
134,"82: office administrative, office support and other business support activities",20.0,59.1,2.5,8.4,10.0
134,85: education,15.0,68.3,,5.5,11.2
134,86: human health activities,24.7,41.9,0.0,17.3,16.1
134,"90: creative, arts and entertainment activities",15.0,63.7,0.0,15.5,5.7
134,"91: libraries, archives, museums and other cultural activities",19.9,73.0,0.0,7.1,0.0
134,93: sports activities and amusement and recreation activities,26.3,60.2,,7.8,5.5
134,95: repair of computers and personal and household goods,18.0,59.5,1.7,19.0,1.7
134,96: other personal service activities,38.7,47.2,,5.7,8.2
134,All businesses,32.3,53.4,,8.0,5.5
136,10: manufacture of food products,30.1,61.0,1.6,7.3,0.0
136,11: manufacture of beverages,26.6,73.2,0.0,,0.0
136,13: manufacture of textiles,21.7,75.8,,1.7,0.0
136,"16: manufacture of wood and of products of wood and cork, except furniture; manufacture of articles of straw and plaiting materials",42.9,39.9,,11.8,4.9
136,17: manufacture of paper and paper products,7.8,58.6,0.0,2.4,31.2
136,18: printing and reproduction of recorded media,32.5,62.3,0.0,5.3,0.0
136,20: manufacture of chemicals and chemical products,14.1,75.7,1.3,7.5,1.4
136,21: manufacture of basic pharmaceutical products and pharmaceutical preparations,3.6,79.8,3.6,13.1,0.0
136,22: manufacture of rubber and plastic products,26.0,64.3,1.2,8.2,
136,23: manufacture of other non-metallic mineral products,14.2,77.2,8.4,,0.0
136,24: manufacture of basic metals,21.6,58.9,2.2,17.3,0.0
136,"25: manufacture of fabricated metal products, except machinery and equipment",17.8,70.6,0.0,9.9,1.7
136,"26: manufacture of computer, electronic and optical products",19.1,76.9,0.0,4.0,0.0
136,27: manufacture of electrical equipment,27.2,67.0,,1.9,3.4
136,28: manufacture of machinery and equipment n.e.c.,26.8,66.7,,5.9,
136,"29: manufacture of motor vehicles, trailers and semi-trailers",34.5,44.3,0.0,21.2,0.0
136,30: manufacture of other transport equipment,44.1,51.3,0.0,4.3,
136,31: manufacture of furniture,11.4,86.4,1.1,1.1,0.0
136,32: other manufacturing,1.0,68.6,0.0,30.4,0.0
136,33: repair and installation of machinery and equipment,34.0,57.4,0.0,2.1,6.4
136,"36: water collection, treatment and supply",8.5,58.5,0.0,30.5,2.4
136,"38: waste collection, treatment and disposal activities; materials recovery",30.3,67.5,,2.1,0.0
136,41: construction of buildings,17.9,72.7,0.0,6.4,3.0
136,42: civil engineering,25.6,60.3,0.0,10.6,3.4
136,43: specialised construction activities,22.9,65.1,,9.0,2.2
136,45: wholesale and retail trade and repair of motor vehicles and motorcycles,24.0,64.0,1.1,9.5,1.4
136,"46: wholesale trade, except of motor vehicles and motorcycles",23.8,64.8,2.7,7.0,1.7
136,"47: retail trade, except of motor vehicles and motorcycles",37.2,53.6,1.9,5.4,1.8
136,49: land transport and transport via pipelines,34.4,48.9,1.1,11.8,3.8
136,52: warehousing and support activities for transportation,12.4,67.9,0.0,11.7,7.9
136,53: postal and courier activities,42.6,54.8,,,
136,55: accommodation,38.9,46.0,2.6,9.8,2.6
136,56: food and beverage service activities,52.5,35.8,0.0,9.0,2.7
136,58: publishing activities,17.3,74.5,0.0,1.2,7.1
136,"59: motion picture, video and television programme production, sound recording and music publishing activities",6.4,63.4,0.0,13.8,16.3
136,60: programming and broadcasting activities,,91.7,0.0,3.4,3.9
136,61: telecommunications,4.1,77.1,0.0,17.2,1.6
136,"62: computer programming, consultancy and related activities",19.2,64.4,0.0,7.0,9.4
136,63: information service activities,13.8,59.5,0.0,25.8,1.0
136,68: real estate activities,20.6,56.5,0.0,8.7,14.2
136,69: legal and accounting activities,32.2,51.7,0.0,5.6,10.6
136,70: activities of head offices; management consultancy activities,17.3,56.4,,8.7,17.5
136,71: architectural and engineering activities; technical testing and analysis,15.0,67.8,0.0,10.8,6.5
136,72: scientific research and development,15.9,52.9,0.0,22.5,8.6
136,73: advertising and market research,19.1,68.9,0.0,6.9,5.0
136,"74: other professional, scientific and technical activities",19.7,63.3,,9.2,7.5
136,75: veterinary activities,31.7,55.9,0.0,11.8,
136,77: rental and leasing activities,20.0,73.7,2.4,3.1,
136,78: employment activities,13.3,52.1,5.8,6.4,22.5
136,"79: travel agency, tour operator and other reservation service and related activities",13.5,68.2,0.0,4.0,14.3
136,80: security and investigation activities,19.9,58.4,0.0,6.6,15.1
136,81: services to buildings and landscape activities,24.9,63.7,2.4,6.3,2.7
136,"82: office administrative, office support and other business support activities",16.9,61.8,,10.2,10.9
136,85: education,20.6,66.7,0.0,3.3,9.5
136,86: human health activities,27.2,40.7,,12.3,19.7
136,"90: creative, arts and entertainment activities",19.6,65.4,0.0,9.4,5.6
136,"91: libraries, archives, museums and other cultural activities",31.9,63.0,0.0,5.1,0.0
136,93: sports activities and amusement and recreation activities,26.7,60.1,2.5,5.5,5.2
136,95: repair of computers and personal and household goods,22.3,55.7,0.0,22.1,0.0
136,96: other personal service activities,23.5,65.8,0.0,8.0,2.7
136,All businesses,28.5,56.6,,8.3,5.8
138,10: manufacture of food products,25.3,62.5,1.6,10.5,0.0
138,11: manufacture of beverages,0.0,99.8,0.0,,0.0
138,13: manufacture of textiles,9.1,87.1,,3.0,0.0
138,14: manufacture of wearing apparel,25.1,74.6,0.0,,0.0
138,"16: manufacture of wood and of products of wood and cork, except furniture; manufacture of articles of straw and plaiting materials",31.5,44.2,0.0,24.3,0.0
138,17: manufacture of paper and paper products,24.5,50.0,2.0,2.7,20.8
138,18: printing and reproduction of recorded media,15.8,73.5,3.5,7.0,
138,20: manufacture of chemicals and chemical products,16.4,78.9,,3.5,
138,21: manufacture of basic pharmaceutical products and pharmaceutical preparations,8.9,89.3,0.0,1.8,0.0
138,22: manufacture of rubber and plastic products,14.4,83.9,,1.1,
138,23: manufacture of other non-metallic mineral products,18.8,80.2,,,0.0
138,24: manufacture of basic metals,9.5,22.7,0.0,67.8,0.0
138,"25: manufacture of fabricated metal products, except machinery and equipment",24.3,68.6,,7.0,0.0
138,"26: manufacture of computer, electronic and optical products",16.3,80.5,0.0,3.2,0.0
138,27: manufacture of electrical equipment,29.8,64.9,,4.6,0.0
138,28: manufacture of machinery and equipment n.e.c.,21.6,71.6,,3.2,3.3
138,"29: manufacture of motor vehicles, trailers and semi-trailers",34.1,45.3,1.7,18.8,
138,30: manufacture of other transport equipment,8.2,70.5,0.0,19.4,1.9
138,31: manufacture of furniture,22.6,61.4,0.0,16.0,0.0
138,32: other manufacturing,17.4,79.6,0.0,3.1,0.0
138,33: repair and installation of machinery and equipment,35.1,63.9,0.0,,
138,"38: waste collection, treatment and disposal activities; materials recovery",27.2,70.5,0.0,2.3,0.0
138,41: construction of buildings,28.5,56.6,0.0,9.6,5.3
138,42: civil engineering,30.8,64.1,,1.2,3.5
138,43: specialised construction activities,20.6,65.5,,11.4,2.5
138,45: wholesale and retail trade and repair of motor vehicles and motorcycles,22.0,67.4,1.2,6.9,2.5
138,"46: wholesale trade, except of motor vehicles and motorcycles",21.4,69.1,1.8,6.7,1.0
138,"47: retail trade, except of motor vehicles and motorcycles",32.5,58.7,,6.1,2.0
138,49: land transport and transport via pipelines,32.6,54.6,0.0,10.7,2.1
138,52: warehousing and support activities for transportation,13.8,61.5,,5.5,19.0
138,53: postal and courier activities,1.1,95.1,0.0,2.8,1.0
138,55: accommodation,31.6,54.1,,13.6,
138,56: food and beverage service activities,48.6,38.8,0.0,7.7,4.8
138,58: publishing activities,11.1,75.4,0.0,7.7,5.9
138,"59: motion picture, video and television programme production, sound recording and music publishing activities",16.8,53.2,0.0,9.8,20.3
138,61: telecommunications,4.6,75.5,0.0,18.6,1.2
138,"62: computer programming, consultancy and related activities",13.8,67.8,,5.9,11.6
138,63: information service activities,,83.5,0.0,14.9,
138,68: real estate activities,15.7,54.9,0.0,8.1,21.3
138,69: legal and accounting activities,29.4,54.9,1.7,4.9,9.1
138,70: activities of head offices; management consultancy activities,17.0,68.6,0.0,4.6,9.9
138,71: architectural and engineering activities; technical testing and analysis,25.2,50.2,,11.0,13.4
138,72: scientific research and development,26.2,46.8,0.0,14.4,12.6
138,73: advertising and market research,12.8,75.1,0.0,4.9,7.2
138,"74: other professional, scientific and technical activities",11.9,73.1,0.0,10.5,4.6
138,75: veterinary activities,7.4,86.1,0.0,5.9,
138,77: rental and leasing activities,15.3,73.9,0.0,10.4,
138,78: employment activities,10.7,52.2,5.8,7.0,24.3
138,"79: travel agency, tour operator and other reservation service and related activities",26.0,41.1,0.0,10.6,22.3
138,80: security and investigation activities,12.3,73.5,0.0,5.6,8.6
138,81: services to buildings and landscape activities,18.3,65.5,0.0,10.9,5.4
138,"82: office administrative, office support and other business support activities",10.2,65.8,,11.0,12.9
138,85: education,21.0,63.8,0.0,6.7,8.5
138,86: human health activities,20.2,44.4,,13.0,22.3
138,"90: creative, arts and entertainment activities",11.9,60.6,,16.5,10.6
138,"91: libraries, archives, museums and other cultural activities",49.5,46.6,0.0,4.0,0.0
138,93: sports activities and amusement and recreation activities,19.9,64.6,1.1,4.6,9.7
138,95: repair of computers and personal and household goods,25.4,49.4,0.0,25.2,0.0
138,96: other personal service activities,22.9,61.6,0.0,7.8,7.6
138,All businesses,25.5,59.1,,8.1,6.7
140,10: manufacture of food products,28.8,60.1,3.5,7.6,0.0
140,11: manufacture of beverages,4.6,95.2,0.0,,0.0
140,13: manufacture of textiles,2.6,95.2,,2.1,0.0
140,"16: manufacture of wood and of products of wood and cork, except furniture; manufacture of articles of straw and plaiting materials",8.2,68.7,,17.5,5.3
140,17: manufacture of paper and paper products,19.9,51.1,2.1,14.4,12.5
140,18: printing and reproduction of recorded media,27.9,62.5,,8.9,0.0
140,20: manufacture of chemicals and chemical products,10.5,68.1,,20.8,0.0
140,21: manufacture of basic pharmaceutical products and pharmaceutical preparations,19.9,72.9,0.0,7.2,0.0
140,22: manufacture of rubber and plastic products,10.3,83.3,,5.2,
140,23: manufacture of other non-metallic mineral products,11.6,87.6,0.0,,0.0
140,24: manufacture of basic metals,83.6,16.4,0.0,0.0,0.0
140,"25: manufacture of fabricated metal products, except machinery and equipment",14.7,69.0,1.8,14.4,
140,"26: manufacture of computer, electronic and optical products",11.5,82.8,0.0,5.2,
140,27: manufacture of electrical equipment,18.9,72.8,4.3,4.0,0.0
140,28: manufacture of machinery and equipment n.e.c.,12.6,84.1,,2.7,
140,"29: manufacture of motor vehicles, trailers and semi-trailers",15.2,80.8,0.0,2.7,1.2
140,30: manufacture of other transport equipment,25.7,70.8,0.0,3.6,0.0
140,31: manufacture of furniture,4.1,75.5,6.6,13.8,0.0
140,32: other manufacturing,12.8,64.8,10.0,11.9,
140,33: repair and installation of machinery and equipment,21.8,70.8,0.0,7.3,
140,"36: water collection, treatment and supply",2.4,58.5,0.0,36.6,2.4
140,"38: waste collection, treatment and disposal activities; materials recovery",28.9,61.8,1.2,8.1,0.0
140,41: construction of buildings,18.4,67.1,2.7,6.5,5.4
140,42: civil engineering,23.7,67.7,,7.9,0.0
140,43: specialised construction activities,17.6,61.5,,16.3,3.8
140,45: wholesale and retail trade and repair of motor vehicles and motorcycles,20.5,68.5,1.0,6.9,3.1
140,"46: wholesale trade, except of motor vehicles and motorcycles",19.5,68.0,3.9,6.6,2.0
140,"47: retail trade, except of motor vehicles and motorcycles",36.0,53.8,,9.3,
140,49: land transport and transport via pipelines,29.3,54.7,1.5,8.0,6.6
140,52: warehousing and support activities for transportation,22.7,59.5,6.6,3.4,7.8
140,53: postal and courier activities,1.8,96.4,0.0,1.8,0.0
140,55: accommodation,33.3,56.2,,8.0,2.0
140,56: food and beverage service activities,42.6,48.6,,5.2,2.9
140,58: publishing activities,6.6,67.2,0.0,10.3,15.9
140,"59: motion picture, video and television programme production, sound recording and music publishing activities",13.8,38.6,0.0,4.7,43.0
140,60: programming and broadcasting activities,1.0,51.3,1.0,3.5,43.3
140,61: telecommunications,9.6,55.6,7.2,20.3,7.3
140,"62: computer programming, consultancy and related activities",20.4,61.2,,5.5,12.9
140,63: information service activities,3.3,58.6,0.0,14.5,23.6
140,68: real estate activities,15.4,55.6,0.0,9.8,19.1
140,69: legal and accounting activities,23.5,64.4,,4.1,7.2
140,70: activities of head offices; management consultancy activities,12.0,72.1,,1.1,14.7
140,71: architectural and engineering activities; technical testing and analysis,21.5,57.3,,15.3,5.8
140,72: scientific research and development,18.3,34.3,8.6,20.2,18.6
140,73: advertising and market research,8.0,69.8,3.2,9.7,9.4
140,"74: other professional, scientific and technical activities",11.9,71.2,0.0,9.8,7.1
140,75: veterinary activities,6.9,86.3,0.0,6.8,0.0
140,77: rental and leasing activities,7.4,81.6,0.0,8.0,3.0
140,78: employment activities,13.9,56.7,2.9,4.7,21.8
140,"79: travel agency, tour operator and other reservation service and related activities",1.9,72.1,0.0,5.3,20.7
140,80: security and investigation activities,6.9,67.4,0.0,17.6,8.1
140,81: services to buildings and landscape activities,22.0,76.0,,1.2,
140,"82: office administrative, office support and other business support activities",11.2,56.6,1.6,9.3,21.3
140,85: education,17.6,66.6,0.0,9.6,6.3
140,86: human health activities,20.1,49.6,,12.4,17.8
140,"90: creative, arts and entertainment activities",16.7,57.7,0.0,10.1,15.5
140,"91: libraries, archives, museums and other cultural activities",19.6,72.4,0.0,6.2,1.8
140,93: sports activities and amusement and recreation activities,21.5,63.6,1.3,8.4,5.2
140,95: repair of computers and personal and household goods,14.7,70.7,0.0,14.7,0.0
140,96: other personal service activities,19.2,64.7,0.0,5.4,10.6
140,All businesses,23.3,60.9,1.2,8.1,6.4
142,10: manufacture of food products,32.9,56.3,3.7,7.1,0.0
142,11: manufacture of beverages,1.2,97.4,1.2,,0.0
142,13: manufacture of textiles,9.7,82.1,8.2,0.0,0.0
142,14: manufacture of wearing apparel,3.0,96.5,0.0,,0.0
142,"16: manufacture of wood and of products of wood and cork, except furniture; manufacture of articles of straw and plaiting materials",39.6,54.0,0.0,1.8,4.7
142,17: manufacture of paper and paper products,2.6,64.0,1.1,,32.0
142,18: printing and reproduction of recorded media,21.0,72.1,0.0,6.4,
142,20: manufacture of chemicals and chemical products,7.5,80.6,1.4,9.0,1.4
142,21: manufacture of basic pharmaceutical products and pharmaceutical preparations,15.9,67.0,0.0,17.1,0.0
142,22: manufacture of rubber and plastic products,5.2,76.1,8.5,10.0,
142,23: manufacture of other non-metallic mineral products,15.7,82.1,,1.7,0.0
142,24: manufacture of basic metals,39.7,23.2,0.0,33.6,3.5
142,"25: manufacture of fabricated metal products, except machinery and equipment",23.0,64.0,,11.2,1.5
142,"26: manufacture of computer, electronic and optical products",4.3,84.7,0.0,6.6,4.4
142,27: manufacture of electrical equipment,27.4,69.8,0.0,2.8,0.0
142,28: manufacture of machinery and equipment n.e.c.,15.5,78.2,,2.0,3.7
142,"29: manufacture of motor vehicles, trailers and semi-trailers",12.3,68.2,1.3,18.1,0.0
142,30: manufacture of other transport equipment,7.4,58.8,0.0,32.3,1.6
142,31: manufacture of furniture,15.8,81.3,,2.2,
142,32: other manufacturing,18.4,61.8,,19.0,
142,33: repair and installation of machinery and equipment,16.6,77.1,0.0,1.0,5.3
142,"38: waste collection, treatment and disposal activities; materials recovery",17.5,79.6,1.2,1.8,0.0
142,41: construction of buildings,22.5,62.2,2.7,7.8,4.9
142,42: civil engineering,19.1,71.4,3.4,5.8,
142,43: specialised construction activities,19.6,71.2,0.0,7.5,1.7
142,45: wholesale and retail trade and repair of motor vehicles and motorcycles,26.0,65.7,,6.8,1.3
142,"46: wholesale trade, except of motor vehicles and motorcycles",19.3,71.4,1.8,6.1,1.4
142,"47: retail trade, except of motor vehicles and motorcycles",35.4,55.0,,6.9,2.2
142,49: land transport and transport via pipelines,19.2,61.9,2.5,9.8,6.7
142,52: warehousing and support activities for transportation,20.5,67.7,3.3,1.9,6.6
142,53: postal and courier activities,1.2,77.4,21.2,,0.0
142,55: accommodation,35.5,47.8,2.1,12.8,1.9
142,56: food and beverage service activities,49.6,43.0,0.0,5.5,1.9
142,58: publishing activities,12.6,63.5,0.0,6.7,17.2
142,"59: motion picture, video and television programme production, sound recording and music publishing activities",9.3,60.6,0.0,3.3,26.7
142,60: programming and broadcasting activities,0.0,51.9,0.0,5.2,42.9
142,61: telecommunications,15.7,58.7,1.1,10.5,13.9
142,"62: computer programming, consultancy and related activities",16.2,67.7,0.0,6.5,9.6
142,63: information service activities,2.8,74.8,0.0,20.0,2.4
142,68: real estate activities,21.2,53.3,0.0,6.8,18.8
142,69: legal and accounting activities,29.0,54.4,0.0,6.0,10.6
142,70: activities of head offices; management consultancy activities,7.6,77.4,,5.0,9.9
142,71: architectural and engineering activities; technical testing and analysis,16.7,61.8,0.0,11.0,10.5
142,72: scientific research and development,35.5,31.9,0.0,10.0,22.7
142,73: advertising and market research,1.6,79.3,3.4,5.7,10.0
142,"74: other professional, scientific and technical activities",19.9,67.0,,10.4,2.4
142,75: veterinary activities,23.9,67.6,0.0,4.3,4.2
142,77: rental and leasing activities,11.6,74.8,0.0,8.4,5.2
142,78: employment activities,16.6,51.7,1.5,6.1,24.1
142,"79: travel agency, tour operator and other reservation service and related activities",13.0,60.3,1.6,4.0,21.1
142,80: security and investigation activities,28.1,48.0,0.0,5.9,18.1
142,81: services to buildings and landscape activities,20.6,74.7,2.5,1.4,
142,"82: office administrative, office support and other business support activities",10.8,64.1,1.6,9.0,14.5
142,85: education,23.2,56.9,0.0,7.0,12.9
142,86: human health activities,25.3,46.5,,9.5,18.5
142,"90: creative, arts and entertainment activities",9.4,49.8,0.0,13.7,27.1
142,"91: libraries, archives, museums and other cultural activities",21.9,74.6,0.0,3.5,0.0
142,93: sports activities and amusement and recreation activities,16.7,73.5,1.1,4.7,4.0
142,95: repair of computers and personal and household goods,27.0,57.1,0.0,15.9,0.0
142,96: other personal service activities,27.6,59.3,0.0,10.1,3.0
142,All businesses,25.3,60.6,,7.0,6.2
144,10: manufacture of food products,36.4,52.4,4.5,6.7,0.0
144,11: manufacture of beverages,1.7,97.9,0.0,,0.0
144,13: manufacture of textiles,21.7,69.6,1.1,,6.7
144,14: manufacture of wearing apparel,3.5,94.5,0.0,,1.7
144,"16: manufacture of wood and of products of wood and cork, except furniture; manufacture of articles of straw and plaiting materials",17.1,82.1,0.0,,0.0
144,17: manufacture of paper and paper products,28.1,46.9,1.0,2.5,21.5
144,18: printing and reproduction of recorded media,15.0,83.0,0.0,1.9,
144,20: manufacture of chemicals and chemical products,12.6,73.7,,12.7,0.0
144,21: manufacture of basic pharmaceutical products and pharmaceutical preparations,7.0,78.5,0.0,14.5,0.0
144,22: manufacture of rubber and plastic products,9.0,80.5,4.6,5.6,
144,23: manufacture of other non-metallic mineral products,9.6,89.1,0.0,1.3,0.0
144,24: manufacture of basic metals,52.4,25.0,0.0,22.6,0.0
144,"25: manufacture of fabricated metal products, except machinery and equipment",24.8,64.2,,9.3,1.5
144,"26: manufacture of computer, electronic and optical products",10.2,87.0,0.0,2.4,
144,27: manufacture of electrical equipment,26.5,70.3,0.0,2.5,
144,28: manufacture of machinery and equipment n.e.c.,15.5,77.5,,6.3,
144,"29: manufacture of motor vehicles, trailers and semi-trailers",2.6,92.2,0.0,5.2,0.0
144,30: manufacture of other transport equipment,8.3,84.5,1.4,5.8,0.0
144,31: manufacture of furniture,14.0,74.4,0.0,6.1,5.5
144,32: other manufacturing,2.4,67.8,,29.0,0.0
144,33: repair and installation of machinery and equipment,14.5,72.1,0.0,13.4,
144,"38: waste collection, treatment and disposal activities; materials recovery",31.5,59.1,1.2,2.4,5.7
144,41: construction of buildings,9.1,75.9,2.8,6.8,5.4
144,42: civil engineering,16.7,78.5,3.2,,
144,43: specialised construction activities,25.8,62.8,,8.3,3.0
144,45: wholesale and retail trade and repair of motor vehicles and motorcycles,23.7,69.1,1.0,4.1,2.1
144,"46: wholesale trade, except of motor vehicles and motorcycles",20.8,68.0,3.4,6.0,1.7
144,"47: retail trade, except of motor vehicles and motorcycles",34.5,52.9,,10.1,2.4
144,49: land transport and transport via pipelines,27.8,58.6,1.5,11.5,
144,52: warehousing and support activities for transportation,19.9,57.5,,8.8,13.5
144,53: postal and courier activities,18.8,80.2,0.0,,
144,55: accommodation,28.7,54.1,5.6,5.5,6.1
144,56: food and beverage service activities,45.2,43.1,,8.0,3.2
144,58: publishing activities,11.0,58.0,,18.2,12.7
144,"59: motion picture, video and television programme production, sound recording and music publishing activities",6.8,70.6,0.0,7.8,14.8
144,61: telecommunications,2.7,76.6,0.0,12.2,8.5
144,"62: computer programming, consultancy and related activities",19.3,67.9,,7.1,4.7
144,63: information service activities,3.2,93.2,0.0,3.7,0.0
144,68: real estate activities,3.9,69.8,2.6,8.5,15.1
144,69: legal and accounting activities,23.8,57.9,0.0,9.3,9.0
144,70: activities of head offices; management consultancy activities,10.9,74.9,1.9,1.0,11.4
144,71: architectural and engineering activities; technical testing and analysis,10.8,57.7,0.0,14.2,17.3
144,72: scientific research and development,2.2,71.5,0.0,11.4,15.0
144,73: advertising and market research,16.4,74.1,,5.2,3.5
144,"74: other professional, scientific and technical activities",27.6,58.0,2.2,7.2,5.0
144,75: veterinary activities,18.1,74.2,0.0,6.0,1.7
144,77: rental and leasing activities,14.2,73.9,0.0,11.9,0.0
144,78: employment activities,11.2,64.3,0.0,8.9,15.6
144,"79: travel agency, tour operator and other reservation service and related activities",16.1,44.6,0.0,14.7,24.6
144,80: security and investigation activities,14.7,69.0,0.0,1.2,15.0
144,81: services to buildings and landscape activities,12.0,77.3,,4.2,6.4
144,"82: office administrative, office support and other business support activities",13.9,57.0,,13.7,14.8
144,85: education,19.3,63.2,1.8,5.9,9.9
144,86: human health activities,19.7,53.8,,,25.7
144,"90: creative, arts and entertainment activities",21.1,49.3,0.0,9.9,19.6
144,"91: libraries, archives, museums and other cultural activities",32.6,48.2,0.0,17.8,1.4
144,93: sports activities and amusement and recreation activities,19.4,63.3,1.3,11.2,4.8
144,95: repair of computers and personal and household goods,10.0,78.9,0.0,11.1,0.0
144,96: other personal service activities,22.9,61.2,0.0,8.2,7.8
144,All businesses,23.9,61.0,1.0,7.6,6.4
146,10: manufacture of food products,40.5,49.6,1.3,8.5,0.0
146,11: manufacture of beverages,0.0,100.0,0.0,0.0,0.0
146,13: manufacture of textiles,27.0,71.2,,,0.0
146,14: manufacture of wearing apparel,23.7,71.9,2.1,2.3,0.0
146,"16: manufacture of wood and of products of wood and cork, except furniture; manufacture of articles of straw and plaiting materials",12.9,85.0,1.0,1.1,0.0
146,17: manufacture of paper and paper products,17.0,78.4,2.1,2.5,0.0
146,18: printing and reproduction of recorded media,28.7,61.8,0.0,9.4,
146,20: manufacture of chemicals and chemical products,9.0,72.9,5.8,12.4,0.0
146,21: manufacture of basic pharmaceutical products and pharmaceutical preparations,10.2,77.0,0.0,12.7,0.0
146,22: manufacture of rubber and plastic products,7.1,81.9,4.6,6.1,
146,23: manufacture of other non-metallic mineral products,8.5,90.4,0.0,1.1,0.0
146,24: manufacture of basic metals,4.4,73.2,0.0,22.5,0.0
146,"25: manufacture of fabricated metal products, except machinery and equipment",13.6,68.8,3.6,14.0,
146,"26: manufacture of computer, electronic and optical products",13.6,73.6,0.0,12.9,0.0
146,27: manufacture of electrical equipment,29.8,66.2,,2.6,
146,28: manufacture of machinery and equipment n.e.c.,6.4,80.5,0.0,9.4,3.7
146,"29: manufacture of motor vehicles, trailers and semi-trailers",25.4,53.6,,20.0,
146,30: manufacture of other transport equipment,7.8,87.5,,2.7,1.7
146,31: manufacture of furniture,18.5,75.2,0.0,1.3,5.0
146,32: other manufacturing,11.1,50.8,0.0,38.0,0.0
146,33: repair and installation of machinery and equipment,19.2,62.5,0.0,9.9,8.4
146,"38: waste collection, treatment and disposal activities; materials recovery",27.4,63.0,6.8,2.8,0.0
146,41: construction of buildings,19.0,66.8,,6.4,7.6
146,42: civil engineering,12.9,81.4,3.6,1.2,
146,43: specialised construction activities,22.5,66.8,1.6,7.4,1.7
146,45: wholesale and retail trade and repair of motor vehicles and motorcycles,25.7,62.3,,9.6,2.3
146,"46: wholesale trade, except of motor vehicles and motorcycles",19.7,70.4,1.0,7.1,1.8
146,"47: retail trade, except of motor vehicles and motorcycles",36.1,51.8,1.9,7.2,3.0
146,49: land transport and transport via pipelines,22.5,57.0,2.4,9.5,8.6
146,52: warehousing and support activities for transportation,17.0,74.0,,6.3,1.9
146,53: postal and courier activities,22.9,76.7,0.0,,0.0
146,55: accommodation,29.7,55.1,7.6,6.8,
146,56: food and beverage service activities,55.3,36.1,,6.3,1.7
146,58: publishing activities,10.9,70.8,,6.1,11.6
146,"59: motion picture, video and television programme production, sound recording and music publishing activities",6.8,58.9,10.8,8.3,15.3
146,61: telecommunications,27.2,54.2,,10.4,8.1
146,"62: computer programming, consultancy and related activities",18.3,65.8,0.0,9.5,6.4
146,63: information service activities,2.8,93.0,0.0,3.3,
146,68: real estate activities,16.1,57.1,0.0,7.4,19.4
146,69: legal and accounting activities,19.7,64.1,2.5,6.8,6.9
146,70: activities of head offices; management consultancy activities,12.9,74.5,1.9,1.3,9.5
146,71: architectural and engineering activities; technical testing and analysis,16.4,65.8,1.6,9.1,7.1
146,72: scientific research and development,7.7,73.4,0.0,11.0,7.9
146,73: advertising and market research,9.4,74.0,3.3,5.8,7.4
146,"74: other professional, scientific and technical activities",9.3,78.9,2.7,3.0,6.0
146,75: veterinary activities,23.1,71.1,0.0,5.8,0.0
146,77: rental and leasing activities,10.1,79.8,0.0,3.0,7.1
146,78: employment activities,15.4,58.6,2.7,6.6,16.8
146,"79: travel agency, tour operator and other reservation service and related activities",13.5,60.7,,4.3,20.8
146,80: security and investigation activities,26.2,51.7,,10.3,11.2
146,81: services to buildings and landscape activities,20.9,68.0,3.0,4.7,3.4
146,"82: office administrative, office support and other business support activities",11.3,62.5,1.5,8.2,16.5
146,85: education,18.0,67.3,,4.5,10.0
146,86: human health activities,22.5,45.6,,13.6,18.1
146,"90: creative, arts and entertainment activities",20.5,44.5,0.0,24.6,10.3
146,"91: libraries, archives, museums and other cultural activities",19.5,72.9,1.0,4.8,1.8
146,93: sports activities and amusement and recreation activities,17.6,69.9,,6.2,6.2
146,95: repair of computers and personal and household goods,0.0,98.7,0.0,1.3,0.0
146,96: other personal service activities,17.4,70.8,0.0,5.9,5.9
146,All businesses,25.4,60.2,1.4,7.5,5.5
148,10: manufacture of food products,29.4,54.4,4.3,8.4,3.5
148,11: manufacture of beverages,7.5,86.8,0.0,5.8,0.0
148,13: manufacture of textiles,33.7,64.9,0.0,1.5,0.0
148,14: manufacture of wearing apparel,2.9,94.4,0.0,2.7,0.0
148,"16: manufacture of wood and of products of wood and cork, except furniture; manufacture of articles of straw and plaiting materials",26.0,62.8,,10.7,0.0
148,17: manufacture of paper and paper products,16.5,78.1,1.2,4.3,0.0
148,18: printing and reproduction of recorded media,16.7,82.7,0.0,,
148,20: manufacture of chemicals and chemical products,11.4,78.5,,9.3,
148,21: manufacture of basic pharmaceutical products and pharmaceutical preparations,16.7,72.3,0.0,10.9,0.0
148,22: manufacture of rubber and plastic products,6.5,80.2,4.1,1.8,7.5
148,23: manufacture of other non-metallic mineral products,8.1,90.2,,1.1,0.0
148,24: manufacture of basic metals,41.3,39.5,0.0,17.1,2.1
148,"25: manufacture of fabricated metal products, except machinery and equipment",19.1,73.6,1.6,5.6,
148,"26: manufacture of computer, electronic and optical products",9.6,82.8,,7.2,0.0
148,27: manufacture of electrical equipment,32.4,65.9,0.0,1.0,
148,28: manufacture of machinery and equipment n.e.c.,12.1,84.2,0.0,3.4,
148,"29: manufacture of motor vehicles, trailers and semi-trailers",19.3,75.1,,4.8,0.0
148,30: manufacture of other transport equipment,4.1,79.3,0.0,3.6,13.0
148,31: manufacture of furniture,2.1,96.0,0.0,2.0,0.0
148,32: other manufacturing,13.4,48.6,,37.3,
148,33: repair and installation of machinery and equipment,18.0,69.1,0.0,6.9,6.0
148,"36: water collection, treatment and supply",0.0,97.6,2.4,0.0,0.0
148,"38: waste collection, treatment and disposal activities; materials recovery",28.2,50.8,12.3,7.8,
148,41: construction of buildings,20.4,63.4,0.0,7.7,8.5
148,42: civil engineering,13.7,68.4,3.7,12.9,1.4
148,43: specialised construction activities,21.2,64.6,0.0,12.8,1.4
148,45: wholesale and retail trade and repair of motor vehicles and motorcycles,21.1,66.5,1.1,7.9,3.4
148,"46: wholesale trade, except of motor vehicles and motorcycles",19.2,71.0,1.4,6.7,1.7
148,"47: retail trade, except of motor vehicles and motorcycles",34.7,49.1,1.4,12.0,2.8
148,49: land transport and transport via pipelines,20.8,64.9,1.6,9.9,2.7
148,52: warehousing and support activities for transportation,14.6,72.5,,5.1,7.5
148,53: postal and courier activities,37.0,61.2,0.0,1.1,
148,55: accommodation,24.7,59.5,2.3,7.3,6.2
148,56: food and beverage service activities,47.3,43.1,,5.0,4.0
148,58: publishing activities,12.9,67.9,0.0,10.4,8.9
148,"59: motion picture, video and television programme production, sound recording and music publishing activities",0.0,67.3,0.0,3.7,28.9
148,61: telecommunications,25.3,52.2,0.0,16.8,5.8
148,"62: computer programming, consultancy and related activities",19.0,64.8,,10.8,4.4
148,63: information service activities,28.4,64.3,0.0,3.9,3.4
148,68: real estate activities,16.8,44.4,0.0,15.4,23.4
148,69: legal and accounting activities,23.4,60.8,1.9,4.3,9.7
148,70: activities of head offices; management consultancy activities,9.6,74.8,,3.6,11.9
148,71: architectural and engineering activities; technical testing and analysis,22.4,65.8,,6.6,5.1
148,72: scientific research and development,8.0,63.4,,10.9,16.7
148,73: advertising and market research,14.7,78.4,0.0,6.2,
148,"74: other professional, scientific and technical activities",13.7,72.4,0.0,5.7,8.2
148,75: veterinary activities,6.6,86.1,0.0,6.7,
148,77: rental and leasing activities,20.1,65.1,0.0,9.9,5.0
148,78: employment activities,13.2,55.0,1.7,5.7,24.4
148,"79: travel agency, tour operator and other reservation service and related activities",3.1,44.4,0.0,12.4,40.1
148,80: security and investigation activities,33.0,46.7,,10.0,10.3
148,81: services to buildings and landscape activities,32.7,56.8,0.0,7.7,2.8
148,"82: office administrative, office support and other business support activities",11.9,63.0,1.6,11.1,12.3
148,85: education,9.5,66.7,2.1,6.5,15.2
148,86: human health activities,19.5,53.1,1.4,7.1,18.9
148,"90: creative, arts and entertainment activities",13.1,65.0,5.2,15.7,1.0
148,"91: libraries, archives, museums and other cultural activities",21.0,61.6,0.0,4.4,13.0
148,93: sports activities and amusement and recreation activities,21.2,64.6,1.3,6.8,6.1
148,95: repair of computers and personal and household goods,1.6,88.8,8.8,,0.0
148,96: other personal service activities,23.5,64.2,0.0,6.4,5.9
148,All businesses,24.4,60.3,1.1,7.8,6.4
150,10: manufacture of food products,35.0,47.4,5.7,8.8,3.1
150,11: manufacture of beverages,80.2,15.9,0.0,3.9,0.0
150,13: manufacture of textiles,29.5,64.1,,5.5,0.0
150,14: manufacture of wearing apparel,45.2,29.0,0.0,25.8,0.0
150,"16: manufacture of wood and of products of wood and cork, except furniture; manufacture of articles of straw and plaiting materials",26.9,58.2,,13.7,
150,17: manufacture of paper and paper products,43.2,52.0,2.0,2.8,0.0
150,18: printing and reproduction of recorded media,22.9,71.5,0.0,5.5,
150,20: manufacture of chemicals and chemical products,18.6,69.9,4.3,7.2,0.0
150,21: manufacture of basic pharmaceutical products and pharmaceutical preparations,18.4,62.4,0.0,19.2,0.0
150,22: manufacture of rubber and plastic products,6.9,88.1,1.8,2.6,
150,23: manufacture of other non-metallic mineral products,19.5,79.4,0.0,1.1,0.0
150,24: manufacture of basic metals,43.8,39.5,0.0,16.7,0.0
150,"25: manufacture of fabricated metal products, except machinery and equipment",30.1,53.4,,14.5,1.9
150,"26: manufacture of computer, electronic and optical products",30.0,56.2,,12.8,
150,27: manufacture of electrical equipment,57.8,28.5,0.0,13.0,
150,28: manufacture of machinery and equipment n.e.c.,27.3,65.9,0.0,6.2,
150,"29: manufacture of motor vehicles, trailers and semi-trailers",28.2,59.1,1.9,10.8,0.0
150,30: manufacture of other transport equipment,34.1,63.0,0.0,2.9,0.0
150,31: manufacture of furniture,27.3,59.8,0.0,12.8,0.0
150,32: other manufacturing,5.5,65.0,0.0,29.1,
150,33: repair and installation of machinery and equipment,38.7,59.8,0.0,1.4,
150,"36: water collection, treatment and supply",2.4,75.0,0.0,0.0,22.6
150,37: sewerage,3.9,96.1,0.0,0.0,0.0
150,"38: waste collection, treatment and disposal activities; materials recovery",38.3,60.5,,1.2,0.0
150,41: construction of buildings,20.5,60.8,2.1,13.6,3.1
150,42: civil engineering,39.8,47.5,0.0,5.4,7.4
150,43: specialised construction activities,25.6,63.0,0.0,7.8,3.6
150,45: wholesale and retail trade and repair of motor vehicles and motorcycles,25.9,58.0,1.2,9.4,5.6
150,"46: wholesale trade, except of motor vehicles and motorcycles",29.8,62.5,,4.6,2.8
150,"47: retail trade, except of motor vehicles and motorcycles",36.4,46.1,1.8,11.1,4.4
150,49: land transport and transport via pipelines,25.3,61.4,,6.4,6.4
150,52: warehousing and support activities for transportation,26.2,58.9,,5.5,8.9
150,53: postal and courier activities,19.6,75.5,2.3,,2.3
150,55: accommodation,30.2,50.0,4.1,7.4,8.3
150,56: food and beverage service activities,48.9,40.1,1.1,6.5,3.5
150,58: publishing activities,15.5,63.2,0.0,8.3,12.9
150,"59: motion picture, video and television programme production, sound recording and music publishing activities",11.0,56.7,0.0,8.0,24.3
150,61: telecommunications,20.0,39.8,0.0,29.1,11.0
150,"62: computer programming, consultancy and related activities",18.7,62.5,1.9,10.6,6.3
150,63: information service activities,30.6,51.7,0.0,3.5,14.2
150,68: real estate activities,28.7,39.4,2.5,8.1,21.2
150,69: legal and accounting activities,21.5,65.2,,6.5,6.7
150,70: activities of head offices; management consultancy activities,18.8,67.2,3.5,3.3,7.2
150,71: architectural and engineering activities; technical testing and analysis,20.7,54.5,1.7,11.3,11.8
150,72: scientific research and development,16.9,48.4,0.0,10.7,24.0
150,73: advertising and market research,22.0,68.0,0.0,5.2,4.8
150,"74: other professional, scientific and technical activities",42.9,46.5,0.0,10.6,0.0
150,75: veterinary activities,39.0,51.8,0.0,8.6,
150,77: rental and leasing activities,27.1,64.4,0.0,8.1,
150,78: employment activities,22.2,48.1,,11.2,18.2
150,"79: travel agency, tour operator and other reservation service and related activities",11.5,64.0,0.0,13.4,11.1
150,80: security and investigation activities,28.0,49.0,1.1,17.6,4.3
150,81: services to buildings and landscape activities,39.0,46.2,2.6,9.1,3.1
150,"82: office administrative, office support and other business support activities",19.9,56.6,1.6,7.7,14.1
150,85: education,25.8,52.9,0.0,9.1,12.1
150,86: human health activities,24.2,46.1,1.3,5.7,22.7
150,"90: creative, arts and entertainment activities",22.0,47.6,0.0,20.1,10.3
150,"91: libraries, archives, museums and other cultural activities",20.3,71.0,0.0,7.2,1.5
150,93: sports activities and amusement and recreation activities,25.8,59.0,1.3,3.6,10.3
150,95: repair of computers and personal and household goods,35.6,63.8,0.0,,0.0
150,96: other personal service activities,32.4,59.6,0.0,2.9,5.2
150,All businesses,30.5,53.7,1.1,8.0,6.7
152,10: manufacture of food products,33.6,46.1,10.8,8.9,
152,11: manufacture of beverages,42.8,54.8,0.0,2.4,0.0
152,13: manufacture of textiles,13.5,79.6,0.0,6.9,0.0
152,14: manufacture of wearing apparel,16.3,79.7,1.4,2.5,0.0
152,"16: manufacture of wood and of products of wood and cork, except furniture; manufacture of articles of straw and plaiting materials",25.2,57.6,0.0,16.7,
152,17: manufacture of paper and paper products,35.1,59.5,1.4,3.8,
152,18: printing and reproduction of recorded media,24.3,67.5,4.8,2.8,
152,20: manufacture of chemicals and chemical products,20.8,61.7,,16.6,0.0
152,21: manufacture of basic pharmaceutical products and pharmaceutical preparations,18.5,62.2,0.0,16.0,3.4
152,22: manufacture of rubber and plastic products,20.6,76.7,0.0,2.7,0.0
152,23: manufacture of other non-metallic mineral products,53.7,44.2,0.0,2.0,0.0
152,24: manufacture of basic metals,20.4,65.9,,13.3,0.0
152,"25: manufacture of fabricated metal products, except machinery and equipment",28.2,58.5,1.4,10.6,1.4
152,"26: manufacture of computer, electronic and optical products",23.4,74.4,0.0,2.2,0.0
152,27: manufacture of electrical equipment,27.5,61.5,,6.2,4.7
152,28: manufacture of machinery and equipment n.e.c.,13.4,76.3,0.0,10.1,
152,"29: manufacture of motor vehicles, trailers and semi-trailers",14.0,72.2,0.0,12.9,1.0
152,30: manufacture of other transport equipment,25.1,69.1,0.0,5.8,0.0
152,31: manufacture of furniture,8.5,77.5,0.0,14.0,0.0
152,32: other manufacturing,10.5,64.7,0.0,24.8,0.0
152,33: repair and installation of machinery and equipment,27.4,62.5,0.0,10.0,
152,"36: water collection, treatment and supply",3.8,84.6,1.9,9.6,0.0
152,37: sewerage,1.3,94.4,0.0,1.3,3.1
152,"38: waste collection, treatment and disposal activities; materials recovery",19.7,55.0,7.5,17.8,0.0
152,41: construction of buildings,32.4,53.8,0.0,5.7,8.0
152,42: civil engineering,33.9,52.3,0.0,6.1,7.6
152,43: specialised construction activities,24.1,61.6,,10.3,3.2
152,45: wholesale and retail trade and repair of motor vehicles and motorcycles,31.9,56.4,,9.0,2.7
152,"46: wholesale trade, except of motor vehicles and motorcycles",29.8,62.0,,6.1,1.5
152,"47: retail trade, except of motor vehicles and motorcycles",35.3,49.2,,11.5,3.8
152,49: land transport and transport via pipelines,27.2,61.4,,8.7,2.6
152,52: warehousing and support activities for transportation,16.8,69.5,0.0,2.7,11.0
152,53: postal and courier activities,20.9,77.2,0.0,,1.1
152,55: accommodation,33.6,51.8,1.5,7.0,6.1
152,56: food and beverage service activities,52.6,34.0,,9.4,3.4
152,58: publishing activities,29.9,56.3,0.0,7.0,6.8
152,"59: motion picture, video and television programme production, sound recording and music publishing activities",12.7,47.1,0.0,13.0,27.2
152,61: telecommunications,25.2,48.7,0.0,19.1,7.0
152,"62: computer programming, consultancy and related activities",23.2,59.0,1.1,10.1,6.7
152,63: information service activities,30.3,42.1,0.0,,26.8
152,68: real estate activities,19.4,42.8,3.1,13.4,21.3
152,69: legal and accounting activities,19.5,64.8,0.0,5.2,10.5
152,70: activities of head offices; management consultancy activities,19.8,67.1,0.0,5.5,7.6
152,71: architectural and engineering activities; technical testing and analysis,28.9,58.0,0.0,4.0,9.1
152,72: scientific research and development,14.0,63.0,1.3,20.2,1.4
152,73: advertising and market research,32.3,60.2,0.0,3.0,4.5
152,"74: other professional, scientific and technical activities",37.5,52.6,0.0,6.6,3.3
152,75: veterinary activities,43.3,55.2,0.0,,
152,77: rental and leasing activities,12.4,67.3,,15.3,4.8
152,78: employment activities,12.2,57.3,,10.6,19.6
152,"79: travel agency, tour operator and other reservation service and related activities",18.4,50.3,0.0,3.6,27.6
152,80: security and investigation activities,24.1,38.0,,26.8,10.7
152,81: services to buildings and landscape activities,23.5,62.7,,10.2,3.4
152,"82: office administrative, office support and other business support activities",13.0,66.0,3.1,7.0,11.0
152,85: education,15.6,70.0,0.0,7.5,6.9
152,86: human health activities,16.3,51.6,,10.5,21.5
152,"90: creative, arts and entertainment activities",24.1,57.2,0.0,12.6,6.0
152,"91: libraries, archives, museums and other cultural activities",29.4,67.1,0.0,3.3,
152,93: sports activities and amusement and recreation activities,24.5,63.1,0.0,6.7,5.7
152,95: repair of computers and personal and household goods,1.2,97.6,0.0,1.0,
152,96: other personal service activities,34.7,54.4,0.0,4.3,6.7
152,All businesses,29.3,55.0,,8.8,6.2
154,10: manufacture of food products,39.7,47.3,1.4,7.4,4.2
154,11: manufacture of beverages,87.0,10.3,0.0,2.7,0.0
154,13: manufacture of textiles,48.2,49.9,0.0,1.9,0.0
154,14: manufacture of wearing apparel,25.0,70.8,1.4,2.8,0.0
154,"16: manufacture of wood and of products of wood and cork, except furniture; manufacture of articles of straw and plaiting materials",61.1,36.6,0.0,1.9,
154,17: manufacture of paper and paper products,37.2,47.8,,2.2,12.6
154,18: printing and reproduction of recorded media,39.0,54.8,,5.7,
154,20: manufacture of chemicals and chemical products,47.7,45.4,0.0,7.0,0.0
154,21: manufacture of basic pharmaceutical products and pharmaceutical preparations,35.4,44.7,0.0,20.0,0.0
154,22: manufacture of rubber and plastic products,62.7,30.9,,6.0,0.0
154,23: manufacture of other non-metallic mineral products,49.8,47.9,0.0,2.3,0.0
154,24: manufacture of basic metals,58.6,28.5,0.0,12.9,0.0
154,"25: manufacture of fabricated metal products, except machinery and equipment",55.2,41.1,0.0,3.7,0.0
154,"26: manufacture of computer, electronic and optical products",48.6,48.7,0.0,2.6,0.0
154,27: manufacture of electrical equipment,51.5,37.7,,10.6,0.0
154,28: manufacture of machinery and equipment n.e.c.,40.2,51.0,3.1,5.4,
154,"29: manufacture of motor vehicles, trailers and semi-trailers",50.0,45.6,0.0,4.4,0.0
154,30: manufacture of other transport equipment,69.3,24.5,0.0,4.1,2.0
154,31: manufacture of furniture,49.8,42.4,,7.5,
154,32: other manufacturing,43.7,34.1,0.0,21.6,
154,33: repair and installation of machinery and equipment,39.9,57.7,0.0,2.1,
154,37: sewerage,61.0,39.0,0.0,0.0,0.0
154,"38: waste collection, treatment and disposal activities; materials recovery",63.5,33.5,,2.7,0.0
154,41: construction of buildings,58.4,30.9,0.0,3.9,6.9
154,42: civil engineering,67.7,27.6,0.0,4.5,
154,43: specialised construction activities,52.0,41.0,0.0,5.3,1.7
154,45: wholesale and retail trade and repair of motor vehicles and motorcycles,38.7,48.3,0.0,11.2,1.7
154,"46: wholesale trade, except of motor vehicles and motorcycles",46.5,43.7,,7.7,1.6
154,"47: retail trade, except of motor vehicles and motorcycles",51.0,37.9,1.5,6.0,3.6
154,49: land transport and transport via pipelines,56.6,31.5,0.0,8.7,3.2
154,52: warehousing and support activities for transportation,44.8,51.5,,3.2,
154,53: postal and courier activities,55.3,43.2,0.0,,1.1
154,55: accommodation,48.8,37.8,3.5,8.9,1.1
154,56: food and beverage service activities,66.9,23.9,0.0,6.6,2.5
154,58: publishing activities,29.0,57.3,0.0,3.5,10.2
154,"59: motion picture, video and television programme production, sound recording and music publishing activities",18.5,37.6,,8.4,35.4
154,61: telecommunications,24.2,47.4,0.0,15.7,12.7
154,"62: computer programming, consultancy and related activities",25.8,61.6,,5.8,6.6
154,63: information service activities,42.1,56.8,0.0,,
154,68: real estate activities,28.4,43.1,0.0,16.1,12.4
154,69: legal and accounting activities,25.2,58.0,0.0,6.0,10.7
154,70: activities of head offices; management consultancy activities,22.2,64.6,2.1,7.3,3.8
154,71: architectural and engineering activities; technical testing and analysis,44.0,40.9,1.6,8.3,5.3
154,72: scientific research and development,27.4,39.5,6.1,18.2,8.8
154,73: advertising and market research,16.5,76.6,0.0,2.6,4.3
154,"74: other professional, scientific and technical activities",41.1,48.9,0.0,4.1,5.9
154,75: veterinary activities,27.6,54.0,,17.4,
154,77: rental and leasing activities,43.3,45.3,0.0,7.2,4.3
154,78: employment activities,27.2,47.7,,10.0,15.0
154,"79: travel agency, tour operator and other reservation service and related activities",7.6,48.1,9.6,13.0,21.8
154,80: security and investigation activities,25.0,36.2,0.0,37.4,1.4
154,81: services to buildings and landscape activities,33.3,49.8,,12.5,4.1
154,"82: office administrative, office support and other business support activities",34.0,50.5,0.0,5.5,10.0
154,85: education,28.6,55.5,0.0,8.5,7.4
154,86: human health activities,30.9,42.4,,11.6,14.9
154,"90: creative, arts and entertainment activities",23.7,42.8,0.0,17.1,16.4
154,"91: libraries, archives, museums and other cultural activities",40.8,51.7,0.0,7.1,
154,93: sports activities and amusement and recreation activities,47.9,40.6,,6.9,4.5
154,95: repair of computers and personal and household goods,24.8,57.8,0.0,17.2,
154,96: other personal service activities,46.8,47.5,0.0,2.8,2.8
154,All businesses,45.1,42.0,,7.5,4.8
156,10: manufacture of food products,46.9,42.2,3.8,6.9,
156,11: manufacture of beverages,89.5,8.7,0.0,1.5,
156,13: manufacture of textiles,57.8,41.4,0.0,,0.0
156,14: manufacture of wearing apparel,37.1,59.4,2.0,1.5,0.0
156,"16: manufacture of wood and of products of wood and cork, except furniture; manufacture of articles of straw and plaiting materials",63.2,27.7,0.0,9.0,0.0
156,17: manufacture of paper and paper products,56.3,43.4,0.0,,0.0
156,18: printing and reproduction of recorded media,65.3,32.4,0.0,1.8,
156,20: manufacture of chemicals and chemical products,56.2,31.9,3.8,4.4,3.8
156,21: manufacture of basic pharmaceutical products and pharmaceutical preparations,24.9,59.9,0.0,15.1,0.0
156,22: manufacture of rubber and plastic products,73.6,16.3,0.0,10.1,0.0
156,23: manufacture of other non-metallic mineral products,54.7,42.0,0.0,3.3,0.0
156,24: manufacture of basic metals,76.2,21.9,0.0,1.9,0.0
156,"25: manufacture of fabricated metal products, except machinery and equipment",63.7,29.1,0.0,7.1,
156,"26: manufacture of computer, electronic and optical products",55.5,41.1,,2.8,0.0
156,27: manufacture of electrical equipment,54.6,41.5,0.0,3.8,
156,28: manufacture of machinery and equipment n.e.c.,46.1,45.1,,8.1,
156,"29: manufacture of motor vehicles, trailers and semi-trailers",57.1,41.3,0.0,1.6,0.0
156,30: manufacture of other transport equipment,51.3,39.4,1.5,7.8,0.0
156,31: manufacture of furniture,68.5,16.4,7.1,8.0,0.0
156,32: other manufacturing,29.2,54.3,,15.1,
156,33: repair and installation of machinery and equipment,48.0,49.5,0.0,2.5,
156,37: sewerage,65.5,34.5,0.0,0.0,0.0
156,"38: waste collection, treatment and disposal activities; materials recovery",74.1,14.1,0.0,11.8,0.0
156,41: construction of buildings,46.5,39.6,,3.5,10.1
156,42: civil engineering,78.6,15.3,0.0,1.3,4.7
156,43: specialised construction activities,51.8,35.8,1.5,7.7,3.2
156,45: wholesale and retail trade and repair of motor vehicles and motorcycles,38.1,48.1,0.0,11.4,2.4
156,"46: wholesale trade, except of motor vehicles and motorcycles",54.8,37.0,1.0,6.7,
156,"47: retail trade, except of motor vehicles and motorcycles",48.8,38.3,,8.0,4.2
156,49: land transport and transport via pipelines,70.0,16.7,,9.1,4.1
156,52: warehousing and support activities for transportation,54.1,35.1,,9.4,
156,53: postal and courier activities,30.8,67.3,0.0,,1.4
156,55: accommodation,48.0,36.4,4.7,5.2,5.8
156,56: food and beverage service activities,66.9,22.9,,7.4,2.7
156,58: publishing activities,16.2,65.6,0.0,3.1,15.1
156,"59: motion picture, video and television programme production, sound recording and music publishing activities",22.9,34.2,0.0,8.9,34.0
156,61: telecommunications,46.6,33.1,0.0,19.0,1.3
156,"62: computer programming, consultancy and related activities",26.6,59.3,,9.9,4.0
156,63: information service activities,81.6,15.8,,,2.0
156,68: real estate activities,30.8,29.7,0.0,29.9,9.5
156,69: legal and accounting activities,39.2,46.2,0.0,5.9,8.7
156,70: activities of head offices; management consultancy activities,19.3,65.8,0.0,7.5,7.4
156,71: architectural and engineering activities; technical testing and analysis,41.4,48.6,0.0,5.7,4.3
156,72: scientific research and development,18.9,57.6,0.0,14.0,9.5
156,73: advertising and market research,29.2,58.4,0.0,3.2,9.2
156,"74: other professional, scientific and technical activities",34.7,57.1,0.0,4.3,4.0
156,75: veterinary activities,25.5,65.7,0.0,8.5,
156,77: rental and leasing activities,39.0,44.4,0.0,13.4,3.2
156,78: employment activities,35.7,33.8,,12.3,18.2
156,"79: travel agency, tour operator and other reservation service and related activities",54.8,19.0,0.0,4.1,22.0
156,80: security and investigation activities,58.2,29.4,0.0,11.6,
156,81: services to buildings and landscape activities,68.9,22.2,3.2,5.1,
156,"82: office administrative, office support and other business support activities",24.5,54.2,0.0,8.6,12.8
156,85: education,23.9,56.4,0.0,11.6,8.1
156,86: human health activities,34.4,27.0,1.3,12.3,25.0
156,"90: creative, arts and entertainment activities",15.7,65.6,0.0,6.9,11.7
156,"91: libraries, archives, museums and other cultural activities",44.1,49.3,,6.2,
156,93: sports activities and amusement and recreation activities,44.9,42.4,,4.3,8.2
156,95: repair of computers and personal and household goods,42.1,57.3,0.0,,0.0
156,96: other personal service activities,47.3,40.6,0.0,3.0,9.2
156,All businesses,48.2,37.5,,7.9,5.7
158,10: manufacture of food products,46.0,40.2,4.5,9.0,
158,11: manufacture of beverages,51.2,45.9,,2.7,0.0
158,13: manufacture of textiles,60.7,31.9,0.0,7.4,0.0
158,14: manufacture of wearing apparel,31.3,68.4,0.0,,0.0
158,"16: manufacture of wood and of products of wood and cork, except furniture; manufacture of articles of straw and plaiting materials",51.6,34.4,0.0,13.5,
158,17: manufacture of paper and paper products,68.5,30.6,0.0,,
158,18: printing and reproduction of recorded media,35.9,62.0,0.0,1.6,
158,20: manufacture of chemicals and chemical products,42.0,43.4,5.5,9.1,0.0
158,21: manufacture of basic pharmaceutical products and pharmaceutical preparations,4.2,78.2,0.0,17.6,0.0
158,22: manufacture of rubber and plastic products,58.4,32.0,0.0,9.5,
158,23: manufacture of other non-metallic mineral products,17.2,77.8,1.7,3.3,0.0
158,24: manufacture of basic metals,52.1,47.9,0.0,0.0,0.0
158,"25: manufacture of fabricated metal products, except machinery and equipment",51.5,33.8,,14.6,0.0
158,"26: manufacture of computer, electronic and optical products",32.9,64.4,0.0,2.7,0.0
158,27: manufacture of electrical equipment,53.4,43.7,0.0,2.9,0.0
158,28: manufacture of machinery and equipment n.e.c.,50.4,45.4,0.0,3.9,
158,"29: manufacture of motor vehicles, trailers and semi-trailers",50.6,38.9,0.0,9.9,
158,30: manufacture of other transport equipment,60.3,34.6,0.0,5.1,0.0
158,31: manufacture of furniture,51.0,43.4,0.0,5.5,
158,32: other manufacturing,38.2,58.9,0.0,3.0,0.0
158,33: repair and installation of machinery and equipment,35.8,56.1,,7.3,
158,"36: water collection, treatment and supply",,,,,2.1
158,"38: waste collection, treatment and disposal activities; materials recovery",48.9,29.5,,21.2,0.0
158,41: construction of buildings,44.5,41.5,,6.6,7.1
158,42: civil engineering,59.5,29.3,0.0,6.3,4.8
158,43: specialised construction activities,47.3,43.1,0.0,7.8,1.8
158,45: wholesale and retail trade and repair of motor vehicles and motorcycles,37.4,48.7,1.3,8.6,4.0
158,"46: wholesale trade, except of motor vehicles and motorcycles",49.3,39.7,1.9,8.5,
158,"47: retail trade, except of motor vehicles and motorcycles",40.3,43.7,1.3,11.0,3.8
158,49: land transport and transport via pipelines,46.8,41.4,,5.8,6.0
158,52: warehousing and support activities for transportation,32.8,58.2,,8.3,
158,53: postal and courier activities,40.3,40.5,16.1,,2.4
158,55: accommodation,42.2,46.0,1.6,8.9,1.4
158,56: food and beverage service activities,58.9,31.8,0.0,8.7,
158,58: publishing activities,19.7,70.0,0.0,3.4,6.9
158,"59: motion picture, video and television programme production, sound recording and music publishing activities",11.7,35.8,0.0,8.6,43.9
158,61: telecommunications,14.7,53.7,,20.9,9.9
158,"62: computer programming, consultancy and related activities",24.8,59.9,1.1,9.3,4.9
158,63: information service activities,28.9,66.6,,2.7,1.8
158,68: real estate activities,24.4,39.5,0.0,19.3,16.8
158,69: legal and accounting activities,21.0,60.3,0.0,9.5,9.1
158,70: activities of head offices; management consultancy activities,14.8,65.9,0.0,7.5,11.8
158,71: architectural and engineering activities; technical testing and analysis,37.9,47.4,0.0,7.0,7.7
158,72: scientific research and development,20.4,67.6,0.0,8.5,3.5
158,73: advertising and market research,20.0,70.9,0.0,2.8,6.2
158,"74: other professional, scientific and technical activities",27.4,56.5,0.0,5.8,10.2
158,75: veterinary activities,25.2,65.9,0.0,8.9,0.0
158,77: rental and leasing activities,35.9,45.8,0.0,10.2,8.1
158,78: employment activities,28.9,41.9,2.3,5.2,21.8
158,"79: travel agency, tour operator and other reservation service and related activities",20.0,65.1,0.0,4.3,10.6
158,80: security and investigation activities,8.0,65.2,0.0,13.0,13.8
158,81: services to buildings and landscape activities,41.3,41.8,2.3,11.4,3.1
158,"82: office administrative, office support and other business support activities",26.3,54.3,2.0,6.4,11.0
158,85: education,23.4,63.4,0.0,5.8,7.5
158,86: human health activities,25.6,41.0,0.0,7.8,25.6
158,"90: creative, arts and entertainment activities",19.0,67.4,0.0,,13.4
158,"91: libraries, archives, museums and other cultural activities",43.5,39.3,0.0,16.0,1.3
158,93: sports activities and amusement and recreation activities,25.7,58.6,0.0,10.8,4.9
158,95: repair of computers and personal and household goods,6.9,93.1,0.0,0.0,0.0
158,96: other personal service activities,30.8,57.2,0.0,3.1,8.9
158,All businesses,39.2,45.9,,8.5,5.8
160,10: manufacture of food products,26.2,57.6,7.3,8.5,
160,11: manufacture of beverages,87.6,10.3,0.0,2.2,0.0
160,13: manufacture of textiles,36.4,62.4,0.0,1.2,0.0
160,14: manufacture of wearing apparel,1.3,97.1,0.0,1.6,0.0
160,"16: manufacture of wood and of products of wood and cork, except furniture; manufacture of articles of straw and plaiting materials",33.9,56.2,0.0,9.9,0.0
160,17: manufacture of paper and paper products,40.4,32.8,0.0,26.6,
160,18: printing and reproduction of recorded media,48.8,48.7,,1.4,
160,20: manufacture of chemicals and chemical products,39.5,43.8,,10.7,5.7
160,21: manufacture of basic pharmaceutical products and pharmaceutical preparations,10.8,75.9,0.0,8.7,4.6
160,22: manufacture of rubber and plastic products,52.1,39.4,2.2,6.2,0.0
160,23: manufacture of other non-metallic mineral products,11.7,85.0,0.0,3.4,0.0
160,24: manufacture of basic metals,28.5,49.7,21.0,,0.0
160,"25: manufacture of fabricated metal products, except machinery and equipment",37.6,53.5,0.0,8.8,
160,"26: manufacture of computer, electronic and optical products",41.9,53.2,,4.0,
160,27: manufacture of electrical equipment,52.4,44.7,,2.6,
160,28: manufacture of machinery and equipment n.e.c.,39.0,53.1,,7.4,
160,"29: manufacture of motor vehicles, trailers and semi-trailers",37.8,51.7,0.0,10.5,0.0
160,30: manufacture of other transport equipment,62.2,31.4,0.0,6.4,0.0
160,31: manufacture of furniture,43.2,46.0,0.0,10.8,0.0
160,32: other manufacturing,31.2,53.1,,15.3,0.0
160,33: repair and installation of machinery and equipment,20.7,77.2,,1.6,
160,"38: waste collection, treatment and disposal activities; materials recovery",42.5,53.8,2.0,1.7,0.0
160,41: construction of buildings,26.8,51.1,2.9,9.7,9.5
160,42: civil engineering,46.0,47.7,0.0,5.2,1.1
160,43: specialised construction activities,33.8,53.7,1.7,9.1,1.7
160,45: wholesale and retail trade and repair of motor vehicles and motorcycles,31.2,56.1,2.8,9.6,
160,"46: wholesale trade, except of motor vehicles and motorcycles",35.9,54.5,1.6,6.6,1.5
160,"47: retail trade, except of motor vehicles and motorcycles",35.3,50.9,1.8,9.5,2.6
160,49: land transport and transport via pipelines,20.3,51.8,7.9,11.3,8.7
160,52: warehousing and support activities for transportation,28.5,57.9,,4.1,9.2
160,53: postal and courier activities,4.9,52.4,20.5,20.5,1.8
160,55: accommodation,38.7,54.6,,5.6,
160,56: food and beverage service activities,46.6,43.8,0.0,6.0,3.5
160,58: publishing activities,8.7,80.5,0.0,10.7,0.0
160,"59: motion picture, video and television programme production, sound recording and music publishing activities",2.0,50.0,0.0,12.6,35.4
160,61: telecommunications,22.0,51.6,0.0,19.0,7.4
160,"62: computer programming, consultancy and related activities",20.7,64.2,,7.9,7.1
160,63: information service activities,20.8,35.4,0.0,22.3,21.5
160,68: real estate activities,26.8,35.5,0.0,20.1,17.5
160,69: legal and accounting activities,17.1,62.7,0.0,8.8,11.5
160,70: activities of head offices; management consultancy activities,15.9,65.7,1.8,9.3,7.3
160,71: architectural and engineering activities; technical testing and analysis,25.6,54.6,0.0,10.6,9.3
160,72: scientific research and development,15.5,59.7,0.0,10.8,13.9
160,73: advertising and market research,30.0,59.9,0.0,2.5,7.7
160,"74: other professional, scientific and technical activities",28.7,58.4,0.0,3.3,9.5
160,75: veterinary activities,11.0,79.1,0.0,9.5,
160,77: rental and leasing activities,22.6,60.1,2.3,9.0,5.9
160,78: employment activities,16.1,50.8,2.0,9.0,22.0
160,"79: travel agency, tour operator and other reservation service and related activities",36.4,52.0,,3.9,7.4
160,80: security and investigation activities,26.8,60.9,0.0,11.5,
160,81: services to buildings and landscape activities,29.9,50.6,,12.0,7.4
160,"82: office administrative, office support and other business support activities",16.9,63.4,2.2,6.6,10.9
160,85: education,12.7,66.3,,5.4,15.4
160,86: human health activities,19.7,49.3,1.8,12.3,16.9
160,"90: creative, arts and entertainment activities",8.5,64.0,0.0,1.2,26.3
160,"91: libraries, archives, museums and other cultural activities",21.4,70.4,0.0,6.2,2.0
160,93: sports activities and amusement and recreation activities,20.3,64.5,1.3,8.2,5.7
160,95: repair of computers and personal and household goods,12.7,87.1,0.0,,0.0
160,96: other personal service activities,27.2,66.7,0.0,3.0,3.2
160,All businesses,30.6,54.0,1.2,8.2,6.0
162,10: manufacture of food products,35.8,56.0,,7.2,
162,11: manufacture of beverages,28.3,69.3,,2.2,0.0
162,13: manufacture of textiles,16.5,70.2,0.0,7.1,6.2
162,"16: manufacture of wood and of products of wood and cork, except furniture; manufacture of articles of straw and plaiting materials",37.3,54.3,0.0,8.5,0.0
162,17: manufacture of paper and paper products,46.4,50.9,,2.1,
162,18: printing and reproduction of recorded media,35.2,53.9,,10.7,
162,20: manufacture of chemicals and chemical products,44.1,33.9,1.2,13.3,7.5
162,21: manufacture of basic pharmaceutical products and pharmaceutical preparations,4.5,76.7,0.0,12.6,6.2
162,22: manufacture of rubber and plastic products,44.7,45.0,3.2,7.0,
162,23: manufacture of other non-metallic mineral products,20.3,74.9,0.0,4.8,0.0
162,24: manufacture of basic metals,31.3,53.5,0.0,15.2,0.0
162,"25: manufacture of fabricated metal products, except machinery and equipment",34.2,51.4,1.9,12.5,0.0
162,"26: manufacture of computer, electronic and optical products",40.6,49.0,0.0,5.2,5.2
162,27: manufacture of electrical equipment,39.8,57.4,,2.8,0.0
162,28: manufacture of machinery and equipment n.e.c.,41.3,46.2,,11.5,
162,"29: manufacture of motor vehicles, trailers and semi-trailers",28.6,55.1,0.0,14.3,2.0
162,30: manufacture of other transport equipment,56.9,32.8,0.0,9.4,
162,31: manufacture of furniture,35.6,63.2,0.0,1.1,0.0
162,32: other manufacturing,39.8,50.2,0.0,10.0,0.0
162,33: repair and installation of machinery and equipment,22.1,74.4,,2.6,
162,"36: water collection, treatment and supply",5.0,71.7,0.0,10.0,13.3
162,"38: waste collection, treatment and disposal activities; materials recovery",58.1,31.8,0.0,10.1,0.0
162,41: construction of buildings,29.9,55.7,,5.5,8.6
162,42: civil engineering,42.9,50.4,0.0,6.1,
162,43: specialised construction activities,32.2,53.6,,10.1,3.3
162,45: wholesale and retail trade and repair of motor vehicles and motorcycles,33.1,50.7,1.2,13.5,1.5
162,"46: wholesale trade, except of motor vehicles and motorcycles",32.5,57.9,,7.3,1.5
162,"47: retail trade, except of motor vehicles and motorcycles",34.8,52.3,1.9,8.4,2.6
162,49: land transport and transport via pipelines,31.1,43.9,2.7,10.8,11.4
162,52: warehousing and support activities for transportation,26.1,65.0,,3.2,5.4
162,53: postal and courier activities,38.2,58.9,0.0,1.7,1.2
162,55: accommodation,37.2,54.8,,4.9,2.8
162,56: food and beverage service activities,43.4,47.3,0.0,8.5,
162,58: publishing activities,10.6,77.0,8.0,3.8,
162,"59: motion picture, video and television programme production, sound recording and music publishing activities",23.7,38.5,0.0,12.0,25.8
162,61: telecommunications,7.4,44.8,,33.3,13.8
162,"62: computer programming, consultancy and related activities",21.5,65.0,1.1,7.1,5.2
162,63: information service activities,3.1,93.9,0.0,,2.7
162,68: real estate activities,13.5,40.9,0.0,27.0,18.6
162,69: legal and accounting activities,12.3,67.0,1.6,9.1,10.0
162,70: activities of head offices; management consultancy activities,14.0,65.1,2.0,9.6,9.4
162,71: architectural and engineering activities; technical testing and analysis,20.7,65.0,0.0,7.1,7.1
162,72: scientific research and development,12.2,68.6,0.0,10.3,8.9
162,73: advertising and market research,18.9,67.1,,5.3,8.5
162,"74: other professional, scientific and technical activities",24.9,62.1,0.0,8.0,5.0
162,75: veterinary activities,9.5,64.8,8.0,17.3,
162,77: rental and leasing activities,31.2,55.5,,4.8,8.2
162,78: employment activities,15.4,57.3,,11.7,15.4
162,"79: travel agency, tour operator and other reservation service and related activities",28.3,47.9,0.0,3.7,20.2
162,80: security and investigation activities,29.3,53.6,0.0,15.5,1.6
162,81: services to buildings and landscape activities,24.9,60.4,0.0,10.8,3.8
162,"82: office administrative, office support and other business support activities",18.0,53.4,0.0,6.5,22.2
162,85: education,26.4,52.2,0.0,2.9,18.6
162,86: human health activities,14.1,54.7,0.0,7.4,23.9
162,"90: creative, arts and entertainment activities",15.4,59.9,0.0,10.0,14.8
162,"91: libraries, archives, museums and other cultural activities",5.3,85.3,,5.6,3.0
162,93: sports activities and amusement and recreation activities,18.6,61.7,,9.9,9.6
162,95: repair of computers and personal and household goods,29.5,70.1,0.0,,0.0
162,96: other personal service activities,27.8,65.2,0.0,3.7,3.4
162,All businesses,29.2,55.3,,8.6,6.2
