wave,breakdown,Currently fully trading,Currently partially trading,Paused trading but intends to restart in the next two weeks,Paused trading and does not intend to restart in the next two weeks,Permanently ceased trading,Currently trading and has been for more than the last two weeks,Started trading within the last two weeks after a pause in trading
7,0 - 9,,,7.3,27.7,,53.2,11.1
7,10 - 49,,,5.0,15.6,,71.4,7.1
7,100 - 249,,,2.4,7.5,,84.8,4.8
7,250 +,,,3.1,9.4,,82.2,4.9
7,50 - 99,,,3.8,12.1,,78.2,5.2
7,Accommodation and food service activities,,,7.0,51.7,,25.3,15.6
7,Administrative and support service activities,,,6.9,37.2,2.0,44.3,9.7
7,All businesses,,,7.0,26.4,,55.3,10.6
7,All size bands excluding 0 - 9,,,4.7,14.7,,73.0,6.7
7,"Arts, entertainment and recreation",,,8.1,67.0,0.0,23.9,1.0
7,Construction,,,10.5,13.5,,58.2,17.2
7,Education,,,,24.2,0.0,67.7,7.3
7,Information and communication,,,4.5,30.5,0.0,63.7,1.3
7,Manufacturing,,,2.4,22.8,,57.3,17.3
7,Other service activities,,,22.0,50.1,0.0,28.0,0.0
7,"Professional, scientific and technical activities",,,5.6,22.2,,65.5,6.0
7,Transportation and storage,,,,32.5,0.0,51.7,15.5
7,Wholesale and retail trade; repair of motor vehicles and motorcycles,,,10.5,14.8,1.7,56.4,16.6
8,0 - 9,,,7.9,19.5,2.2,61.6,8.8
8,10 - 49,,,7.6,11.3,,75.3,5.3
8,100 - 249,,,3.9,4.9,,87.8,3.0
8,250 +,,,3.9,7.5,,82.9,5.3
8,50 - 99,,,6.5,6.3,,82.3,4.0
8,Accommodation and food service activities,,,19.7,35.0,3.8,25.2,16.2
8,Administrative and support service activities,,,9.4,22.1,6.4,57.0,5.1
8,All businesses,,,7.8,18.6,2.0,63.2,8.4
8,All size bands excluding 0 - 9,,,7.2,10.4,,76.8,5.0
8,"Arts, entertainment and recreation",,,6.5,50.4,8.7,33.6,
8,Construction,,,4.9,12.6,,73.5,8.2
8,Information and communication,,,7.5,24.4,,62.5,4.7
8,Manufacturing,,,2.8,12.5,0.0,76.9,7.9
8,Other service activities,,,21.0,30.1,0.0,24.3,24.6
8,"Professional, scientific and technical activities",,,,17.0,2.0,76.6,3.5
8,Transportation and storage,,,14.0,16.8,0.0,62.8,6.3
8,Wholesale and retail trade; repair of motor vehicles and motorcycles,,,11.7,8.9,1.3,62.8,15.3
9,0 - 9,,,5.4,15.0,2.4,64.1,13.1
9,10 - 49,,,3.6,6.9,1.3,78.5,9.7
9,100 - 249,,,1.2,3.0,,90.8,4.4
9,250 +,,,2.1,4.0,,88.2,5.2
9,50 - 99,,,2.3,4.3,,84.4,8.2
9,Accommodation and food service activities,,,4.8,24.2,3.6,39.0,28.4
9,Administrative and support service activities,,,2.4,28.3,3.6,52.9,12.8
9,All businesses,,,5.2,14.1,2.2,65.8,12.7
9,All size bands excluding 0 - 9,,,3.3,6.4,1.2,80.0,9.1
9,"Arts, entertainment and recreation",,,8.3,34.1,4.4,50.9,2.3
9,Construction,,,9.2,6.1,2.6,66.1,16.1
9,Information and communication,,,5.4,19.1,,70.5,4.9
9,Manufacturing,,,,,2.7,81.8,14.5
9,Other service activities,,,14.0,0.0,0.0,21.5,64.6
9,"Professional, scientific and technical activities",,,5.2,14.8,2.2,74.3,3.6
9,Transportation and storage,,,7.1,21.0,,64.2,7.4
9,Wholesale and retail trade; repair of motor vehicles and motorcycles,,,3.5,5.4,3.0,76.3,11.7
10,0 - 9,,,3.1,13.8,1.7,75.0,6.3
10,10 - 49,,,2.3,5.2,,85.3,6.5
10,100 - 249,,,1.1,3.0,,92.8,2.3
10,250 +,,,1.6,3.8,,89.4,4.7
10,50 - 99,,,1.7,4.5,,89.3,3.6
10,Accommodation and food service activities,,,1.2,15.8,,69.2,13.9
10,Administrative and support service activities,,,8.0,19.9,5.5,65.1,1.4
10,All businesses,,,3.0,12.9,1.6,76.1,6.3
10,All size bands excluding 0 - 9,,,2.2,5.0,,86.2,6.0
10,"Arts, entertainment and recreation",,,14.1,31.8,4.0,42.3,7.8
10,Construction,,,2.8,8.5,,80.9,7.2
10,Information and communication,,,3.4,22.9,1.7,68.2,3.8
10,Manufacturing,,,,,2.0,89.9,7.4
10,Other service activities,,,0.0,0.0,0.0,73.0,27.0
10,"Professional, scientific and technical activities",,,2.6,14.2,2.3,75.1,5.8
10,Real estate activities,,,0.0,0.0,0.0,91.7,8.3
10,Transportation and storage,,,0.0,19.6,0.0,80.1,
10,Wholesale and retail trade; repair of motor vehicles and motorcycles,,,1.9,5.7,,85.9,6.0
11,0 - 9,,,2.3,15.2,2.4,75.5,4.6
11,10 - 49,,,1.0,4.5,,88.9,4.8
11,100 - 249,,,1.2,1.3,1.1,95.4,1.0
11,250 +,,,,3.0,,93.5,2.1
11,50 - 99,,,,3.3,,92.0,2.8
11,Accommodation and food service activities,,,5.8,13.5,,74.6,5.8
11,Administrative and support service activities,,,2.0,19.0,9.5,64.1,5.4
11,All businesses,,,2.2,14.1,2.2,76.9,4.6
11,All size bands excluding 0 - 9,,,1.0,4.2,,89.7,4.3
11,"Arts, entertainment and recreation",,,4.4,44.8,0.0,45.2,5.6
11,Construction,,,1.4,10.4,0.0,83.4,4.8
11,Information and communication,,,7.0,22.6,5.9,56.9,7.7
11,Manufacturing,,,,1.1,,95.0,3.4
11,Other service activities,,,0.0,0.0,0.0,92.8,7.2
11,"Professional, scientific and technical activities",,,1.7,15.4,3.1,75.5,4.3
11,Transportation and storage,,,0.0,10.4,0.0,85.6,3.9
11,Wholesale and retail trade; repair of motor vehicles and motorcycles,,,1.2,11.2,,85.8,1.8
12,0 - 9,,,5.1,11.1,2.5,78.0,3.2
12,10 - 49,,,1.1,2.9,1.2,93.0,1.8
12,100 - 249,,,,1.9,,95.6,
12,250 +,,,1.0,2.0,,95.3,1.1
12,50 - 99,,,,2.3,1.0,94.8,1.1
12,Accommodation and food service activities,,,,18.9,,75.0,5.1
12,Administrative and support service activities,,,4.2,6.8,4.4,82.4,2.3
12,All businesses,,,4.7,10.3,2.3,79.6,3.1
12,All size bands excluding 0 - 9,,,1.1,2.8,1.1,93.4,1.7
12,"Arts, entertainment and recreation",,,5.1,27.8,0.0,66.3,
12,Construction,,,6.3,3.3,4.2,79.5,6.7
12,Information and communication,,,2.5,25.6,2.1,65.3,4.5
12,Manufacturing,,,,2.6,4.2,92.9,0.0
12,Other service activities,,,0.0,0.0,0.0,100.0,0.0
12,"Professional, scientific and technical activities",,,3.9,13.2,3.0,78.0,1.9
12,Transportation and storage,,,5.7,6.2,0.0,87.1,1.0
12,Wholesale and retail trade; repair of motor vehicles and motorcycles,,,7.6,4.8,,83.7,3.8
13,0 - 9,,,3.1,11.3,3.1,78.7,3.8
13,10 - 49,,,,3.1,,93.8,1.9
13,100 - 249,,,,,,97.6,
13,250 +,,,1.2,2.2,,94.6,1.3
13,50 - 99,,,,2.2,,95.8,
13,Accommodation and food service activities,,,4.1,9.8,,85.1,
13,Administrative and support service activities,,,4.0,13.4,11.2,69.0,2.5
13,All businesses,,,2.8,10.4,2.8,80.3,3.6
13,All size bands excluding 0 - 9,,,,2.9,,94.2,1.7
13,"Arts, entertainment and recreation",,,7.9,15.5,0.0,67.2,9.4
13,Construction,,,1.9,7.7,1.9,81.4,7.1
13,Information and communication,,,4.3,21.9,4.4,67.2,2.2
13,Manufacturing,,,5.5,1.0,2.1,91.3,
13,Other service activities,,,0.0,0.0,0.0,100.0,0.0
13,"Professional, scientific and technical activities",,,1.6,16.6,3.3,76.9,1.6
13,Transportation and storage,,,5.7,4.1,4.1,74.6,11.5
13,Wholesale and retail trade; repair of motor vehicles and motorcycles,,,1.9,5.6,,90.0,2.4
14,0 - 9,,,2.8,10.7,1.2,81.1,4.2
14,10 - 49,,,,3.4,1.2,93.4,1.5
14,100 - 249,,,,,,98.3,
14,250 +,,,,1.1,,97.5,
14,50 - 99,,,,2.3,,95.6,
14,Accommodation and food service activities,,,7.9,10.4,,73.5,7.8
14,Administrative and support service activities,,,4.5,12.9,0.0,80.0,2.6
14,All businesses,,,2.5,9.9,1.2,82.4,3.9
14,All size bands excluding 0 - 9,,,,3.1,1.1,94.0,1.3
14,"Arts, entertainment and recreation",,,3.7,16.1,0.0,75.9,4.3
14,Construction,,,0.0,6.4,1.5,87.3,4.8
14,Education,,,7.8,1.3,0.0,82.9,7.9
14,Information and communication,,,1.7,23.6,3.6,69.3,1.7
14,Manufacturing,,,,1.7,2.1,89.5,6.3
14,"Professional, scientific and technical activities",,,2.7,14.8,1.7,79.9,
14,Transportation and storage,,,0.0,6.0,,85.5,8.2
14,Wholesale and retail trade; repair of motor vehicles and motorcycles,,,1.2,4.8,,91.4,2.4
15,0 - 9,,,2.3,9.9,2.7,83.1,1.9
15,10 - 49,,,,3.6,1.3,93.7,1.1
15,100 - 249,,,,1.0,,98.1,
15,250 +,,,,2.0,,96.3,
15,50 - 99,,,,1.7,,96.2,
15,Accommodation and food service activities,,,,11.8,,86.8,
15,Administrative and support service activities,,,6.4,14.7,4.9,74.0,0.0
15,All businesses,,,2.1,9.3,2.6,84.3,1.8
15,All size bands excluding 0 - 9,,,,3.2,1.2,94.2,1.0
15,"Arts, entertainment and recreation",,,5.5,24.9,0.0,63.3,6.3
15,Construction,,,2.5,5.9,,87.7,3.9
15,Information and communication,,,2.0,15.3,5.8,75.0,1.9
15,Manufacturing,,,,1.5,4.6,91.2,2.5
15,"Professional, scientific and technical activities",,,2.4,12.6,4.7,77.5,2.9
15,Transportation and storage,,,0.0,6.0,5.6,88.4,0.0
15,Wholesale and retail trade; repair of motor vehicles and motorcycles,,,0.0,6.0,,92.9,1.0
16,0 - 9,,,4.3,8.0,4.2,80.9,2.6
16,10 - 49,,,1.0,3.8,1.3,93.1,
16,100 - 249,,,,1.0,,97.8,
16,250 +,,,,1.6,,96.7,
16,50 - 99,,,,1.9,1.2,96.0,
16,Accommodation and food service activities,,,4.0,13.5,7.2,71.5,3.9
16,Administrative and support service activities,,,6.4,9.6,4.3,75.6,4.1
16,All businesses,,,3.9,7.5,3.9,82.2,2.4
16,All size bands excluding 0 - 9,,,,3.4,1.3,93.7,
16,"Arts, entertainment and recreation",,,,21.9,0.0,77.6,
16,Construction,,,6.7,1.6,,88.6,3.0
16,Education,,,,6.5,5.8,75.4,12.3
16,Information and communication,,,2.7,11.8,5.5,78.6,1.4
16,Manufacturing,,,2.1,7.8,8.1,81.8,
16,"Professional, scientific and technical activities",,,3.7,8.4,6.7,81.2,0.0
16,Transportation and storage,,,0.0,7.2,6.8,86.0,0.0
16,Wholesale and retail trade; repair of motor vehicles and motorcycles,,,5.2,6.0,1.2,82.0,5.7
17,0 - 9,,,3.3,13.9,2.1,78.2,2.5
17,10 - 49,,,1.8,10.0,,86.2,1.1
17,100 - 249,,,,4.3,,94.2,
17,250 +,,,,5.3,,92.8,
17,50 - 99,,,1.2,6.2,,91.2,
17,Accommodation and food service activities,,,3.7,31.5,1.5,60.1,3.1
17,Administrative and support service activities,,,4.1,16.0,5.4,69.0,5.5
17,All businesses,,,3.1,13.4,2.0,79.2,2.4
17,All size bands excluding 0 - 9,,,1.7,9.3,,87.2,1.0
17,"Arts, entertainment and recreation",,,1.8,22.4,,75.0,
17,Construction,,,2.7,7.4,,86.1,3.1
17,Education,,,6.9,10.7,3.5,78.6,
17,Human health and social work activities,,,5.8,6.1,0.0,88.1,0.0
17,Information and communication,,,4.0,14.1,2.7,78.6,
17,Manufacturing,,,2.3,6.0,1.4,90.2,
17,Other service activities,,,6.5,46.9,0.0,46.6,0.0
17,"Professional, scientific and technical activities",,,1.7,10.8,2.3,82.7,2.4
17,Real estate activities,,,0.0,5.7,5.7,88.6,0.0
17,Transportation and storage,,,1.0,10.3,5.0,80.2,3.5
17,Wholesale and retail trade; repair of motor vehicles and motorcycles,,,4.1,11.1,,82.3,2.4
18,0 - 9,,,8.4,13.3,1.9,74.3,2.0
18,10 - 49,,,8.1,8.9,1.3,80.0,1.7
18,100 - 249,,,4.0,4.5,,90.4,
18,250 +,,,4.4,4.8,,89.3,
18,50 - 99,,,5.1,5.8,1.0,87.1,1.0
18,Accommodation and food service activities,,,26.3,27.3,,44.8,
18,Administrative and support service activities,,,7.8,14.5,3.1,73.4,1.2
18,All businesses,,,8.3,12.8,1.8,75.1,2.0
18,All size bands excluding 0 - 9,,,7.5,8.3,1.2,81.4,1.5
18,"Arts, entertainment and recreation",,,15.7,23.2,,58.6,2.3
18,Construction,,,6.6,9.7,1.7,78.6,3.4
18,Education,,,12.2,17.7,2.8,67.1,
18,Human health and social work activities,,,3.4,0.0,0.0,93.1,3.4
18,Information and communication,,,1.5,13.1,3.4,79.9,2.0
18,Manufacturing,,,5.9,5.6,1.6,84.8,2.0
18,Other service activities,,,47.2,12.3,0.0,33.9,6.6
18,"Professional, scientific and technical activities",,,3.6,12.6,1.3,80.8,1.7
18,Real estate activities,,,0.0,8.1,4.0,87.9,0.0
18,Transportation and storage,,,1.2,13.5,4.5,80.8,
18,Wholesale and retail trade; repair of motor vehicles and motorcycles,,,9.4,10.9,1.2,76.3,2.2
19,0 - 9,,,6.9,10.4,2.9,74.9,5.0
19,10 - 49,,,6.5,7.7,,81.0,4.0
19,100 - 249,,,4.1,2.6,,90.6,2.1
19,250 +,,,4.6,3.3,,89.2,2.3
19,50 - 99,,,6.2,4.0,,86.9,2.4
19,Accommodation and food service activities,,,17.8,24.8,,47.6,9.3
19,Administrative and support service activities,,,8.2,13.2,3.2,74.0,1.4
19,All businesses,,,6.8,10.1,2.7,75.6,4.8
19,All size bands excluding 0 - 9,,,6.3,7.0,,82.2,3.7
19,"Arts, entertainment and recreation",,,16.5,18.9,,59.6,4.9
19,Construction,,,3.5,8.6,1.1,80.2,6.7
19,Education,,,8.2,15.5,3.8,72.5,0.0
19,Human health and social work activities,,,3.3,3.0,0.0,87.4,6.3
19,Information and communication,,,1.7,19.2,2.9,74.4,1.8
19,Manufacturing,,,1.7,4.6,2.7,87.0,4.0
19,Other service activities,,,27.2,2.8,1.8,29.2,38.9
19,"Professional, scientific and technical activities",,,2.6,9.1,3.1,83.4,1.8
19,Real estate activities,,,0.0,2.8,2.8,91.7,2.8
19,Transportation and storage,,,2.7,2.8,11.8,80.8,1.9
19,Wholesale and retail trade; repair of motor vehicles and motorcycles,,,10.9,5.0,2.0,76.4,5.7
20,0 - 9,,,2.5,11.3,2.5,78.2,5.5
20,10 - 49,,,1.4,8.8,,82.8,6.3
20,100 - 249,,,,3.3,,92.1,3.5
20,250 +,,,,3.7,,90.8,4.0
20,50 - 99,,,1.0,3.6,,89.2,5.3
20,Accommodation and food service activities,,,6.3,34.6,,48.5,10.3
20,Administrative and support service activities,,,1.6,12.5,5.8,76.4,3.6
20,All businesses,,,2.3,11.0,2.3,78.8,5.6
20,All size bands excluding 0 - 9,,,1.3,7.9,,84.1,6.0
20,"Arts, entertainment and recreation",,,1.6,21.2,0.0,72.0,5.2
20,Construction,,,3.5,9.9,1.4,81.7,3.5
20,Education,,,,19.6,3.8,64.7,11.7
20,Human health and social work activities,,,3.3,6.6,0.0,89.8,
20,Information and communication,,,1.7,8.6,2.2,85.3,2.2
20,Manufacturing,,,,5.6,2.2,91.4,0.0
20,Other service activities,,,0.0,11.0,0.0,46.4,42.5
20,"Professional, scientific and technical activities",,,1.6,9.0,2.7,85.8,
20,Real estate activities,,,0.0,9.5,9.1,81.4,0.0
20,Transportation and storage,,,6.0,4.7,,87.6,1.6
20,Wholesale and retail trade; repair of motor vehicles and motorcycles,,,1.6,7.3,2.5,77.1,11.5
21,0 - 9,,,9.6,18.4,2.5,66.7,2.8
21,10 - 49,,,5.0,15.9,,75.9,2.5
21,100 - 249,,,2.4,7.5,,88.0,1.5
21,250 +,,,2.8,8.5,,86.5,1.5
21,50 - 99,,,2.9,9.0,,85.4,1.9
21,Accommodation and food service activities,,,12.0,48.4,2.4,34.5,2.7
21,Administrative and support service activities,,,10.3,21.2,3.8,62.9,1.8
21,All businesses,,,9.1,18.0,2.3,67.8,2.8
21,All size bands excluding 0 - 9,,,4.6,14.7,,77.7,2.4
21,"Arts, entertainment and recreation",,,6.6,44.1,,46.5,2.7
21,Construction,,,14.9,12.0,1.8,67.3,3.9
21,Education,,,4.4,23.7,6.4,65.2,
21,Human health and social work activities,,,9.1,11.8,0.0,73.3,5.9
21,Information and communication,,,2.9,14.3,3.3,78.9,
21,Manufacturing,,,12.7,11.1,2.2,68.3,5.7
21,Other service activities,,,4.8,52.1,0.0,43.1,0.0
21,"Professional, scientific and technical activities",,,6.0,9.0,2.0,80.3,2.6
21,Real estate activities,,,3.5,10.5,10.5,75.5,0.0
21,Transportation and storage,,,12.2,4.1,0.0,82.4,1.2
21,Wholesale and retail trade; repair of motor vehicles and motorcycles,,,9.4,19.5,2.4,64.9,3.8
22,0 - 9,,,3.8,23.0,3.2,66.0,4.1
22,10 - 49,,,1.6,19.7,,74.3,3.7
22,100 - 249,,,,9.1,,88.7,1.2
22,250 +,,,1.0,10.3,,86.5,1.6
22,50 - 99,,,,11.4,,84.9,2.3
22,Accommodation and food service activities,,,4.6,58.9,2.5,30.7,3.3
22,Administrative and support service activities,,,2.9,23.6,4.0,66.0,3.5
22,All businesses,,,3.5,22.5,2.9,67.0,4.0
22,All size bands excluding 0 - 9,,,1.4,18.2,,76.3,3.4
22,"Arts, entertainment and recreation",,,,47.4,,49.5,2.5
22,Construction,,,8.9,16.1,2.2,67.3,5.5
22,Education,,,,39.3,2.9,54.1,3.1
22,Human health and social work activities,,,0.0,11.6,2.8,79.7,5.9
22,Information and communication,,,1.7,15.0,2.8,79.4,1.1
22,Manufacturing,,,3.8,7.5,3.2,75.7,9.9
22,Other service activities,,,0.0,75.6,3.1,21.4,0.0
22,"Professional, scientific and technical activities",,,3.6,9.4,2.9,80.7,3.4
22,Real estate activities,,,0.0,19.2,9.4,71.4,0.0
22,Transportation and storage,,,,8.6,4.6,79.2,7.6
22,Wholesale and retail trade; repair of motor vehicles and motorcycles,,,3.4,28.7,2.5,61.8,3.6
23,0 - 9,,,3.8,21.8,2.8,69.2,2.4
23,10 - 49,,,1.1,19.1,,78.1,1.0
23,100 - 249,,,,9.6,,89.1,
23,250 +,,,,9.9,,87.9,
23,50 - 99,,,,11.4,,86.7,
23,Accommodation and food service activities,,,1.5,60.6,2.5,35.0,
23,Administrative and support service activities,,,1.2,24.8,3.1,67.6,3.2
23,All businesses,,,3.5,21.4,2.6,70.3,2.2
23,All size bands excluding 0 - 9,,,1.0,17.7,,79.7,1.0
23,"Arts, entertainment and recreation",,,2.2,41.5,0.0,52.6,3.7
23,Construction,,,11.3,7.9,2.3,73.6,5.0
23,Education,,,,25.5,0.0,73.7,
23,Human health and social work activities,,,0.0,11.4,0.0,88.6,0.0
23,Information and communication,,,0.0,16.8,5.4,77.4,
23,Manufacturing,,,5.3,6.2,4.1,83.9,
23,Other service activities,,,,77.8,0.0,22.0,0.0
23,"Professional, scientific and technical activities",,,2.1,12.8,2.4,80.6,2.2
23,Real estate activities,,,0.0,6.3,9.5,84.3,0.0
23,Transportation and storage,,,5.9,9.0,1.0,80.1,3.9
23,Wholesale and retail trade; repair of motor vehicles and motorcycles,,,3.3,26.3,2.3,65.8,2.2
24,0 - 9,,,3.2,22.5,3.1,68.8,2.4
24,10 - 49,,,1.0,19.7,,77.6,1.1
24,100 - 249,,,,8.9,,89.7,
24,250 +,,,,10.2,,87.6,
24,50 - 99,,,1.1,10.6,,87.5,
24,Accommodation and food service activities,,,2.1,57.9,2.2,35.4,2.5
24,Administrative and support service activities,,,3.4,23.8,3.9,65.6,3.3
24,All businesses,,,3.0,22.1,2.8,69.9,2.3
24,All size bands excluding 0 - 9,,,1.0,18.1,,79.4,
24,"Arts, entertainment and recreation",,,2.7,47.3,,49.8,
24,Construction,,,4.6,12.8,1.6,75.2,5.7
24,Education,,,,29.5,0.0,70.1,
24,Human health and social work activities,,,0.0,9.9,,89.8,0.0
24,Information and communication,,,2.3,12.1,4.7,79.4,1.5
24,Manufacturing,,,1.0,10.9,5.4,78.3,4.4
24,Other service activities,,,7.9,73.4,0.0,18.7,0.0
24,"Professional, scientific and technical activities",,,1.7,12.7,3.6,81.0,1.1
24,Real estate activities,,,3.1,6.6,9.4,80.8,0.0
24,Transportation and storage,,,4.6,16.2,3.9,75.2,0.0
24,Wholesale and retail trade; repair of motor vehicles and motorcycles,,,3.5,25.9,1.3,67.2,2.1
25,0 - 9,,,3.6,21.3,2.5,71.0,1.6
25,10 - 49,,,1.6,17.9,,79.4,
25,100 - 249,,,,9.1,,89.8,
25,250 +,,,1.1,9.2,,88.9,
25,50 - 99,,,,10.5,,87.6,
25,Accommodation and food service activities,,,1.7,53.5,2.1,40.3,2.3
25,Administrative and support service activities,,,2.9,23.5,4.0,68.2,1.4
25,All businesses,,,3.4,20.8,2.3,72.0,1.5
25,All size bands excluding 0 - 9,,,1.4,16.6,,80.9,
25,"Arts, entertainment and recreation",,,,41.5,,57.9,0.0
25,Construction,,,7.2,11.0,2.6,77.3,1.9
25,Education,,,3.8,30.5,0.0,62.6,3.0
25,Human health and social work activities,,,4.0,15.9,0.0,80.2,0.0
25,Information and communication,,,2.9,12.1,2.2,82.4,
25,Manufacturing,,,2.3,10.9,4.3,81.0,1.5
25,Other service activities,,,3.1,71.3,0.0,22.6,2.9
25,"Professional, scientific and technical activities",,,1.8,10.6,2.7,83.0,1.9
25,Real estate activities,,,0.0,11.0,7.3,81.7,0.0
25,Transportation and storage,,,6.0,9.3,0.0,84.4,
25,Wholesale and retail trade; repair of motor vehicles and motorcycles,,,3.5,26.0,2.0,66.8,1.6
26,0 - 9,,,4.2,19.6,3.2,70.9,2.1
26,10 - 49,,,1.6,17.1,,79.5,1.1
26,100 - 249,,,,7.7,,90.7,
26,250 +,,,1.0,8.9,,89.1,
26,50 - 99,,,1.1,9.7,,88.1,
26,Accommodation and food service activities,,,2.7,52.9,4.4,37.3,2.8
26,Administrative and support service activities,,,2.2,23.3,3.4,68.8,2.3
26,All businesses,,,4.0,19.2,3.0,71.9,1.9
26,All size bands excluding 0 - 9,,,1.5,15.8,,81.1,1.0
26,"Arts, entertainment and recreation",,,,34.5,,60.4,3.9
26,Construction,,,5.8,9.8,2.4,78.5,3.6
26,Education,,,,45.5,3.0,50.6,
26,Human health and social work activities,,,0.0,6.6,,93.1,0.0
26,Information and communication,,,2.5,10.1,4.4,81.3,1.6
26,Manufacturing,,,2.2,11.3,4.8,78.7,3.0
26,Other service activities,,,5.6,74.8,0.0,16.9,2.6
26,"Professional, scientific and technical activities",,,2.8,10.0,3.0,83.2,
26,Real estate activities,,,0.0,12.6,6.3,81.1,0.0
26,Transportation and storage,,,9.8,10.0,3.1,75.5,1.6
26,Wholesale and retail trade; repair of motor vehicles and motorcycles,,,6.0,20.6,2.2,69.7,1.5
27,0 - 9,,,4.9,18.0,3.0,72.3,2.0
27,10 - 49,,,2.5,15.5,,80.2,1.2
27,100 - 249,,,1.7,7.7,,89.3,
27,250 +,,,2.0,7.9,,89.1,
27,50 - 99,,,1.9,8.4,,88.3,1.0
27,Accommodation and food service activities,,,5.9,44.2,4.1,43.2,2.7
27,Administrative and support service activities,,,4.8,19.1,2.0,72.9,1.2
27,All businesses,,,4.6,17.6,2.7,73.2,1.9
27,All size bands excluding 0 - 9,,,2.4,14.2,,81.6,1.2
27,"Arts, entertainment and recreation",,,4.9,31.1,1.1,60.2,2.6
27,Construction,,,4.9,9.7,2.1,79.9,3.3
27,Education,,,4.2,30.6,3.8,61.2,
27,Human health and social work activities,,,,16.6,0.0,83.2,0.0
27,Information and communication,,,2.6,8.7,3.2,84.5,1.1
27,Manufacturing,,,2.3,6.1,7.3,81.4,3.0
27,Other service activities,,,21.5,61.8,0.0,16.0,
27,"Professional, scientific and technical activities",,,3.2,11.8,2.8,80.4,1.7
27,Real estate activities,,,0.0,7.3,7.3,85.4,0.0
27,Transportation and storage,,,5.5,16.1,3.7,72.8,1.9
27,Wholesale and retail trade; repair of motor vehicles and motorcycles,,,5.2,18.6,1.5,73.0,1.7
28,0 - 9,,,8.9,10.7,3.8,72.6,4.1
28,10 - 49,,,7.7,9.0,,80.5,2.2
28,100 - 249,,,4.5,3.8,,90.0,1.1
28,250 +,,,4.8,4.4,,88.6,1.5
28,50 - 99,,,4.5,5.0,,88.2,1.7
28,Accommodation and food service activities,,,17.0,30.5,1.2,47.1,4.3
28,Administrative and support service activities,,,8.2,12.4,3.3,71.7,4.5
28,All businesses,,,8.7,10.4,3.5,73.5,3.9
28,All size bands excluding 0 - 9,,,7.2,8.2,,81.9,2.1
28,"Arts, entertainment and recreation",,,13.0,21.2,,57.7,7.8
28,Construction,,,4.4,8.5,1.8,81.9,3.4
28,Education,,,24.1,16.4,0.0,59.2,
28,Human health and social work activities,,,6.6,0.0,0.0,90.0,3.3
28,Information and communication,,,2.4,13.5,4.8,77.7,1.7
28,Manufacturing,,,1.0,5.3,5.8,85.8,2.0
28,Other service activities,,,55.9,3.1,0.0,16.9,24.1
28,"Professional, scientific and technical activities",,,2.3,7.7,4.9,83.8,1.3
28,Real estate activities,,,4.0,4.0,8.0,84.1,0.0
28,Transportation and storage,,,5.7,11.5,10.3,66.9,5.6
28,Wholesale and retail trade; repair of motor vehicles and motorcycles,,,14.6,6.7,2.0,71.9,4.8
29,0 - 9,,,3.8,10.8,3.6,72.0,9.8
29,10 - 49,,,2.9,7.7,,80.5,8.1
29,100 - 249,,,,3.2,,90.5,5.1
29,250 +,,,1.5,3.5,,89.1,5.2
29,50 - 99,,,1.7,3.9,,88.3,5.3
29,Accommodation and food service activities,,,8.6,30.4,,39.9,20.9
29,Administrative and support service activities,,,4.1,10.6,5.2,76.9,3.1
29,All businesses,,,3.7,10.4,3.3,73.0,9.6
29,All size bands excluding 0 - 9,,,2.6,7.0,,82.0,7.6
29,"Arts, entertainment and recreation",,,6.8,13.4,1.6,63.0,15.2
29,Construction,,,4.0,13.2,1.3,79.4,2.1
29,Education,,,12.4,4.3,3.9,63.3,16.1
29,Human health and social work activities,,,0.0,3.8,0.0,88.3,7.8
29,Information and communication,,,1.7,14.2,3.4,77.1,3.7
29,Manufacturing,,,2.5,4.6,5.6,84.4,3.0
29,Other service activities,,,7.5,2.0,0.0,25.8,64.7
29,"Professional, scientific and technical activities",,,1.0,9.5,5.1,81.5,3.0
29,Real estate activities,,,0.0,0.0,10.8,89.2,0.0
29,Transportation and storage,,,8.7,13.4,4.8,69.3,3.9
29,Wholesale and retail trade; repair of motor vehicles and motorcycles,,,3.1,3.9,2.3,70.7,20.0
30,0 - 9,,,5.2,8.0,4.3,78.5,4.0
30,10 - 49,,,4.8,3.6,,87.0,3.9
30,100 - 249,,,1.5,2.1,,93.1,2.9
30,250 +,,,2.0,2.0,,93.2,2.1
30,50 - 99,,,2.7,2.2,,91.8,2.6
30,Accommodation and food service activities,,,23.3,14.6,1.5,51.4,9.3
30,Administrative and support service activities,,,5.7,8.1,4.4,76.0,5.9
30,All businesses,,,5.1,7.6,3.9,79.5,3.9
30,All size bands excluding 0 - 9,,,4.4,3.3,,87.9,3.7
30,"Arts, entertainment and recreation",,,10.7,9.4,,71.6,8.1
30,Construction,,,6.5,7.8,1.9,83.1,
30,Education,,,,5.2,5.3,79.4,9.9
30,Human health and social work activities,,,0.0,0.0,0.0,99.6,
30,Information and communication,,,3.6,13.1,5.4,77.3,
30,Manufacturing,,,3.6,3.1,6.3,83.4,3.7
30,Other service activities,,,1.8,2.0,0.0,79.8,16.4
30,"Professional, scientific and technical activities",,,1.0,7.7,6.2,83.9,1.2
30,Real estate activities,,,4.6,4.6,9.1,81.4,
30,Transportation and storage,,,9.1,15.0,9.1,66.8,0.0
30,Wholesale and retail trade; repair of motor vehicles and motorcycles,,,1.5,2.7,1.8,86.8,7.2
31,0 - 9,,,3.0,6.8,4.1,82.1,3.9
31,10 - 49,,,2.8,2.0,1.3,89.5,4.5
31,100 - 249,,,1.5,1.0,,94.7,2.2
31,250 +,,,1.3,1.4,,94.3,2.1
31,50 - 99,,,1.5,1.0,,93.9,2.9
31,Accommodation and food service activities,,,7.6,7.5,1.6,63.2,20.1
31,Administrative and support service activities,,,2.4,7.6,4.6,77.9,7.5
31,All businesses,,,3.0,6.3,3.8,82.9,3.9
31,All size bands excluding 0 - 9,,,2.6,1.8,1.2,90.3,4.2
31,"Arts, entertainment and recreation",,,4.0,10.3,,74.4,11.0
31,Construction,,,3.6,7.5,3.5,83.8,1.5
31,Education,,,10.5,5.1,5.4,63.1,15.9
31,Human health and social work activities,,,0.0,0.0,,99.6,0.0
31,Information and communication,,,6.2,8.6,3.2,79.1,3.0
31,Manufacturing,,,,4.7,5.4,88.9,0.0
31,Other service activities,,,3.6,0.0,0.0,94.3,2.0
31,"Professional, scientific and technical activities",,,1.2,7.5,6.3,84.0,
31,Real estate activities,,,0.0,4.8,9.6,85.6,0.0
31,Transportation and storage,,,4.6,10.4,9.6,74.4,1.0
31,Wholesale and retail trade; repair of motor vehicles and motorcycles,,,1.3,2.6,,92.9,2.5
32,0 - 9,,,2.6,6.6,4.8,83.3,2.8
32,10 - 49,,,,1.7,1.1,92.2,4.4
32,100 - 249,,,,,,96.6,1.7
32,250 +,,,,1.3,,96.1,1.5
32,50 - 99,,,,,,95.6,2.7
32,Accommodation and food service activities,,,3.4,2.7,1.8,78.3,13.7
32,Administrative and support service activities,,,3.0,9.7,3.8,76.4,7.1
32,All businesses,,,2.4,6.1,4.4,84.2,2.9
32,All size bands excluding 0 - 9,,,,1.6,1.0,92.8,4.0
32,"Arts, entertainment and recreation",,,3.2,6.0,,84.5,6.0
32,Construction,,,3.7,7.6,3.7,81.4,3.6
32,Education,,,0.0,5.3,5.3,84.2,5.2
32,Human health and social work activities,,,0.0,0.0,,99.6,0.0
32,Information and communication,,,3.5,11.4,5.4,78.9,
32,Manufacturing,,,1.0,5.5,3.6,88.9,1.0
32,Other service activities,,,3.6,0.0,0.0,96.3,0.0
32,"Professional, scientific and technical activities",,,1.4,7.7,7.3,82.6,1.0
32,Real estate activities,,,0.0,1.9,3.8,94.4,0.0
32,Transportation and storage,,,5.8,7.7,10.8,73.8,1.9
32,Wholesale and retail trade; repair of motor vehicles and motorcycles,,,1.1,2.3,2.7,93.0,
33,0 - 9,,,2.0,7.2,3.8,85.4,1.6
33,10 - 49,,,,1.3,1.3,95.5,1.5
33,100 - 249,,,0.0,,,97.9,
33,250 +,,,,1.0,,97.0,
33,50 - 99,,,,,,97.9,
33,Accommodation and food service activities,,,1.4,4.6,3.0,85.9,5.1
33,Administrative and support service activities,,,1.1,12.2,4.2,81.6,
33,All businesses,,,1.8,6.6,3.6,86.4,1.6
33,All size bands excluding 0 - 9,,,,1.2,1.2,95.9,1.3
33,"Arts, entertainment and recreation",,,0.0,6.6,,86.5,6.4
33,Construction,,,1.5,7.2,2.7,86.5,2.1
33,Education,,,5.4,5.7,5.7,83.1,0.0
33,Human health and social work activities,,,0.0,0.0,0.0,100.0,0.0
33,Information and communication,,,2.1,12.5,4.6,80.8,0.0
33,Manufacturing,,,2.2,1.8,2.1,92.6,1.2
33,Other service activities,,,0.0,0.0,0.0,100.0,0.0
33,"Professional, scientific and technical activities",,,2.4,7.1,6.7,83.1,
33,Real estate activities,,,1.7,3.4,5.1,89.8,0.0
33,Transportation and storage,,,4.0,14.9,5.4,75.7,0.0
33,Wholesale and retail trade; repair of motor vehicles and motorcycles,,,1.6,2.3,1.3,92.3,2.5
34,0 - 9,,,1.8,7.0,2.9,86.9,1.4
34,10 - 49,,,,,1.6,95.9,
34,100 - 249,,,,,,98.0,
34,250 +,,,,1.0,,97.5,
34,50 - 99,,,,,,98.2,
34,Accommodation and food service activities,,,,3.3,2.0,92.4,1.9
34,Administrative and support service activities,,,1.4,9.3,3.7,83.5,2.1
34,All businesses,,,1.7,6.3,2.8,87.8,1.3
34,All size bands excluding 0 - 9,,,,,1.5,96.2,
34,"Arts, entertainment and recreation",,,3.8,4.5,,90.8,
34,Construction,,,1.4,5.5,2.7,89.7,
34,Education,,,,6.5,0.0,93.2,0.0
34,Human health and social work activities,,,0.0,0.0,0.0,99.6,
34,Information and communication,,,3.8,11.0,1.9,82.7,
34,Manufacturing,,,1.5,5.6,3.8,84.7,4.3
34,Other service activities,,,0.0,0.0,0.0,100.0,0.0
34,"Professional, scientific and technical activities",,,2.2,9.2,5.4,82.8,
34,Real estate activities,,,0.0,0.0,7.6,92.4,0.0
34,Transportation and storage,,,4.7,9.6,4.7,77.1,4.0
34,Wholesale and retail trade; repair of motor vehicles and motorcycles,,,,3.4,,94.1,1.3
35,0 - 9,,,3.3,6.9,2.7,85.9,1.2
35,10 - 49,,,,,1.4,96.0,
35,100 - 249,,,,,,98.1,
35,250 +,,,,,,97.5,
35,50 - 99,,,,,,98.2,
35,Accommodation and food service activities,,,2.3,4.6,2.1,88.9,2.2
35,Administrative and support service activities,,,2.9,6.3,5.2,82.1,3.5
35,All businesses,,,3.0,6.3,2.6,86.9,1.2
35,All size bands excluding 0 - 9,,,,,1.3,96.3,
35,"Arts, entertainment and recreation",,,,4.9,2.1,82.2,10.7
35,Construction,,,3.1,6.0,2.0,88.1,
35,Education,,,0.0,5.1,4.8,85.2,4.8
35,Human health and social work activities,,,0.0,3.9,0.0,96.0,0.0
35,Information and communication,,,3.1,12.4,,84.0,0.0
35,Manufacturing,,,,2.1,3.1,92.6,1.7
35,Other service activities,,,2.9,0.0,,97.0,0.0
35,"Professional, scientific and technical activities",,,3.1,9.5,3.5,83.5,
35,Real estate activities,,,0.0,4.8,4.8,90.4,0.0
35,Transportation and storage,,,8.9,9.1,4.9,77.0,
35,Wholesale and retail trade; repair of motor vehicles and motorcycles,,,3.4,3.1,1.3,92.1,0.0
36,0 - 9,,,2.4,6.0,3.5,86.8,1.2
36,10 - 49,,,,,1.3,96.6,1.1
36,100 - 249,,,,,,98.3,
36,250 +,,,,,,97.5,
36,50 - 99,,,,,,98.4,
36,Accommodation and food service activities,,,,3.6,3.0,90.9,2.1
36,Administrative and support service activities,,,,8.4,6.3,83.7,
36,All businesses,,,2.2,5.5,3.3,87.8,1.2
36,All size bands excluding 0 - 9,,,,,1.2,96.8,1.0
36,"Arts, entertainment and recreation",,,1.5,5.1,1.7,88.6,3.2
36,Construction,,,3.0,4.1,,91.5,
36,Education,,,7.2,0.0,0.0,92.7,0.0
36,Human health and social work activities,,,0.0,0.0,4.2,95.8,0.0
36,Information and communication,,,4.0,10.7,1.2,82.7,1.4
36,Manufacturing,,,2.9,1.0,5.5,90.6,0.0
36,Other service activities,,,4.4,0.0,0.0,91.4,4.2
36,"Professional, scientific and technical activities",,,2.8,8.0,5.1,82.5,1.7
36,Real estate activities,,,0.0,5.1,10.2,84.8,0.0
36,Transportation and storage,,,5.0,6.1,7.3,79.7,2.0
36,Wholesale and retail trade; repair of motor vehicles and motorcycles,,,,4.0,1.1,93.9,
37,0 - 9,,,2.5,5.1,3.7,87.3,1.4
37,10 - 49,,,,1.0,1.5,96.8,
37,100 - 249,,,0.0,,,98.8,
37,250 +,,,,,,97.7,
37,50 - 99,,,,,,98.4,
37,Accommodation and food service activities,,,,1.6,3.1,91.8,3.4
37,Administrative and support service activities,,,2.5,5.9,5.8,83.9,1.9
37,All businesses,,,2.3,4.7,3.4,88.3,1.3
37,All size bands excluding 0 - 9,,,,,1.4,97.0,
37,"Arts, entertainment and recreation",,,2.4,2.7,1.9,90.6,2.4
37,Construction,,,4.0,4.0,,89.9,1.4
37,Human health and social work activities,,,0.0,0.0,0.0,100.0,0.0
37,Information and communication,,,,10.9,1.9,85.2,1.2
37,Manufacturing,,,4.3,3.3,2.6,88.8,
37,Other service activities,,,0.0,0.0,0.0,93.4,6.6
37,"Professional, scientific and technical activities",,,,7.0,6.1,84.9,1.5
37,Real estate activities,,,0.0,4.6,9.1,86.3,0.0
37,Transportation and storage,,,5.8,2.7,9.1,82.3,
37,Wholesale and retail trade; repair of motor vehicles and motorcycles,,,2.9,3.2,1.6,92.3,0.0
38,0 - 9,,,2.3,5.7,3.0,87.8,1.0
38,10 - 49,,,,,1.4,97.3,
38,100 - 249,,,,,,98.9,
38,250 +,,,,,,98.2,
38,50 - 99,,,,,,98.7,
38,Accommodation and food service activities,,,,1.8,2.0,94.0,2.0
38,Administrative and support service activities,,,,8.4,5.6,82.1,2.8
38,All businesses,,,2.1,5.2,2.9,88.8,1.0
38,All size bands excluding 0 - 9,,,,,1.3,97.5,
38,"Arts, entertainment and recreation",,,,8.8,,90.7,0.0
38,Construction,,,4.2,4.7,0.0,90.4,
38,Human health and social work activities,,,0.0,0.0,4.2,95.8,0.0
38,Information and communication,,,2.3,10.0,2.7,83.8,1.3
38,Manufacturing,,,1.3,3.9,2.1,89.3,3.4
38,Other service activities,,,0.0,0.0,0.0,100.0,0.0
38,"Professional, scientific and technical activities",,,1.2,7.5,4.1,87.2,0.0
38,Real estate activities,,,0.0,5.3,5.3,89.3,0.0
38,Transportation and storage,,,9.9,4.5,8.0,77.7,0.0
38,Wholesale and retail trade; repair of motor vehicles and motorcycles,,,2.0,2.6,1.9,92.9,
39,0 - 9,,,2.6,5.2,3.1,87.1,1.9
39,10 - 49,,,,,1.6,97.4,
39,100 - 249,,,,,,98.9,
39,250 +,,,,,,98.0,
39,50 - 99,,,,,,98.7,
39,Accommodation and food service activities,,,1.7,1.7,2.1,94.2,
39,Administrative and support service activities,,,3.0,6.8,6.6,80.4,3.2
39,All businesses,,,2.4,4.7,2.9,88.2,1.7
39,All size bands excluding 0 - 9,,,,,1.4,97.6,
39,"Arts, entertainment and recreation",,,5.4,2.9,,91.5,
39,Construction,,,1.7,4.1,1.4,89.4,3.4
39,Education,,,0.0,0.0,0.0,100.0,0.0
39,Human health and social work activities,,,0.0,4.2,0.0,95.8,0.0
39,Information and communication,,,2.1,9.0,2.1,85.4,1.4
39,Manufacturing,,,3.1,0.0,2.1,91.9,2.9
39,"Professional, scientific and technical activities",,,2.3,8.3,5.0,84.1,
39,Real estate activities,,,0.0,0.0,6.1,93.9,0.0
39,Transportation and storage,,,11.2,5.5,3.4,71.0,8.9
39,Wholesale and retail trade; repair of motor vehicles and motorcycles,,,,2.6,2.0,94.3,
40,0 - 9,,,2.4,4.8,3.4,88.5,
40,10 - 49,,,,,1.2,97.4,
40,100 - 249,,,0.0,,,99.0,
40,250 +,,,,,,98.1,
40,50 - 99,,,,,,98.8,
40,Accommodation and food service activities,,,,1.9,3.6,92.3,1.8
40,Administrative and support service activities,,,5.2,8.1,2.6,83.1,1.0
40,All businesses,,,2.2,4.4,3.2,89.4,
40,All size bands excluding 0 - 9,,,,,1.1,97.6,
40,"Arts, entertainment and recreation",,,2.0,4.1,2.0,91.8,
40,Construction,,,2.8,4.4,1.4,90.6,
40,Education,,,0.0,5.8,0.0,94.2,0.0
40,Human health and social work activities,,,0.0,0.0,0.0,100.0,0.0
40,Information and communication,,,2.5,7.5,2.5,84.8,2.7
40,Manufacturing,,,3.9,1.0,3.4,91.8,0.0
40,Other service activities,,,0.0,0.0,0.0,100.0,0.0
40,"Professional, scientific and technical activities",,,1.6,7.4,4.4,85.9,
40,Real estate activities,,,3.3,0.0,7.0,89.7,0.0
40,Transportation and storage,,,4.7,2.8,6.6,85.8,
40,Wholesale and retail trade; repair of motor vehicles and motorcycles,,,,1.7,3.5,93.1,
41,0 - 9,81.4,9.8,1.3,4.2,3.2,,
41,10 - 49,93.0,5.3,0.0,,1.2,,
41,100 - 249,96.2,3.0,,,,,
41,250 +,95.2,3.7,,,,,
41,50 - 99,95.5,3.7,,,,,
41,Accommodation and food service activities,80.1,14.2,0.0,1.5,4.2,,
41,Administrative and support service activities,78.9,9.9,1.4,3.6,6.2,,
41,All businesses,82.7,9.4,1.2,3.8,3.0,,
41,All size bands excluding 0 - 9,93.4,5.0,0.0,,1.1,,
41,"Arts, entertainment and recreation",84.2,10.5,0.0,5.3,0.0,,
41,Construction,87.9,8.6,0.0,2.1,1.4,,
41,Education,84.0,16.0,0.0,0.0,0.0,,
41,Human health and social work activities,95.2,4.8,0.0,0.0,0.0,,
41,Information and communication,83.4,5.3,3.8,5.2,2.4,,
41,Manufacturing,90.1,4.8,2.0,2.0,1.2,,
41,Other service activities,75.8,24.2,0.0,0.0,0.0,,
41,"Professional, scientific and technical activities",77.3,11.6,,6.0,4.4,,
41,Real estate activities,90.4,0.0,4.6,0.0,5.0,,
41,Transportation and storage,76.7,6.4,8.1,4.4,4.5,,
41,Wholesale and retail trade; repair of motor vehicles and motorcycles,84.4,8.4,0.0,4.9,2.3,,
42,0 - 9,80.3,12.2,,3.5,3.0,,
42,10 - 49,93.3,5.0,,,1.2,,
42,100 - 249,97.0,2.5,0.0,,,,
42,250 +,96.7,2.9,,0.0,,,
42,50 - 99,95.7,3.6,,,,,
42,Accommodation and food service activities,80.9,14.1,,1.4,3.5,,
42,Administrative and support service activities,74.3,14.1,0.0,5.0,6.6,,
42,All businesses,81.7,11.5,,3.2,2.8,,
42,All size bands excluding 0 - 9,93.8,4.7,,,1.1,,
42,"Arts, entertainment and recreation",77.8,17.1,0.0,2.5,2.5,,
42,Construction,82.1,12.8,1.0,3.3,,,
42,Education,92.9,6.7,0.0,0.0,,,
42,Human health and social work activities,89.8,10.2,0.0,0.0,0.0,,
42,Information and communication,81.3,8.3,,6.1,3.7,,
42,Manufacturing,88.0,5.3,1.3,2.0,3.3,,
42,"Professional, scientific and technical activities",79.3,11.9,1.7,3.9,3.2,,
42,Real estate activities,90.4,9.1,0.0,0.0,,,
42,Transportation and storage,71.6,21.8,0.0,3.3,3.3,,
42,Wholesale and retail trade; repair of motor vehicles and motorcycles,86.9,7.1,1.5,2.6,2.0,,
43,0 - 9,81.0,9.2,2.0,3.9,3.9,,
43,10 - 49,92.7,4.9,,,1.5,,
43,100 - 249,95.8,3.0,,,1.1,,
43,250 +,97.2,2.2,,,,,
43,50 - 99,95.9,3.0,0.0,,,,
43,Accommodation and food service activities,84.0,7.4,3.9,1.5,3.2,,
43,Administrative and support service activities,78.2,8.7,2.2,4.4,6.5,,
43,All businesses,82.2,8.7,1.8,3.6,3.6,,
43,All size bands excluding 0 - 9,93.2,4.6,,,1.3,,
43,"Arts, entertainment and recreation",82.4,8.9,2.4,6.2,,,
43,Construction,84.4,9.7,1.4,3.2,1.3,,
43,Education,83.7,6.1,0.0,5.1,5.1,,
43,Human health and social work activities,94.8,4.8,0.0,0.0,,,
43,Information and communication,79.2,8.3,1.3,6.8,4.4,,
43,Manufacturing,87.2,4.4,1.3,4.3,2.7,,
43,Other service activities,73.5,26.4,0.0,0.0,,,
43,"Professional, scientific and technical activities",80.8,11.2,1.0,3.1,3.9,,
43,Real estate activities,89.5,10.1,0.0,0.0,,,
43,Transportation and storage,67.8,5.9,12.5,6.7,7.1,,
43,Wholesale and retail trade; repair of motor vehicles and motorcycles,86.5,6.0,0.0,3.1,4.4,,
44,0 - 9,79.3,11.4,1.1,4.8,3.5,,
44,10 - 49,92.9,4.9,,,1.2,,
44,100 - 249,96.4,2.8,,,,,
44,250 +,96.4,2.8,0.0,,,,
44,50 - 99,95.9,3.2,0.0,,,,
44,Accommodation and food service activities,73.4,17.8,,4.2,4.5,,
44,Administrative and support service activities,77.6,10.8,1.3,3.5,6.8,,
44,All businesses,80.7,10.7,1.0,4.4,3.2,,
44,All size bands excluding 0 - 9,93.5,4.6,,,1.1,,
44,"Arts, entertainment and recreation",81.5,15.9,0.0,2.5,0.0,,
44,Construction,82.9,9.4,,5.2,1.8,,
44,Education,90.7,9.3,0.0,0.0,0.0,,
44,Human health and social work activities,90.5,5.0,0.0,4.1,,,
44,Information and communication,79.2,8.9,1.3,7.4,3.2,,
44,Manufacturing,85.6,8.8,0.0,4.6,1.0,,
44,Other service activities,82.0,14.4,0.0,3.6,0.0,,
44,"Professional, scientific and technical activities",78.3,12.6,1.4,4.0,3.7,,
44,Real estate activities,81.3,18.3,0.0,0.0,,,
44,Transportation and storage,66.9,14.4,4.3,7.6,6.8,,
44,Wholesale and retail trade; repair of motor vehicles and motorcycles,87.6,5.5,,3.7,2.7,,
45,0 - 9,77.9,12.6,1.2,5.0,3.3,,
45,10 - 49,93.5,4.5,,,1.0,,
45,100 - 249,97.2,2.2,,0.0,,,
45,250 +,97.6,2.0,0.0,,,,
45,50 - 99,96.1,3.1,0.0,,,,
45,Accommodation and food service activities,76.0,12.4,4.0,4.7,2.9,,
45,Administrative and support service activities,77.5,13.0,,2.9,6.3,,
45,All businesses,79.6,11.7,1.1,4.6,3.0,,
45,All size bands excluding 0 - 9,94.1,4.2,,,,,
45,"Arts, entertainment and recreation",84.9,12.2,,2.5,0.0,,
45,Construction,81.5,11.1,1.6,3.9,1.9,,
45,Human health and social work activities,81.2,15.3,0.0,3.6,0.0,,
45,Information and communication,84.0,5.3,,8.2,1.8,,
45,Manufacturing,89.3,5.0,0.0,3.4,2.2,,
45,Other service activities,67.9,32.1,0.0,0.0,0.0,,
45,"Professional, scientific and technical activities",78.6,11.7,,5.7,3.0,,
45,Real estate activities,95.4,4.2,0.0,0.0,,,
45,Transportation and storage,52.2,31.0,2.5,8.4,5.9,,
45,Wholesale and retail trade; repair of motor vehicles and motorcycles,84.1,7.5,1.0,3.6,3.9,,
46,0 - 9,79.6,11.9,1.4,4.2,2.8,,
46,10 - 49,91.6,6.3,,,,,
46,100 - 249,95.7,4.0,0.0,0.0,,,
46,250 +,97.4,2.4,0.0,0.0,,,
46,50 - 99,94.9,4.2,,,,,
46,Accommodation and food service activities,74.8,20.6,,3.9,,,
46,Administrative and support service activities,75.7,14.1,0.0,6.3,4.0,,
46,All businesses,80.9,11.3,1.3,3.9,2.6,,
46,All size bands excluding 0 - 9,92.3,5.9,,,,,
46,"Arts, entertainment and recreation",82.3,14.9,0.0,2.7,0.0,,
46,Construction,84.6,6.8,3.3,3.3,2.1,,
46,Education,85.3,14.7,0.0,0.0,0.0,,
46,Human health and social work activities,81.9,18.1,0.0,0.0,0.0,,
46,Information and communication,79.5,7.1,,9.7,3.0,,
46,Manufacturing,82.9,8.3,1.0,6.5,1.2,,
46,Other service activities,95.7,4.3,0.0,0.0,0.0,,
46,"Professional, scientific and technical activities",79.8,11.9,,4.4,3.5,,
46,Real estate activities,94.9,5.1,0.0,0.0,0.0,,
46,Transportation and storage,63.5,22.4,5.9,2.3,5.9,,
46,Wholesale and retail trade; repair of motor vehicles and motorcycles,85.3,8.0,1.6,1.8,3.2,,
47,0 - 9,75.5,14.4,3.6,4.5,2.1,,
47,10 - 49,86.6,10.2,1.4,1.3,,,
47,100 - 249,95.4,4.2,,,,,
47,250 +,94.9,4.4,,,,,
47,50 - 99,92.8,5.6,,,,,
47,Accommodation and food service activities,57.6,26.3,6.3,5.8,3.9,,
47,Administrative and support service activities,70.5,19.7,1.5,6.1,2.3,,
47,All businesses,76.7,13.9,3.3,4.1,1.9,,
47,All size bands excluding 0 - 9,87.8,9.3,1.2,1.1,,,
47,"Arts, entertainment and recreation",82.1,13.7,3.7,,0.0,,
47,Construction,77.4,14.8,4.1,1.6,2.0,,
47,Education,77.3,6.3,10.9,5.4,0.0,,
47,Human health and social work activities,84.5,11.3,,3.7,0.0,,
47,Information and communication,78.8,8.6,1.3,10.0,1.3,,
47,Manufacturing,77.8,11.4,6.0,3.7,1.0,,
47,Other service activities,73.4,20.5,0.0,6.1,0.0,,
47,"Professional, scientific and technical activities",75.9,14.9,2.2,3.6,3.4,,
47,Real estate activities,95.1,4.9,0.0,0.0,0.0,,
47,Transportation and storage,66.3,19.3,5.4,6.4,2.7,,
47,Wholesale and retail trade; repair of motor vehicles and motorcycles,86.7,6.9,3.1,2.5,,,
48,0 - 9,79.0,12.4,1.4,4.4,2.9,,
48,10 - 49,88.8,8.6,,,,,
48,100 - 249,94.7,5.0,,0.0,,,
48,250 +,95.7,3.8,0.0,,,,
48,50 - 99,92.8,5.9,,,,,
48,Accommodation and food service activities,63.5,25.1,6.1,3.0,2.2,,
48,Administrative and support service activities,74.5,15.1,,6.7,3.0,,
48,All businesses,80.1,11.9,1.3,4.0,2.7,,
48,All size bands excluding 0 - 9,89.6,8.1,,,,,
48,"Arts, entertainment and recreation",88.6,7.3,1.8,2.3,0.0,,
48,Construction,86.7,8.4,,1.4,2.9,,
48,Education,73.7,19.9,0.0,6.4,0.0,,
48,Human health and social work activities,86.4,9.2,0.0,0.0,4.4,,
48,Information and communication,81.4,5.9,1.1,7.7,4.0,,
48,Manufacturing,83.0,6.1,1.1,7.7,2.1,,
48,Other service activities,80.2,15.1,0.0,4.7,0.0,,
48,"Professional, scientific and technical activities",80.7,11.7,,3.6,3.2,,
48,Real estate activities,88.4,7.9,0.0,3.7,0.0,,
48,Transportation and storage,63.5,26.2,0.0,4.6,5.6,,
48,Wholesale and retail trade; repair of motor vehicles and motorcycles,85.3,8.2,1.8,3.1,1.6,,
49,0 - 9,80.8,11.4,,4.9,2.1,,
49,10 - 49,91.1,7.3,,,,,
49,100 - 249,96.2,3.1,0.0,,,,
49,250 +,96.7,2.7,,,,,
49,50 - 99,94.1,4.9,,,,,
49,Accommodation and food service activities,73.8,19.5,1.6,4.6,,,
49,Administrative and support service activities,79.9,12.0,0.0,4.5,3.6,,
49,All businesses,81.9,10.9,,4.5,2.0,,
49,All size bands excluding 0 - 9,91.7,6.8,,,,,
49,"Arts, entertainment and recreation",84.7,10.5,2.6,2.2,0.0,,
49,Construction,87.4,5.8,,5.4,,,
49,Education,73.2,21.7,0.0,5.1,0.0,,
49,Human health and social work activities,77.8,17.8,0.0,0.0,4.4,,
49,Information and communication,81.7,6.5,1.0,7.8,3.0,,
49,Manufacturing,81.2,12.8,0.0,4.7,1.3,,
49,Other service activities,73.3,16.2,5.2,5.2,0.0,,
49,"Professional, scientific and technical activities",82.0,9.4,1.0,4.3,3.2,,
49,Real estate activities,92.6,3.7,0.0,0.0,3.7,,
49,Transportation and storage,64.1,20.7,0.0,10.0,5.3,,
49,Wholesale and retail trade; repair of motor vehicles and motorcycles,88.9,8.8,0.0,1.9,,,
50,0 - 9,81.1,10.9,,4.5,3.0,,
50,10 - 49,90.1,8.0,0.0,1.1,,,
50,100 - 249,96.7,2.9,0.0,,,,
50,250 +,97.4,2.5,0.0,0.0,,,
50,50 - 99,95.5,3.8,,,,,
50,Accommodation and food service activities,74.5,17.9,1.7,3.8,2.1,,
50,Administrative and support service activities,77.2,13.5,1.4,3.0,4.9,,
50,All businesses,82.1,10.6,,4.2,2.8,,
50,All size bands excluding 0 - 9,91.1,7.2,0.0,,,,
50,"Arts, entertainment and recreation",83.7,13.7,2.4,,0.0,,
50,Construction,85.5,9.3,0.0,5.1,0.0,,
50,Education,93.1,6.9,0.0,0.0,0.0,,
50,Human health and social work activities,87.0,13.0,0.0,0.0,0.0,,
50,Information and communication,84.4,4.0,0.0,8.9,2.6,,
50,Manufacturing,80.3,10.3,0.0,6.3,3.0,,
50,Other service activities,66.4,29.4,0.0,4.2,0.0,,
50,"Professional, scientific and technical activities",82.3,8.4,0.0,5.2,4.1,,
50,Real estate activities,92.6,3.9,0.0,0.0,3.6,,
50,Transportation and storage,64.6,19.4,0.0,5.0,11.0,,
50,Wholesale and retail trade; repair of motor vehicles and motorcycles,89.3,6.6,,2.0,1.8,,
51,0 - 9,82.8,10.9,1.2,3.1,2.0,,
51,10 - 49,92.7,5.4,,,1.0,,
51,100 - 249,97.0,2.5,0.0,,,,
51,250 +,97.0,2.6,0.0,,,,
51,50 - 99,95.5,3.8,0.0,,,,
51,Accommodation and food service activities,74.7,21.0,0.0,1.2,3.1,,
51,Administrative and support service activities,84.4,11.1,0.0,2.2,2.3,,
51,All businesses,83.9,10.3,1.0,2.8,1.9,,
51,All size bands excluding 0 - 9,93.3,5.0,,,,,
51,"Arts, entertainment and recreation",90.4,6.3,3.3,0.0,0.0,,
51,Construction,88.5,7.7,,3.0,0.0,,
51,Education,85.3,14.7,0.0,0.0,0.0,,
51,Human health and social work activities,89.4,10.6,0.0,0.0,0.0,,
51,Information and communication,83.1,6.2,1.6,6.1,3.0,,
51,Manufacturing,84.5,7.9,3.6,1.7,2.2,,
51,Other service activities,84.1,9.8,0.0,6.1,0.0,,
51,"Professional, scientific and technical activities",81.7,10.5,,3.8,3.2,,
51,Real estate activities,90.3,4.8,0.0,4.8,0.0,,
51,Transportation and storage,66.4,17.0,0.0,7.0,9.7,,
51,Wholesale and retail trade; repair of motor vehicles and motorcycles,88.4,8.3,1.7,1.2,,,
52,0 - 9,82.7,10.2,,4.2,2.0,,
52,10 - 49,93.1,5.6,0.0,,,,
52,100 - 249,97.3,2.2,,,,,
52,250 +,97.6,2.1,0.0,,,,
52,50 - 99,95.9,3.5,,,,,
52,Accommodation and food service activities,82.8,13.8,0.0,3.0,,,
52,Administrative and support service activities,83.6,9.9,0.0,5.8,,,
52,All businesses,83.9,9.7,,3.8,1.9,,
52,All size bands excluding 0 - 9,93.6,5.1,0.0,,,,
52,"Arts, entertainment and recreation",82.4,11.4,6.1,,,,
52,Construction,91.4,4.8,0.0,3.7,,,
52,Human health and social work activities,87.3,8.8,0.0,4.0,0.0,,
52,Information and communication,83.9,4.9,1.2,7.3,2.6,,
52,Manufacturing,83.2,8.8,1.5,3.0,3.6,,
52,Other service activities,49.4,40.8,0.0,4.9,4.9,,
52,"Professional, scientific and technical activities",84.1,7.8,,3.8,3.6,,
52,Real estate activities,89.0,7.3,0.0,3.7,0.0,,
52,Transportation and storage,75.6,11.5,0.0,8.2,4.6,,
52,Wholesale and retail trade; repair of motor vehicles and motorcycles,85.7,9.9,1.5,1.4,1.6,,
53,0 - 9,82.3,10.4,1.0,3.7,2.7,,
53,10 - 49,92.8,5.6,,,1.1,,
53,100 - 249,97.2,2.0,,,,,
53,250 +,97.9,1.7,,,,,
53,50 - 99,95.8,3.7,0.0,,,,
53,Accommodation and food service activities,75.1,20.7,,,2.5,,
53,Administrative and support service activities,84.1,11.1,0.0,3.5,1.4,,
53,All businesses,83.4,9.9,,3.3,2.5,,
53,All size bands excluding 0 - 9,93.4,5.1,,,1.0,,
53,"Arts, entertainment and recreation",82.6,11.9,5.3,,,,
53,Construction,88.8,4.2,,5.7,,,
53,Education,93.1,6.9,0.0,0.0,0.0,,
53,Human health and social work activities,85.6,14.4,0.0,0.0,0.0,,
53,Information and communication,77.9,5.9,1.8,10.5,4.0,,
53,Manufacturing,83.9,10.9,,3.6,1.0,,
53,Other service activities,81.5,18.5,0.0,0.0,0.0,,
53,"Professional, scientific and technical activities",81.1,9.1,,3.9,5.2,,
53,Real estate activities,92.6,3.7,0.0,3.7,0.0,,
53,Transportation and storage,68.9,19.6,0.0,0.0,11.5,,
53,Wholesale and retail trade; repair of motor vehicles and motorcycles,90.1,6.9,1.3,1.3,,,
54,0 - 9,82.7,10.4,,4.1,2.3,,
54,10 - 49,93.6,4.6,,,1.3,,
54,100 - 249,97.6,1.8,0.0,,,,
54,250 +,98.0,1.8,0.0,,,,
54,50 - 99,96.2,3.3,0.0,,,,
54,Accommodation and food service activities,81.5,16.9,,1.0,,,
54,Administrative and support service activities,82.8,12.1,0.0,3.1,1.9,,
54,All businesses,83.9,9.8,,3.7,2.2,,
54,All size bands excluding 0 - 9,94.1,4.3,,,1.1,,
54,"Arts, entertainment and recreation",85.5,7.6,2.3,,4.6,,
54,Construction,88.5,6.7,0.0,4.1,,,
54,Education,90.8,8.9,0.0,0.0,,,
54,Human health and social work activities,81.4,12.6,0.0,6.1,0.0,,
54,Information and communication,80.5,4.3,,11.3,3.3,,
54,Manufacturing,85.5,11.4,0.0,3.1,,,
54,Other service activities,80.9,11.6,0.0,7.6,0.0,,
54,"Professional, scientific and technical activities",83.6,8.7,,4.7,2.6,,
54,Real estate activities,92.4,3.8,0.0,3.8,0.0,,
54,Transportation and storage,61.0,26.9,0.0,0.0,12.1,,
54,Wholesale and retail trade; repair of motor vehicles and motorcycles,89.3,6.4,1.4,1.5,1.4,,
55,0 - 9,84.3,9.2,,3.6,2.2,,
55,10 - 49,93.8,4.5,,,1.1,,
55,100 - 249,97.8,1.9,0.0,,,,
55,250 +,97.4,1.9,,0.0,,,
55,50 - 99,96.1,3.0,0.0,,,,
55,Accommodation and food service activities,82.4,14.9,0.0,,2.5,,
55,Administrative and support service activities,81.6,8.4,1.3,6.9,1.8,,
55,All businesses,85.3,8.7,,3.2,2.1,,
55,All size bands excluding 0 - 9,94.3,4.2,0.0,,1.0,,
55,"Arts, entertainment and recreation",90.6,2.8,2.1,,4.3,,
55,Construction,88.5,7.1,,3.1,,,
55,Education,93.4,,0.0,5.4,,,
55,Human health and social work activities,89.4,5.3,0.0,5.3,0.0,,
55,Information and communication,83.9,6.7,,6.0,2.8,,
55,Manufacturing,84.2,10.4,0.0,3.9,1.5,,
55,Other service activities,81.5,11.8,0.0,6.6,0.0,,
55,"Professional, scientific and technical activities",82.5,9.6,0.0,4.0,3.8,,
55,Real estate activities,88.0,8.0,0.0,4.0,0.0,,
55,Transportation and storage,84.6,11.8,0.0,,3.5,,
55,Wholesale and retail trade; repair of motor vehicles and motorcycles,88.0,7.7,1.5,,1.8,,
56,0 - 9,84.0,8.8,1.2,3.5,2.4,,
56,10 - 49,93.6,4.6,,,1.0,,
56,100 - 249,98.0,1.5,0.0,,,,
56,250 +,97.4,1.9,0.0,,,,
56,50 - 99,96.4,3.0,0.0,,,,
56,Accommodation and food service activities,76.8,17.9,,,5.0,,
56,Administrative and support service activities,84.3,6.6,4.0,4.3,,,
56,All businesses,85.1,8.4,1.1,3.2,2.3,,
56,All size bands excluding 0 - 9,94.2,4.3,,,,,
56,"Arts, entertainment and recreation",79.6,12.9,7.3,,0.0,,
56,Construction,88.8,5.3,,3.3,1.7,,
56,Education,94.5,,0.0,4.8,,,
56,Human health and social work activities,93.0,7.0,0.0,0.0,0.0,,
56,Information and communication,84.9,5.1,,6.4,3.0,,
56,Manufacturing,82.8,11.7,0.0,4.1,1.3,,
56,Other service activities,87.0,13.0,0.0,0.0,0.0,,
56,"Professional, scientific and technical activities",83.5,6.6,,5.5,3.6,,
56,Real estate activities,87.5,8.3,4.2,0.0,0.0,,
56,Transportation and storage,78.2,18.4,0.0,,3.3,,
56,Wholesale and retail trade; repair of motor vehicles and motorcycles,88.6,6.5,,2.2,2.1,,
57,0 - 9,84.5,8.9,,3.2,2.8,,
57,10 - 49,93.8,4.6,,,1.2,,
57,100 - 249,97.6,1.5,,,,,
57,250 +,97.8,1.5,0.0,,,,
57,50 - 99,96.7,2.7,0.0,,,,
57,Accommodation and food service activities,77.5,18.8,0.0,1.2,2.5,,
57,Administrative and support service activities,86.8,8.4,,2.2,1.8,,
57,All businesses,85.5,8.4,,2.9,2.6,,
57,All size bands excluding 0 - 9,94.3,4.2,,,1.0,,
57,"Arts, entertainment and recreation",86.4,6.4,5.2,2.0,0.0,,
57,Construction,88.5,8.5,0.0,,2.5,,
57,Education,91.8,8.0,0.0,0.0,,,
57,Human health and social work activities,89.5,5.3,,4.9,0.0,,
57,Information and communication,83.7,4.4,,8.0,3.2,,
57,Manufacturing,82.2,10.2,2.0,2.1,3.4,,
57,Other service activities,92.8,7.2,0.0,0.0,0.0,,
57,"Professional, scientific and technical activities",82.4,7.6,,5.2,4.5,,
57,Real estate activities,87.5,8.3,0.0,4.2,0.0,,
57,Transportation and storage,86.3,7.7,0.0,0.0,5.9,,
57,Wholesale and retail trade; repair of motor vehicles and motorcycles,87.9,7.3,,2.6,1.6,,
58,0 - 9,86.2,7.1,,3.5,2.9,,
58,10 - 49,94.0,4.6,0.0,,,,
58,100 - 249,97.8,1.6,,,,,
58,250 +,98.2,1.2,0.0,,,,
58,50 - 99,96.3,2.9,0.0,,,,
58,Accommodation and food service activities,80.5,15.8,0.0,,3.6,,
58,Administrative and support service activities,87.9,5.6,,2.0,3.8,,
58,All businesses,87.1,6.8,,3.1,2.6,,
58,All size bands excluding 0 - 9,94.5,4.2,0.0,,,,
58,"Arts, entertainment and recreation",91.9,,2.8,3.0,1.7,,
58,Construction,91.2,4.5,0.0,3.6,,,
58,Education,99.4,,0.0,0.0,,,
58,Human health and social work activities,94.2,5.7,0.0,0.0,0.0,,
58,Information and communication,87.5,3.9,0.0,5.2,3.4,,
58,Manufacturing,87.2,7.5,0.0,3.7,1.6,,
58,Other service activities,88.8,5.9,0.0,5.3,0.0,,
58,"Professional, scientific and technical activities",81.1,8.5,,5.4,4.2,,
58,Real estate activities,87.5,8.3,0.0,4.2,0.0,,
58,Transportation and storage,82.6,12.7,0.0,0.0,4.7,,
58,Wholesale and retail trade; repair of motor vehicles and motorcycles,89.7,4.8,,2.5,2.5,,
59,0 - 9,84.5,8.3,,3.3,2.9,,
59,10 - 49,93.8,4.5,,,1.1,,
59,100 - 249,97.5,2.0,,0.0,,,
59,250 +,97.9,1.4,0.0,0.0,,,
59,50 - 99,96.3,3.1,,,,,
59,Accommodation and food service activities,85.4,13.0,0.0,,1.4,,
59,Administrative and support service activities,83.3,8.6,0.0,3.6,4.5,,
59,All businesses,85.5,7.8,,3.0,2.7,,
59,All size bands excluding 0 - 9,94.3,4.2,,,1.0,,
59,"Arts, entertainment and recreation",90.4,5.3,2.0,2.2,0.0,,
59,Construction,90.1,4.5,2.1,1.4,1.9,,
59,Education,92.6,7.2,0.0,0.0,,,
59,Human health and social work activities,90.4,9.2,0.0,,0.0,,
59,Information and communication,84.2,2.8,1.4,7.5,4.1,,
59,Manufacturing,86.3,8.1,2.0,1.9,1.7,,
59,Other service activities,84.4,9.4,0.0,3.1,3.1,,
59,"Professional, scientific and technical activities",81.2,8.4,,5.6,4.1,,
59,Real estate activities,92.0,4.0,0.0,4.0,0.0,,
59,Transportation and storage,80.1,13.4,0.0,2.7,3.8,,
59,Wholesale and retail trade; repair of motor vehicles and motorcycles,86.5,8.6,,1.8,2.4,,
60,0 - 9,84.8,8.5,,3.3,2.5,,
60,10 - 49,93.5,4.9,,,1.1,,
60,100 - 249,97.7,1.8,0.0,,,,
60,250 +,97.9,1.3,0.0,,,,
60,50 - 99,96.5,2.9,0.0,,,,
60,Accommodation and food service activities,79.7,18.2,,,1.1,,
60,Administrative and support service activities,82.7,6.8,,4.4,5.4,,
60,All businesses,85.8,8.1,,3.0,2.3,,
60,All size bands excluding 0 - 9,94.1,4.5,,,1.0,,
60,"Arts, entertainment and recreation",84.2,7.0,2.3,6.4,,,
60,Construction,92.6,4.6,,1.4,,,
60,Education,99.5,,0.0,0.0,0.0,,
60,Human health and social work activities,88.6,6.5,0.0,4.9,0.0,,
60,Information and communication,81.6,5.4,1.9,8.0,3.1,,
60,Manufacturing,88.0,8.8,1.4,,1.5,,
60,Other service activities,89.5,,2.6,5.1,2.6,,
60,"Professional, scientific and technical activities",81.5,8.6,,4.9,4.1,,
60,Real estate activities,90.2,6.5,0.0,3.3,0.0,,
60,Transportation and storage,83.1,12.2,0.0,0.0,4.7,,
60,Wholesale and retail trade; repair of motor vehicles and motorcycles,88.1,9.0,,1.1,1.2,,
61,0 - 9,85.5,8.5,1.0,2.7,2.3,,
61,10 - 49,94.1,4.2,0.0,,1.0,,
61,100 - 249,97.7,1.6,,,,,
61,250 +,98.0,1.2,0.0,0.0,,,
61,50 - 99,96.6,2.7,0.0,,,,
61,Accommodation and food service activities,85.4,12.9,0.0,,1.3,,
61,Administrative and support service activities,88.5,5.5,0.0,2.0,4.0,,
61,All businesses,86.5,8.0,,2.5,2.1,,
61,All size bands excluding 0 - 9,94.6,3.9,0.0,,,,
61,"Arts, entertainment and recreation",86.4,11.3,0.0,2.3,,,
61,Construction,91.7,3.8,1.2,2.4,,,
61,Education,99.6,,0.0,0.0,0.0,,
61,Human health and social work activities,77.3,17.9,0.0,4.7,0.0,,
61,Information and communication,81.3,6.9,,6.4,4.8,,
61,Manufacturing,81.7,11.7,3.3,,3.0,,
61,Other service activities,87.0,7.9,0.0,2.6,2.6,,
61,"Professional, scientific and technical activities",82.9,9.9,,4.2,2.2,,
61,Real estate activities,92.4,3.8,0.0,3.8,0.0,,
61,Transportation and storage,75.2,15.8,0.0,4.3,4.6,,
61,Wholesale and retail trade; repair of motor vehicles and motorcycles,91.8,5.1,1.7,,1.2,,
62,0 - 9,83.7,8.9,1.3,4.2,1.9,,
62,10 - 49,93.8,3.9,,,1.5,,
62,100 - 249,98.0,1.4,0.0,,,,
62,250 +,97.7,1.2,0.0,0.0,1.0,,
62,50 - 99,96.5,2.8,0.0,,,,
62,Accommodation and food service activities,83.3,9.1,4.2,2.2,1.2,,
62,Administrative and support service activities,81.7,8.8,1.7,3.1,4.7,,
62,All businesses,84.8,8.3,1.2,3.8,1.9,,
62,All size bands excluding 0 - 9,94.3,3.6,,,1.3,,
62,"Arts, entertainment and recreation",92.5,4.6,0.0,2.8,,,
62,Construction,88.8,4.9,1.4,3.4,1.5,,
62,Education,84.3,8.1,0.0,7.3,,,
62,Human health and social work activities,88.2,6.1,0.0,5.6,0.0,,
62,Information and communication,82.3,4.8,,9.3,2.9,,
62,Manufacturing,87.4,8.9,1.1,,2.4,,
62,Other service activities,84.0,9.6,0.0,3.2,3.2,,
62,"Professional, scientific and technical activities",82.1,7.5,,7.6,2.1,,
62,Real estate activities,90.3,4.8,0.0,4.8,0.0,,
62,Transportation and storage,75.6,22.0,0.0,0.0,2.4,,
62,Wholesale and retail trade; repair of motor vehicles and motorcycles,87.4,9.9,1.4,,,,
63,0 - 9,84.3,9.1,,3.5,2.4,,
63,10 - 49,93.5,4.4,,,1.4,,
63,100 - 249,97.9,1.6,0.0,,,,
63,250 +,98.0,1.2,0.0,0.0,,,
63,50 - 99,96.2,3.0,0.0,,,,
63,Accommodation and food service activities,79.9,15.6,2.8,,1.5,,
63,Administrative and support service activities,87.2,5.4,,3.1,3.4,,
63,All businesses,85.3,8.6,,3.2,2.2,,
63,All size bands excluding 0 - 9,94.1,4.1,,,1.2,,
63,"Arts, entertainment and recreation",97.2,,0.0,2.3,,,
63,Construction,85.9,6.8,0.0,5.0,2.2,,
63,Education,91.8,7.7,,0.0,,,
63,Human health and social work activities,74.1,20.6,0.0,5.3,0.0,,
63,Information and communication,85.1,5.8,0.0,5.6,3.5,,
63,Manufacturing,85.1,10.9,1.4,0.0,2.6,,
63,Other service activities,92.3,5.2,0.0,2.6,0.0,,
63,"Professional, scientific and technical activities",81.3,8.6,,6.0,3.5,,
63,Real estate activities,91.7,4.2,0.0,4.2,0.0,,
63,Transportation and storage,81.7,15.5,0.0,0.0,2.8,,
63,Wholesale and retail trade; repair of motor vehicles and motorcycles,88.3,8.2,1.3,,1.3,,
64,0 - 9,84.0,10.0,,3.4,2.1,,
64,10 - 49,93.5,4.7,,,1.0,,
64,100 - 249,97.5,1.9,0.0,0.0,,,
64,250 +,98.1,1.3,0.0,,,,
64,50 - 99,96.0,2.8,0.0,,,,
64,Accommodation and food service activities,83.2,15.1,,,1.2,,
64,Administrative and support service activities,85.1,8.9,,2.6,2.6,,
64,All businesses,85.0,9.4,,3.1,2.0,,
64,All size bands excluding 0 - 9,94.0,4.3,,,,,
64,"Arts, entertainment and recreation",95.4,2.4,0.0,2.2,,,
64,Construction,88.8,6.0,,4.7,,,
64,Education,90.6,9.2,0.0,,0.0,,
64,Human health and social work activities,75.5,19.4,0.0,5.0,,,
64,Information and communication,83.4,7.4,0.0,6.0,3.3,,
64,Manufacturing,85.4,13.3,0.0,0.0,1.3,,
64,Other service activities,89.4,3.6,0.0,7.0,0.0,,
64,"Professional, scientific and technical activities",80.7,9.5,1.3,4.7,3.8,,
64,Real estate activities,92.7,3.7,0.0,3.7,0.0,,
64,Transportation and storage,79.5,14.9,0.0,2.9,2.7,,
64,Wholesale and retail trade; repair of motor vehicles and motorcycles,86.7,9.4,,1.1,2.2,,
65,0 - 9,83.4,10.0,,3.6,2.4,,
65,10 - 49,92.0,6.0,,,1.1,,
65,100 - 249,98.0,1.4,0.0,,,,
65,250 +,97.9,1.5,0.0,,,,
65,50 - 99,96.5,2.5,,,,,
65,Accommodation and food service activities,73.9,22.2,0.0,1.2,2.8,,
65,Administrative and support service activities,88.1,6.8,0.0,2.8,2.3,,
65,All businesses,84.4,9.5,,3.3,2.2,,
65,All size bands excluding 0 - 9,92.8,5.3,,,1.0,,
65,"Arts, entertainment and recreation",93.2,3.6,0.0,3.1,,,
65,Construction,88.1,8.1,0.0,3.7,0.0,,
65,Human health and social work activities,89.2,5.8,0.0,5.0,0.0,,
65,Information and communication,84.6,6.7,0.0,5.4,3.3,,
65,Manufacturing,82.7,14.2,0.0,1.8,1.3,,
65,Other service activities,86.9,9.9,0.0,3.2,0.0,,
65,"Professional, scientific and technical activities",83.0,7.9,1.2,3.8,4.2,,
65,Real estate activities,89.4,7.1,0.0,3.5,0.0,,
65,Transportation and storage,87.0,5.4,0.0,4.8,2.7,,
65,Wholesale and retail trade; repair of motor vehicles and motorcycles,81.9,11.3,1.0,2.9,2.9,,
66,0 - 9,85.0,8.4,1.0,4.4,1.3,,
66,10 - 49,93.9,4.5,,,1.1,,
66,100 - 249,97.5,2.0,0.0,0.0,,,
66,250 +,98.1,1.3,0.0,,,,
66,50 - 99,96.2,2.8,0.0,,,,
66,Accommodation and food service activities,72.7,22.1,,3.8,1.3,,
66,Administrative and support service activities,90.0,5.4,1.9,,1.9,,
66,All businesses,86.0,7.9,,4.0,1.2,,
66,All size bands excluding 0 - 9,94.4,4.2,,,1.0,,
66,"Arts, entertainment and recreation",96.5,,0.0,3.1,0.0,,
66,Construction,90.8,3.8,2.0,3.3,0.0,,
66,Education,87.9,11.9,0.0,0.0,,,
66,Human health and social work activities,82.6,11.3,0.0,6.0,0.0,,
66,Information and communication,87.0,7.5,,3.4,1.4,,
66,Manufacturing,83.9,13.2,2.6,,,,
66,Other service activities,89.4,3.9,0.0,6.7,0.0,,
66,"Professional, scientific and technical activities",82.2,8.7,,5.3,3.5,,
66,Real estate activities,89.8,5.1,0.0,5.1,0.0,,
66,Transportation and storage,78.2,8.7,0.0,11.6,1.5,,
66,Wholesale and retail trade; repair of motor vehicles and motorcycles,89.3,5.7,,4.0,,,
67,0 - 9,84.1,10.4,1.1,3.0,1.4,,
67,10 - 49,93.6,4.9,0.0,,1.0,,
67,100 - 249,98.0,1.5,0.0,,,,
67,250 +,98.0,1.5,0.0,0.0,,,
67,50 - 99,96.7,2.4,0.0,,,,
67,Accommodation and food service activities,72.8,22.6,1.7,1.9,1.1,,
67,Administrative and support service activities,85.8,9.2,,2.4,1.8,,
67,All businesses,85.1,9.8,1.0,2.7,1.4,,
67,All size bands excluding 0 - 9,94.2,4.4,0.0,,,,
67,"Arts, entertainment and recreation",96.4,,0.0,3.1,0.0,,
67,Construction,87.1,8.6,2.1,1.5,,,
67,Education,85.6,14.1,0.0,0.0,,,
67,Human health and social work activities,82.5,13.0,0.0,4.6,0.0,,
67,Information and communication,82.0,7.1,,7.8,2.3,,
67,Manufacturing,80.3,17.1,1.4,0.0,1.2,,
67,Other service activities,91.7,4.4,0.0,3.9,0.0,,
67,"Professional, scientific and technical activities",84.6,7.3,1.0,4.3,2.9,,
67,Real estate activities,89.2,5.4,0.0,5.4,0.0,,
67,Transportation and storage,88.9,9.4,0.0,0.0,1.7,,
67,Wholesale and retail trade; repair of motor vehicles and motorcycles,88.7,8.6,,1.4,,,
68,0 - 9,84.7,9.7,,3.5,1.7,,
68,10 - 49,93.4,5.2,0.0,,,,
68,100 - 249,97.8,1.5,,,,,
68,250 +,98.1,1.6,0.0,,,,
68,50 - 99,96.6,2.5,0.0,,,,
68,Accommodation and food service activities,74.2,20.3,0.0,2.4,3.1,,
68,Administrative and support service activities,86.7,9.7,0.0,0.0,3.6,,
68,All businesses,85.7,9.2,,3.2,1.6,,
68,All size bands excluding 0 - 9,94.0,4.7,0.0,,,,
68,"Arts, entertainment and recreation",89.8,7.1,0.0,3.1,0.0,,
68,Construction,85.1,9.4,2.0,3.5,0.0,,
68,Education,90.2,9.8,0.0,0.0,0.0,,
68,Human health and social work activities,85.7,9.8,0.0,4.5,0.0,,
68,Information and communication,83.9,5.7,0.0,9.7,,,
68,Manufacturing,84.8,14.7,0.0,,,,
68,Other service activities,87.3,,0.0,7.3,4.7,,
68,"Professional, scientific and technical activities",88.0,4.9,0.0,4.1,2.9,,
68,Real estate activities,91.7,4.2,0.0,4.2,0.0,,
68,Transportation and storage,79.9,15.5,0.0,2.8,1.8,,
68,Wholesale and retail trade; repair of motor vehicles and motorcycles,88.5,8.6,,1.8,,,
69,0 - 9,84.0,9.3,,4.3,1.5,,
69,10 - 49,93.3,5.0,0.0,,1.0,,
69,100 - 249,98.1,1.4,0.0,,,,
69,250 +,98.1,1.7,0.0,0.0,,,
69,50 - 99,96.0,3.3,,,,,
69,Accommodation and food service activities,73.2,17.7,1.9,4.1,3.0,,
69,Administrative and support service activities,83.6,8.6,0.0,3.2,4.6,,
69,All businesses,85.0,8.8,,4.0,1.5,,
69,All size bands excluding 0 - 9,93.9,4.6,0.0,,,,
69,"Arts, entertainment and recreation",91.2,6.4,0.0,2.4,0.0,,
69,Construction,84.7,9.5,,4.9,0.0,,
69,Education,84.3,15.7,0.0,0.0,0.0,,
69,Human health and social work activities,86.0,9.5,0.0,4.4,0.0,,
69,Information and communication,84.5,5.0,,8.4,1.4,,
69,Manufacturing,85.0,13.1,1.4,,,,
69,Other service activities,90.9,,0.0,5.0,3.5,,
69,"Professional, scientific and technical activities",83.3,9.4,,4.8,2.2,,
69,Real estate activities,85.7,2.9,2.9,8.6,0.0,,
69,Transportation and storage,87.5,8.8,3.6,0.0,,,
69,Wholesale and retail trade; repair of motor vehicles and motorcycles,90.4,6.2,0.0,2.8,,,
70,0 - 9,83.9,9.9,,3.6,1.9,,
70,10 - 49,94.3,4.1,,,1.1,,
70,100 - 249,97.5,1.8,0.0,,,,
70,250 +,97.5,1.9,0.0,,,,
70,50 - 99,95.7,3.4,0.0,,,,
70,Accommodation and food service activities,79.6,12.3,2.2,2.8,3.2,,
70,Administrative and support service activities,85.2,7.9,1.4,1.9,3.6,,
70,All businesses,85.0,9.3,,3.2,1.8,,
70,All size bands excluding 0 - 9,94.6,3.9,,,1.0,,
70,"Arts, entertainment and recreation",89.9,5.3,0.0,2.4,2.4,,
70,Construction,86.3,10.6,0.0,2.3,,,
70,Education,91.2,4.4,0.0,4.4,0.0,,
70,Human health and social work activities,90.9,4.9,0.0,4.0,,,
70,Information and communication,83.1,5.3,0.0,8.6,3.1,,
70,Manufacturing,88.1,11.9,0.0,0.0,,,
70,Other service activities,84.2,7.6,0.0,3.5,4.7,,
70,"Professional, scientific and technical activities",84.4,8.5,1.7,3.8,1.6,,
70,Real estate activities,85.3,3.7,0.0,7.3,3.7,,
70,Transportation and storage,78.9,14.5,0.0,4.1,2.6,,
70,Wholesale and retail trade; repair of motor vehicles and motorcycles,86.3,10.7,0.0,2.2,,,
71,0 - 9,82.2,10.8,,3.9,2.5,,
71,10 - 49,94.4,4.3,,,,,
71,100 - 249,97.4,1.7,,,,,
71,250 +,97.8,1.6,0.0,,,,
71,50 - 99,96.4,3.0,,,,,
71,Accommodation and food service activities,71.1,18.7,4.3,2.9,3.0,,
71,Administrative and support service activities,86.6,5.7,0.0,2.9,4.8,,
71,All businesses,83.5,10.1,,3.5,2.3,,
71,All size bands excluding 0 - 9,94.8,4.0,,,,,
71,"Arts, entertainment and recreation",85.8,8.3,0.0,5.9,0.0,,
71,Construction,82.8,12.1,,3.4,,,
71,Education,93.9,5.9,0.0,0.0,,,
71,Human health and social work activities,77.2,18.3,0.0,4.2,,,
71,Information and communication,85.2,6.7,0.0,5.2,3.0,,
71,Manufacturing,87.2,12.8,0.0,0.0,,,
71,Other service activities,79.8,13.1,0.0,0.0,7.1,,
71,"Professional, scientific and technical activities",85.1,8.8,,3.9,1.7,,
71,Real estate activities,89.0,3.7,0.0,7.3,0.0,,
71,Transportation and storage,71.5,7.4,0.0,9.9,11.2,,
71,Wholesale and retail trade; repair of motor vehicles and motorcycles,86.4,10.4,0.0,2.5,,,
72,0 - 9,84.1,8.0,,4.6,2.4,,
72,10 - 49,93.7,5.2,0.0,,,,
72,100 - 249,97.9,1.6,0.0,,,,
72,250 +,97.9,1.8,0.0,,,,
72,50 - 99,96.3,3.1,0.0,,,,
72,Accommodation and food service activities,78.2,16.2,0.0,3.0,2.6,,
72,Administrative and support service activities,85.3,6.6,0.0,2.5,5.5,,
72,All businesses,85.2,7.7,,4.1,2.2,,
72,All size bands excluding 0 - 9,94.2,4.7,0.0,,,,
72,"Arts, entertainment and recreation",92.5,5.1,0.0,2.3,,,
72,Construction,85.5,6.2,,6.5,,,
72,Education,86.4,,6.7,6.7,0.0,,
72,Human health and social work activities,78.8,10.9,5.0,5.0,,,
72,Information and communication,86.8,4.4,0.0,5.7,3.2,,
72,Manufacturing,87.8,10.2,0.0,1.9,,,
72,Other service activities,80.7,7.5,0.0,0.0,11.8,,
72,"Professional, scientific and technical activities",85.9,7.7,,4.5,1.1,,
72,Real estate activities,91.8,,4.0,0.0,4.0,,
72,Transportation and storage,78.5,3.6,3.3,8.0,6.6,,
72,Wholesale and retail trade; repair of motor vehicles and motorcycles,86.7,9.3,0.0,3.1,,,
73,0 - 9,82.9,9.8,1.5,3.9,2.0,,
73,10 - 49,91.6,5.7,1.1,,,,
73,100 - 249,97.5,1.7,,,,,
73,250 +,97.8,1.8,0.0,,,,
73,50 - 99,96.5,2.7,,,,,
73,Accommodation and food service activities,79.2,15.7,1.5,1.4,2.3,,
73,Administrative and support service activities,85.1,8.0,,1.5,4.6,,
73,All businesses,83.9,9.3,1.5,3.5,1.8,,
73,All size bands excluding 0 - 9,92.5,5.2,,,,,
73,"Arts, entertainment and recreation",84.5,9.2,3.7,2.5,0.0,,
73,Construction,82.7,8.2,2.7,5.5,1.0,,
73,Education,99.6,,0.0,0.0,0.0,,
73,Human health and social work activities,81.7,12.2,0.0,5.7,,,
73,Information and communication,80.1,10.7,,7.4,,,
73,Manufacturing,81.6,14.6,,,3.3,,
73,Other service activities,83.8,,7.8,0.0,7.8,,
73,"Professional, scientific and technical activities",85.3,7.6,1.2,4.8,1.1,,
73,Real estate activities,89.0,,5.4,5.4,0.0,,
73,Transportation and storage,82.1,10.5,,3.6,3.7,,
73,Wholesale and retail trade; repair of motor vehicles and motorcycles,86.2,9.5,,2.3,1.1,,
74,0 - 9,84.5,9.8,,3.2,1.8,,
74,10 - 49,92.2,5.8,,,1.1,,
74,100 - 249,97.6,1.9,,,,,
74,250 +,98.1,1.5,0.0,,,,
74,50 - 99,95.9,3.3,,,,,
74,Accommodation and food service activities,70.4,20.4,5.8,,2.7,,
74,Administrative and support service activities,88.0,4.8,0.0,3.0,4.2,,
74,All businesses,85.4,9.3,,2.9,1.7,,
74,All size bands excluding 0 - 9,92.9,5.2,,,1.0,,
74,"Arts, entertainment and recreation",95.1,2.8,0.0,2.1,,,
74,Construction,89.3,7.6,0.0,3.1,0.0,,
74,Education,99.7,,0.0,0.0,0.0,,
74,Human health and social work activities,73.9,10.8,5.0,10.0,,,
74,Information and communication,80.9,8.7,0.0,7.4,3.1,,
74,Manufacturing,88.2,10.3,0.0,1.2,,,
74,Other service activities,86.6,13.4,0.0,0.0,0.0,,
74,"Professional, scientific and technical activities",85.0,9.9,,3.2,1.3,,
74,Real estate activities,92.7,3.7,0.0,0.0,3.7,,
74,Transportation and storage,87.8,9.6,0.0,0.0,2.6,,
74,Wholesale and retail trade; repair of motor vehicles and motorcycles,85.7,9.4,0.0,2.9,1.9,,
75,0 - 9,84.1,10.5,,3.4,1.6,,
75,10 - 49,92.0,6.0,,1.0,,,
75,100 - 249,97.9,1.7,0.0,,,,
75,250 +,98.0,1.8,0.0,0.0,,,
75,50 - 99,96.2,2.8,,,,,
75,Accommodation and food service activities,71.5,22.7,2.2,2.6,,,
75,Administrative and support service activities,89.8,4.7,0.0,3.4,2.1,,
75,All businesses,85.1,10.0,,3.1,1.5,,
75,All size bands excluding 0 - 9,92.8,5.4,,,,,
75,"Arts, entertainment and recreation",90.9,7.1,0.0,1.9,,,
75,Construction,88.4,9.1,0.0,,1.6,,
75,Education,88.2,6.1,0.0,5.8,0.0,,
75,Human health and social work activities,77.2,17.2,0.0,5.3,,,
75,Information and communication,84.2,7.7,,4.9,2.5,,
75,Manufacturing,88.6,9.9,1.3,,0.0,,
75,Other service activities,86.5,13.5,0.0,0.0,0.0,,
75,"Professional, scientific and technical activities",84.6,8.7,,4.5,1.9,,
75,Real estate activities,85.1,11.0,0.0,3.7,,,
75,Transportation and storage,81.4,11.6,0.0,4.3,2.6,,
75,Wholesale and retail trade; repair of motor vehicles and motorcycles,85.9,9.0,0.0,3.6,1.5,,
76,0 - 9,83.8,10.7,,4.0,1.3,,
76,10 - 49,92.2,5.8,,,1.3,,
76,100 - 249,98.1,1.6,,,,,
76,250 +,98.2,1.6,0.0,0.0,,,
76,50 - 99,96.2,3.0,,,,,
76,Accommodation and food service activities,75.6,20.4,,2.5,1.0,,
76,Administrative and support service activities,86.9,5.0,,4.6,3.0,,
76,All businesses,84.8,10.1,,3.6,1.3,,
76,All size bands excluding 0 - 9,93.0,5.2,,,1.1,,
76,"Arts, entertainment and recreation",94.9,4.9,0.0,,0.0,,
76,Construction,88.1,10.3,,,0.0,,
76,Education,91.3,4.3,0.0,4.3,0.0,,
76,Human health and social work activities,84.3,10.4,0.0,4.6,,,
76,Information and communication,81.6,7.5,0.0,7.5,3.4,,
76,Manufacturing,83.4,12.7,0.0,3.7,,,
76,Other service activities,76.0,24.0,0.0,0.0,0.0,,
76,"Professional, scientific and technical activities",85.3,8.9,0.0,4.4,1.5,,
76,Real estate activities,89.6,6.6,0.0,3.3,,,
76,Transportation and storage,87.3,6.5,0.0,3.1,3.1,,
76,Wholesale and retail trade; repair of motor vehicles and motorcycles,83.8,10.3,0.0,4.7,1.2,,
77,0 - 9,85.2,9.6,,3.2,1.8,,
77,10 - 49,93.5,4.8,,,1.0,,
77,100 - 249,98.2,1.5,0.0,0.0,,,
77,250 +,98.5,1.4,0.0,0.0,,,
77,50 - 99,96.4,3.0,0.0,,,,
77,Accommodation and food service activities,79.4,17.2,0.0,,2.7,,
77,Administrative and support service activities,89.4,6.4,0.0,2.0,2.1,,
77,All businesses,86.2,9.0,,2.9,1.7,,
77,All size bands excluding 0 - 9,94.1,4.4,,,,,
77,"Arts, entertainment and recreation",90.3,4.7,0.0,2.9,2.1,,
77,Construction,85.3,11.0,0.0,2.9,,,
77,Education,90.9,4.6,0.0,4.6,0.0,,
77,Human health and social work activities,88.1,11.5,0.0,0.0,,,
77,Information and communication,81.9,8.9,,5.5,3.0,,
77,Manufacturing,89.4,7.8,0.0,2.8,0.0,,
77,Other service activities,84.7,10.2,,0.0,4.9,,
77,"Professional, scientific and technical activities",84.3,9.9,,4.0,1.5,,
77,Real estate activities,100.0,0.0,0.0,0.0,0.0,,
77,Transportation and storage,90.0,3.2,1.3,2.7,2.7,,
77,Wholesale and retail trade; repair of motor vehicles and motorcycles,86.9,8.3,0.0,3.0,1.8,,
78,0 - 9,84.4,10.1,,3.0,2.2,,
78,10 - 49,93.9,4.5,0.0,,,,
78,100 - 249,98.3,1.3,,,,,
78,250 +,98.3,1.4,0.0,0.0,,,
78,50 - 99,97.1,2.2,,,,,
78,Accommodation and food service activities,80.9,17.2,,,,,
78,Administrative and support service activities,89.6,5.3,0.0,1.6,3.4,,
78,All businesses,85.5,9.4,,2.7,2.0,,
78,All size bands excluding 0 - 9,94.5,4.1,,,,,
78,"Arts, entertainment and recreation",93.1,2.3,0.0,4.5,0.0,,
78,Construction,90.2,9.1,0.0,,0.0,,
78,Education,100.0,0.0,0.0,0.0,0.0,,
78,Human health and social work activities,93.7,6.0,0.0,0.0,,,
78,Information and communication,79.8,9.3,,8.2,2.0,,
78,Manufacturing,86.8,10.5,1.7,1.0,,,
78,Other service activities,82.4,9.1,,0.0,8.4,,
78,"Professional, scientific and technical activities",81.9,12.1,,4.1,1.5,,
78,Real estate activities,92.0,4.0,0.0,0.0,4.0,,
78,Transportation and storage,80.6,6.6,0.0,2.5,10.3,,
78,Wholesale and retail trade; repair of motor vehicles and motorcycles,84.8,9.8,0.0,3.8,1.6,,
79,0 - 9,84.8,10.3,,3.0,1.5,,
79,10 - 49,93.9,4.6,,,,,
79,100 - 249,98.3,1.5,0.0,0.0,,,
79,250 +,98.4,1.2,0.0,0.0,,,
79,50 - 99,96.9,2.5,0.0,,,,
79,Accommodation and food service activities,82.7,14.7,1.7,,,,
79,Administrative and support service activities,87.3,5.3,2.2,2.2,2.9,,
79,All businesses,85.9,9.7,,2.7,1.4,,
79,All size bands excluding 0 - 9,94.5,4.2,,,,,
79,"Arts, entertainment and recreation",81.8,12.5,0.0,5.7,0.0,,
79,Construction,87.1,10.5,0.0,1.6,,,
79,Human health and social work activities,85.3,11.0,0.0,0.0,3.7,,
79,Information and communication,85.5,7.7,0.0,5.3,1.6,,
79,Manufacturing,86.2,11.4,0.0,2.4,0.0,,
79,Other service activities,85.4,11.0,0.0,0.0,3.6,,
79,"Professional, scientific and technical activities",83.6,11.1,0.0,3.6,1.6,,
79,Real estate activities,100.0,0.0,0.0,0.0,0.0,,
79,Transportation and storage,80.7,11.0,0.0,5.8,2.5,,
79,Wholesale and retail trade; repair of motor vehicles and motorcycles,89.1,7.1,0.0,2.9,,,
80,0 - 9,85.3,10.7,,2.4,1.1,,
80,10 - 49,93.8,4.8,,,,,
80,100 - 249,98.4,1.3,,0.0,,,
80,250 +,98.4,1.2,0.0,,,,
80,50 - 99,97.1,2.2,0.0,,,,
80,Accommodation and food service activities,81.2,14.2,3.5,,,,
80,Administrative and support service activities,90.0,7.2,0.0,,2.2,,
80,All businesses,86.3,10.0,,2.1,1.1,,
80,All size bands excluding 0 - 9,94.4,4.3,,,,,
80,"Arts, entertainment and recreation",91.0,4.2,0.0,4.7,,,
80,Construction,84.7,12.6,0.0,1.3,1.4,,
80,Education,100.0,0.0,0.0,0.0,0.0,,
80,Human health and social work activities,99.3,,0.0,0.0,,,
80,Information and communication,80.7,11.3,,4.5,2.8,,
80,Manufacturing,86.1,11.2,0.0,1.8,,,
80,Other service activities,90.7,9.3,0.0,0.0,0.0,,
80,"Professional, scientific and technical activities",84.2,9.7,,3.7,1.5,,
80,Real estate activities,100.0,0.0,0.0,0.0,0.0,,
80,Transportation and storage,81.3,13.9,0.0,4.8,0.0,,
80,Wholesale and retail trade; repair of motor vehicles and motorcycles,87.7,10.1,0.0,1.8,,,
81,0 - 9,84.9,9.9,,2.7,1.8,,
81,10 - 49,93.8,4.5,0.0,,1.1,,
81,100 - 249,98.6,1.2,0.0,0.0,,,
81,250 +,98.5,1.1,0.0,0.0,,,
81,50 - 99,97.7,1.7,0.0,,,,
81,Accommodation and food service activities,85.8,9.2,1.5,1.0,2.6,,
81,Administrative and support service activities,86.5,7.7,1.0,2.5,2.2,,
81,All businesses,85.9,9.2,,2.5,1.7,,
81,All size bands excluding 0 - 9,94.5,4.0,0.0,,1.0,,
81,"Arts, entertainment and recreation",85.4,10.2,1.5,2.8,,,
81,Construction,85.6,12.1,0.0,,1.5,,
81,Education,88.6,5.9,0.0,5.4,0.0,,
81,Human health and social work activities,88.0,7.9,0.0,3.8,,,
81,Information and communication,84.6,6.7,1.2,5.5,2.1,,
81,Manufacturing,84.8,10.7,0.0,3.8,,,
81,Other service activities,91.2,8.8,0.0,0.0,0.0,,
81,"Professional, scientific and technical activities",81.4,12.4,,3.8,1.7,,
81,Real estate activities,100.0,0.0,0.0,0.0,0.0,,
81,Transportation and storage,84.4,7.0,0.0,0.0,8.6,,
81,Wholesale and retail trade; repair of motor vehicles and motorcycles,89.3,7.3,1.0,2.1,,,
82,0 - 9,85.5,9.2,,3.2,1.8,,
82,10 - 49,93.1,4.9,,,1.1,,
82,100 - 249,98.6,1.3,0.0,0.0,,,
82,250 +,98.1,1.3,0.0,,,,
82,50 - 99,97.8,1.7,0.0,,,,
82,Accommodation and food service activities,87.1,9.6,,1.9,1.3,,
82,Administrative and support service activities,87.3,7.1,0.0,2.9,2.8,,
82,All businesses,86.5,8.7,,2.9,1.7,,
82,All size bands excluding 0 - 9,93.9,4.4,,,1.0,,
82,"Arts, entertainment and recreation",87.4,8.8,0.0,3.6,,,
82,Construction,85.2,12.5,0.0,1.6,,,
82,Education,82.6,13.1,4.4,0.0,0.0,,
82,Human health and social work activities,84.3,11.7,0.0,3.8,,,
82,Information and communication,81.9,7.7,,7.6,2.1,,
82,Manufacturing,88.2,7.4,0.0,3.5,,,
82,Other service activities,88.2,7.9,0.0,0.0,3.8,,
82,"Professional, scientific and technical activities",87.6,7.3,,3.9,,,
82,Real estate activities,100.0,0.0,0.0,0.0,0.0,,
82,Transportation and storage,82.6,8.4,0.0,,8.9,,
82,Wholesale and retail trade; repair of motor vehicles and motorcycles,87.1,8.6,0.0,2.9,1.4,,
83,0 - 9,86.2,8.9,,2.9,1.6,,
83,10 - 49,94.1,4.2,,,1.2,,
83,100 - 249,98.9,,0.0,,,,
83,250 +,98.5,,0.0,,,,
83,50 - 99,97.8,1.6,0.0,,,,
83,Accommodation and food service activities,86.1,11.1,0.0,,2.6,,
83,Administrative and support service activities,87.9,7.3,0.0,2.0,2.7,,
83,All businesses,87.1,8.3,,2.6,1.5,,
83,All size bands excluding 0 - 9,94.8,3.7,,,1.0,,
83,"Arts, entertainment and recreation",89.6,6.4,0.0,3.9,,,
83,Construction,87.1,8.4,,3.0,,,
83,Education,87.1,6.5,6.2,,0.0,,
83,Human health and social work activities,94.7,5.0,0.0,0.0,,,
83,Information and communication,85.4,5.8,,6.8,1.4,,
83,Manufacturing,88.7,8.8,0.0,1.7,,,
83,Other service activities,95.7,4.3,0.0,0.0,0.0,,
83,"Professional, scientific and technical activities",85.9,8.4,,3.7,1.5,,
83,Real estate activities,100.0,0.0,0.0,0.0,0.0,,
83,Transportation and storage,81.0,17.6,0.0,0.0,1.4,,
83,Wholesale and retail trade; repair of motor vehicles and motorcycles,86.0,8.4,0.0,3.0,2.5,,
84,0 - 9,85.3,8.7,,3.3,1.9,,
84,10 - 49,94.2,4.3,0.0,,1.1,,
84,100 - 249,99.1,,0.0,,,,
84,250 +,99.1,,0.0,0.0,,,
84,50 - 99,97.3,1.7,0.0,,,,
84,Accommodation and food service activities,85.6,12.3,0.0,,1.9,,
84,Administrative and support service activities,86.4,7.0,,2.8,3.1,,
84,All businesses,86.3,8.2,,3.0,1.8,,
84,All size bands excluding 0 - 9,94.8,3.8,0.0,,1.0,,
84,"Arts, entertainment and recreation",88.6,8.5,0.0,2.7,,,
84,Construction,84.8,11.2,,1.6,1.6,,
84,Education,77.7,22.0,0.0,,0.0,,
84,Human health and social work activities,94.5,5.2,0.0,0.0,,,
84,Information and communication,85.4,4.9,1.5,7.4,,,
84,Manufacturing,85.5,9.7,0.0,2.5,2.2,,
84,Other service activities,99.9,,0.0,0.0,0.0,,
84,"Professional, scientific and technical activities",85.5,8.1,1.1,3.2,2.2,,
84,Real estate activities,99.8,0.0,0.0,,0.0,,
84,Transportation and storage,84.1,9.2,1.8,3.3,1.6,,
84,Wholesale and retail trade; repair of motor vehicles and motorcycles,85.3,6.8,,4.9,2.5,,
85,0 - 9,84.2,9.5,,3.9,1.9,,
85,10 - 49,93.8,4.9,0.0,,,,
85,100 - 249,98.6,,0.0,,,,
85,250 +,98.6,,0.0,,,,
85,50 - 99,97.3,1.8,,,,,
85,Accommodation and food service activities,82.7,11.5,1.5,1.7,2.6,,
85,Administrative and support service activities,87.9,7.1,0.0,2.1,3.0,,
85,All businesses,85.3,8.9,,3.5,1.7,,
85,All size bands excluding 0 - 9,94.4,4.3,0.0,,,,
85,"Arts, entertainment and recreation",88.4,6.7,0.0,4.7,,,
85,Construction,86.6,10.7,0.0,2.0,,,
85,Education,86.4,9.2,0.0,4.4,0.0,,
85,Human health and social work activities,92.3,4.0,0.0,3.5,,,
85,Information and communication,81.4,6.6,,9.1,2.3,,
85,Manufacturing,86.2,8.9,,3.8,,,
85,Other service activities,91.6,4.2,0.0,0.0,4.2,,
85,"Professional, scientific and technical activities",83.5,9.7,,4.0,2.5,,
85,Real estate activities,95.2,4.6,0.0,,0.0,,
85,Transportation and storage,78.0,18.3,0.0,1.8,2.0,,
85,Wholesale and retail trade; repair of motor vehicles and motorcycles,85.7,7.4,1.1,4.5,1.4,,
86,0 - 9,84.4,9.6,,2.9,2.2,,
86,10 - 49,94.3,4.6,,,,,
86,100 - 249,98.2,1.1,,,,,
86,250 +,98.8,,0.0,,,,
86,50 - 99,97.7,1.8,0.0,,,,
86,Accommodation and food service activities,78.0,16.4,1.5,1.7,2.4,,
86,Administrative and support service activities,87.8,6.3,1.3,3.2,1.3,,
86,All businesses,85.5,9.0,,2.6,2.0,,
86,All size bands excluding 0 - 9,94.9,4.1,,,,,
86,"Arts, entertainment and recreation",89.1,4.3,,4.1,2.4,,
86,Construction,87.6,8.4,,,2.5,,
86,Education,77.7,22.3,0.0,0.0,0.0,,
86,Human health and social work activities,94.0,5.7,0.0,0.0,,,
86,Information and communication,86.8,3.8,,6.7,2.0,,
86,Manufacturing,86.1,8.4,0.0,3.8,1.7,,
86,Other service activities,89.0,3.7,0.0,3.6,3.6,,
86,"Professional, scientific and technical activities",82.0,11.1,,3.8,2.4,,
86,Real estate activities,99.8,0.0,0.0,,0.0,,
86,Transportation and storage,82.1,13.9,1.9,0.0,2.1,,
86,Wholesale and retail trade; repair of motor vehicles and motorcycles,86.5,8.6,1.2,2.1,1.7,,
87,0 - 9,83.8,9.0,,4.4,2.3,,
87,10 - 49,93.8,5.0,,,,,
87,100 - 249,98.2,1.3,0.0,,,,
87,250 +,98.8,,0.0,,,,
87,50 - 99,97.2,2.0,0.0,,,,
87,Accommodation and food service activities,84.1,11.8,,1.6,2.3,,
87,Administrative and support service activities,81.8,11.0,,4.5,2.0,,
87,All businesses,85.0,8.5,,4.0,2.1,,
87,All size bands excluding 0 - 9,94.5,4.4,,,,,
87,"Arts, entertainment and recreation",89.0,8.0,,2.7,,,
87,Construction,83.3,9.7,0.0,4.0,3.0,,
87,Education,81.8,9.2,4.4,4.4,,,
87,Human health and social work activities,95.6,4.4,0.0,0.0,0.0,,
87,Information and communication,86.7,2.9,0.0,7.4,2.9,,
87,Manufacturing,86.9,6.3,,3.3,2.8,,
87,Other service activities,92.5,3.8,0.0,3.8,0.0,,
87,"Professional, scientific and technical activities",81.7,11.3,,4.9,1.8,,
87,Real estate activities,95.6,0.0,0.0,4.4,0.0,,
87,Transportation and storage,75.9,12.8,2.1,5.1,4.2,,
87,Wholesale and retail trade; repair of motor vehicles and motorcycles,88.6,6.3,,2.8,2.1,,
88,0 - 9,84.0,9.5,,3.3,2.3,,
88,10 - 49,94.3,4.4,0.0,,,,
88,100 - 249,98.3,1.1,,,,,
88,250 +,98.7,1.0,0.0,,,,
88,50 - 99,97.3,2.2,0.0,,,,
88,Accommodation and food service activities,82.4,13.1,1.3,1.6,1.5,,
88,Administrative and support service activities,85.3,7.2,1.4,3.1,2.9,,
88,All businesses,85.2,8.9,,3.0,2.1,,
88,All size bands excluding 0 - 9,94.9,4.0,0.0,,,,
88,"Arts, entertainment and recreation",92.6,5.1,0.0,2.2,,,
88,Construction,83.3,10.8,2.1,1.9,1.9,,
88,Education,86.2,13.3,0.0,,,,
88,Human health and social work activities,95.2,4.8,0.0,0.0,0.0,,
88,Information and communication,85.6,6.9,0.0,4.5,3.1,,
88,Manufacturing,88.4,7.6,0.0,2.2,1.8,,
88,Other service activities,91.6,4.3,0.0,4.1,0.0,,
88,"Professional, scientific and technical activities",81.4,10.8,,4.8,2.2,,
88,Real estate activities,95.8,4.2,0.0,0.0,0.0,,
88,Transportation and storage,86.2,5.5,2.0,5.0,1.3,,
88,Wholesale and retail trade; repair of motor vehicles and motorcycles,85.0,8.8,,2.7,3.2,,
89,0 - 9,83.5,9.7,,4.4,1.8,,
89,10 - 49,93.9,4.8,,,,,
89,100 - 249,98.4,1.1,0.0,0.0,,,
89,250 +,98.8,,,,,,
89,50 - 99,97.4,1.7,,,,,
89,Accommodation and food service activities,79.9,13.5,1.2,2.8,2.6,,
89,Administrative and support service activities,86.7,6.5,,3.9,2.3,,
89,All businesses,84.7,9.1,,4.0,1.7,,
89,All size bands excluding 0 - 9,94.6,4.2,,,,,
89,"Arts, entertainment and recreation",86.0,8.0,0.0,5.8,,,
89,Construction,80.6,13.5,,4.2,,,
89,Education,77.3,22.0,0.0,,,,
89,Human health and social work activities,94.3,5.5,,0.0,0.0,,
89,Information and communication,85.8,6.2,,6.7,,,
89,Manufacturing,86.9,5.2,1.0,5.0,1.8,,
89,Other service activities,91.5,,4.3,4.0,0.0,,
89,"Professional, scientific and technical activities",82.4,10.2,,5.1,2.0,,
89,Real estate activities,100.0,0.0,0.0,0.0,0.0,,
89,Transportation and storage,85.2,12.7,0.0,2.0,,,
89,Wholesale and retail trade; repair of motor vehicles and motorcycles,86.3,7.2,0.0,3.1,3.4,,
90,0 - 9,83.6,10.6,1.1,3.3,1.4,,
90,10 - 49,94.2,4.7,0.0,,,,
90,100 - 249,98.3,1.5,0.0,,,,
90,250 +,98.7,,,0.0,,,
90,50 - 99,97.6,1.8,0.0,,,,
90,Accommodation and food service activities,79.2,15.5,3.3,1.9,,,
90,Administrative and support service activities,83.1,7.7,2.0,4.8,2.5,,
90,All businesses,84.8,9.9,1.0,3.0,1.3,,
90,All size bands excluding 0 - 9,94.8,4.2,0.0,,,,
90,"Arts, entertainment and recreation",91.0,6.7,0.0,2.3,,,
90,Construction,81.2,14.7,1.5,2.0,,,
90,Education,85.7,9.2,0.0,4.8,,,
90,Human health and social work activities,95.2,4.8,0.0,0.0,0.0,,
90,Information and communication,87.8,4.5,0.0,6.3,1.4,,
90,Manufacturing,81.1,13.0,0.0,4.3,1.6,,
90,Other service activities,90.4,6.4,0.0,3.2,0.0,,
90,"Professional, scientific and technical activities",82.8,11.6,,3.3,1.4,,
90,Real estate activities,90.9,4.7,0.0,4.4,0.0,,
90,Transportation and storage,88.3,8.0,1.0,1.0,1.8,,
90,Wholesale and retail trade; repair of motor vehicles and motorcycles,87.6,7.7,,1.6,2.2,,
91,0 - 9,85.0,9.7,,2.3,2.1,,
91,10 - 49,94.5,4.0,,,,,
91,100 - 249,98.4,1.2,0.0,,,,
91,250 +,99.0,,0.0,,,,
91,50 - 99,97.5,1.8,0.0,,,,
91,Accommodation and food service activities,80.2,14.3,1.4,2.4,1.5,,
91,Administrative and support service activities,88.7,6.2,0.0,3.1,2.1,,
91,All businesses,86.1,9.0,,2.1,1.9,,
91,All size bands excluding 0 - 9,95.1,3.6,,,,,
91,"Arts, entertainment and recreation",85.7,9.6,2.3,,2.2,,
91,Construction,85.3,11.9,1.3,0.0,1.4,,
91,Education,89.5,10.2,0.0,,,,
91,Human health and social work activities,91.7,8.1,,0.0,0.0,,
91,Information and communication,85.1,5.0,,6.8,2.5,,
91,Manufacturing,88.2,5.9,1.8,3.1,1.0,,
91,Other service activities,95.9,4.1,0.0,0.0,0.0,,
91,"Professional, scientific and technical activities",82.0,12.9,,2.6,2.2,,
91,Real estate activities,92.4,3.9,0.0,3.7,0.0,,
91,Transportation and storage,91.2,4.1,2.3,,2.4,,
91,Wholesale and retail trade; repair of motor vehicles and motorcycles,87.2,7.5,,1.9,2.9,,
92,0 - 9,85.1,9.6,,2.7,1.7,,
92,10 - 49,94.3,4.2,,,,,
92,100 - 249,98.2,1.4,0.0,,,,
92,250 +,98.4,1.1,,,,,
92,50 - 99,97.5,1.7,0.0,,,,
92,Accommodation and food service activities,79.1,13.7,1.3,2.7,3.2,,
92,Administrative and support service activities,84.6,9.1,0.0,4.3,2.0,,
92,All businesses,86.2,8.9,,2.5,1.6,,
92,All size bands excluding 0 - 9,94.9,3.7,,,,,
92,"Arts, entertainment and recreation",91.9,3.1,2.5,2.5,,,
92,Construction,85.0,13.1,,,,,
92,Education,95.1,4.6,0.0,,0.0,,
92,Human health and social work activities,99.2,,0.0,0.0,0.0,,
92,Information and communication,84.3,5.1,1.0,7.2,2.4,,
92,Manufacturing,88.0,6.6,3.6,0.0,1.8,,
92,Other service activities,96.4,3.6,0.0,0.0,0.0,,
92,"Professional, scientific and technical activities",81.9,11.6,1.1,3.1,2.3,,
92,Real estate activities,99.8,,0.0,0.0,0.0,,
92,Transportation and storage,88.5,9.4,0.0,2.0,,,
92,Wholesale and retail trade; repair of motor vehicles and motorcycles,88.2,7.4,,2.1,1.8,,
93,0 - 9,83.5,10.8,,3.3,1.8,,
93,10 - 49,94.1,4.2,,,1.0,,
93,100 - 249,98.4,1.3,,0.0,,,
93,250 +,98.5,1.1,0.0,,,,
93,50 - 99,97.6,1.8,0.0,0.0,,,
93,Accommodation and food service activities,76.0,18.6,1.6,1.7,2.1,,
93,Administrative and support service activities,86.4,6.0,0.0,4.3,3.2,,
93,All businesses,84.7,10.0,,3.0,1.7,,
93,All size bands excluding 0 - 9,94.7,3.7,,,,,
93,"Arts, entertainment and recreation",85.6,9.0,2.6,2.7,,,
93,Construction,83.5,13.9,0.0,1.9,,,
93,Education,84.6,7.6,0.0,4.0,3.8,,
93,Human health and social work activities,89.3,7.5,0.0,0.0,3.2,,
93,Information and communication,83.8,8.4,1.8,5.3,,,
93,Manufacturing,87.2,8.6,0.0,3.3,,,
93,Other service activities,100.0,0.0,0.0,0.0,0.0,,
93,"Professional, scientific and technical activities",79.5,14.0,,4.7,1.2,,
93,Real estate activities,96.9,3.1,0.0,0.0,0.0,,
93,Transportation and storage,83.6,8.6,0.0,3.9,3.9,,
93,Wholesale and retail trade; repair of motor vehicles and motorcycles,88.8,6.4,,1.6,2.4,,
94,0 - 9,85.6,9.7,,2.8,1.4,,
94,10 - 49,93.9,4.5,0.0,,,,
94,100 - 249,98.4,1.3,,0.0,,,
94,250 +,98.3,1.2,,,,,
94,50 - 99,97.3,2.0,0.0,,,,
94,Accommodation and food service activities,78.7,17.8,0.0,2.4,1.1,,
94,Administrative and support service activities,88.5,6.2,0.0,2.8,2.5,,
94,All businesses,86.6,9.1,,2.6,1.4,,
94,All size bands excluding 0 - 9,94.5,4.0,0.0,,,,
94,"Arts, entertainment and recreation",95.4,4.2,0.0,,,,
94,Construction,82.6,13.5,0.0,2.3,1.6,,
94,Education,85.3,14.4,0.0,,0.0,,
94,Human health and social work activities,96.0,,0.0,3.2,0.0,,
94,Information and communication,85.0,9.9,0.0,4.3,,,
94,Manufacturing,86.0,9.6,2.4,1.9,,,
94,Other service activities,91.6,2.9,0.0,2.8,2.8,,
94,"Professional, scientific and technical activities",84.2,10.1,0.0,4.1,1.6,,
94,Real estate activities,96.8,3.2,0.0,0.0,0.0,,
94,Transportation and storage,85.9,9.0,1.9,1.9,1.3,,
94,Wholesale and retail trade; repair of motor vehicles and motorcycles,90.4,5.5,1.1,1.4,1.6,,
95,0 - 9,84.8,10.1,,2.8,2.0,,
95,10 - 49,94.0,4.2,,,1.0,,
95,100 - 249,98.6,,0.0,,,,
95,250 +,98.3,1.4,0.0,,,,
95,50 - 99,97.2,1.9,0.0,,,,
95,Accommodation and food service activities,70.9,19.6,,4.5,4.9,,
95,Administrative and support service activities,90.5,5.4,0.0,3.2,,,
95,All businesses,85.9,9.4,,2.6,1.9,,
95,All size bands excluding 0 - 9,94.6,3.8,,,,,
95,"Arts, entertainment and recreation",83.8,13.9,0.0,2.2,,,
95,Construction,84.1,13.6,0.0,1.6,,,
95,Education,90.9,4.5,0.0,,4.3,,
95,Human health and social work activities,92.5,4.0,0.0,0.0,3.5,,
95,Information and communication,88.4,5.2,1.4,2.8,2.2,,
95,Manufacturing,90.6,5.5,,2.9,,,
95,Other service activities,93.3,,0.0,3.3,3.3,,
95,"Professional, scientific and technical activities",83.0,11.1,,3.6,2.0,,
95,Real estate activities,92.9,3.6,0.0,3.4,0.0,,
95,Transportation and storage,92.9,7.0,0.0,0.0,,,
95,Wholesale and retail trade; repair of motor vehicles and motorcycles,86.1,8.8,,1.9,2.7,,
96,0 - 9,85.6,10.0,,2.3,1.8,,
96,10 - 49,93.9,4.2,0.0,,1.1,,
96,100 - 249,98.2,1.1,0.0,,,,
96,250 +,97.8,1.8,0.0,,,,
96,50 - 99,96.9,2.1,0.0,,,,
96,Accommodation and food service activities,73.0,16.6,1.8,2.9,5.7,,
96,Administrative and support service activities,91.3,6.3,0.0,1.5,,,
96,All businesses,86.6,9.3,,2.1,1.7,,
96,All size bands excluding 0 - 9,94.5,3.8,0.0,,1.0,,
96,"Arts, entertainment and recreation",89.7,7.5,0.0,2.7,,,
96,Construction,87.0,12.3,0.0,,,,
96,Education,80.3,0.0,0.0,14.8,4.9,,
96,Human health and social work activities,99.2,,0.0,0.0,0.0,,
96,Information and communication,88.9,5.6,0.0,3.4,2.1,,
96,Manufacturing,86.3,12.8,,0.0,0.0,,
96,Other service activities,85.2,8.1,0.0,3.3,3.3,,
96,"Professional, scientific and technical activities",80.3,14.5,,3.1,1.8,,
96,Real estate activities,94.1,2.8,0.0,2.8,,,
96,Transportation and storage,93.3,3.2,1.7,1.7,,,
96,Wholesale and retail trade; repair of motor vehicles and motorcycles,90.0,5.9,0.0,1.9,2.2,,
97,0 - 9,85.2,9.9,,2.5,1.9,,
97,10 - 49,94.0,4.1,0.0,,1.1,,
97,100 - 249,98.4,1.1,0.0,,,,
97,250 +,98.0,1.3,0.0,,,,
97,50 - 99,97.1,2.2,0.0,,,,
97,Accommodation and food service activities,77.1,13.0,4.1,3.2,2.6,,
97,Administrative and support service activities,83.8,9.7,1.0,4.1,1.5,,
97,All businesses,86.2,9.2,,2.3,1.8,,
97,All size bands excluding 0 - 9,94.6,3.7,0.0,,1.0,,
97,"Arts, entertainment and recreation",89.2,10.1,0.0,,,,
97,Construction,86.5,10.3,,1.1,1.4,,
97,Education,93.6,0.0,0.0,6.4,0.0,,
97,Human health and social work activities,95.3,4.7,0.0,0.0,0.0,,
97,Information and communication,86.3,8.4,0.0,4.5,,,
97,Manufacturing,88.4,5.0,0.0,2.6,4.0,,
97,Other service activities,78.9,13.4,0.0,2.6,5.2,,
97,"Professional, scientific and technical activities",82.5,12.6,0.0,3.2,1.7,,
97,Real estate activities,90.2,3.2,0.0,3.2,3.4,,
97,Transportation and storage,89.5,8.5,0.0,1.9,,,
97,Wholesale and retail trade; repair of motor vehicles and motorcycles,91.4,6.3,0.0,,2.2,,
98,0 - 9,85.4,9.5,,2.8,1.8,,
98,10 - 49,94.4,3.7,,,1.0,,
98,100 - 249,98.7,1.0,0.0,0.0,,,
98,250 +,98.4,1.1,0.0,,,,
98,50 - 99,97.7,1.6,0.0,,,,
98,Accommodation and food service activities,79.0,14.7,,4.2,2.0,,
98,Administrative and support service activities,86.5,10.6,,1.6,,,
98,All businesses,86.5,8.9,,2.5,1.7,,
98,All size bands excluding 0 - 9,95.0,3.3,,,,,
98,"Arts, entertainment and recreation",93.9,3.0,0.0,2.8,,,
98,Construction,82.6,12.9,0.0,3.2,1.4,,
98,Education,86.7,4.6,0.0,4.3,4.4,,
98,Human health and social work activities,94.4,5.6,0.0,0.0,0.0,,
98,Information and communication,86.8,8.2,,3.1,1.3,,
98,Manufacturing,90.6,4.5,0.0,2.8,2.1,,
98,Other service activities,82.8,10.1,0.0,2.4,4.8,,
98,"Professional, scientific and technical activities",84.6,9.9,,3.4,1.6,,
98,Real estate activities,88.5,3.9,0.0,3.8,3.9,,
98,Transportation and storage,91.2,7.2,0.0,1.5,,,
98,Wholesale and retail trade; repair of motor vehicles and motorcycles,89.5,5.7,1.4,,2.5,,
99,0 - 9,83.6,9.9,1.4,3.1,1.9,,
99,10 - 49,92.4,4.9,,,1.2,,
99,100 - 249,98.6,1.0,,,,,
99,250 +,97.9,1.7,0.0,,,,
99,50 - 99,96.8,2.1,,,,,
99,Accommodation and food service activities,76.3,12.5,2.0,5.0,4.2,,
99,Administrative and support service activities,82.1,11.3,1.5,3.5,1.6,,
99,All businesses,84.7,9.3,1.3,2.9,1.8,,
99,All size bands excluding 0 - 9,93.3,4.3,,,1.1,,
99,"Arts, entertainment and recreation",90.3,6.1,0.0,3.0,,,
99,Construction,80.9,10.0,2.5,4.0,2.5,,
99,Education,99.2,,,0.0,0.0,,
99,Human health and social work activities,99.6,,0.0,0.0,0.0,,
99,Information and communication,82.1,10.3,,4.8,2.1,,
99,Manufacturing,87.1,12.2,,,,,
99,Other service activities,84.5,11.8,0.0,0.0,3.7,,
99,"Professional, scientific and technical activities",83.8,10.0,1.5,3.2,1.4,,
99,Real estate activities,95.6,0.0,0.0,0.0,4.4,,
99,Transportation and storage,80.2,13.2,2.8,3.7,,,
99,Wholesale and retail trade; repair of motor vehicles and motorcycles,89.8,6.7,,1.1,1.7,,
100,0 - 9,85.3,9.9,,2.7,1.4,,
100,10 - 49,93.1,4.5,,,1.1,,
100,100 - 249,98.1,1.4,,0.0,,,
100,250 +,98.2,1.2,,,,,
100,50 - 99,96.8,1.7,,,,,
100,Accommodation and food service activities,79.8,11.3,1.9,3.3,3.7,,
100,Administrative and support service activities,88.6,8.5,0.0,2.2,,,
100,All businesses,86.2,9.3,,2.5,1.3,,
100,All size bands excluding 0 - 9,93.8,4.0,,,1.1,,
100,"Arts, entertainment and recreation",93.9,3.2,0.0,2.8,,,
100,Construction,86.3,10.5,,2.1,,,
100,Education,89.8,5.1,4.8,0.0,,,
100,Human health and social work activities,88.1,11.8,0.0,0.0,0.0,,
100,Information and communication,83.3,10.9,,4.0,1.8,,
100,Manufacturing,87.1,9.4,1.5,1.8,,,
100,Other service activities,87.5,12.5,0.0,0.0,0.0,,
100,"Professional, scientific and technical activities",82.8,10.2,,4.5,2.0,,
100,Real estate activities,90.1,3.3,0.0,3.3,3.3,,
100,Transportation and storage,84.6,11.4,1.2,2.7,,,
100,Wholesale and retail trade; repair of motor vehicles and motorcycles,89.7,6.7,,1.1,1.8,,
101,0 - 9,84.9,10.2,,2.7,1.6,,
101,10 - 49,93.8,4.1,,,1.3,,
101,100 - 249,98.2,1.1,0.0,,,,
101,250 +,98.8,,0.0,,,,
101,50 - 99,96.8,2.0,,,,,
101,Accommodation and food service activities,76.7,13.4,3.1,3.3,3.6,,
101,Administrative and support service activities,89.3,5.7,1.0,1.8,2.1,,
101,All businesses,85.9,9.5,,2.4,1.6,,
101,All size bands excluding 0 - 9,94.4,3.7,,,1.1,,
101,"Arts, entertainment and recreation",91.1,5.8,0.0,2.8,,,
101,Construction,85.4,11.1,,2.0,,,
101,Education,83.7,16.3,0.0,0.0,0.0,,
101,Information and communication,84.0,10.5,0.0,4.1,1.3,,
101,Manufacturing,89.8,5.5,0.0,3.6,1.0,,
101,Other service activities,84.7,11.8,0.0,0.0,3.5,,
101,"Professional, scientific and technical activities",82.9,9.9,,4.5,2.3,,
101,Real estate activities,83.3,13.4,0.0,0.0,3.3,,
101,Transportation and storage,85.5,12.8,1.4,,,,
101,Wholesale and retail trade; repair of motor vehicles and motorcycles,89.9,7.4,0.0,1.4,1.3,,
102,0 - 9,84.4,9.4,,3.7,1.7,,
102,10 - 49,93.8,4.4,,,1.2,,
102,100 - 249,98.0,1.4,0.0,,,,
102,250 +,98.2,1.4,0.0,,,,
102,50 - 99,97.1,1.7,,,,,
102,Accommodation and food service activities,78.4,12.4,1.4,4.4,3.5,,
102,Administrative and support service activities,86.7,7.0,0.0,4.8,1.4,,
102,All businesses,85.5,8.8,,3.3,1.6,,
102,All size bands excluding 0 - 9,94.5,4.0,,,1.1,,
102,"Arts, entertainment and recreation",92.1,2.6,0.0,5.0,,,
102,Construction,82.9,12.5,0.0,3.9,,,
102,Education,83.7,16.3,0.0,0.0,0.0,,
102,Human health and social work activities,93.7,6.2,0.0,0.0,0.0,,
102,Information and communication,85.1,6.3,1.7,5.1,1.8,,
102,Manufacturing,87.2,6.3,1.8,1.6,3.1,,
102,Other service activities,87.7,6.2,0.0,2.8,3.4,,
102,"Professional, scientific and technical activities",84.0,9.2,,4.2,2.3,,
102,Real estate activities,91.7,4.0,0.0,4.0,,,
102,Transportation and storage,85.7,7.9,5.0,1.3,,,
102,Wholesale and retail trade; repair of motor vehicles and motorcycles,87.6,9.0,,1.4,1.4,,
103,0 - 9,84.3,10.0,,3.0,1.7,,
103,10 - 49,94.7,3.6,,,1.0,,
103,100 - 249,98.1,1.3,0.0,,,,
103,250 +,98.4,1.2,,,,,
103,50 - 99,97.1,1.7,,,,,
103,Accommodation and food service activities,77.8,13.7,1.6,3.4,3.5,,
103,Administrative and support service activities,86.2,10.2,,2.1,1.0,,
103,All businesses,85.5,9.3,,2.8,1.6,,
103,All size bands excluding 0 - 9,95.2,3.2,,,,,
103,"Arts, entertainment and recreation",89.3,5.3,0.0,2.9,2.5,,
103,Construction,85.2,9.9,,2.9,1.4,,
103,Education,86.0,14.0,0.0,0.0,0.0,,
103,Human health and social work activities,92.7,7.2,0.0,0.0,0.0,,
103,Information and communication,85.8,7.5,1.2,4.2,1.3,,
103,Manufacturing,80.6,11.4,1.7,2.6,3.7,,
103,Other service activities,86.8,13.2,0.0,0.0,0.0,,
103,"Professional, scientific and technical activities",84.5,9.3,,4.4,1.5,,
103,Real estate activities,95.9,3.7,0.0,0.0,,,
103,Transportation and storage,84.1,12.9,1.4,1.5,,,
103,Wholesale and retail trade; repair of motor vehicles and motorcycles,87.9,6.5,1.4,2.2,2.0,,
104,0 - 9,83.3,10.1,1.1,3.3,2.2,,
104,10 - 49,95.1,3.1,,,1.0,,
104,100 - 249,98.5,1.2,0.0,0.0,,,
104,250 +,98.5,1.1,0.0,0.0,,,
104,50 - 99,97.6,1.6,,,,,
104,Accommodation and food service activities,76.1,16.2,1.7,1.1,4.9,,
104,Administrative and support service activities,84.7,10.2,1.6,3.0,,,
104,All businesses,84.6,9.3,1.0,3.0,2.1,,
104,All size bands excluding 0 - 9,95.6,2.8,,,1.0,,
104,"Arts, entertainment and recreation",86.8,5.3,,5.3,2.5,,
104,Construction,81.7,10.2,,5.2,2.0,,
104,Education,78.0,16.5,0.0,0.0,5.5,,
104,Human health and social work activities,93.2,6.8,0.0,0.0,0.0,,
104,Information and communication,88.1,7.1,,3.3,,,
104,Manufacturing,88.1,3.5,1.8,3.5,3.1,,
104,Other service activities,88.5,7.7,0.0,0.0,3.8,,
104,"Professional, scientific and technical activities",84.1,9.9,,3.4,2.1,,
104,Real estate activities,87.7,6.2,0.0,0.0,6.2,,
104,Transportation and storage,78.9,11.5,4.7,,4.8,,
104,Wholesale and retail trade; repair of motor vehicles and motorcycles,87.8,7.9,,3.3,,,
105,0 - 9,83.9,9.8,,3.4,2.1,,
105,10 - 49,95.2,3.3,,,,,
105,100 - 249,98.6,1.3,0.0,0.0,,,
105,250 +,98.6,1.0,0.0,0.0,,,
105,50 - 99,98.0,1.4,0.0,,,,
105,Accommodation and food service activities,83.8,10.8,1.0,,4.2,,
105,Administrative and support service activities,89.4,8.3,,1.6,,,
105,All businesses,85.1,9.0,,3.1,2.0,,
105,All size bands excluding 0 - 9,95.6,3.0,,,,,
105,"Arts, entertainment and recreation",87.7,2.7,0.0,7.3,2.3,,
105,Construction,82.6,8.6,1.8,4.2,2.8,,
105,Education,94.8,0.0,0.0,0.0,5.2,,
105,Information and communication,83.4,9.1,0.0,6.3,1.2,,
105,Manufacturing,87.2,6.4,1.4,3.1,1.9,,
105,Other service activities,75.7,18.7,0.0,2.8,2.9,,
105,"Professional, scientific and technical activities",81.2,11.1,,4.7,2.3,,
105,Real estate activities,82.9,6.8,0.0,3.4,6.9,,
105,Transportation and storage,87.8,9.5,0.0,1.3,1.4,,
105,Wholesale and retail trade; repair of motor vehicles and motorcycles,88.1,8.6,1.3,1.4,,,
106,0 - 9,85.7,8.5,,3.1,1.9,,
106,10 - 49,95.1,3.0,,,1.1,,
106,100 - 249,98.8,1.1,0.0,,,,
106,250 +,98.7,,0.0,,,,
106,50 - 99,97.8,1.3,0.0,,,,
106,Accommodation and food service activities,82.6,12.6,,1.5,3.2,,
106,Administrative and support service activities,88.2,6.6,2.5,2.6,,,
106,All businesses,86.8,7.9,,2.8,1.8,,
106,All size bands excluding 0 - 9,95.5,2.8,,,1.0,,
106,"Arts, entertainment and recreation",78.6,10.6,0.0,8.1,2.7,,
106,Construction,85.2,8.7,0.0,3.8,2.4,,
106,Education,90.2,4.9,0.0,0.0,4.9,,
106,Human health and social work activities,100.0,0.0,0.0,0.0,0.0,,
106,Information and communication,85.3,9.1,0.0,4.9,,,
106,Manufacturing,82.1,7.6,3.4,4.1,2.8,,
106,Other service activities,87.0,9.8,0.0,0.0,3.2,,
106,"Professional, scientific and technical activities",84.8,8.7,1.0,3.3,2.2,,
106,Real estate activities,88.5,3.9,0.0,0.0,7.7,,
106,Transportation and storage,93.2,5.4,0.0,,1.3,,
106,Wholesale and retail trade; repair of motor vehicles and motorcycles,90.2,6.8,,2.1,,,
107,0 - 9,85.2,9.4,,2.9,1.9,,
107,10 - 49,95.1,3.3,,,1.1,,
107,100 - 249,98.4,1.4,0.0,0.0,,,
107,250 +,98.7,,0.0,0.0,,,
107,50 - 99,97.9,1.3,0.0,,,,
107,Accommodation and food service activities,84.9,12.1,,,2.8,,
107,Administrative and support service activities,85.7,10.3,0.0,3.8,,,
107,All businesses,86.3,8.7,,2.7,1.8,,
107,All size bands excluding 0 - 9,95.5,3.0,,,1.0,,
107,"Arts, entertainment and recreation",86.3,6.8,0.0,4.6,2.3,,
107,Construction,83.2,11.0,,3.7,1.7,,
107,Education,89.0,7.4,0.0,0.0,3.7,,
107,Human health and social work activities,99.7,,0.0,0.0,0.0,,
107,Information and communication,87.7,4.8,1.3,6.0,,,
107,Manufacturing,86.8,8.3,0.0,2.4,2.4,,
107,Other service activities,83.9,12.9,0.0,0.0,3.2,,
107,"Professional, scientific and technical activities",83.0,8.9,1.1,3.3,3.7,,
107,Real estate activities,92.6,7.3,0.0,0.0,0.0,,
107,Transportation and storage,90.2,8.7,0.0,0.0,1.1,,
107,"Water supply, sewerage, waste management and remediation activities",99.0,1.0,0.0,0.0,0.0,,
107,Wholesale and retail trade; repair of motor vehicles and motorcycles,88.4,7.5,,2.0,1.2,,
108,0 - 9,86.0,9.1,,2.8,1.9,,
108,10 - 49,95.7,2.9,0.0,,1.1,,
108,100 - 249,98.8,,0.0,,,,
108,250 +,98.9,,0.0,0.0,,,
108,50 - 99,97.7,1.5,0.0,,,,
108,Accommodation and food service activities,84.1,11.6,0.0,2.6,1.7,,
108,Administrative and support service activities,87.5,10.0,0.0,1.8,,,
108,All businesses,87.0,8.4,,2.5,1.8,,
108,All size bands excluding 0 - 9,96.1,2.7,0.0,,1.0,,
108,"Arts, entertainment and recreation",88.7,5.6,0.0,2.7,3.0,,
108,Construction,83.6,9.8,0.0,2.7,3.9,,
108,Education,94.8,5.1,0.0,0.0,0.0,,
108,Human health and social work activities,93.5,6.5,0.0,0.0,0.0,,
108,Information and communication,83.3,9.7,0.0,6.9,,,
108,Manufacturing,87.4,8.2,,3.6,,,
108,Other service activities,78.7,17.1,0.0,0.0,4.2,,
108,"Professional, scientific and technical activities",85.1,8.6,,2.4,3.1,,
108,Real estate activities,95.2,4.8,0.0,0.0,0.0,,
108,Transportation and storage,92.4,5.2,0.0,1.4,1.0,,
108,"Water supply, sewerage, waste management and remediation activities",99.0,1.0,0.0,0.0,0.0,,
108,Wholesale and retail trade; repair of motor vehicles and motorcycles,91.4,5.3,,2.2,,,
109,0 - 9,83.6,10.1,,2.7,2.7,,
109,10 - 49,95.4,2.9,,,1.1,,
109,100 - 249,98.6,1.1,0.0,,,,
109,250 +,98.9,,0.0,0.0,,,
109,50 - 99,97.6,1.5,0.0,,,,
109,Accommodation and food service activities,90.7,6.3,,,2.0,,
109,Administrative and support service activities,83.4,11.7,,3.1,1.2,,
109,All businesses,84.9,9.3,,2.4,2.5,,
109,All size bands excluding 0 - 9,95.8,2.7,,,1.0,,
109,"Arts, entertainment and recreation",69.6,14.7,0.0,10.1,5.6,,
109,Construction,84.5,12.0,0.0,1.3,2.2,,
109,Education,89.9,5.2,0.0,0.0,4.9,,
109,Human health and social work activities,99.7,,0.0,0.0,0.0,,
109,Information and communication,83.3,7.7,1.3,5.1,2.6,,
109,Manufacturing,79.2,12.5,,7.0,,,
109,Other service activities,89.0,7.3,3.7,0.0,0.0,,
109,"Professional, scientific and technical activities",82.9,11.8,,1.8,3.2,,
109,Real estate activities,86.1,4.6,0.0,0.0,9.2,,
109,Transportation and storage,87.9,5.8,0.0,0.0,6.4,,
109,Wholesale and retail trade; repair of motor vehicles and motorcycles,86.6,7.2,2.2,2.3,1.7,,
110,0 - 9,84.5,10.0,,3.1,1.8,,
110,10 - 49,95.5,3.1,,,,,
110,100 - 249,98.5,1.0,0.0,,,,
110,250 +,98.9,,0.0,0.0,,,
110,50 - 99,97.7,1.5,0.0,,,,
110,Accommodation and food service activities,84.7,10.7,,,4.3,,
110,Administrative and support service activities,85.0,10.3,0.0,3.0,1.6,,
110,All businesses,85.7,9.2,,2.8,1.7,,
110,All size bands excluding 0 - 9,95.9,2.8,,,,,
110,"Arts, entertainment and recreation",85.5,7.7,0.0,2.3,4.5,,
110,Construction,81.5,12.8,,2.4,2.6,,
110,Education,86.7,8.8,0.0,0.0,4.4,,
110,Information and communication,83.9,7.6,,7.7,,,
110,Manufacturing,84.4,10.4,1.4,3.5,,,
110,Other service activities,81.8,13.7,0.0,4.5,0.0,,
110,"Professional, scientific and technical activities",86.0,8.8,,2.3,2.4,,
110,Real estate activities,95.6,4.3,0.0,0.0,0.0,,
110,Transportation and storage,90.6,5.2,1.3,2.7,,,
110,Wholesale and retail trade; repair of motor vehicles and motorcycles,88.2,7.3,,3.3,,,
111,0 - 9,85.0,8.7,,3.4,2.4,,
111,10 - 49,95.6,2.8,,,,,
111,100 - 249,98.8,,0.0,0.0,,,
111,250 +,99.0,,0.0,0.0,,,
111,50 - 99,97.9,1.4,0.0,,,,
111,Accommodation and food service activities,85.2,7.7,3.2,,3.6,,
111,Administrative and support service activities,88.4,7.7,0.0,3.4,,,
111,All businesses,86.2,8.0,,3.1,2.3,,
111,All size bands excluding 0 - 9,96.0,2.5,,,,,
111,"Arts, entertainment and recreation",77.2,5.9,0.0,11.1,5.7,,
111,Construction,87.4,10.6,,,1.5,,
111,Education,85.1,10.0,0.0,0.0,4.9,,
111,Human health and social work activities,93.5,,0.0,0.0,6.2,,
111,Information and communication,80.5,9.7,,9.1,,,
111,Manufacturing,86.8,5.9,,6.8,,,
111,Other service activities,84.5,11.7,0.0,0.0,3.8,,
111,"Professional, scientific and technical activities",85.1,8.5,,2.6,3.5,,
111,Real estate activities,76.9,6.6,3.3,3.3,9.9,,
111,Transportation and storage,94.3,2.6,0.0,3.0,,,
111,Wholesale and retail trade; repair of motor vehicles and motorcycles,87.2,8.4,0.0,2.8,1.6,,
112,0 - 9,86.3,8.5,,3.0,1.4,,
112,10 - 49,95.2,3.4,,,,,
112,100 - 249,98.4,1.2,0.0,,,,
112,250 +,99.0,,0.0,0.0,,,
112,50 - 99,97.1,2.1,0.0,,,,
112,Accommodation and food service activities,91.6,5.9,0.0,,2.3,,
112,Administrative and support service activities,81.6,11.3,1.6,3.4,2.1,,
112,All businesses,87.3,7.9,,2.8,1.3,,
112,All size bands excluding 0 - 9,95.6,3.1,,,,,
112,"Arts, entertainment and recreation",89.7,3.8,3.1,3.2,,,
112,Construction,89.9,8.1,,,,,
112,Education,80.2,14.9,0.0,0.0,4.9,,
112,Human health and social work activities,93.2,6.8,0.0,0.0,0.0,,
112,Information and communication,80.4,7.2,,10.3,1.5,,
112,Manufacturing,85.1,8.4,1.9,3.6,,,
112,Other service activities,85.9,10.7,0.0,0.0,3.5,,
112,"Professional, scientific and technical activities",86.0,9.6,,2.7,1.4,,
112,Real estate activities,90.4,4.8,0.0,4.8,0.0,,
112,Transportation and storage,90.5,5.1,1.4,2.8,,,
112,Wholesale and retail trade; repair of motor vehicles and motorcycles,89.7,6.1,,2.5,1.1,,
113,0 - 9,85.4,9.4,,3.3,1.5,,
113,10 - 49,95.9,2.6,,,,,
113,100 - 249,98.0,1.5,0.0,,,,
113,250 +,99.1,,0.0,0.0,,,
113,50 - 99,97.6,1.7,0.0,,,,
113,Accommodation and food service activities,91.0,6.8,0.0,,2.1,,
113,Administrative and support service activities,85.4,10.4,,2.6,1.1,,
113,All businesses,86.6,8.6,,3.0,1.5,,
113,All size bands excluding 0 - 9,96.2,2.5,,,,,
113,"Arts, entertainment and recreation",89.6,6.9,0.0,3.2,,,
113,Construction,85.1,12.2,0.0,1.3,1.4,,
113,Education,81.4,9.3,0.0,4.6,4.6,,
113,Human health and social work activities,99.4,,0.0,,,,
113,Information and communication,79.7,8.9,,10.1,,,
113,Manufacturing,86.6,7.1,,4.7,1.5,,
113,Other service activities,86.8,13.2,0.0,0.0,0.0,,
113,"Professional, scientific and technical activities",85.0,9.1,,3.3,2.1,,
113,Real estate activities,92.3,3.8,0.0,0.0,3.8,,
113,Transportation and storage,89.3,8.9,0.0,,1.7,,
113,Wholesale and retail trade; repair of motor vehicles and motorcycles,87.7,6.7,,3.4,1.3,,
114,0 - 9,85.8,9.3,,2.5,1.5,,
114,10 - 49,94.7,3.3,,,,,
114,100 - 249,98.6,1.1,0.0,,,,
114,250 +,99.0,,0.0,0.0,,,
114,50 - 99,97.6,1.5,,,,,
114,Accommodation and food service activities,91.5,6.2,,,1.9,,
114,Administrative and support service activities,87.8,7.5,0.0,4.3,,,
114,All businesses,86.8,8.7,,2.4,1.4,,
114,All size bands excluding 0 - 9,95.2,3.0,,,,,
114,"Arts, entertainment and recreation",85.3,8.6,2.8,,3.2,,
114,Construction,86.0,10.2,,1.6,1.5,,
114,Education,76.0,23.6,,0.0,0.0,,
114,Information and communication,81.1,8.9,2.3,5.9,1.8,,
114,Manufacturing,85.4,10.9,0.0,3.1,,,
114,Other service activities,85.7,10.8,0.0,0.0,3.5,,
114,"Professional, scientific and technical activities",85.5,9.5,,2.0,2.6,,
114,Real estate activities,88.0,8.0,0.0,4.0,0.0,,
114,Transportation and storage,84.8,6.6,7.1,1.4,,,
114,Wholesale and retail trade; repair of motor vehicles and motorcycles,90.1,6.7,0.0,2.6,,,
115,0 - 9,84.9,10.0,,2.8,1.6,,
115,10 - 49,95.0,3.2,,,1.1,,
115,100 - 249,98.3,1.3,0.0,,,,
115,250 +,98.6,,0.0,0.0,,,
115,50 - 99,97.4,1.6,,,,,
115,Accommodation and food service activities,87.0,8.7,,,3.9,,
115,Administrative and support service activities,88.6,7.4,,3.0,,,
115,All businesses,86.0,9.2,,2.6,1.5,,
115,All size bands excluding 0 - 9,95.4,3.0,,,1.0,,
115,"Arts, entertainment and recreation",85.1,8.3,0.0,4.3,2.3,,
115,Construction,83.8,11.9,,,3.0,,
115,Education,88.5,11.1,,0.0,,,
115,Human health and social work activities,99.5,0.0,,,0.0,,
115,Information and communication,78.1,12.9,,8.3,,,
115,Manufacturing,81.9,10.5,4.2,3.1,,,
115,Other service activities,85.1,11.3,0.0,0.0,3.7,,
115,"Professional, scientific and technical activities",85.9,8.9,,2.7,2.1,,
115,Real estate activities,92.3,3.8,0.0,3.8,0.0,,
115,Transportation and storage,89.9,9.9,0.0,,,,
115,Wholesale and retail trade; repair of motor vehicles and motorcycles,87.5,7.8,,3.3,,,
116,0 - 9,83.8,11.1,,3.2,1.2,,
116,10 - 49,95.6,2.9,,,,,
116,100 - 249,98.5,,,,,,
116,250 +,98.5,1.1,0.0,0.0,,,
116,50 - 99,97.7,1.5,0.0,,,,
116,Accommodation and food service activities,87.1,10.2,,2.3,,,
116,Administrative and support service activities,83.5,11.6,,3.1,1.2,,
116,All businesses,85.1,10.2,,2.9,1.2,,
116,All size bands excluding 0 - 9,96.0,2.6,,,,,
116,"Arts, entertainment and recreation",86.6,6.6,,4.2,2.4,,
116,Construction,85.2,11.1,0.0,1.5,2.1,,
116,Education,79.5,20.4,0.0,0.0,,,
116,Human health and social work activities,92.5,7.5,0.0,0.0,0.0,,
116,Information and communication,77.5,13.0,,7.8,1.1,,
116,Manufacturing,84.7,11.7,0.0,2.9,,,
116,Other service activities,90.9,9.1,0.0,0.0,0.0,,
116,"Professional, scientific and technical activities",86.0,9.2,,2.6,1.8,,
116,Real estate activities,90.2,6.5,0.0,3.3,0.0,,
116,Transportation and storage,77.0,20.1,1.4,0.0,1.5,,
116,Wholesale and retail trade; repair of motor vehicles and motorcycles,87.1,6.3,1.9,4.1,,,
117,0 - 9,85.0,9.6,,2.9,2.0,,
117,10 - 49,95.6,3.2,0.0,,,,
117,100 - 249,98.6,1.0,0.0,,,,
117,250 +,99.0,,0.0,0.0,0.0,,
117,50 - 99,97.5,1.6,,,,,
117,Accommodation and food service activities,86.2,7.7,0.0,2.1,4.1,,
117,Administrative and support service activities,85.3,9.6,,2.3,2.2,,
117,All businesses,86.2,8.9,,2.6,1.9,,
117,All size bands excluding 0 - 9,96.0,2.9,0.0,,,,
117,"Arts, entertainment and recreation",88.8,4.7,2.1,2.1,2.3,,
117,Construction,84.6,9.9,0.0,3.1,2.3,,
117,Education,87.2,12.7,0.0,0.0,,,
117,Human health and social work activities,100.0,0.0,0.0,0.0,0.0,,
117,Information and communication,84.3,6.7,1.7,6.0,1.2,,
117,Manufacturing,83.0,14.2,,,1.4,,
117,Other service activities,81.5,18.5,0.0,0.0,0.0,,
117,"Professional, scientific and technical activities",84.1,10.2,,3.0,2.4,,
117,Real estate activities,86.8,6.6,0.0,3.3,3.3,,
117,Transportation and storage,92.1,6.4,0.0,0.0,1.5,,
117,Wholesale and retail trade; repair of motor vehicles and motorcycles,88.2,7.6,,2.9,1.0,,
118,0 - 9,84.7,9.7,,3.5,1.7,,
118,10 - 49,95.3,3.4,0.0,,,,
118,100 - 249,98.4,1.2,0.0,,,,
118,250 +,98.9,,0.0,,,,
118,50 - 99,97.1,2.1,0.0,,,,
118,Accommodation and food service activities,87.5,7.9,0.0,4.3,,,
118,Administrative and support service activities,81.9,13.0,,3.0,1.6,,
118,All businesses,85.8,9.0,,3.2,1.6,,
118,All size bands excluding 0 - 9,95.7,3.2,0.0,,,,
118,"Arts, entertainment and recreation",90.6,4.9,0.0,2.3,2.2,,
118,Construction,85.8,7.5,,2.9,3.1,,
118,Education,78.1,21.9,0.0,0.0,0.0,,
118,Human health and social work activities,93.3,6.7,0.0,0.0,0.0,,
118,Information and communication,76.9,11.5,1.2,9.1,1.3,,
118,Manufacturing,85.4,10.0,1.2,1.4,2.0,,
118,Other service activities,87.5,12.5,0.0,0.0,0.0,,
118,"Professional, scientific and technical activities",81.9,11.0,,3.7,2.9,,
118,Real estate activities,93.2,3.4,0.0,3.4,0.0,,
118,Transportation and storage,97.1,1.4,0.0,1.5,,,
118,Wholesale and retail trade; repair of motor vehicles and motorcycles,90.2,7.1,0.0,2.0,,,
119,0 - 9,85.0,9.9,,3.1,1.9,,
119,10 - 49,95.2,3.0,,,1.1,,
119,100 - 249,98.4,1.3,,0.0,,,
119,250 +,99.0,,0.0,0.0,,,
119,50 - 99,97.3,1.7,0.0,,,,
119,Accommodation and food service activities,85.4,10.5,,1.9,2.0,,
119,Administrative and support service activities,80.1,13.6,,3.6,2.1,,
119,All businesses,86.1,9.1,,2.9,1.8,,
119,All size bands excluding 0 - 9,95.6,2.8,,,1.0,,
119,"Arts, entertainment and recreation",92.3,4.8,0.0,,2.8,,
119,Construction,86.5,7.4,0.0,2.7,3.4,,
119,Education,81.4,18.6,0.0,0.0,,,
119,Human health and social work activities,100.0,0.0,0.0,0.0,0.0,,
119,Information and communication,80.7,11.2,0.0,7.6,,,
119,Manufacturing,87.0,10.0,0.0,,2.1,,
119,Other service activities,83.6,16.3,0.0,0.0,,,
119,"Professional, scientific and technical activities",86.5,9.3,,2.2,1.7,,
119,Real estate activities,93.4,3.3,0.0,3.3,0.0,,
119,Transportation and storage,89.1,8.0,0.0,2.8,,,
119,Wholesale and retail trade; repair of motor vehicles and motorcycles,87.1,7.1,0.0,3.7,2.0,,
120,0 - 9,83.9,10.8,,3.1,1.7,,
120,10 - 49,94.8,3.4,0.0,,1.3,,
120,100 - 249,98.7,,0.0,,,,
120,250 +,98.6,1.0,0.0,,,,
120,50 - 99,97.0,2.0,0.0,,,,
120,Accommodation and food service activities,78.7,18.6,0.0,2.1,,,
120,Administrative and support service activities,79.7,13.5,,3.2,2.7,,
120,All businesses,85.1,10.0,,2.8,1.6,,
120,All size bands excluding 0 - 9,95.2,3.1,0.0,,1.2,,
120,"Arts, entertainment and recreation",93.7,3.9,0.0,1.9,,,
120,Construction,87.0,8.0,,1.8,2.5,,
120,Education,83.3,16.4,0.0,,0.0,,
120,Human health and social work activities,95.2,4.8,0.0,0.0,0.0,,
120,Information and communication,76.7,10.3,1.2,8.1,3.8,,
120,Manufacturing,89.7,8.6,,,,,
120,Other service activities,80.9,19.1,0.0,0.0,0.0,,
120,"Professional, scientific and technical activities",82.6,12.2,,3.7,1.2,,
120,Real estate activities,96.6,3.4,0.0,0.0,0.0,,
120,Transportation and storage,91.4,7.2,0.0,1.2,,,
120,Wholesale and retail trade; repair of motor vehicles and motorcycles,89.1,5.6,,2.8,2.0,,
121,0 - 9,83.8,10.8,,3.4,1.7,,
121,10 - 49,95.0,3.2,0.0,,1.2,,
121,100 - 249,98.2,1.5,0.0,,,,
121,250 +,98.6,1.2,0.0,,,,
121,50 - 99,96.9,2.0,,,,,
121,Accommodation and food service activities,84.4,11.4,1.7,,2.2,,
121,Administrative and support service activities,82.2,15.5,0.0,1.5,,,
121,All businesses,85.0,10.0,,3.1,1.7,,
121,All size bands excluding 0 - 9,95.4,3.0,0.0,,1.1,,
121,"Arts, entertainment and recreation",90.0,5.7,0.0,2.0,2.3,,
121,Construction,84.8,11.6,0.0,1.5,2.2,,
121,Education,89.5,10.3,0.0,0.0,,,
121,Human health and social work activities,90.9,9.1,0.0,0.0,0.0,,
121,Information and communication,76.3,13.5,1.2,7.8,1.2,,
121,Manufacturing,85.1,10.5,0.0,2.1,2.4,,
121,Other service activities,84.8,15.2,0.0,0.0,0.0,,
121,"Professional, scientific and technical activities",84.4,8.7,0.0,5.2,1.7,,
121,Real estate activities,94.9,5.1,0.0,0.0,0.0,,
121,Transportation and storage,83.9,9.3,0.0,5.2,1.6,,
121,Wholesale and retail trade; repair of motor vehicles and motorcycles,88.6,5.4,0.0,3.8,2.2,,
122,0 - 9,82.7,10.5,,4.0,2.2,,
122,10 - 49,94.6,3.8,0.0,,1.1,,
122,100 - 249,98.3,1.3,0.0,0.0,,,
122,250 +,98.5,1.3,0.0,0.0,,,
122,50 - 99,97.1,2.0,0.0,,,,
122,Accommodation and food service activities,84.9,9.6,0.0,3.5,1.9,,
122,Administrative and support service activities,83.7,12.6,0.0,3.0,,,
122,All businesses,84.0,9.8,,3.7,2.1,,
122,All size bands excluding 0 - 9,95.0,3.5,0.0,,1.0,,
122,"Arts, entertainment and recreation",85.6,6.3,0.0,3.8,4.4,,
122,Construction,85.4,7.8,1.4,1.9,3.5,,
122,Education,83.8,10.6,0.0,,5.4,,
122,Human health and social work activities,86.5,13.5,0.0,0.0,0.0,,
122,Information and communication,79.2,13.1,1.1,4.8,1.7,,
122,Manufacturing,86.7,10.3,0.0,,2.3,,
122,Other service activities,84.9,15.1,0.0,0.0,0.0,,
122,"Professional, scientific and technical activities",81.7,11.0,1.0,5.2,1.1,,
122,Real estate activities,86.8,3.3,0.0,3.3,6.6,,
122,Transportation and storage,76.9,7.6,0.0,13.9,1.7,,
122,Wholesale and retail trade; repair of motor vehicles and motorcycles,87.1,7.4,0.0,3.2,2.4,,
123,0 - 9,82.4,10.4,1.5,3.9,1.8,,
123,10 - 49,94.8,3.8,,,,,
123,100 - 249,98.6,1.0,,,,,
123,250 +,99.0,,,0.0,,,
123,50 - 99,97.1,1.8,0.0,,,,
123,Accommodation and food service activities,85.6,8.6,,4.7,,,
123,Administrative and support service activities,80.7,12.7,1.8,4.8,0.0,,
123,All businesses,83.8,9.7,1.4,3.5,1.7,,
123,All size bands excluding 0 - 9,95.2,3.5,,,,,
123,"Arts, entertainment and recreation",86.2,7.0,0.0,2.2,4.5,,
123,Construction,81.5,11.5,2.3,3.1,1.6,,
123,Education,79.2,10.5,0.0,5.1,5.1,,
123,Human health and social work activities,85.7,9.7,4.5,0.0,0.0,,
123,Information and communication,81.6,8.6,1.4,5.8,2.6,,
123,Manufacturing,85.2,11.1,0.0,,3.1,,
123,Other service activities,82.5,14.6,0.0,2.9,0.0,,
123,"Professional, scientific and technical activities",83.8,10.0,2.0,3.6,,,
123,Real estate activities,84.7,3.8,0.0,3.8,7.7,,
123,Transportation and storage,88.6,9.7,0.0,1.7,,,
123,Wholesale and retail trade; repair of motor vehicles and motorcycles,85.0,7.2,1.1,3.7,3.0,,
124,0 - 9,81.7,10.6,,4.3,2.5,,
124,10 - 49,94.3,4.0,,,1.0,,
124,100 - 249,97.8,1.3,,,,,
124,250 +,98.5,1.2,0.0,,,,
124,50 - 99,96.7,2.0,,,,,
124,Accommodation and food service activities,79.0,13.7,2.8,3.4,1.1,,
124,Administrative and support service activities,83.0,11.4,0.0,3.6,2.0,,
124,All businesses,83.1,9.9,,3.9,2.3,,
124,All size bands excluding 0 - 9,94.7,3.6,,,,,
124,"Arts, entertainment and recreation",91.3,2.6,0.0,2.0,4.1,,
124,Construction,84.0,10.1,,2.8,2.5,,
124,Education,84.6,10.0,0.0,,5.1,,
124,Human health and social work activities,83.2,5.7,0.0,11.1,0.0,,
124,Information and communication,79.2,10.7,,8.1,1.3,,
124,Manufacturing,85.8,8.8,1.8,1.6,2.0,,
124,Other service activities,88.7,9.3,2.0,0.0,0.0,,
124,"Professional, scientific and technical activities",80.9,11.4,,4.2,2.9,,
124,Real estate activities,84.1,6.4,0.0,3.2,6.4,,
124,Transportation and storage,83.9,9.8,1.2,5.1,0.0,,
124,Wholesale and retail trade; repair of motor vehicles and motorcycles,84.3,8.5,,3.7,3.2,,
125,0 - 9,80.6,12.9,,3.3,2.3,,
125,10 - 49,94.2,4.2,,,1.0,,
125,100 - 249,98.2,1.1,0.0,,,,
125,250 +,98.7,1.1,0.0,0.0,,,
125,50 - 99,97.0,2.0,,,,,
125,Accommodation and food service activities,71.0,23.4,2.4,2.3,1.0,,
125,Administrative and support service activities,81.3,12.6,0.0,3.6,2.6,,
125,All businesses,82.2,11.9,,3.0,2.2,,
125,All size bands excluding 0 - 9,94.7,3.8,,,1.0,,
125,"Arts, entertainment and recreation",86.8,10.7,0.0,0.0,2.5,,
125,Construction,80.8,11.6,1.5,2.2,3.9,,
125,Education,79.3,20.2,0.0,,,,
125,Human health and social work activities,99.6,,0.0,,0.0,,
125,Information and communication,76.5,12.9,1.2,7.6,1.8,,
125,Manufacturing,87.5,8.9,1.1,,2.4,,
125,Other service activities,79.9,16.9,3.2,0.0,0.0,,
125,"Professional, scientific and technical activities",83.5,11.1,,2.9,2.2,,
125,Real estate activities,83.9,10.7,0.0,5.4,0.0,,
125,Transportation and storage,86.1,8.5,1.4,4.0,0.0,,
125,Wholesale and retail trade; repair of motor vehicles and motorcycles,83.5,10.0,0.0,3.7,2.8,,
126,0 - 9,84.4,9.6,,3.2,2.2,,
126,10 - 49,94.5,3.9,,,,,
126,100 - 249,97.8,1.5,0.0,,,,
126,250 +,98.3,1.2,0.0,,,,
126,50 - 99,97.1,1.9,,,,,
126,Accommodation and food service activities,80.6,11.6,2.3,3.2,2.3,,
126,Administrative and support service activities,84.0,11.5,0.0,,4.0,,
126,All businesses,85.6,9.0,,2.9,2.0,,
126,All size bands excluding 0 - 9,94.9,3.6,,,,,
126,"Arts, entertainment and recreation",92.2,2.7,0.0,2.1,2.9,,
126,Construction,86.1,9.1,0.0,1.6,3.3,,
126,Education,78.5,21.1,0.0,,,,
126,Human health and social work activities,99.0,,0.0,,0.0,,
126,Information and communication,82.1,10.1,,6.6,,,
126,Manufacturing,82.4,12.0,0.0,2.5,3.1,,
126,Other service activities,87.6,12.4,0.0,0.0,0.0,,
126,"Professional, scientific and technical activities",83.4,9.2,,3.9,2.7,,
126,Real estate activities,89.2,10.8,0.0,0.0,0.0,,
126,Transportation and storage,87.3,8.5,1.4,2.8,0.0,,
126,Wholesale and retail trade; repair of motor vehicles and motorcycles,89.4,5.0,,4.0,1.1,,
127,0 - 9,82.5,11.4,,3.5,2.0,,
127,10 - 49,94.4,4.2,,,1.0,,
127,100 - 249,98.4,1.2,0.0,,,,
127,250 +,98.7,,0.0,0.0,,,
127,50 - 99,97.2,1.8,,,,,
127,Accommodation and food service activities,75.1,20.5,1.8,,2.4,,
127,Administrative and support service activities,80.6,13.9,0.0,2.0,3.5,,
127,All businesses,83.9,10.6,,3.1,1.9,,
127,All size bands excluding 0 - 9,94.9,3.8,,,,,
127,"Arts, entertainment and recreation",87.4,5.4,0.0,4.6,2.6,,
127,Construction,87.0,8.5,,2.8,1.1,,
127,Education,85.0,14.6,0.0,,,,
127,Human health and social work activities,78.8,21.2,0.0,0.0,0.0,,
127,Information and communication,80.0,9.5,1.7,6.5,2.3,,
127,Manufacturing,86.1,9.7,,,2.8,,
127,Other service activities,85.1,14.9,0.0,0.0,0.0,,
127,"Professional, scientific and technical activities",83.2,10.1,0.0,5.8,,,
127,Real estate activities,92.0,4.0,0.0,0.0,4.0,,
127,Transportation and storage,92.2,4.7,0.0,3.1,0.0,,
127,Wholesale and retail trade; repair of motor vehicles and motorcycles,85.2,8.1,,3.0,3.1,,
128,0 - 9,83.6,10.4,,3.1,2.3,,
128,10 - 49,93.8,4.3,0.0,,1.1,,
128,100 - 249,98.2,1.3,,,,,
128,250 +,98.4,1.0,0.0,,,,
128,50 - 99,97.1,1.9,,,,,
128,Accommodation and food service activities,86.8,10.9,,1.9,,,
128,Administrative and support service activities,86.7,8.6,0.0,1.7,3.1,,
128,All businesses,84.8,9.7,,2.8,2.1,,
128,All size bands excluding 0 - 9,94.4,3.9,0.0,,1.0,,
128,"Arts, entertainment and recreation",82.3,7.8,2.6,5.4,2.0,,
128,Construction,82.5,12.7,1.3,1.4,2.1,,
128,Education,87.5,11.9,0.0,,,,
128,Human health and social work activities,77.5,11.4,0.0,5.7,5.4,,
128,Information and communication,79.1,10.0,1.7,5.8,3.5,,
128,Manufacturing,85.1,11.9,0.0,1.2,1.8,,
128,Other service activities,84.0,16.0,0.0,0.0,0.0,,
128,"Professional, scientific and technical activities",82.9,10.3,,4.0,2.2,,
128,Real estate activities,88.3,4.0,0.0,0.0,7.7,,
128,Transportation and storage,90.1,8.4,0.0,1.4,,,
128,Wholesale and retail trade; repair of motor vehicles and motorcycles,89.1,5.5,0.0,3.5,1.9,,
129,0 - 9,84.6,9.5,,3.3,2.2,,
129,10 - 49,94.1,4.3,0.0,,,,
129,100 - 249,98.2,1.2,0.0,,,,
129,250 +,98.7,,0.0,,,,
129,50 - 99,97.3,1.8,0.0,,,,
129,Accommodation and food service activities,84.5,9.9,1.3,1.6,2.8,,
129,Administrative and support service activities,89.5,6.2,,1.1,2.6,,
129,All businesses,85.7,8.9,,3.0,2.0,,
129,All size bands excluding 0 - 9,94.6,3.8,0.0,,,,
129,"Arts, entertainment and recreation",85.6,5.5,0.0,6.4,2.5,,
129,Construction,85.9,9.7,0.0,1.5,2.9,,
129,Education,88.1,11.5,0.0,,,,
129,Information and communication,76.1,11.7,1.3,7.7,3.2,,
129,Manufacturing,83.5,9.5,0.0,4.9,2.1,,
129,Other service activities,85.4,14.6,0.0,0.0,0.0,,
129,"Professional, scientific and technical activities",83.9,10.9,,3.5,1.5,,
129,Real estate activities,92.9,7.1,0.0,0.0,0.0,,
129,Transportation and storage,91.9,4.9,0.0,1.6,1.6,,
129,Wholesale and retail trade; repair of motor vehicles and motorcycles,88.1,7.1,,2.8,1.8,,
130,0 - 9,84.6,10.1,,3.0,1.9,,
130,10 - 49,94.4,3.7,,,1.2,,
130,100 - 249,98.9,,0.0,,,,
130,250 +,99.0,,0.0,0.0,,,
130,50 - 99,97.3,1.8,0.0,,,,
130,Accommodation and food service activities,87.5,10.4,0.0,1.8,,,
130,Administrative and support service activities,88.0,8.5,0.0,2.3,1.2,,
130,All businesses,85.7,9.4,,2.8,1.8,,
130,All size bands excluding 0 - 9,94.9,3.4,,,1.1,,
130,"Arts, entertainment and recreation",92.4,,2.4,2.6,2.4,,
130,Construction,84.1,10.5,0.0,2.3,3.1,,
130,Education,93.0,6.5,0.0,,,,
130,Information and communication,78.9,12.6,1.3,4.4,2.7,,
130,Manufacturing,81.3,12.0,0.0,3.4,3.3,,
130,Other service activities,78.4,21.6,0.0,0.0,0.0,,
130,"Professional, scientific and technical activities",84.7,10.0,,4.0,1.0,,
130,Real estate activities,90.3,6.6,0.0,3.2,0.0,,
130,Transportation and storage,93.6,3.3,1.5,0.0,1.5,,
130,Wholesale and retail trade; repair of motor vehicles and motorcycles,86.2,7.6,,3.4,2.2,,
131,0 - 9,85.1,9.0,,3.1,2.3,,
131,10 - 49,94.5,3.9,0.0,,1.0,,
131,100 - 249,98.6,,0.0,,,,
131,250 +,99.1,,0.0,0.0,,,
131,50 - 99,97.5,1.7,0.0,,,,
131,Accommodation and food service activities,86.1,8.7,0.0,3.3,1.8,,
131,Administrative and support service activities,88.5,7.8,0.0,1.9,1.7,,
131,All businesses,86.2,8.4,,2.9,2.1,,
131,All size bands excluding 0 - 9,95.0,3.5,0.0,,,,
131,"Arts, entertainment and recreation",93.3,,0.0,2.2,4.0,,
131,Construction,84.2,9.3,0.0,3.7,2.7,,
131,Education,86.8,12.8,0.0,,,,
131,Human health and social work activities,99.3,,0.0,,0.0,,
131,Information and communication,78.6,10.6,1.3,7.3,2.1,,
131,Manufacturing,86.7,10.6,0.0,,2.1,,
131,Other service activities,85.9,14.1,0.0,0.0,0.0,,
131,"Professional, scientific and technical activities",82.9,9.3,,3.6,3.3,,
131,Real estate activities,92.4,7.6,0.0,0.0,0.0,,
131,Transportation and storage,87.2,6.3,0.0,4.8,1.8,,
131,Wholesale and retail trade; repair of motor vehicles and motorcycles,89.2,7.0,,1.3,1.6,,
132,0 - 9,85.7,9.4,,2.8,1.6,,
132,10 - 49,94.9,3.7,0.0,,,,
132,100 - 249,98.5,,0.0,,,,
132,250 +,99.2,,0.0,,,,
132,50 - 99,97.6,1.5,0.0,,,,
132,Accommodation and food service activities,86.6,8.5,1.6,1.6,1.8,,
132,Administrative and support service activities,86.6,7.8,0.0,3.8,1.8,,
132,All businesses,86.7,8.7,,2.5,1.5,,
132,All size bands excluding 0 - 9,95.4,3.3,0.0,,,,
132,"Arts, entertainment and recreation",90.6,5.5,0.0,2.1,1.7,,
132,Construction,85.4,10.2,,2.8,,,
132,Education,89.1,10.4,0.0,,,,
132,Human health and social work activities,92.2,7.6,0.0,,0.0,,
132,Information and communication,80.7,9.3,,7.3,2.0,,
132,Manufacturing,81.0,13.7,0.0,3.0,2.3,,
132,Other service activities,87.4,12.6,0.0,0.0,0.0,,
132,"Professional, scientific and technical activities",84.7,9.7,,3.3,1.8,,
132,Real estate activities,87.5,12.5,0.0,0.0,0.0,,
132,Transportation and storage,95.6,3.0,0.0,0.0,1.5,,
132,Wholesale and retail trade; repair of motor vehicles and motorcycles,89.7,6.7,,1.1,1.9,,
133,0 - 9,84.7,9.7,,2.9,2.1,,
133,10 - 49,95.6,3.2,0.0,,,,
133,100 - 249,98.3,1.1,0.0,,,,
133,250 +,98.9,,0.0,,,,
133,50 - 99,97.5,1.8,0.0,,,,
133,Accommodation and food service activities,90.0,8.2,0.0,0.0,1.7,,
133,Administrative and support service activities,87.7,9.0,0.0,1.4,1.8,,
133,All businesses,85.9,9.0,,2.6,1.9,,
133,All size bands excluding 0 - 9,95.9,2.9,0.0,,,,
133,"Arts, entertainment and recreation",86.9,7.4,0.0,2.1,3.6,,
133,Construction,83.8,8.9,1.3,4.5,1.4,,
133,Education,91.7,7.8,0.0,,,,
133,Human health and social work activities,99.5,,0.0,0.0,0.0,,
133,Information and communication,82.4,7.8,1.3,4.9,3.7,,
133,Manufacturing,83.5,11.0,,3.1,1.8,,
133,Other service activities,86.9,9.9,0.0,0.0,3.2,,
133,"Professional, scientific and technical activities",83.3,10.2,,4.0,1.9,,
133,Real estate activities,86.2,10.4,0.0,3.4,0.0,,
133,Transportation and storage,84.8,7.9,0.0,4.1,3.2,,
133,Wholesale and retail trade; repair of motor vehicles and motorcycles,87.3,9.6,,,1.6,,
134,0 - 9,84.1,9.7,,2.9,2.9,,
134,10 - 49,95.2,3.6,0.0,,,,
134,100 - 249,98.3,1.1,0.0,,,,
134,250 +,98.7,,0.0,0.0,,,
134,50 - 99,97.5,1.4,0.0,,,,
134,Accommodation and food service activities,89.5,7.2,0.0,1.7,1.7,,
134,Administrative and support service activities,84.9,8.3,0.0,2.4,4.4,,
134,All businesses,85.3,9.0,,2.6,2.6,,
134,All size bands excluding 0 - 9,95.6,3.2,0.0,,,,
134,"Arts, entertainment and recreation",94.0,2.2,0.0,,3.6,,
134,Construction,80.4,11.2,0.0,4.0,4.3,,
134,Education,93.2,6.4,0.0,,,,
134,Human health and social work activities,82.7,16.9,0.0,,,,
134,Information and communication,80.8,9.9,2.1,5.7,1.5,,
134,Manufacturing,83.6,8.4,,3.7,3.8,,
134,Other service activities,89.3,10.6,0.0,0.0,,,
134,"Professional, scientific and technical activities",84.5,8.9,,3.7,2.1,,
134,Real estate activities,90.3,6.5,0.0,3.2,0.0,,
134,Transportation and storage,87.8,6.1,0.0,1.5,4.6,,
134,Wholesale and retail trade; repair of motor vehicles and motorcycles,88.1,8.5,,,2.0,,
135,0 - 9,82.7,11.2,,2.9,2.9,,
135,10 - 49,95.4,3.2,,,,,
135,100 - 249,98.2,1.2,0.0,0.0,,,
135,250 +,99.0,,0.0,0.0,,,
135,50 - 99,97.1,2.0,0.0,,,,
135,Accommodation and food service activities,86.2,11.8,0.0,,1.8,,
135,Administrative and support service activities,81.7,11.4,0.0,2.8,4.1,,
135,All businesses,84.0,10.4,,2.6,2.7,,
135,All size bands excluding 0 - 9,95.7,3.0,,,,,
135,"Arts, entertainment and recreation",88.4,2.8,0.0,4.5,4.4,,
135,Construction,82.1,10.7,0.0,4.3,2.9,,
135,Education,75.4,12.4,0.0,6.1,6.1,,
135,Human health and social work activities,94.4,5.6,0.0,0.0,0.0,,
135,Information and communication,77.7,15.8,,2.7,3.1,,
135,Manufacturing,81.3,10.7,0.0,3.7,4.2,,
135,Other service activities,92.9,7.0,0.0,0.0,,,
135,"Professional, scientific and technical activities",86.2,8.8,,3.2,1.4,,
135,Real estate activities,81.3,11.1,0.0,3.9,3.7,,
135,Transportation and storage,79.7,9.4,0.0,7.7,3.2,,
135,Wholesale and retail trade; repair of motor vehicles and motorcycles,86.8,9.6,,0.0,3.0,,
136,0 - 9,82.7,11.7,1.1,2.6,1.9,,
136,10 - 49,94.6,3.6,,,,,
136,100 - 249,98.7,1.0,0.0,0.0,,,
136,250 +,99.0,,0.0,0.0,,,
136,50 - 99,97.1,1.8,0.0,,,,
136,Accommodation and food service activities,89.8,7.4,,,2.3,,
136,Administrative and support service activities,84.1,10.5,0.0,3.4,2.1,,
136,All businesses,84.0,10.8,1.0,2.4,1.8,,
136,All size bands excluding 0 - 9,95.1,3.3,,,,,
136,"Arts, entertainment and recreation",93.6,4.2,2.1,,0.0,,
136,Construction,80.8,14.4,0.0,3.3,1.5,,
136,Education,77.6,16.9,5.2,0.0,,,
136,Human health and social work activities,99.4,,0.0,,0.0,,
136,Information and communication,76.0,14.5,2.1,4.5,3.0,,
136,Manufacturing,77.7,14.1,0.0,5.8,2.4,,
136,Other service activities,68.7,31.2,0.0,0.0,,,
136,"Professional, scientific and technical activities",84.7,9.1,1.4,3.2,1.7,,
136,Real estate activities,92.2,4.1,0.0,0.0,3.7,,
136,Transportation and storage,88.1,4.3,4.8,1.4,1.4,,
136,Wholesale and retail trade; repair of motor vehicles and motorcycles,86.2,9.7,,1.3,2.0,,
137,0 - 9,83.3,10.8,1.2,2.3,2.4,,
137,10 - 49,94.6,3.6,0.0,,1.1,,
137,100 - 249,98.4,1.1,0.0,0.0,,,
137,250 +,99.0,,0.0,0.0,,,
137,50 - 99,97.2,1.8,0.0,,,,
137,Accommodation and food service activities,86.2,11.3,0.0,,2.3,,
137,Administrative and support service activities,85.1,10.2,1.3,2.0,1.4,,
137,All businesses,84.6,10.0,1.1,2.1,2.3,,
137,All size bands excluding 0 - 9,95.1,3.3,0.0,,1.0,,
137,"Arts, entertainment and recreation",90.3,2.2,1.8,1.9,3.7,,
137,Construction,81.2,14.7,,,2.4,,
137,Education,78.7,6.1,0.0,10.0,5.1,,
137,Human health and social work activities,82.9,5.9,5.5,,5.5,,
137,Information and communication,80.9,11.4,1.4,4.8,1.5,,
137,Manufacturing,85.4,10.1,,2.2,1.6,,
137,Other service activities,88.2,11.7,0.0,0.0,,,
137,"Professional, scientific and technical activities",84.1,11.4,,2.5,1.4,,
137,Real estate activities,92.1,,0.0,0.0,7.7,,
137,Transportation and storage,84.1,5.3,3.6,1.7,5.3,,
137,Wholesale and retail trade; repair of motor vehicles and motorcycles,87.7,6.8,1.1,2.5,1.9,,
138,0 - 9,82.4,11.9,1.2,2.4,2.2,,
138,10 - 49,94.9,3.6,,,,,
138,100 - 249,98.2,1.2,0.0,,,,
138,250 +,98.8,,0.0,0.0,,,
138,50 - 99,97.3,1.6,0.0,,,,
138,Accommodation and food service activities,90.5,7.7,,,1.6,,
138,Administrative and support service activities,83.4,11.3,,2.1,2.5,,
138,All businesses,83.8,11.0,1.1,2.2,2.0,,
138,All size bands excluding 0 - 9,95.3,3.2,,,,,
138,"Arts, entertainment and recreation",82.7,6.7,,5.3,5.1,,
138,Construction,79.3,14.6,1.6,2.9,1.6,,
138,Education,76.4,17.8,5.5,0.0,,,
138,Human health and social work activities,91.8,4.1,0.0,0.0,4.1,,
138,Information and communication,79.3,11.1,2.4,4.4,2.8,,
138,Manufacturing,83.0,10.7,1.8,0.0,4.4,,
138,Other service activities,77.6,22.4,0.0,0.0,0.0,,
138,"Professional, scientific and technical activities",82.6,12.1,1.4,2.5,1.3,,
138,Real estate activities,90.6,6.3,0.0,0.0,3.1,,
138,Transportation and storage,90.2,3.4,1.6,4.8,0.0,,
138,Wholesale and retail trade; repair of motor vehicles and motorcycles,87.4,9.2,0.0,1.5,1.9,,
139,0 - 9,82.3,11.3,,2.6,3.3,,
139,10 - 49,94.4,3.8,,,1.0,,
139,100 - 249,98.0,1.4,0.0,,,,
139,250 +,98.7,1.0,0.0,0.0,,,
139,50 - 99,97.2,1.7,0.0,,,,
139,Accommodation and food service activities,82.6,15.1,,,1.9,,
139,Administrative and support service activities,83.4,10.6,0.0,4.3,1.7,,
139,All businesses,83.6,10.5,,2.4,3.1,,
139,All size bands excluding 0 - 9,94.9,3.5,,,1.0,,
139,"Arts, entertainment and recreation",89.7,2.8,0.0,2.5,4.9,,
139,Construction,83.8,11.2,,2.1,2.0,,
139,Education,76.7,12.0,5.5,0.0,5.8,,
139,Human health and social work activities,81.3,9.4,0.0,4.8,4.6,,
139,Information and communication,80.2,11.1,,5.2,2.8,,
139,Manufacturing,82.1,9.5,0.0,1.4,7.0,,
139,Other service activities,82.0,18.0,0.0,0.0,0.0,,
139,"Professional, scientific and technical activities",81.6,13.8,0.0,3.2,1.3,,
139,Real estate activities,95.6,,0.0,0.0,4.2,,
139,Transportation and storage,80.2,3.6,0.0,0.0,16.2,,
139,Wholesale and retail trade; repair of motor vehicles and motorcycles,88.6,6.9,,2.0,2.0,,
140,0 - 9,83.1,11.9,,2.5,1.9,,
140,10 - 49,94.5,3.7,,,1.0,,
140,100 - 249,98.2,1.2,0.0,,,,
140,250 +,98.7,,0.0,0.0,,,
140,50 - 99,97.4,1.7,0.0,,,,
140,Accommodation and food service activities,83.4,13.1,,,3.1,,
140,Administrative and support service activities,79.8,14.0,,4.8,,,
140,All businesses,84.4,11.0,,2.3,1.8,,
140,All size bands excluding 0 - 9,95.0,3.3,,,,,
140,"Arts, entertainment and recreation",89.6,7.7,0.0,2.8,0.0,,
140,Construction,81.4,12.9,,2.4,2.5,,
140,Education,89.8,5.3,4.4,0.0,,,
140,Human health and social work activities,90.9,8.8,0.0,,0.0,,
140,Information and communication,76.8,14.2,,5.4,2.9,,
140,Manufacturing,87.8,9.2,,,2.0,,
140,Other service activities,75.3,20.5,4.3,0.0,0.0,,
140,"Professional, scientific and technical activities",84.6,10.4,,3.2,1.4,,
140,Real estate activities,89.1,3.8,0.0,3.6,3.6,,
140,Transportation and storage,95.5,4.5,0.0,0.0,0.0,,
140,Wholesale and retail trade; repair of motor vehicles and motorcycles,87.5,9.1,0.0,1.4,2.1,,
141,0 - 9,84.5,11.1,,1.9,1.7,,
141,10 - 49,95.0,3.4,0.0,,1.0,,
141,100 - 249,98.3,1.2,0.0,,,,
141,250 +,98.6,,0.0,0.0,,,
141,50 - 99,97.6,1.4,0.0,,,,
141,Accommodation and food service activities,82.8,15.4,0.0,,1.7,,
141,Administrative and support service activities,81.7,11.7,1.1,1.9,3.5,,
141,All businesses,85.6,10.3,,1.8,1.6,,
141,All size bands excluding 0 - 9,95.5,3.1,0.0,,,,
141,"Arts, entertainment and recreation",86.4,9.4,1.5,2.8,0.0,,
141,Construction,86.7,10.8,,,,,
141,Education,98.9,,0.0,0.0,,,
141,Human health and social work activities,85.8,9.4,0.0,0.0,4.8,,
141,Information and communication,82.5,11.7,,4.3,,,
141,Manufacturing,86.1,10.1,1.0,,2.7,,
141,Other service activities,76.8,23.2,0.0,0.0,0.0,,
141,"Professional, scientific and technical activities",83.5,10.9,,4.1,,,
141,Real estate activities,96.0,,0.0,0.0,3.8,,
141,Transportation and storage,96.1,2.0,0.0,0.0,1.9,,
141,Wholesale and retail trade; repair of motor vehicles and motorcycles,87.7,8.2,,1.5,1.9,,
142,0 - 9,84.8,10.1,,2.6,1.8,,
142,10 - 49,94.8,3.4,,1.0,,,
142,100 - 249,98.2,1.4,0.0,0.0,,,
142,250 +,98.6,,,,,,
142,50 - 99,97.2,1.8,0.0,,,,
142,Accommodation and food service activities,84.2,10.1,,4.0,1.6,,
142,Administrative and support service activities,83.4,9.9,1.7,4.3,,,
142,All businesses,85.9,9.3,,2.4,1.7,,
142,All size bands excluding 0 - 9,95.2,3.1,,,,,
142,"Arts, entertainment and recreation",87.7,6.0,2.0,4.2,,,
142,Construction,83.4,12.0,1.4,1.6,1.7,,
142,Education,99.2,,0.0,0.0,,,
142,Human health and social work activities,83.0,16.7,0.0,0.0,,,
142,Information and communication,81.3,14.4,0.0,2.1,2.1,,
142,Manufacturing,87.6,6.4,0.0,3.4,2.5,,
142,Other service activities,91.4,8.6,0.0,0.0,0.0,,
142,"Professional, scientific and technical activities",85.1,9.6,,4.0,1.1,,
142,Real estate activities,84.2,4.1,0.0,3.9,7.9,,
142,Transportation and storage,95.7,2.9,0.0,0.0,1.3,,
142,Wholesale and retail trade; repair of motor vehicles and motorcycles,88.1,7.6,1.1,,2.6,,
143,0 - 9,82.0,13.1,,2.4,1.8,,
143,10 - 49,94.5,3.6,,,1.2,,
143,100 - 249,98.0,1.5,,0.0,,,
143,250 +,98.6,,0.0,,,,
143,50 - 99,97.1,1.9,0.0,,,,
143,Accommodation and food service activities,82.8,11.9,0.0,1.7,3.6,,
143,Administrative and support service activities,82.1,12.7,,3.1,1.7,,
143,All businesses,83.4,12.1,,2.2,1.8,,
143,All size bands excluding 0 - 9,95.0,3.3,,,1.1,,
143,"Arts, entertainment and recreation",88.4,9.2,,2.3,0.0,,
143,Construction,77.0,17.0,0.0,3.6,2.5,,
143,Education,99.3,,0.0,0.0,,,
143,Human health and social work activities,78.9,20.6,0.0,0.0,,,
143,Information and communication,79.2,14.6,1.9,2.0,2.3,,
143,Manufacturing,79.7,14.5,3.0,1.3,1.4,,
143,Other service activities,87.7,12.3,0.0,0.0,0.0,,
143,"Professional, scientific and technical activities",84.0,11.8,,2.8,1.0,,
143,Real estate activities,84.2,11.7,0.0,3.8,,,
143,Transportation and storage,90.8,7.8,0.0,0.0,1.5,,
143,Wholesale and retail trade; repair of motor vehicles and motorcycles,87.7,7.6,,1.9,2.2,,
144,0 - 9,82.6,11.9,,2.8,2.0,,
144,10 - 49,94.6,3.7,,,,,
144,100 - 249,98.0,1.3,0.0,,,,
144,250 +,98.5,,0.0,,,,
144,50 - 99,96.8,2.2,0.0,,,,
144,Accommodation and food service activities,85.6,10.8,,1.7,1.8,,
144,Administrative and support service activities,77.7,14.6,1.7,3.0,2.9,,
144,All businesses,83.9,11.0,,2.5,1.9,,
144,All size bands excluding 0 - 9,95.0,3.4,,,,,
144,"Arts, entertainment and recreation",90.0,7.7,0.0,2.3,0.0,,
144,Construction,81.7,12.4,,3.0,2.1,,
144,Education,99.3,,0.0,0.0,,,
144,Human health and social work activities,87.1,12.7,0.0,0.0,,,
144,Information and communication,79.8,13.7,0.0,4.4,2.0,,
144,Manufacturing,86.9,10.3,0.0,1.6,1.2,,
144,Other service activities,87.1,12.9,0.0,0.0,0.0,,
144,"Professional, scientific and technical activities",83.5,10.1,,4.1,1.9,,
144,Real estate activities,86.1,3.6,0.0,6.9,3.4,,
144,Transportation and storage,83.4,15.0,0.0,0.0,1.7,,
144,Wholesale and retail trade; repair of motor vehicles and motorcycles,86.5,8.2,1.7,1.4,2.3,,
145,0 - 9,82.2,13.1,,2.7,1.7,,
145,10 - 49,94.9,3.7,,,,,
145,100 - 249,98.1,1.2,,,,,
145,250 +,98.3,1.1,0.0,,,,
145,50 - 99,96.6,2.4,,,,,
145,Accommodation and food service activities,80.4,12.5,0.0,3.5,3.6,,
145,Administrative and support service activities,82.7,12.8,,1.9,1.9,,
145,All businesses,83.5,12.1,,2.5,1.6,,
145,All size bands excluding 0 - 9,95.3,3.5,,,,,
145,"Arts, entertainment and recreation",82.1,17.7,,,0.0,,
145,Construction,86.3,7.5,0.0,4.0,2.1,,
145,Education,99.7,,0.0,0.0,0.0,,
145,Human health and social work activities,76.6,23.1,0.0,0.0,,,
145,Information and communication,81.8,15.4,0.0,1.3,1.4,,
145,Manufacturing,80.8,16.7,0.0,1.1,1.4,,
145,Other service activities,84.5,11.6,0.0,0.0,3.9,,
145,"Professional, scientific and technical activities",84.5,9.6,,4.7,,,
145,Real estate activities,91.0,4.6,0.0,0.0,4.4,,
145,Transportation and storage,82.3,16.4,0.0,0.0,1.3,,
145,Wholesale and retail trade; repair of motor vehicles and motorcycles,83.8,12.0,,2.3,1.2,,
146,0 - 9,81.6,12.1,,3.9,2.0,,
146,10 - 49,94.3,4.2,0.0,,,,
146,100 - 249,98.2,1.2,0.0,,,,
146,250 +,98.5,,0.0,,,,
146,50 - 99,97.0,2.1,0.0,,,,
146,Accommodation and food service activities,76.0,12.6,,5.0,5.8,,
146,Administrative and support service activities,83.1,10.7,,3.3,2.3,,
146,All businesses,82.9,11.3,,3.5,1.9,,
146,All size bands excluding 0 - 9,94.8,3.8,0.0,,,,
146,"Arts, entertainment and recreation",80.1,17.1,,2.7,0.0,,
146,Construction,81.9,13.1,0.0,3.0,2.1,,
146,Education,99.4,,0.0,0.0,,,
146,Human health and social work activities,86.0,9.2,0.0,4.6,,,
146,Information and communication,80.9,13.2,0.0,4.3,1.5,,
146,Manufacturing,84.0,10.1,0.0,3.3,2.6,,
146,Other service activities,87.9,12.1,0.0,0.0,0.0,,
146,"Professional, scientific and technical activities",81.5,11.3,,5.3,1.3,,
146,Real estate activities,80.4,8.0,0.0,3.9,7.7,,
146,Transportation and storage,88.7,10.3,0.0,1.0,0.0,,
146,Wholesale and retail trade; repair of motor vehicles and motorcycles,84.9,9.9,1.0,3.0,1.2,,
147,0 - 9,82.3,11.8,,3.3,1.9,,
147,10 - 49,94.4,4.3,0.0,,,,
147,100 - 249,98.8,,0.0,,,,
147,250 +,98.7,,0.0,0.0,,,
147,50 - 99,97.3,1.9,0.0,,,,
147,Accommodation and food service activities,79.0,15.2,1.0,4.4,,,
147,Administrative and support service activities,84.3,10.0,,2.4,2.6,,
147,All businesses,83.7,11.0,,3.0,1.8,,
147,All size bands excluding 0 - 9,94.9,3.9,0.0,,,,
147,"Arts, entertainment and recreation",83.9,11.6,0.0,2.7,1.8,,
147,Construction,84.6,9.8,0.0,3.8,1.8,,
147,Education,83.2,12.2,4.0,0.0,,,
147,Human health and social work activities,87.9,11.9,0.0,0.0,,,
147,Information and communication,78.2,15.1,,4.7,1.3,,
147,Manufacturing,82.8,11.5,0.0,1.3,4.4,,
147,Other service activities,95.9,4.1,0.0,0.0,0.0,,
147,"Professional, scientific and technical activities",82.6,11.3,1.2,3.3,1.6,,
147,Real estate activities,81.6,11.0,0.0,3.7,3.7,,
147,Transportation and storage,83.1,15.1,0.0,1.6,,,
147,Wholesale and retail trade; repair of motor vehicles and motorcycles,85.8,8.2,,3.0,2.7,,
148,0 - 9,80.2,13.6,1.0,3.5,1.7,,
148,10 - 49,94.3,4.2,,,,,
148,100 - 249,98.2,1.2,0.0,,,,
148,250 +,98.6,,0.0,,,,
148,50 - 99,96.5,2.4,,,,,
148,Accommodation and food service activities,78.0,14.4,1.8,2.8,3.0,,
148,Administrative and support service activities,82.8,13.1,,1.5,2.1,,
148,All businesses,81.7,12.5,1.0,3.2,1.6,,
148,All size bands excluding 0 - 9,94.7,3.9,,,,,
148,"Arts, entertainment and recreation",74.9,22.8,,,2.0,,
148,Construction,78.4,14.5,,4.0,2.4,,
148,Education,90.2,4.9,4.9,0.0,0.0,,
148,Human health and social work activities,90.0,9.7,0.0,0.0,,,
148,Information and communication,75.0,13.9,,8.2,2.3,,
148,Manufacturing,83.0,9.3,0.0,4.8,2.9,,
148,Other service activities,90.0,6.7,0.0,3.3,0.0,,
148,"Professional, scientific and technical activities",82.6,10.3,1.2,4.2,1.6,,
148,Real estate activities,88.0,4.0,0.0,4.0,4.0,,
148,Transportation and storage,81.5,16.7,0.0,1.8,,,
148,Wholesale and retail trade; repair of motor vehicles and motorcycles,84.0,12.7,1.8,1.5,0.0,,
149,0 - 9,80.3,12.8,1.0,3.9,2.0,,
149,10 - 49,95.0,3.5,,,,,
149,100 - 249,98.4,,,,,,
149,250 +,98.5,1.0,0.0,,,,
149,50 - 99,96.6,2.2,,,,,
149,Accommodation and food service activities,74.5,20.7,1.7,2.6,,,
149,Administrative and support service activities,80.3,13.2,2.2,,3.8,,
149,All businesses,81.9,11.8,,3.5,1.9,,
149,All size bands excluding 0 - 9,95.4,3.2,,,,,
149,"Arts, entertainment and recreation",75.5,20.7,,2.1,1.6,,
149,Construction,80.8,13.3,0.0,4.5,1.4,,
149,Education,95.7,4.3,0.0,0.0,0.0,,
149,Human health and social work activities,73.7,17.4,0.0,4.4,4.6,,
149,Information and communication,70.6,14.3,,9.9,4.6,,
149,Manufacturing,84.5,10.2,0.0,4.6,,,
149,Other service activities,89.4,10.6,0.0,0.0,0.0,,
149,"Professional, scientific and technical activities",83.3,9.0,1.5,3.6,2.7,,
149,Real estate activities,90.8,6.1,0.0,0.0,3.1,,
149,Transportation and storage,84.5,11.3,0.0,3.4,,,
149,Wholesale and retail trade; repair of motor vehicles and motorcycles,87.9,7.8,1.7,2.2,,,
150,0 - 9,80.4,12.5,1.2,3.2,2.8,,
150,10 - 49,95.0,3.7,,,,,
150,100 - 249,98.5,1.1,,0.0,,,
150,250 +,98.8,,0.0,,,,
150,50 - 99,96.6,2.2,0.0,,,,
150,Accommodation and food service activities,70.6,17.5,,4.3,7.5,,
150,Administrative and support service activities,83.5,11.8,,1.5,2.8,,
150,All businesses,82.0,11.5,1.0,2.9,2.5,,
150,All size bands excluding 0 - 9,95.3,3.4,,,,,
150,"Arts, entertainment and recreation",74.8,22.0,,0.0,2.9,,
150,Construction,80.4,12.3,2.1,3.1,2.1,,
150,Education,92.9,7.1,0.0,0.0,0.0,,
150,Human health and social work activities,84.4,11.4,0.0,0.0,4.2,,
150,Information and communication,74.5,11.5,1.9,7.1,4.9,,
150,Manufacturing,86.9,8.2,0.0,3.9,,,
150,Other service activities,87.2,9.6,0.0,0.0,3.1,,
150,"Professional, scientific and technical activities",82.9,11.9,0.0,2.6,2.6,,
150,Real estate activities,91.4,2.8,0.0,2.8,3.0,,
150,Transportation and storage,80.2,15.2,1.8,2.7,0.0,,
150,Wholesale and retail trade; repair of motor vehicles and motorcycles,86.8,7.5,2.3,2.9,,,
151,0 - 9,81.6,12.1,,3.6,2.0,,
151,10 - 49,95.0,3.5,0.0,,1.0,,
151,100 - 249,98.8,1.1,0.0,,,,
151,250 +,98.5,,0.0,,,,
151,50 - 99,97.1,1.9,0.0,,,,
151,Accommodation and food service activities,71.9,19.3,0.0,6.6,2.1,,
151,Administrative and support service activities,84.6,10.8,0.0,2.4,2.3,,
151,All businesses,83.1,11.2,,3.3,1.9,,
151,All size bands excluding 0 - 9,95.4,3.2,0.0,,,,
151,"Arts, entertainment and recreation",79.9,15.6,0.0,4.5,0.0,,
151,Construction,85.5,9.3,1.5,2.3,1.5,,
151,Education,87.4,12.6,0.0,0.0,0.0,,
151,Human health and social work activities,86.7,8.7,0.0,0.0,4.6,,
151,Information and communication,73.2,13.1,,9.5,3.5,,
151,Manufacturing,92.6,5.3,0.0,,1.1,,
151,Other service activities,91.1,8.9,0.0,0.0,0.0,,
151,"Professional, scientific and technical activities",82.6,10.6,,3.8,2.4,,
151,Real estate activities,86.3,6.9,0.0,3.4,3.4,,
151,Transportation and storage,81.3,12.1,0.0,2.2,4.4,,
151,Wholesale and retail trade; repair of motor vehicles and motorcycles,85.8,11.2,1.1,1.8,,,
152,0 - 9,81.6,11.9,,3.5,2.2,,
152,10 - 49,94.8,3.5,,,,,
152,100 - 249,98.6,1.0,,,,,
152,250 +,98.5,,0.0,,,,
152,50 - 99,96.9,2.1,,,,,
152,Accommodation and food service activities,73.5,20.3,1.9,2.2,2.1,,
152,Administrative and support service activities,83.6,11.6,,1.8,2.6,,
152,All businesses,83.1,11.0,,3.1,2.1,,
152,All size bands excluding 0 - 9,95.3,3.2,,,,,
152,"Arts, entertainment and recreation",82.8,13.1,0.0,4.1,0.0,,
152,Construction,81.1,13.4,0.0,3.7,1.8,,
152,Education,83.5,11.0,0.0,0.0,5.5,,
152,Human health and social work activities,83.9,4.1,0.0,0.0,12.0,,
152,Information and communication,73.7,14.1,2.6,6.9,2.6,,
152,Manufacturing,88.9,6.6,0.0,2.1,2.4,,
152,Other service activities,81.3,18.7,0.0,0.0,0.0,,
152,"Professional, scientific and technical activities",83.8,9.7,,4.0,2.0,,
152,Real estate activities,86.8,3.3,0.0,6.6,3.3,,
152,Transportation and storage,83.7,8.0,1.7,6.6,0.0,,
152,Wholesale and retail trade; repair of motor vehicles and motorcycles,90.4,7.0,,,,,
153,0 - 9,83.8,10.7,,2.9,1.9,,
153,10 - 49,94.3,3.9,0.0,,1.0,,
153,100 - 249,98.4,1.2,0.0,0.0,,,
153,250 +,98.6,1.0,0.0,0.0,,,
153,50 - 99,97.3,1.9,0.0,,,,
153,Accommodation and food service activities,71.6,19.5,2.9,2.1,3.9,,
153,Administrative and support service activities,88.0,9.3,,1.0,1.2,,
153,All businesses,85.0,9.9,,2.6,1.8,,
153,All size bands excluding 0 - 9,94.9,3.5,0.0,,,,
153,"Arts, entertainment and recreation",94.1,5.9,0.0,0.0,0.0,,
153,Construction,82.6,12.7,0.0,3.2,1.4,,
153,Education,85.3,14.7,0.0,0.0,0.0,,
153,Human health and social work activities,83.3,11.2,0.0,0.0,5.5,,
153,Information and communication,76.0,12.0,1.3,8.0,2.6,,
153,Manufacturing,87.0,6.0,1.0,3.0,3.0,,
153,Other service activities,94.9,2.7,0.0,0.0,2.3,,
153,"Professional, scientific and technical activities",83.4,10.0,1.0,3.9,1.7,,
153,Real estate activities,96.0,0.0,0.0,0.0,4.0,,
153,Transportation and storage,89.7,6.2,0.0,2.5,1.6,,
153,Wholesale and retail trade; repair of motor vehicles and motorcycles,91.4,6.8,,1.2,,,
154,0 - 9,83.5,11.2,1.0,2.1,2.2,,
154,10 - 49,94.8,3.6,,,1.2,,
154,100 - 249,98.7,,0.0,,,,
154,250 +,99.1,,0.0,0.0,,,
154,50 - 99,97.2,1.8,0.0,,,,
154,Accommodation and food service activities,80.0,17.6,0.0,2.2,,,
154,Administrative and support service activities,88.1,8.9,0.0,,2.3,,
154,All businesses,84.8,10.3,,1.9,2.0,,
154,All size bands excluding 0 - 9,95.3,3.2,0.0,,1.1,,
154,"Arts, entertainment and recreation",88.4,11.5,0.0,0.0,,,
154,Construction,80.7,13.1,1.5,2.3,2.3,,
154,Education,80.1,19.9,0.0,0.0,0.0,,
154,Human health and social work activities,84.8,7.7,0.0,0.0,7.5,,
154,Information and communication,78.1,13.6,,5.3,2.2,,
154,Manufacturing,89.4,6.1,1.1,1.1,2.4,,
154,Other service activities,89.7,10.3,0.0,0.0,0.0,,
154,"Professional, scientific and technical activities",84.0,10.5,,2.6,2.0,,
154,Real estate activities,84.6,0.0,3.9,7.7,3.9,,
154,Transportation and storage,87.7,5.7,0.0,0.0,6.7,,
154,Wholesale and retail trade; repair of motor vehicles and motorcycles,90.3,6.7,1.0,1.3,,,
155,0 - 9,82.1,10.7,,3.8,2.7,,
155,10 - 49,95.9,2.8,0.0,,,,
155,100 - 249,98.6,,0.0,,,,
155,250 +,99.2,,0.0,0.0,,,
155,50 - 99,97.6,1.4,0.0,,,,
155,Accommodation and food service activities,82.5,12.0,0.0,,5.2,,
155,Administrative and support service activities,83.0,11.7,,1.1,3.7,,
155,All businesses,83.6,9.8,,3.5,2.5,,
155,All size bands excluding 0 - 9,96.2,2.6,0.0,,,,
155,"Arts, entertainment and recreation",84.3,11.8,0.0,0.0,3.9,,
155,Construction,78.1,11.2,1.5,6.8,2.3,,
155,Education,79.3,15.5,0.0,5.2,0.0,,
155,Human health and social work activities,89.5,5.3,5.1,0.0,0.0,,
155,Information and communication,72.6,16.9,0.0,6.9,3.6,,
155,Manufacturing,89.8,5.6,0.0,2.6,2.0,,
155,Other service activities,85.9,11.6,0.0,0.0,2.5,,
155,"Professional, scientific and technical activities",83.5,10.0,0.0,3.2,3.3,,
155,Real estate activities,87.9,0.0,0.0,8.0,4.0,,
155,Transportation and storage,94.5,3.8,0.0,0.0,1.8,,
155,Wholesale and retail trade; repair of motor vehicles and motorcycles,87.7,7.1,,4.2,,,
156,0 - 9,81.0,12.7,1.0,2.6,2.8,,
156,10 - 49,95.0,3.4,0.0,,,,
156,100 - 249,98.7,,0.0,,,,
156,250 +,99.0,,0.0,0.0,,,
156,50 - 99,97.5,1.6,0.0,,,,
156,Accommodation and food service activities,76.3,18.0,0.0,,5.5,,
156,Administrative and support service activities,81.5,14.3,0.0,2.3,1.8,,
156,All businesses,82.5,11.6,,2.4,2.5,,
156,All size bands excluding 0 - 9,95.5,3.1,0.0,,,,
156,"Arts, entertainment and recreation",87.4,12.3,0.0,0.0,,,
156,Construction,81.2,12.5,1.5,1.6,3.1,,
156,Education,82.4,11.7,0.0,5.9,0.0,,
156,Human health and social work activities,77.0,13.9,4.6,0.0,4.6,,
156,Information and communication,79.0,13.2,0.0,6.1,1.7,,
156,Manufacturing,88.7,9.8,0.0,0.0,1.6,,
156,Other service activities,87.3,7.7,2.5,0.0,2.5,,
156,"Professional, scientific and technical activities",81.5,12.3,1.0,3.5,1.7,,
156,Real estate activities,88.4,0.0,0.0,7.7,3.9,,
156,Transportation and storage,85.8,8.4,0.0,,5.7,,
156,Wholesale and retail trade; repair of motor vehicles and motorcycles,85.3,8.6,1.7,2.6,1.8,,
157,0 - 9,82.1,12.0,,2.7,2.5,,
157,10 - 49,94.9,3.6,0.0,,,,
157,100 - 249,98.7,1.0,,0.0,,,
157,250 +,98.9,,0.0,0.0,,,
157,50 - 99,97.7,1.4,0.0,,,,
157,Accommodation and food service activities,80.4,16.9,0.0,,2.3,,
157,Administrative and support service activities,84.2,10.0,0.0,3.9,1.9,,
157,All businesses,83.5,11.0,,2.4,2.3,,
157,All size bands excluding 0 - 9,95.4,3.2,0.0,,,,
157,"Arts, entertainment and recreation",90.0,9.9,0.0,0.0,,,
157,Construction,82.3,11.1,,2.5,3.6,,
157,Education,90.2,4.9,4.9,0.0,0.0,,
157,Human health and social work activities,79.2,10.5,0.0,0.0,10.3,,
157,Information and communication,77.3,15.4,,5.9,,,
157,Manufacturing,88.1,9.9,0.0,,1.7,,
157,Other service activities,83.0,12.9,0.0,0.0,4.1,,
157,"Professional, scientific and technical activities",81.7,12.4,1.4,2.3,2.1,,
157,Real estate activities,84.6,0.0,0.0,11.6,3.9,,
157,Transportation and storage,84.7,11.6,2.0,,1.7,,
157,Wholesale and retail trade; repair of motor vehicles and motorcycles,87.0,7.6,,3.0,1.4,,
158,0 - 9,81.5,12.0,,2.7,3.3,,
158,10 - 49,95.3,2.9,,,1.0,,
158,100 - 249,98.4,,0.0,,,,
158,250 +,99.1,,0.0,0.0,,,
158,50 - 99,97.6,1.4,0.0,,,,
158,Accommodation and food service activities,83.6,13.9,0.0,,2.2,,
158,Administrative and support service activities,79.4,15.5,0.0,2.8,2.4,,
158,All businesses,83.0,11.0,,2.5,3.0,,
158,All size bands excluding 0 - 9,95.7,2.6,,,,,
158,"Arts, entertainment and recreation",94.5,5.4,0.0,0.0,,,
158,Construction,85.0,7.3,0.0,3.1,4.6,,
158,Education,81.5,13.9,0.0,4.6,0.0,,
158,Human health and social work activities,78.3,7.7,0.0,0.0,14.0,,
158,Information and communication,78.7,11.5,0.0,7.2,2.5,,
158,Manufacturing,92.3,5.3,,,1.4,,
158,Other service activities,88.8,8.3,,0.0,2.7,,
158,"Professional, scientific and technical activities",78.1,16.8,0.0,3.6,1.6,,
158,Real estate activities,89.4,,0.0,10.3,0.0,,
158,Transportation and storage,78.3,12.3,3.2,0.0,6.3,,
158,Wholesale and retail trade; repair of motor vehicles and motorcycles,85.9,8.5,1.6,1.0,3.1,,
159,0 - 9,85.5,9.1,,2.7,2.5,,
159,10 - 49,96.1,2.8,0.0,,,,
159,100 - 249,98.3,1.1,0.0,,,,
159,250 +,99.2,,0.0,,,,
159,50 - 99,97.7,1.2,,,,,
159,Accommodation and food service activities,88.1,9.8,0.0,,1.8,,
159,Administrative and support service activities,88.0,10.2,0.0,1.0,,,
159,All businesses,86.7,8.4,,2.5,2.3,,
159,All size bands excluding 0 - 9,96.4,2.5,0.0,,,,
159,"Arts, entertainment and recreation",88.6,11.2,0.0,0.0,,,
159,Construction,88.7,5.9,0.0,2.7,2.7,,
159,Education,89.6,10.3,0.0,0.0,0.0,,
159,Human health and social work activities,87.1,0.0,0.0,6.3,6.6,,
159,Information and communication,78.0,8.6,,8.9,3.8,,
159,Manufacturing,90.1,5.9,1.2,1.2,1.6,,
159,Other service activities,92.8,7.2,0.0,0.0,0.0,,
159,"Professional, scientific and technical activities",81.3,13.3,,2.4,2.8,,
159,Real estate activities,92.3,0.0,0.0,7.7,0.0,,
159,Transportation and storage,90.6,5.6,0.0,0.0,3.8,,
159,Wholesale and retail trade; repair of motor vehicles and motorcycles,88.4,7.5,0.0,2.0,2.1,,
160,0 - 9,82.0,10.6,1.1,4.1,2.2,,
160,10 - 49,95.8,2.8,,,,,
160,100 - 249,98.7,,0.0,,,,
160,250 +,99.1,,0.0,,,,
160,50 - 99,97.7,1.3,0.0,,,,
160,Accommodation and food service activities,79.5,15.0,1.7,,3.7,,
160,Administrative and support service activities,88.2,9.8,,1.2,,,
160,All businesses,83.6,9.7,1.0,3.7,2.0,,
160,All size bands excluding 0 - 9,96.2,2.5,,,,,
160,"Arts, entertainment and recreation",90.3,9.6,0.0,0.0,,,
160,Construction,83.0,7.7,1.6,5.4,2.3,,
160,Education,75.5,14.7,0.0,4.9,4.9,,
160,Human health and social work activities,87.0,,0.0,6.3,6.3,,
160,Information and communication,75.7,13.1,,8.6,1.8,,
160,Manufacturing,86.0,9.7,0.0,3.9,,,
160,Other service activities,94.6,5.3,0.0,,0.0,,
160,"Professional, scientific and technical activities",81.8,11.6,1.1,4.2,1.3,,
160,Real estate activities,94.6,0.0,0.0,5.4,0.0,,
160,Transportation and storage,82.9,6.8,0.0,5.1,5.2,,
160,Wholesale and retail trade; repair of motor vehicles and motorcycles,84.0,9.7,1.7,2.3,2.4,,
161,0 - 9,83.5,10.5,,3.3,2.0,,
161,10 - 49,96.5,2.2,,,,,
161,100 - 249,98.7,,0.0,,,,
161,250 +,99.4,,0.0,,,,
161,50 - 99,97.5,1.6,0.0,,,,
161,Accommodation and food service activities,80.7,14.9,0.0,,4.1,,
161,Administrative and support service activities,89.1,7.1,1.0,1.6,1.2,,
161,All businesses,85.0,9.5,,3.0,1.9,,
161,All size bands excluding 0 - 9,96.8,2.0,,,,,
161,"Arts, entertainment and recreation",86.1,11.8,0.0,2.0,,,
161,Construction,86.6,6.6,,5.0,1.4,,
161,Education,85.4,14.6,0.0,0.0,0.0,,
161,Human health and social work activities,85.4,9.7,0.0,0.0,4.8,,
161,Information and communication,79.2,14.1,0.0,4.8,2.0,,
161,Manufacturing,89.0,6.1,1.4,3.1,,,
161,Other service activities,90.1,9.9,0.0,0.0,0.0,,
161,"Professional, scientific and technical activities",82.8,10.7,1.7,3.8,1.0,,
161,Real estate activities,89.1,10.9,0.0,0.0,0.0,,
161,Transportation and storage,87.0,3.5,1.7,2.5,5.4,,
161,Wholesale and retail trade; repair of motor vehicles and motorcycles,84.4,9.4,0.0,3.6,2.5,,
162,0 - 9,82.3,11.3,,3.8,2.1,,
162,10 - 49,96.0,2.6,0.0,,,,
162,100 - 249,98.7,,0.0,,,,
162,250 +,99.3,,0.0,0.0,,,
162,50 - 99,97.4,1.6,0.0,,,,
162,Accommodation and food service activities,86.8,11.4,0.0,,1.7,,
162,Administrative and support service activities,84.5,11.2,,2.4,1.3,,
162,All businesses,83.8,10.3,,3.4,2.0,,
162,All size bands excluding 0 - 9,96.4,2.4,0.0,,,,
162,"Arts, entertainment and recreation",90.0,7.4,,2.2,,,
162,Construction,84.8,10.1,0.0,3.8,1.3,,
162,Education,86.5,13.5,0.0,0.0,0.0,,
162,Human health and social work activities,76.1,5.9,5.9,5.9,6.2,,
162,Information and communication,75.3,17.1,0.0,7.6,0.0,,
162,Manufacturing,94.7,2.9,,,1.8,,
162,Other service activities,86.4,11.8,0.0,0.0,1.8,,
162,"Professional, scientific and technical activities",81.9,10.7,,4.5,2.4,,
162,Real estate activities,87.7,6.2,0.0,0.0,6.2,,
162,Transportation and storage,80.3,7.7,0.0,7.3,4.8,,
162,Wholesale and retail trade; repair of motor vehicles and motorcycles,83.6,10.6,,3.0,1.9,,
163,0 - 9,83.7,10.9,,3.0,1.9,,
163,10 - 49,96.1,3.1,0.0,,,,
163,100 - 249,98.6,1.1,0.0,0.0,,,
163,250 +,99.2,,0.0,0.0,,,
163,50 - 99,97.7,1.4,0.0,,,,
163,Accommodation and food service activities,89.3,9.2,0.0,0.0,1.5,,
163,Administrative and support service activities,84.8,9.4,0.0,3.6,2.3,,
163,All businesses,85.1,10.0,,2.7,1.8,,
163,All size bands excluding 0 - 9,96.4,2.8,0.0,,,,
163,"Arts, entertainment and recreation",88.6,7.7,,3.5,,,
163,Construction,89.5,6.8,0.0,2.8,,,
163,Education,91.3,8.7,0.0,0.0,0.0,,
163,Human health and social work activities,80.8,14.4,4.8,0.0,0.0,,
163,Information and communication,74.0,15.7,1.5,6.1,2.7,,
163,Manufacturing,91.3,6.8,0.0,,1.7,,
163,Other service activities,86.5,13.5,0.0,0.0,0.0,,
163,"Professional, scientific and technical activities",81.5,12.4,,3.2,2.3,,
163,Real estate activities,93.4,6.6,0.0,0.0,0.0,,
163,Transportation and storage,87.0,9.0,0.0,2.0,2.0,,
163,Wholesale and retail trade; repair of motor vehicles and motorcycles,84.0,9.5,,3.3,2.7,,
164,0 - 9,83.2,10.4,,3.7,2.4,,
164,10 - 49,96.0,3.1,0.0,,,,
164,100 - 249,98.4,1.0,0.0,,,,
164,250 +,99.4,,0.0,0.0,,,
164,50 - 99,97.9,1.4,0.0,,,,
164,Accommodation and food service activities,89.4,6.1,0.0,2.9,1.7,,
164,Administrative and support service activities,84.7,9.7,0.0,4.7,,,
164,All businesses,84.6,9.6,,3.4,2.2,,
164,All size bands excluding 0 - 9,96.3,2.8,0.0,,,,
164,"Arts, entertainment and recreation",90.5,5.0,0.0,0.0,4.5,,
164,Construction,89.5,5.7,0.0,3.9,,,
164,Education,87.4,12.6,0.0,0.0,0.0,,
164,Human health and social work activities,84.6,10.3,0.0,5.1,0.0,,
164,Information and communication,74.0,14.8,1.6,8.0,1.6,,
164,Manufacturing,91.2,2.9,,,5.6,,
164,Other service activities,85.3,14.7,0.0,0.0,0.0,,
164,"Professional, scientific and technical activities",80.7,14.9,,2.9,1.2,,
164,Real estate activities,93.4,6.6,0.0,0.0,0.0,,
164,Transportation and storage,86.4,11.7,0.0,,1.8,,
164,Wholesale and retail trade; repair of motor vehicles and motorcycles,82.3,7.4,,4.4,5.6,,
165,0 - 9,84.6,9.7,,3.0,2.2,,
165,10 - 49,95.5,3.4,,,,,
165,100 - 249,98.6,,,,,,
165,250 +,99.3,,0.0,,,,
165,50 - 99,97.7,1.6,0.0,,,,
165,Accommodation and food service activities,88.5,8.1,1.1,,2.2,,
165,Administrative and support service activities,84.5,5.6,0.0,5.8,4.1,,
165,All businesses,85.8,9.0,,2.7,2.0,,
165,All size bands excluding 0 - 9,96.0,3.0,0.0,,,,
165,"Arts, entertainment and recreation",90.2,6.5,0.0,,3.1,,
165,Construction,89.1,6.5,0.0,2.5,1.9,,
165,Education,89.0,11.0,0.0,0.0,0.0,,
165,Human health and social work activities,93.3,6.3,0.0,0.0,,,
165,Information and communication,78.7,13.0,0.0,5.5,2.8,,
165,Manufacturing,88.2,9.2,0.0,,2.1,,
165,Other service activities,86.5,13.5,0.0,0.0,0.0,,
165,"Professional, scientific and technical activities",82.4,10.8,,4.5,1.6,,
165,Real estate activities,87.7,12.3,0.0,0.0,0.0,,
165,Transportation and storage,94.0,2.3,0.0,1.3,2.3,,
165,Wholesale and retail trade; repair of motor vehicles and motorcycles,83.2,11.1,1.4,2.6,1.7,,
